id,AGH_WK,BTW_WK,registered_voters,party,predicted_share,lo,hi
01B1A,0101,74,1815,GRUENE,29.5,29.2,29.7
01B1A,0101,74,1815,LINKE,19.1,18.9,19.6
01B1A,0101,74,1815,CDU,16.3,15.8,16.8
01B1A,0101,74,1815,Sonstige,10.2,10.0,10.4
01B1A,0101,74,1815,SPD,9.1,8.9,9.2
01B1A,0101,74,1815,FDP,4.8,4.5,4.9
01B1A,0101,74,1815,AFD,4.3,4.0,4.9
01B1B,0101,74,1638,GRUENE,34.0,33.8,34.2
01B1B,0101,74,1638,LINKE,22.7,22.5,23.3
01B1B,0101,74,1638,CDU,12.0,10.9,12.2
01B1B,0101,74,1638,SPD,9.6,9.3,9.7
01B1B,0101,74,1638,Sonstige,8.8,8.6,9.1
01B1B,0101,74,1638,AFD,5.0,4.8,5.6
01B1B,0101,74,1638,FDP,4.2,4.0,4.2
01B1C,0101,74,1599,GRUENE,35.4,35.1,35.6
01B1C,0101,74,1599,LINKE,22.1,22.0,22.7
01B1C,0101,74,1599,CDU,11.1,10.5,11.3
01B1C,0101,74,1599,SPD,9.9,9.6,10.0
01B1C,0101,74,1599,Sonstige,9.5,9.3,9.8
01B1C,0101,74,1599,AFD,4.5,4.3,5.1
01B1C,0101,74,1599,FDP,4.0,3.9,4.1
01B1D,0101,74,1923,GRUENE,24.6,24.2,24.8
01B1D,0101,74,1923,LINKE,20.2,20.1,20.8
01B1D,0101,74,1923,CDU,16.9,16.1,17.1
01B1D,0101,74,1923,SPD,13.4,13.2,13.6
01B1D,0101,74,1923,Sonstige,9.6,9.2,9.9
01B1D,0101,74,1923,AFD,8.1,7.9,8.5
01B1D,0101,74,1923,FDP,4.2,4.1,4.3
01B1E,0101,74,1678,GRUENE,27.1,26.9,27.3
01B1E,0101,74,1678,CDU,19.5,19.1,20.0
01B1E,0101,74,1678,LINKE,16.9,16.7,17.4
01B1E,0101,74,1678,SPD,11.1,10.8,11.2
01B1E,0101,74,1678,Sonstige,7.9,7.6,8.1
01B1E,0101,74,1678,AFD,6.7,6.4,7.2
01B1E,0101,74,1678,FDP,5.1,4.9,5.1
01B1F,0101,74,2858,GRUENE,25.7,25.3,26.2
01B1F,0101,74,2858,CDU,19.4,18.8,21.7
01B1F,0101,74,2858,LINKE,16.1,15.9,16.6
01B1F,0101,74,2858,Sonstige,11.0,10.7,11.4
01B1F,0101,74,2858,SPD,9.7,9.5,9.8
01B1F,0101,74,2858,FDP,4.5,4.2,4.6
01B1F,0101,74,2858,AFD,4.1,3.8,4.5
01B1G,0101,74,1663,GRUENE,31.9,31.6,32.1
01B1G,0101,74,1663,LINKE,21.6,21.4,22.1
01B1G,0101,74,1663,CDU,13.6,12.8,13.9
01B1G,0101,74,1663,SPD,10.4,10.1,10.5
01B1G,0101,74,1663,Sonstige,8.1,7.8,8.4
01B1G,0101,74,1663,AFD,5.3,5.1,5.8
01B1G,0101,74,1663,FDP,4.8,4.6,4.9
01B1H,0101,74,2382,GRUENE,24.7,24.4,25.0
01B1H,0101,74,2382,CDU,19.1,18.7,20.9
01B1H,0101,74,2382,LINKE,15.7,15.5,16.0
01B1H,0101,74,2382,Sonstige,10.9,10.7,11.1
01B1H,0101,74,2382,SPD,10.4,10.1,10.5
01B1H,0101,74,2382,AFD,5.8,5.5,6.1
01B1H,0101,74,2382,FDP,5.0,4.8,5.1
01B1J,0101,74,1602,GRUENE,34.6,34.3,34.9
01B1J,0101,74,1602,LINKE,22.3,22.1,22.8
01B1J,0101,74,1602,CDU,10.9,10.3,11.2
01B1J,0101,74,1602,SPD,10.3,10.1,10.5
01B1J,0101,74,1602,Sonstige,9.4,9.2,9.7
01B1J,0101,74,1602,AFD,4.3,4.1,4.9
01B1J,0101,74,1602,FDP,4.2,4.0,4.2
01B1K,0101,74,926,GRUENE,26.7,26.5,27.0
01B1K,0101,74,926,LINKE,20.6,20.4,21.2
01B1K,0101,74,926,CDU,16.0,15.6,16.2
01B1K,0101,74,926,SPD,12.6,12.3,12.7
01B1K,0101,74,926,Sonstige,8.1,7.8,8.5
01B1K,0101,74,926,AFD,8.0,7.8,8.3
01B1K,0101,74,926,FDP,4.6,4.4,4.8
01B1L,0101,74,1802,GRUENE,27.1,26.8,27.4
01B1L,0101,74,1802,LINKE,22.2,22.0,22.7
01B1L,0101,74,1802,CDU,16.7,15.9,16.9
01B1L,0101,74,1802,SPD,10.2,10.0,10.3
01B1L,0101,74,1802,Sonstige,8.2,8.0,8.5
01B1L,0101,74,1802,AFD,6.0,5.7,6.4
01B1L,0101,74,1802,FDP,4.9,4.8,4.9
01B1M,0101,74,1646,GRUENE,25.2,25.0,25.5
01B1M,0101,74,1646,CDU,20.4,20.0,21.0
01B1M,0101,74,1646,LINKE,17.3,17.1,17.8
01B1M,0101,74,1646,SPD,11.5,11.2,11.6
01B1M,0101,74,1646,Sonstige,8.5,8.2,8.7
01B1M,0101,74,1646,AFD,6.8,6.6,7.2
01B1M,0101,74,1646,FDP,5.0,4.8,5.2
01B1N,0101,74,1826,GRUENE,30.9,30.7,31.2
01B1N,0101,74,1826,LINKE,21.8,21.6,22.3
01B1N,0101,74,1826,CDU,14.3,13.4,14.5
01B1N,0101,74,1826,SPD,10.2,10.0,10.3
01B1N,0101,74,1826,Sonstige,8.7,8.5,9.0
01B1N,0101,74,1826,FDP,4.8,4.7,5.0
01B1N,0101,74,1826,AFD,4.6,4.4,5.0
01B1P,0101,74,1019,GRUENE,30.4,30.1,30.7
01B1P,0101,74,1019,LINKE,24.6,24.5,25.2
01B1P,0101,74,1019,CDU,13.4,12.6,13.6
01B1P,0101,74,1019,SPD,10.0,9.7,10.1
01B1P,0101,74,1019,Sonstige,8.8,8.5,9.0
01B1P,0101,74,1019,AFD,6.1,5.9,6.6
01B1P,0101,74,1019,FDP,4.4,4.2,4.4
01B1Q,0101,74,1987,GRUENE,29.6,29.3,29.8
01B1Q,0101,74,1987,LINKE,23.7,23.5,24.3
01B1Q,0101,74,1987,CDU,14.4,13.1,14.7
01B1Q,0101,74,1987,SPD,10.1,9.9,10.3
01B1Q,0101,74,1987,Sonstige,9.0,8.8,9.3
01B1Q,0101,74,1987,AFD,6.1,5.8,6.6
01B1Q,0101,74,1987,FDP,4.5,4.4,4.6
01B1R,0101,74,1709,GRUENE,25.2,24.8,25.4
01B1R,0101,74,1709,LINKE,24.6,24.4,25.2
01B1R,0101,74,1709,CDU,14.7,13.5,15.0
01B1R,0101,74,1709,Sonstige,10.6,10.3,10.8
01B1R,0101,74,1709,SPD,10.6,10.3,10.7
01B1R,0101,74,1709,AFD,7.6,7.3,7.9
01B1R,0101,74,1709,FDP,4.7,4.5,4.7
01B1S,0101,74,959,GRUENE,29.3,29.0,29.5
01B1S,0101,74,959,LINKE,24.3,24.1,24.9
01B1S,0101,74,959,CDU,14.7,14.0,15.0
01B1S,0101,74,959,SPD,10.6,10.3,10.7
01B1S,0101,74,959,Sonstige,8.0,7.7,8.4
01B1S,0101,74,959,AFD,6.6,6.3,7.0
01B1S,0101,74,959,FDP,4.7,4.5,5.0
01B1T,0101,74,943,GRUENE,22.9,22.6,23.3
01B1T,0101,74,943,CDU,21.3,21.0,22.0
01B1T,0101,74,943,LINKE,16.6,16.4,17.1
01B1T,0101,74,943,SPD,12.3,12.0,12.5
01B1T,0101,74,943,Sonstige,10.0,9.7,10.2
01B1T,0101,74,943,AFD,6.8,6.6,7.2
01B1T,0101,74,943,FDP,5.1,4.9,5.1
01B2A,0102,74,2001,GRUENE,28.2,27.7,28.5
01B2A,0102,74,2001,LINKE,25.8,25.6,26.3
01B2A,0102,74,2001,CDU,12.8,10.6,13.1
01B2A,0102,74,2001,SPD,10.4,10.1,10.5
01B2A,0102,74,2001,Sonstige,9.3,9.0,9.6
01B2A,0102,74,2001,AFD,7.1,6.8,8.1
01B2A,0102,74,2001,FDP,4.5,4.3,4.6
01B2B,0102,74,2038,GRUENE,28.2,27.6,28.5
01B2B,0102,74,2038,LINKE,27.2,26.9,27.8
01B2B,0102,74,2038,CDU,12.5,10.6,12.8
01B2B,0102,74,2038,SPD,10.1,9.8,10.2
01B2B,0102,74,2038,Sonstige,9.4,9.1,9.7
01B2B,0102,74,2038,AFD,6.4,6.1,7.4
01B2B,0102,74,2038,FDP,4.4,4.3,4.5
01B2C,0102,74,1792,GRUENE,32.0,31.5,32.4
01B2C,0102,74,1792,LINKE,24.1,23.8,24.6
01B2C,0102,74,1792,CDU,11.2,9.9,11.4
01B2C,0102,74,1792,SPD,10.6,10.3,10.8
01B2C,0102,74,1792,Sonstige,9.6,9.4,9.9
01B2C,0102,74,1792,AFD,5.2,4.9,6.1
01B2C,0102,74,1792,FDP,4.5,4.4,4.6
01B2D,0102,74,2048,LINKE,30.0,29.7,30.6
01B2D,0102,74,2048,CDU,19.4,18.9,19.6
01B2D,0102,74,2048,GRUENE,13.7,13.3,14.2
01B2D,0102,74,2048,SPD,13.3,12.9,13.5
01B2D,0102,74,2048,AFD,12.0,11.6,12.8
01B2D,0102,74,2048,Sonstige,10.4,10.2,10.7
01B2D,0102,74,2048,FDP,3.0,2.9,3.1
01B2E,0102,74,2113,LINKE,33.0,32.7,33.6
01B2E,0102,74,2113,CDU,19.0,18.0,19.3
01B2E,0102,74,2113,SPD,13.6,13.3,13.7
01B2E,0102,74,2113,AFD,13.2,12.9,14.1
01B2E,0102,74,2113,GRUENE,11.0,10.5,11.3
01B2E,0102,74,2113,Sonstige,10.8,10.4,11.1
01B2E,0102,74,2113,FDP,2.6,2.5,2.8
01B2F,0102,74,1850,LINKE,32.8,32.2,33.7
01B2F,0102,74,1850,CDU,17.1,16.3,17.6
01B2F,0102,74,1850,GRUENE,16.8,16.1,17.6
01B2F,0102,74,1850,SPD,12.9,12.5,13.3
01B2F,0102,74,1850,Sonstige,9.5,9.2,9.7
01B2F,0102,74,1850,AFD,9.0,8.4,9.6
01B2F,0102,74,1850,FDP,3.5,3.3,3.6
01B2G,0102,74,2107,LINKE,31.3,31.0,31.9
01B2G,0102,74,2107,CDU,17.9,17.4,18.1
01B2G,0102,74,2107,GRUENE,13.9,13.5,14.3
01B2G,0102,74,2107,SPD,12.9,12.6,13.2
01B2G,0102,74,2107,AFD,12.1,11.7,12.8
01B2G,0102,74,2107,Sonstige,11.5,11.2,11.8
01B2G,0102,74,2107,FDP,3.0,2.8,3.0
01B2H,0102,74,1831,LINKE,28.3,28.0,28.8
01B2H,0102,74,1831,CDU,18.9,17.6,19.1
01B2H,0102,74,1831,GRUENE,17.5,17.1,18.0
01B2H,0102,74,1831,SPD,11.6,11.3,11.7
01B2H,0102,74,1831,Sonstige,10.0,9.9,10.3
01B2H,0102,74,1831,AFD,9.8,9.5,10.5
01B2H,0102,74,1831,FDP,4.1,3.9,4.2
01B2J,0102,74,1726,LINKE,24.5,24.2,25.0
01B2J,0102,74,1726,CDU,22.5,21.7,22.7
01B2J,0102,74,1726,GRUENE,16.3,15.9,16.7
01B2J,0102,74,1726,SPD,12.0,11.6,12.1
01B2J,0102,74,1726,AFD,10.2,9.9,10.9
01B2J,0102,74,1726,Sonstige,9.8,9.5,10.0
01B2J,0102,74,1726,FDP,4.5,4.4,4.7
01B2K,0102,74,1782,CDU,26.1,24.6,26.4
01B2K,0102,74,1782,LINKE,21.6,21.4,22.0
01B2K,0102,74,1782,GRUENE,14.9,14.5,15.3
01B2K,0102,74,1782,SPD,12.2,12.0,12.3
01B2K,0102,74,1782,AFD,11.6,11.3,12.5
01B2K,0102,74,1782,Sonstige,9.3,9.0,9.7
01B2K,0102,74,1782,FDP,4.8,4.5,5.0
01B2L,0102,74,1800,LINKE,25.0,24.7,25.5
01B2L,0102,74,1800,CDU,18.8,17.7,19.1
01B2L,0102,74,1800,GRUENE,18.0,17.6,18.4
01B2L,0102,74,1800,SPD,12.3,12.0,12.5
01B2L,0102,74,1800,Sonstige,10.2,9.8,10.4
01B2L,0102,74,1800,AFD,8.8,8.5,9.7
01B2L,0102,74,1800,FDP,4.7,4.5,4.8
01B2M,0102,74,1831,LINKE,25.0,24.7,25.5
01B2M,0102,74,1831,CDU,19.7,18.8,20.0
01B2M,0102,74,1831,GRUENE,19.3,18.9,19.7
01B2M,0102,74,1831,SPD,11.1,10.8,11.2
01B2M,0102,74,1831,Sonstige,8.9,8.6,9.2
01B2M,0102,74,1831,AFD,8.6,8.4,9.5
01B2M,0102,74,1831,FDP,5.0,4.7,5.2
01B2N,0102,74,1762,GRUENE,27.8,27.5,28.1
01B2N,0102,74,1762,LINKE,24.4,24.2,24.8
01B2N,0102,74,1762,CDU,15.1,14.0,15.3
01B2N,0102,74,1762,Sonstige,10.7,10.4,10.9
01B2N,0102,74,1762,SPD,10.3,10.1,10.4
01B2N,0102,74,1762,AFD,7.0,6.6,8.2
01B2N,0102,74,1762,FDP,3.3,3.1,3.5
01B2P,0102,74,1980,LINKE,24.1,23.9,24.6
01B2P,0102,74,1980,CDU,23.0,22.5,23.2
01B2P,0102,74,1980,GRUENE,15.7,15.4,16.1
01B2P,0102,74,1980,SPD,12.1,11.8,12.2
01B2P,0102,74,1980,AFD,10.2,9.9,11.1
01B2P,0102,74,1980,Sonstige,9.8,9.6,10.1
01B2P,0102,74,1980,FDP,4.4,4.2,4.7
01B2Q,0102,74,1912,LINKE,27.9,27.7,28.4
01B2Q,0102,74,1912,CDU,18.3,17.6,18.5
01B2Q,0102,74,1912,GRUENE,17.4,17.1,17.7
01B2Q,0102,74,1912,SPD,12.2,12.0,12.3
01B2Q,0102,74,1912,Sonstige,10.9,10.7,11.2
01B2Q,0102,74,1912,AFD,10.1,9.8,10.9
01B2Q,0102,74,1912,FDP,3.3,3.1,3.4
01B2R,0102,74,1989,LINKE,25.6,25.4,26.1
01B2R,0102,74,1989,GRUENE,20.5,20.2,20.8
01B2R,0102,74,1989,CDU,18.3,17.4,18.4
01B2R,0102,74,1989,SPD,12.2,11.9,12.3
01B2R,0102,74,1989,Sonstige,10.4,10.2,10.6
01B2R,0102,74,1989,AFD,8.4,8.2,9.2
01B2R,0102,74,1989,FDP,3.6,3.3,3.7
01B2S,0102,74,2078,LINKE,24.5,24.3,24.9
01B2S,0102,74,2078,GRUENE,23.2,22.8,23.5
01B2S,0102,74,2078,CDU,17.4,16.4,17.6
01B2S,0102,74,2078,SPD,11.5,11.3,11.6
01B2S,0102,74,2078,Sonstige,10.6,10.3,10.8
01B2S,0102,74,2078,AFD,9.2,8.9,10.3
01B2S,0102,74,2078,FDP,3.3,3.2,3.4
01B3A,0103,74,1434,GRUENE,28.5,28.2,28.8
01B3A,0103,74,1434,LINKE,28.2,28.0,28.9
01B3A,0103,74,1434,SPD,11.0,10.7,11.1
01B3A,0103,74,1434,CDU,10.4,9.1,10.7
01B3A,0103,74,1434,Sonstige,9.6,9.4,9.9
01B3A,0103,74,1434,AFD,6.8,6.6,7.4
01B3A,0103,74,1434,FDP,3.0,2.7,3.2
01B3B,0103,74,1719,GRUENE,28.6,28.3,28.8
01B3B,0103,74,1719,LINKE,26.1,25.9,26.8
01B3B,0103,74,1719,SPD,10.9,10.7,11.0
01B3B,0103,74,1719,CDU,10.8,9.2,11.1
01B3B,0103,74,1719,Sonstige,9.7,9.5,10.0
01B3B,0103,74,1719,AFD,6.5,6.3,7.0
01B3B,0103,74,1719,FDP,3.1,2.9,3.3
01B3C,0103,74,1911,GRUENE,20.3,20.0,20.5
01B3C,0103,74,1911,LINKE,20.1,20.0,20.7
01B3C,0103,74,1911,CDU,18.7,17.2,18.8
01B3C,0103,74,1911,SPD,13.2,12.9,13.3
01B3C,0103,74,1911,Sonstige,9.8,9.5,10.0
01B3C,0103,74,1911,AFD,9.3,9.1,9.5
01B3C,0103,74,1911,FDP,3.8,3.6,3.8
01B3D,0103,74,2130,GRUENE,25.8,25.6,26.0
01B3D,0103,74,2130,CDU,17.8,16.5,17.9
01B3D,0103,74,2130,LINKE,17.7,17.6,18.2
01B3D,0103,74,2130,SPD,13.2,12.9,13.3
01B3D,0103,74,2130,Sonstige,8.1,7.9,8.3
01B3D,0103,74,2130,AFD,6.6,6.4,6.9
01B3D,0103,74,2130,FDP,3.9,3.8,4.0
01B3E,0103,74,1822,GRUENE,29.9,29.5,30.2
01B3E,0103,74,1822,LINKE,20.4,20.2,20.9
01B3E,0103,74,1822,CDU,13.5,12.2,13.7
01B3E,0103,74,1822,SPD,12.8,12.5,12.9
01B3E,0103,74,1822,Sonstige,9.5,9.2,9.7
01B3E,0103,74,1822,AFD,4.8,4.6,5.1
01B3E,0103,74,1822,FDP,3.2,2.9,3.4
01B3F,0103,74,1814,GRUENE,29.3,29.1,29.5
01B3F,0103,74,1814,LINKE,22.9,22.8,23.5
01B3F,0103,74,1814,SPD,12.1,11.8,12.2
01B3F,0103,74,1814,CDU,12.0,10.3,12.2
01B3F,0103,74,1814,Sonstige,9.5,9.4,9.7
01B3F,0103,74,1814,AFD,5.9,5.7,6.3
01B3F,0103,74,1814,FDP,3.1,2.8,3.3
01B3G,0103,74,1901,GRUENE,26.7,26.4,27.0
01B3G,0103,74,1901,LINKE,18.5,18.3,19.0
01B3G,0103,74,1901,CDU,17.0,15.1,17.3
01B3G,0103,74,1901,SPD,13.2,12.9,13.4
01B3G,0103,74,1901,Sonstige,8.5,8.3,8.7
01B3G,0103,74,1901,AFD,6.8,6.6,7.1
01B3G,0103,74,1901,FDP,4.2,4.1,4.3
01B3H,0103,74,1889,GRUENE,26.6,26.3,26.8
01B3H,0103,74,1889,LINKE,20.1,20.0,20.7
01B3H,0103,74,1889,CDU,15.1,13.9,15.3
01B3H,0103,74,1889,SPD,13.0,12.7,13.1
01B3H,0103,74,1889,Sonstige,8.7,8.6,9.0
01B3H,0103,74,1889,AFD,6.8,6.6,7.0
01B3H,0103,74,1889,FDP,3.8,3.7,3.8
01B3J,0103,74,2078,GRUENE,29.8,29.4,30.1
01B3J,0103,74,2078,LINKE,21.0,20.8,21.5
01B3J,0103,74,2078,CDU,13.3,11.9,13.6
01B3J,0103,74,2078,SPD,13.2,12.9,13.4
01B3J,0103,74,2078,Sonstige,8.7,8.5,9.1
01B3J,0103,74,2078,AFD,5.3,5.1,5.6
01B3J,0103,74,2078,FDP,3.3,3.1,3.4
01B3K,0103,74,1971,GRUENE,21.6,21.3,22.0
01B3K,0103,74,1971,CDU,20.9,19.6,21.1
01B3K,0103,74,1971,LINKE,18.2,18.0,18.7
01B3K,0103,74,1971,SPD,13.7,13.3,13.8
01B3K,0103,74,1971,AFD,8.3,8.0,8.5
01B3K,0103,74,1971,Sonstige,8.1,7.9,8.4
01B3K,0103,74,1971,FDP,4.7,4.5,4.8
01B3L,0103,74,1602,GRUENE,23.2,22.9,23.5
01B3L,0103,74,1602,CDU,20.9,19.4,21.1
01B3L,0103,74,1602,LINKE,17.0,16.8,17.5
01B3L,0103,74,1602,SPD,13.5,13.2,13.7
01B3L,0103,74,1602,Sonstige,7.9,7.7,8.2
01B3L,0103,74,1602,AFD,7.1,7.0,7.5
01B3L,0103,74,1602,FDP,4.8,4.6,5.0
01B3M,0103,74,1817,GRUENE,25.4,25.2,25.7
01B3M,0103,74,1817,CDU,18.4,16.9,18.6
01B3M,0103,74,1817,LINKE,18.1,17.9,18.6
01B3M,0103,74,1817,SPD,13.1,12.8,13.2
01B3M,0103,74,1817,Sonstige,8.5,8.3,8.6
01B3M,0103,74,1817,AFD,6.0,5.8,6.3
01B3M,0103,74,1817,FDP,3.7,3.5,3.8
01B3N,0103,74,1788,CDU,22.8,21.8,23.0
01B3N,0103,74,1788,GRUENE,22.7,22.4,22.9
01B3N,0103,74,1788,LINKE,16.0,15.8,16.4
01B3N,0103,74,1788,SPD,11.5,11.3,11.7
01B3N,0103,74,1788,Sonstige,7.9,7.8,8.3
01B3N,0103,74,1788,AFD,7.7,7.4,8.1
01B3N,0103,74,1788,FDP,5.3,5.0,5.8
01B3P,0103,74,2090,GRUENE,21.1,20.8,21.3
01B3P,0103,74,2090,CDU,20.8,19.7,21.0
01B3P,0103,74,2090,LINKE,17.1,16.9,17.6
01B3P,0103,74,2090,SPD,12.9,12.6,13.0
01B3P,0103,74,2090,AFD,9.0,8.8,9.3
01B3P,0103,74,2090,Sonstige,8.5,8.2,8.8
01B3P,0103,74,2090,FDP,4.5,4.3,4.8
01B3Q,0103,74,2121,GRUENE,24.3,24.1,24.5
01B3Q,0103,74,2121,LINKE,19.7,19.6,20.2
01B3Q,0103,74,2121,CDU,16.7,15.0,17.0
01B3Q,0103,74,2121,SPD,12.1,11.8,12.2
01B3Q,0103,74,2121,Sonstige,8.8,8.6,9.1
01B3Q,0103,74,2121,AFD,7.0,6.8,7.3
01B3Q,0103,74,2121,FDP,4.4,4.3,4.7
01B3R,0103,74,1850,GRUENE,25.6,25.4,25.8
01B3R,0103,74,1850,LINKE,19.2,19.1,19.6
01B3R,0103,74,1850,CDU,17.2,15.8,17.4
01B3R,0103,74,1850,SPD,9.9,9.6,10.0
01B3R,0103,74,1850,Sonstige,9.4,9.2,9.6
01B3R,0103,74,1850,AFD,5.9,5.7,6.2
01B3R,0103,74,1850,FDP,4.9,4.8,5.1
01B4A,0104,74,1805,GRUENE,31.0,30.8,31.6
01B4A,0104,74,1805,LINKE,29.0,28.8,29.7
01B4A,0104,74,1805,SPD,9.7,9.5,9.9
01B4A,0104,74,1805,Sonstige,9.7,9.5,10.0
01B4A,0104,74,1805,CDU,8.7,6.9,8.9
01B4A,0104,74,1805,AFD,5.7,5.5,6.2
01B4A,0104,74,1805,FDP,2.6,2.3,2.9
01B4B,0104,74,2021,GRUENE,31.1,30.8,31.6
01B4B,0104,74,2021,LINKE,28.8,28.6,29.6
01B4B,0104,74,2021,SPD,10.3,10.0,10.4
01B4B,0104,74,2021,Sonstige,9.8,9.6,10.1
01B4B,0104,74,2021,CDU,8.7,7.3,8.9
01B4B,0104,74,2021,AFD,6.1,5.9,6.5
01B4B,0104,74,2021,FDP,2.6,2.3,2.9
01B4C,0104,74,1496,GRUENE,28.8,28.5,29.4
01B4C,0104,74,1496,LINKE,28.5,28.3,29.2
01B4C,0104,74,1496,Sonstige,10.6,10.4,11.0
01B4C,0104,74,1496,SPD,10.6,10.3,10.7
01B4C,0104,74,1496,CDU,10.5,9.3,10.8
01B4C,0104,74,1496,AFD,5.8,5.6,6.2
01B4C,0104,74,1496,FDP,2.6,2.2,2.8
01B4D,0104,74,1987,GRUENE,32.1,31.7,32.6
01B4D,0104,74,1987,LINKE,25.5,25.3,26.1
01B4D,0104,74,1987,Sonstige,11.4,11.3,11.7
01B4D,0104,74,1987,SPD,9.8,9.6,10.0
01B4D,0104,74,1987,CDU,9.8,8.6,10.1
01B4D,0104,74,1987,AFD,5.4,5.2,5.9
01B4D,0104,74,1987,FDP,2.9,2.6,3.1
01B4E,0104,74,2120,GRUENE,32.4,32.2,32.9
01B4E,0104,74,2120,LINKE,25.4,25.2,25.9
01B4E,0104,74,2120,Sonstige,10.4,10.2,10.7
01B4E,0104,74,2120,SPD,9.9,9.6,10.0
01B4E,0104,74,2120,CDU,9.8,8.2,10.1
01B4E,0104,74,2120,AFD,5.1,4.8,5.5
01B4E,0104,74,2120,FDP,2.9,2.5,3.1
01B4F,0104,74,1986,GRUENE,31.6,31.3,32.1
01B4F,0104,74,1986,LINKE,25.8,25.7,26.5
01B4F,0104,74,1986,SPD,10.4,10.2,10.6
01B4F,0104,74,1986,CDU,9.9,8.1,10.2
01B4F,0104,74,1986,Sonstige,8.6,8.4,8.9
01B4F,0104,74,1986,AFD,5.3,5.1,5.8
01B4F,0104,74,1986,FDP,3.2,2.9,3.4
01B4G,0104,74,1915,GRUENE,32.7,32.4,33.2
01B4G,0104,74,1915,LINKE,24.3,24.2,24.9
01B4G,0104,74,1915,SPD,10.7,10.4,10.8
01B4G,0104,74,1915,CDU,10.3,8.3,10.6
01B4G,0104,74,1915,Sonstige,9.7,9.5,9.9
01B4G,0104,74,1915,AFD,5.4,5.2,5.9
01B4G,0104,74,1915,FDP,2.9,2.6,3.1
01B4H,0104,74,1975,GRUENE,32.7,32.4,33.2
01B4H,0104,74,1975,LINKE,25.0,24.8,25.6
01B4H,0104,74,1975,Sonstige,10.4,10.2,10.7
01B4H,0104,74,1975,SPD,10.1,9.9,10.3
01B4H,0104,74,1975,CDU,9.6,7.7,9.9
01B4H,0104,74,1975,AFD,5.3,5.1,5.9
01B4H,0104,74,1975,FDP,2.8,2.4,3.0
01B4J,0104,74,1892,GRUENE,27.7,27.5,28.2
01B4J,0104,74,1892,LINKE,21.8,21.6,22.3
01B4J,0104,74,1892,CDU,12.9,12.0,13.1
01B4J,0104,74,1892,SPD,11.8,11.5,11.9
01B4J,0104,74,1892,Sonstige,10.5,10.3,10.7
01B4J,0104,74,1892,AFD,7.7,7.4,8.0
01B4J,0104,74,1892,FDP,3.1,2.9,3.3
01B4K,0104,74,1942,GRUENE,29.9,29.7,30.4
01B4K,0104,74,1942,LINKE,22.7,22.5,23.3
01B4K,0104,74,1942,CDU,11.5,9.9,11.7
01B4K,0104,74,1942,SPD,10.8,10.6,11.0
01B4K,0104,74,1942,Sonstige,10.1,9.9,10.3
01B4K,0104,74,1942,AFD,6.8,6.5,7.1
01B4K,0104,74,1942,FDP,3.3,3.1,3.4
01B4L,0104,74,1902,GRUENE,32.1,31.8,32.6
01B4L,0104,74,1902,LINKE,25.0,24.9,25.6
01B4L,0104,74,1902,Sonstige,13.3,13.2,13.6
01B4L,0104,74,1902,SPD,9.9,9.6,10.0
01B4L,0104,74,1902,CDU,7.4,6.1,7.7
01B4L,0104,74,1902,AFD,6.2,5.9,6.7
01B4L,0104,74,1902,FDP,2.6,2.3,2.8
01B4M,0104,74,2151,GRUENE,32.4,32.1,32.9
01B4M,0104,74,2151,LINKE,23.7,23.6,24.3
01B4M,0104,74,2151,SPD,11.0,10.8,11.2
01B4M,0104,74,2151,CDU,10.4,8.6,10.7
01B4M,0104,74,2151,Sonstige,9.3,9.1,9.6
01B4M,0104,74,2151,AFD,5.7,5.5,6.1
01B4M,0104,74,2151,FDP,3.3,3.1,3.4
01B4N,0104,74,2064,GRUENE,31.6,31.4,32.1
01B4N,0104,74,2064,LINKE,23.8,23.7,24.4
01B4N,0104,74,2064,SPD,10.8,10.5,10.9
01B4N,0104,74,2064,CDU,10.4,8.8,10.7
01B4N,0104,74,2064,Sonstige,10.1,9.9,10.3
01B4N,0104,74,2064,AFD,5.4,5.1,5.8
01B4N,0104,74,2064,FDP,3.0,2.6,3.2
01B4P,0104,74,1741,GRUENE,33.2,32.8,33.6
01B4P,0104,74,1741,LINKE,27.3,27.1,28.0
01B4P,0104,74,1741,Sonstige,10.7,10.5,11.0
01B4P,0104,74,1741,SPD,10.7,10.4,10.8
01B4P,0104,74,1741,CDU,6.0,4.5,6.4
01B4P,0104,74,1741,AFD,5.6,5.3,6.3
01B4P,0104,74,1741,FDP,2.9,2.6,3.1
01B4Q,0104,74,1927,GRUENE,36.3,35.9,36.7
01B4Q,0104,74,1927,LINKE,23.5,23.3,24.2
01B4Q,0104,74,1927,SPD,10.0,9.7,10.1
01B4Q,0104,74,1927,Sonstige,9.4,9.2,9.6
01B4Q,0104,74,1927,CDU,9.3,7.5,9.6
01B4Q,0104,74,1927,AFD,4.0,3.7,4.7
01B4Q,0104,74,1927,FDP,2.8,2.5,3.1
01B5A,0105,74,1918,CDU,25.0,23.5,25.2
01B5A,0105,74,1918,LINKE,15.8,15.7,16.1
01B5A,0105,74,1918,SPD,15.4,15.1,15.6
01B5A,0105,74,1918,GRUENE,14.2,13.9,14.4
01B5A,0105,74,1918,AFD,11.9,11.7,12.3
01B5A,0105,74,1918,Sonstige,10.6,10.4,10.9
01B5A,0105,74,1918,FDP,3.3,3.2,3.5
01B5B,0105,74,1894,CDU,23.8,22.2,24.0
01B5B,0105,74,1894,LINKE,16.6,16.5,17.0
01B5B,0105,74,1894,GRUENE,15.0,14.6,15.2
01B5B,0105,74,1894,SPD,14.9,14.6,15.0
01B5B,0105,74,1894,AFD,12.6,12.3,12.9
01B5B,0105,74,1894,Sonstige,10.2,10.0,10.4
01B5B,0105,74,1894,FDP,3.5,3.3,3.5
01B5C,0105,74,1828,CDU,21.2,19.8,21.4
01B5C,0105,74,1828,LINKE,19.2,19.1,19.6
01B5C,0105,74,1828,GRUENE,16.8,16.5,17.0
01B5C,0105,74,1828,SPD,13.5,13.2,13.6
01B5C,0105,74,1828,AFD,13.1,12.8,13.4
01B5C,0105,74,1828,Sonstige,10.5,10.3,10.8
01B5C,0105,74,1828,FDP,3.2,3.0,3.3
01B5D,0105,74,1900,CDU,20.8,19.1,21.0
01B5D,0105,74,1900,LINKE,19.5,19.3,19.9
01B5D,0105,74,1900,GRUENE,16.7,16.5,16.9
01B5D,0105,74,1900,SPD,14.2,13.9,14.3
01B5D,0105,74,1900,AFD,11.4,11.2,11.8
01B5D,0105,74,1900,Sonstige,11.0,10.8,11.3
01B5D,0105,74,1900,FDP,2.9,2.6,3.1
01B5E,0105,74,2096,CDU,22.3,21.0,22.4
01B5E,0105,74,2096,LINKE,18.8,18.6,19.1
01B5E,0105,74,2096,SPD,15.0,14.7,15.1
01B5E,0105,74,2096,GRUENE,14.3,14.1,14.5
01B5E,0105,74,2096,AFD,12.9,12.6,13.2
01B5E,0105,74,2096,Sonstige,11.3,11.1,11.6
01B5E,0105,74,2096,FDP,3.1,2.9,3.3
01B5F,0105,74,1836,CDU,23.4,21.8,23.5
01B5F,0105,74,1836,LINKE,16.4,16.2,16.7
01B5F,0105,74,1836,GRUENE,14.8,14.5,14.9
01B5F,0105,74,1836,SPD,14.5,14.2,14.5
01B5F,0105,74,1836,AFD,12.7,12.3,13.0
01B5F,0105,74,1836,Sonstige,10.7,10.5,11.0
01B5F,0105,74,1836,FDP,3.5,3.3,3.5
01B5G,0105,74,2634,LINKE,23.5,23.4,24.0
01B5G,0105,74,2634,GRUENE,20.9,20.6,21.1
01B5G,0105,74,2634,CDU,15.0,13.5,15.1
01B5G,0105,74,2634,SPD,13.0,12.7,13.0
01B5G,0105,74,2634,Sonstige,12.1,11.9,12.4
01B5G,0105,74,2634,AFD,10.7,10.3,11.3
01B5G,0105,74,2634,FDP,2.7,2.3,2.9
01B5H,0105,74,1723,LINKE,24.4,24.2,24.9
01B5H,0105,74,1723,GRUENE,20.4,20.1,20.6
01B5H,0105,74,1723,CDU,17.2,15.5,17.5
01B5H,0105,74,1723,SPD,12.1,11.9,12.2
01B5H,0105,74,1723,AFD,10.7,10.4,11.3
01B5H,0105,74,1723,Sonstige,10.5,10.3,10.9
01B5H,0105,74,1723,FDP,3.0,2.9,3.1
01B5J,0105,74,1792,LINKE,23.0,22.8,23.4
01B5J,0105,74,1792,GRUENE,19.0,18.7,19.3
01B5J,0105,74,1792,CDU,14.9,13.5,15.1
01B5J,0105,74,1792,SPD,14.6,14.2,14.8
01B5J,0105,74,1792,Sonstige,12.8,12.4,13.1
01B5J,0105,74,1792,AFD,12.4,11.9,13.0
01B5J,0105,74,1792,FDP,3.0,2.7,3.1
01B5K,0105,74,3093,GRUENE,30.5,30.2,30.8
01B5K,0105,74,3093,LINKE,29.4,29.2,29.9
01B5K,0105,74,3093,Sonstige,11.2,10.9,11.5
01B5K,0105,74,3093,SPD,10.1,9.8,10.2
01B5K,0105,74,3093,AFD,7.5,7.1,8.4
01B5K,0105,74,3093,CDU,7.5,5.6,7.7
01B5K,0105,74,3093,FDP,2.3,1.9,2.5
01B5L,0105,74,1769,LINKE,24.9,24.7,25.4
01B5L,0105,74,1769,GRUENE,21.7,21.5,21.9
01B5L,0105,74,1769,CDU,14.5,12.4,14.7
01B5L,0105,74,1769,SPD,12.9,12.6,13.0
01B5L,0105,74,1769,Sonstige,11.0,10.8,11.3
01B5L,0105,74,1769,AFD,9.7,9.5,10.1
01B5L,0105,74,1769,FDP,2.6,2.3,2.8
01B5M,0105,74,1758,GRUENE,24.1,23.7,24.3
01B5M,0105,74,1758,LINKE,23.9,23.7,24.4
01B5M,0105,74,1758,CDU,15.4,13.9,15.6
01B5M,0105,74,1758,SPD,12.3,12.1,12.4
01B5M,0105,74,1758,Sonstige,9.7,9.5,10.0
01B5M,0105,74,1758,AFD,7.9,7.6,8.3
01B5M,0105,74,1758,FDP,2.7,2.4,3.0
01B5N,0105,74,1649,CDU,22.1,20.3,22.2
01B5N,0105,74,1649,GRUENE,19.9,19.7,20.2
01B5N,0105,74,1649,LINKE,18.9,18.8,19.3
01B5N,0105,74,1649,SPD,13.1,12.9,13.3
01B5N,0105,74,1649,Sonstige,9.0,8.8,9.3
01B5N,0105,74,1649,AFD,8.9,8.6,9.3
01B5N,0105,74,1649,FDP,3.4,3.1,3.7
01B5P,0105,74,1626,GRUENE,32.2,31.8,32.5
01B5P,0105,74,1626,LINKE,29.3,29.1,30.0
01B5P,0105,74,1626,SPD,10.6,10.4,10.8
01B5P,0105,74,1626,Sonstige,10.0,9.7,10.4
01B5P,0105,74,1626,CDU,6.7,5.0,6.9
01B5P,0105,74,1626,AFD,4.8,4.5,5.5
01B5P,0105,74,1626,FDP,2.2,1.7,2.5
01B6A,0106,74,2167,LINKE,32.5,32.2,33.2
01B6A,0106,74,2167,GRUENE,25.0,24.6,25.3
01B6A,0106,74,2167,Sonstige,11.7,11.4,12.1
01B6A,0106,74,2167,CDU,9.9,8.3,10.2
01B6A,0106,74,2167,SPD,9.5,9.3,9.7
01B6A,0106,74,2167,AFD,8.7,8.5,9.1
01B6A,0106,74,2167,FDP,2.2,1.9,2.4
01B6B,0106,74,1634,LINKE,29.0,28.8,29.6
01B6B,0106,74,1634,GRUENE,24.5,24.2,24.8
01B6B,0106,74,1634,Sonstige,13.2,12.9,13.5
01B6B,0106,74,1634,SPD,11.3,11.1,11.5
01B6B,0106,74,1634,CDU,10.1,8.4,10.4
01B6B,0106,74,1634,AFD,8.7,8.4,9.0
01B6B,0106,74,1634,FDP,2.0,1.6,2.3
01B6C,0106,74,1874,LINKE,29.0,28.7,29.6
01B6C,0106,74,1874,GRUENE,22.9,22.6,23.3
01B6C,0106,74,1874,CDU,12.0,10.0,12.3
01B6C,0106,74,1874,SPD,12.0,11.7,12.1
01B6C,0106,74,1874,Sonstige,11.0,10.7,11.4
01B6C,0106,74,1874,AFD,9.1,8.7,9.5
01B6C,0106,74,1874,FDP,2.8,2.7,2.9
01B6D,0106,74,1708,LINKE,30.9,30.6,31.6
01B6D,0106,74,1708,GRUENE,23.3,22.9,23.5
01B6D,0106,74,1708,SPD,11.1,10.9,11.3
01B6D,0106,74,1708,Sonstige,10.8,10.6,11.2
01B6D,0106,74,1708,CDU,10.6,9.0,10.9
01B6D,0106,74,1708,AFD,9.0,8.7,9.3
01B6D,0106,74,1708,FDP,2.5,2.3,2.7
01B6E,0106,74,1780,LINKE,31.2,31.0,31.9
01B6E,0106,74,1780,GRUENE,28.0,27.7,28.3
01B6E,0106,74,1780,Sonstige,14.0,13.6,14.3
01B6E,0106,74,1780,SPD,10.2,10.0,10.4
01B6E,0106,74,1780,AFD,8.0,7.7,8.3
01B6E,0106,74,1780,CDU,6.1,4.5,6.4
01B6E,0106,74,1780,FDP,2.1,1.8,2.3
01B6F,0106,74,1654,LINKE,32.8,32.6,33.6
01B6F,0106,74,1654,GRUENE,26.8,26.4,27.2
01B6F,0106,74,1654,Sonstige,10.6,10.3,11.0
01B6F,0106,74,1654,SPD,9.5,9.2,9.6
01B6F,0106,74,1654,CDU,8.2,6.6,8.5
01B6F,0106,74,1654,AFD,7.8,7.5,8.2
01B6F,0106,74,1654,FDP,2.4,2.0,2.6
01B6G,0106,74,1986,LINKE,29.4,29.2,30.1
01B6G,0106,74,1986,GRUENE,25.1,24.8,25.4
01B6G,0106,74,1986,SPD,11.6,11.3,11.7
01B6G,0106,74,1986,Sonstige,10.7,10.3,11.0
01B6G,0106,74,1986,CDU,9.6,7.9,9.9
01B6G,0106,74,1986,AFD,8.5,8.2,8.8
01B6G,0106,74,1986,FDP,2.3,1.8,2.5
01B6H,0106,74,1926,LINKE,31.5,31.3,32.2
01B6H,0106,74,1926,GRUENE,28.1,27.8,28.4
01B6H,0106,74,1926,Sonstige,11.7,11.5,12.1
01B6H,0106,74,1926,SPD,10.2,10.0,10.4
01B6H,0106,74,1926,CDU,7.4,6.1,7.7
01B6H,0106,74,1926,AFD,6.8,6.5,7.1
01B6H,0106,74,1926,FDP,2.4,2.2,2.6
01B6J,0106,74,1972,LINKE,30.9,30.7,31.6
01B6J,0106,74,1972,GRUENE,29.2,28.8,29.5
01B6J,0106,74,1972,Sonstige,12.2,12.0,12.6
01B6J,0106,74,1972,SPD,9.7,9.5,9.9
01B6J,0106,74,1972,CDU,7.1,5.6,7.4
01B6J,0106,74,1972,AFD,6.1,5.8,6.5
01B6J,0106,74,1972,FDP,2.4,2.0,2.6
01B6K,0106,74,1864,LINKE,29.8,29.6,30.5
01B6K,0106,74,1864,GRUENE,29.3,29.1,29.6
01B6K,0106,74,1864,Sonstige,11.3,11.1,11.7
01B6K,0106,74,1864,SPD,9.7,9.5,9.9
01B6K,0106,74,1864,CDU,9.0,7.0,9.3
01B6K,0106,74,1864,AFD,6.1,5.7,6.5
01B6K,0106,74,1864,FDP,2.4,2.1,2.6
01B6L,0106,74,1752,LINKE,27.6,27.4,28.2
01B6L,0106,74,1752,GRUENE,27.4,27.1,27.6
01B6L,0106,74,1752,Sonstige,11.5,11.2,11.8
01B6L,0106,74,1752,CDU,10.9,9.0,11.2
01B6L,0106,74,1752,SPD,10.7,10.5,10.9
01B6L,0106,74,1752,AFD,7.3,6.9,7.6
01B6L,0106,74,1752,FDP,2.5,2.2,2.7
01B6M,0106,74,2570,LINKE,29.8,29.7,30.5
01B6M,0106,74,2570,GRUENE,25.6,25.3,25.9
01B6M,0106,74,2570,Sonstige,11.5,11.2,11.8
01B6M,0106,74,2570,SPD,10.4,10.2,10.6
01B6M,0106,74,2570,CDU,9.5,7.6,9.8
01B6M,0106,74,2570,AFD,7.7,7.4,8.0
01B6M,0106,74,2570,FDP,2.8,2.5,3.0
01B6N,0106,74,1994,LINKE,35.9,35.7,36.8
01B6N,0106,74,1994,GRUENE,27.5,27.1,27.7
01B6N,0106,74,1994,Sonstige,10.4,9.9,10.8
01B6N,0106,74,1994,SPD,9.8,9.6,10.0
01B6N,0106,74,1994,AFD,7.1,6.8,7.6
01B6N,0106,74,1994,CDU,6.3,4.1,6.7
01B6N,0106,74,1994,FDP,2.3,2.0,2.5
01B6P,0106,74,1742,LINKE,30.2,30.0,30.9
01B6P,0106,74,1742,GRUENE,25.9,25.6,26.2
01B6P,0106,74,1742,SPD,10.9,10.6,11.0
01B6P,0106,74,1742,Sonstige,9.8,9.6,10.2
01B6P,0106,74,1742,CDU,9.6,8.0,9.9
01B6P,0106,74,1742,AFD,7.9,7.6,8.2
01B6P,0106,74,1742,FDP,2.7,2.4,2.8
01B7A,0107,74,2274,GRUENE,31.2,30.9,31.6
01B7A,0107,74,2274,LINKE,30.5,30.3,31.2
01B7A,0107,74,2274,Sonstige,10.2,10.0,10.5
01B7A,0107,74,2274,SPD,9.6,9.4,9.8
01B7A,0107,74,2274,CDU,7.7,5.8,8.0
01B7A,0107,74,2274,AFD,5.9,5.6,6.5
01B7A,0107,74,2274,FDP,2.3,1.9,2.6
01B7B,0107,74,1883,GRUENE,25.6,25.1,25.9
01B7B,0107,74,1883,LINKE,21.6,21.4,22.2
01B7B,0107,74,1883,CDU,14.2,12.2,14.5
01B7B,0107,74,1883,Sonstige,11.5,11.1,11.8
01B7B,0107,74,1883,SPD,11.4,11.2,11.5
01B7B,0107,74,1883,AFD,8.0,7.6,8.4
01B7B,0107,74,1883,FDP,2.6,2.2,2.8
01B7C,0107,74,1898,LINKE,25.2,25.0,25.8
01B7C,0107,74,1898,GRUENE,22.9,22.6,23.2
01B7C,0107,74,1898,CDU,14.3,12.5,14.5
01B7C,0107,74,1898,SPD,11.5,11.3,11.7
01B7C,0107,74,1898,Sonstige,10.5,10.3,10.8
01B7C,0107,74,1898,AFD,9.3,9.1,9.6
01B7C,0107,74,1898,FDP,3.0,2.9,3.1
01B7D,0107,74,1773,GRUENE,27.5,27.1,27.8
01B7D,0107,74,1773,LINKE,24.6,24.5,25.3
01B7D,0107,74,1773,CDU,13.1,10.8,13.3
01B7D,0107,74,1773,SPD,11.1,10.8,11.2
01B7D,0107,74,1773,Sonstige,10.3,10.1,10.6
01B7D,0107,74,1773,AFD,7.2,7.0,7.6
01B7D,0107,74,1773,FDP,2.5,2.0,2.8
01B7E,0107,74,2690,LINKE,22.5,22.4,23.1
01B7E,0107,74,2690,GRUENE,22.4,22.1,22.7
01B7E,0107,74,2690,CDU,13.6,11.8,13.8
01B7E,0107,74,2690,SPD,12.8,12.5,12.9
01B7E,0107,74,2690,Sonstige,12.7,12.4,12.9
01B7E,0107,74,2690,AFD,9.6,9.4,9.8
01B7E,0107,74,2690,FDP,2.6,2.3,2.7
01B7F,0107,74,1958,GRUENE,22.1,21.8,22.4
01B7F,0107,74,1958,LINKE,21.7,21.5,22.2
01B7F,0107,74,1958,CDU,13.6,11.9,13.9
01B7F,0107,74,1958,Sonstige,13.5,13.1,13.7
01B7F,0107,74,1958,SPD,12.8,12.6,13.0
01B7F,0107,74,1958,AFD,9.7,9.5,10.0
01B7F,0107,74,1958,FDP,2.8,2.6,2.9
01B7G,0107,74,1851,LINKE,28.8,28.6,29.6
01B7G,0107,74,1851,GRUENE,25.6,25.3,26.0
01B7G,0107,74,1851,SPD,11.5,11.3,11.7
01B7G,0107,74,1851,CDU,11.4,9.6,11.7
01B7G,0107,74,1851,Sonstige,10.1,9.7,10.3
01B7G,0107,74,1851,AFD,7.1,6.8,7.5
01B7G,0107,74,1851,FDP,2.7,2.5,2.9
01B7H,0107,74,1900,LINKE,29.1,28.9,29.8
01B7H,0107,74,1900,GRUENE,25.6,25.3,25.9
01B7H,0107,74,1900,CDU,11.3,9.2,11.5
01B7H,0107,74,1900,Sonstige,10.7,10.4,11.0
01B7H,0107,74,1900,SPD,10.5,10.3,10.7
01B7H,0107,74,1900,AFD,8.0,7.7,8.4
01B7H,0107,74,1900,FDP,2.6,2.3,2.8
01B7J,0107,74,1597,GRUENE,34.0,33.7,34.3
01B7J,0107,74,1597,LINKE,29.3,29.1,30.0
01B7J,0107,74,1597,Sonstige,10.4,10.2,10.7
01B7J,0107,74,1597,SPD,9.2,8.9,9.3
01B7J,0107,74,1597,CDU,6.9,4.8,7.2
01B7J,0107,74,1597,AFD,4.7,4.5,5.3
01B7J,0107,74,1597,FDP,2.4,2.0,2.6
01B7K,0107,74,1715,GRUENE,30.6,30.2,30.9
01B7K,0107,74,1715,LINKE,29.8,29.6,30.5
01B7K,0107,74,1715,Sonstige,10.2,10.0,10.5
01B7K,0107,74,1715,SPD,9.6,9.4,9.8
01B7K,0107,74,1715,CDU,9.1,7.3,9.4
01B7K,0107,74,1715,AFD,6.2,5.9,6.7
01B7K,0107,74,1715,FDP,2.5,2.1,2.7
01B7L,0107,74,2334,GRUENE,35.6,35.3,35.9
01B7L,0107,74,2334,LINKE,25.9,25.8,26.7
01B7L,0107,74,2334,Sonstige,10.4,10.2,10.6
01B7L,0107,74,2334,SPD,9.8,9.5,9.9
01B7L,0107,74,2334,CDU,7.6,5.6,7.9
01B7L,0107,74,2334,AFD,3.9,3.7,4.5
01B7L,0107,74,2334,FDP,2.2,1.8,2.5
01B7M,0107,74,1731,GRUENE,34.4,34.0,34.9
01B7M,0107,74,1731,LINKE,27.8,27.6,28.6
01B7M,0107,74,1731,SPD,11.4,11.1,11.5
01B7M,0107,74,1731,Sonstige,9.2,9.0,9.5
01B7M,0107,74,1731,CDU,5.6,3.5,5.9
01B7M,0107,74,1731,AFD,4.7,4.5,5.2
01B7M,0107,74,1731,FDP,2.5,2.1,2.8
01B7N,0107,74,2918,LINKE,23.5,23.3,24.0
01B7N,0107,74,2918,GRUENE,21.3,21.0,21.6
01B7N,0107,74,2918,CDU,15.5,13.6,15.7
01B7N,0107,74,2918,SPD,12.7,12.4,12.8
01B7N,0107,74,2918,Sonstige,11.3,11.0,11.5
01B7N,0107,74,2918,AFD,9.9,9.7,10.2
01B7N,0107,74,2918,FDP,3.1,2.9,3.2
01B7P,0107,74,1749,LINKE,24.2,24.0,24.7
01B7P,0107,74,1749,GRUENE,20.9,20.6,21.3
01B7P,0107,74,1749,CDU,13.6,12.1,13.8
01B7P,0107,74,1749,SPD,13.5,13.2,13.6
01B7P,0107,74,1749,Sonstige,12.2,12.0,12.5
01B7P,0107,74,1749,AFD,8.6,8.4,8.9
01B7P,0107,74,1749,FDP,2.8,2.6,2.9
02B1A,0201,82,936,GRUENE,30.5,30.2,30.7
02B1A,0201,82,936,LINKE,17.6,17.4,18.2
02B1A,0201,82,936,CDU,17.1,16.6,17.3
02B1A,0201,82,936,SPD,9.7,9.5,9.9
02B1A,0201,82,936,Sonstige,8.4,8.0,8.7
02B1A,0201,82,936,FDP,4.0,3.8,4.1
02B1A,0201,82,936,AFD,3.7,3.0,4.2
02B1B,0201,82,2026,GRUENE,26.4,25.9,26.6
02B1B,0201,82,2026,LINKE,24.5,24.3,25.2
02B1B,0201,82,2026,CDU,14.1,13.2,14.4
02B1B,0201,82,2026,SPD,11.7,11.4,11.8
02B1B,0201,82,2026,Sonstige,9.0,8.7,9.3
02B1B,0201,82,2026,AFD,7.5,6.9,7.9
02B1B,0201,82,2026,FDP,3.2,3.0,3.3
02B1C,0201,82,1948,GRUENE,23.9,23.5,24.1
02B1C,0201,82,1948,LINKE,22.6,22.5,23.2
02B1C,0201,82,1948,CDU,17.3,16.4,17.5
02B1C,0201,82,1948,SPD,11.2,11.0,11.4
02B1C,0201,82,1948,Sonstige,8.8,8.4,9.2
02B1C,0201,82,1948,AFD,6.9,6.2,7.3
02B1C,0201,82,1948,FDP,3.6,3.4,3.7
02B1D,0201,82,917,GRUENE,36.3,36.1,36.6
02B1D,0201,82,917,LINKE,25.2,25.1,25.9
02B1D,0201,82,917,SPD,10.0,9.8,10.2
02B1D,0201,82,917,CDU,8.6,7.2,8.9
02B1D,0201,82,917,Sonstige,8.6,8.4,8.9
02B1D,0201,82,917,AFD,3.6,2.9,4.1
02B1D,0201,82,917,FDP,2.6,2.3,2.8
02B1E,0201,82,855,GRUENE,32.6,32.3,32.9
02B1E,0201,82,855,LINKE,23.1,22.9,23.8
02B1E,0201,82,855,SPD,12.1,11.8,12.3
02B1E,0201,82,855,CDU,11.1,10.1,11.3
02B1E,0201,82,855,Sonstige,7.6,7.4,7.9
02B1E,0201,82,855,AFD,3.7,2.9,4.2
02B1E,0201,82,855,FDP,3.2,2.9,3.4
02B1F,0201,82,879,GRUENE,35.4,35.0,35.7
02B1F,0201,82,879,LINKE,23.0,22.7,23.6
02B1F,0201,82,879,SPD,11.9,11.6,12.1
02B1F,0201,82,879,CDU,10.3,9.6,10.7
02B1F,0201,82,879,Sonstige,7.6,7.4,7.9
02B1F,0201,82,879,FDP,2.9,2.6,3.2
02B1F,0201,82,879,AFD,2.6,1.8,3.1
02B1G,0201,82,2056,LINKE,23.5,23.3,24.1
02B1G,0201,82,2056,GRUENE,22.8,22.4,23.1
02B1G,0201,82,2056,CDU,15.4,14.5,15.7
02B1G,0201,82,2056,SPD,12.1,11.8,12.3
02B1G,0201,82,2056,Sonstige,9.7,9.4,10.0
02B1G,0201,82,2056,AFD,8.9,8.2,9.4
02B1G,0201,82,2056,FDP,3.3,3.2,3.4
02B1H,0201,82,2071,LINKE,26.2,26.0,26.9
02B1H,0201,82,2071,GRUENE,24.1,23.7,24.4
02B1H,0201,82,2071,CDU,13.8,12.9,14.1
02B1H,0201,82,2071,SPD,11.4,11.1,11.5
02B1H,0201,82,2071,Sonstige,10.3,9.9,10.6
02B1H,0201,82,2071,AFD,7.7,7.1,8.2
02B1H,0201,82,2071,FDP,2.8,2.6,3.0
02B1J,0201,82,1923,LINKE,25.7,25.6,26.3
02B1J,0201,82,1923,GRUENE,24.5,24.2,24.7
02B1J,0201,82,1923,SPD,12.0,11.7,12.2
02B1J,0201,82,1923,Sonstige,11.8,11.6,12.1
02B1J,0201,82,1923,CDU,11.5,11.0,11.7
02B1J,0201,82,1923,AFD,8.0,7.4,8.5
02B1J,0201,82,1923,FDP,3.1,2.9,3.2
02B1K,0201,82,1034,GRUENE,28.4,28.0,28.7
02B1K,0201,82,1034,LINKE,19.8,19.6,20.3
02B1K,0201,82,1034,CDU,12.7,11.7,12.9
02B1K,0201,82,1034,SPD,12.6,12.3,12.7
02B1K,0201,82,1034,Sonstige,10.9,10.6,11.2
02B1K,0201,82,1034,AFD,7.3,6.5,7.8
02B1K,0201,82,1034,FDP,2.8,2.5,2.9
02B1L,0201,82,2064,GRUENE,25.8,25.5,26.0
02B1L,0201,82,2064,LINKE,21.4,21.3,22.0
02B1L,0201,82,2064,CDU,13.8,13.1,14.0
02B1L,0201,82,2064,SPD,13.1,12.8,13.3
02B1L,0201,82,2064,Sonstige,10.6,10.3,10.8
02B1L,0201,82,2064,AFD,7.3,6.6,7.7
02B1L,0201,82,2064,FDP,3.1,2.9,3.2
02B1M,0201,82,1920,LINKE,29.5,29.3,30.2
02B1M,0201,82,1920,GRUENE,26.4,25.9,26.6
02B1M,0201,82,1920,Sonstige,12.4,11.9,12.8
02B1M,0201,82,1920,SPD,10.7,10.5,11.0
02B1M,0201,82,1920,CDU,9.5,8.5,9.8
02B1M,0201,82,1920,AFD,7.6,7.0,8.1
02B1M,0201,82,1920,FDP,2.2,1.9,2.4
02B1N,0201,82,1765,LINKE,26.4,26.2,27.0
02B1N,0201,82,1765,GRUENE,17.7,17.3,18.0
02B1N,0201,82,1765,CDU,16.3,15.6,16.6
02B1N,0201,82,1765,SPD,12.8,12.5,13.0
02B1N,0201,82,1765,Sonstige,11.9,11.6,12.3
02B1N,0201,82,1765,AFD,11.1,10.3,11.6
02B1N,0201,82,1765,FDP,2.6,2.5,2.7
02B1P,0201,82,1991,LINKE,36.0,35.7,36.9
02B1P,0201,82,1991,GRUENE,30.6,30.2,31.0
02B1P,0201,82,1991,Sonstige,9.4,9.1,9.9
02B1P,0201,82,1991,SPD,9.3,9.0,9.5
02B1P,0201,82,1991,AFD,6.8,6.3,7.2
02B1P,0201,82,1991,CDU,5.6,4.3,6.1
02B1P,0201,82,1991,FDP,2.2,1.9,2.4
02B1Q,0201,82,1785,LINKE,33.9,33.6,34.7
02B1Q,0201,82,1785,GRUENE,33.7,33.3,34.1
02B1Q,0201,82,1785,SPD,9.6,9.3,9.8
02B1Q,0201,82,1785,Sonstige,9.4,9.1,9.8
02B1Q,0201,82,1785,AFD,5.6,5.0,6.0
02B1Q,0201,82,1785,CDU,4.3,2.9,4.7
02B1Q,0201,82,1785,FDP,2.2,1.9,2.4
02B1R,0201,82,1906,LINKE,35.6,35.3,36.3
02B1R,0201,82,1906,GRUENE,30.1,29.6,30.4
02B1R,0201,82,1906,Sonstige,12.5,12.2,13.0
02B1R,0201,82,1906,SPD,9.0,8.7,9.2
02B1R,0201,82,1906,AFD,6.7,6.2,7.1
02B1R,0201,82,1906,CDU,4.4,3.3,4.9
02B1R,0201,82,1906,FDP,1.9,1.6,2.2
02B1S,0201,82,1857,LINKE,34.0,33.7,34.8
02B1S,0201,82,1857,GRUENE,30.3,29.9,30.7
02B1S,0201,82,1857,Sonstige,10.4,10.1,10.9
02B1S,0201,82,1857,SPD,10.0,9.7,10.2
02B1S,0201,82,1857,AFD,6.2,5.7,6.6
02B1S,0201,82,1857,CDU,5.8,4.7,6.2
02B1S,0201,82,1857,FDP,2.1,1.7,2.3
02B1T,0201,82,1727,GRUENE,31.7,31.3,32.0
02B1T,0201,82,1727,LINKE,31.0,30.8,31.8
02B1T,0201,82,1727,SPD,10.8,10.6,11.0
02B1T,0201,82,1727,Sonstige,10.0,9.8,10.4
02B1T,0201,82,1727,AFD,5.7,5.2,6.2
02B1T,0201,82,1727,CDU,5.7,4.5,6.0
02B1T,0201,82,1727,FDP,2.3,2.1,2.5
02B1U,0201,82,909,GRUENE,34.2,33.8,34.6
02B1U,0201,82,909,LINKE,31.7,31.4,32.4
02B1U,0201,82,909,Sonstige,10.4,10.1,10.8
02B1U,0201,82,909,SPD,10.1,9.8,10.3
02B1U,0201,82,909,CDU,4.1,2.6,4.6
02B1U,0201,82,909,AFD,4.1,3.3,4.6
02B1U,0201,82,909,FDP,2.4,2.2,2.6
02B1V,0201,82,879,GRUENE,32.8,32.4,33.0
02B1V,0201,82,879,LINKE,29.4,29.2,30.2
02B1V,0201,82,879,SPD,10.6,10.3,10.7
02B1V,0201,82,879,Sonstige,7.8,7.6,8.2
02B1V,0201,82,879,CDU,7.1,6.3,7.4
02B1V,0201,82,879,AFD,4.7,4.1,5.2
02B1V,0201,82,879,FDP,2.8,2.6,3.0
02B2A,0202,82,850,GRUENE,37.1,36.8,37.7
02B2A,0202,82,850,LINKE,24.1,24.0,24.8
02B2A,0202,82,850,SPD,9.8,9.5,10.0
02B2A,0202,82,850,CDU,9.0,7.6,9.4
02B2A,0202,82,850,Sonstige,8.0,7.8,8.3
02B2A,0202,82,850,FDP,3.3,3.1,3.4
02B2A,0202,82,850,AFD,2.4,2.0,2.7
02B2B,0202,82,964,GRUENE,36.4,36.1,37.1
02B2B,0202,82,964,LINKE,25.3,25.1,25.9
02B2B,0202,82,964,SPD,10.2,9.9,10.3
02B2B,0202,82,964,Sonstige,10.1,9.9,10.5
02B2B,0202,82,964,CDU,6.9,5.9,7.2
02B2B,0202,82,964,AFD,2.9,2.5,3.2
02B2B,0202,82,964,FDP,2.6,2.0,2.9
02B2C,0202,82,959,GRUENE,33.6,33.2,34.2
02B2C,0202,82,959,LINKE,18.7,18.6,19.2
02B2C,0202,82,959,CDU,15.3,14.8,15.6
02B2C,0202,82,959,SPD,10.3,10.1,10.5
02B2C,0202,82,959,Sonstige,7.6,7.4,7.9
02B2C,0202,82,959,FDP,3.6,3.5,3.7
02B2C,0202,82,959,AFD,3.0,2.6,3.3
02B2D,0202,82,903,GRUENE,33.6,33.3,34.1
02B2D,0202,82,903,LINKE,24.3,24.1,24.9
02B2D,0202,82,903,SPD,10.5,10.2,10.6
02B2D,0202,82,903,CDU,9.8,8.1,10.1
02B2D,0202,82,903,Sonstige,8.7,8.6,9.0
02B2D,0202,82,903,AFD,4.1,3.8,4.3
02B2D,0202,82,903,FDP,3.5,3.2,3.6
02B2E,0202,82,1031,GRUENE,34.2,33.8,34.7
02B2E,0202,82,1031,LINKE,24.7,24.5,25.3
02B2E,0202,82,1031,SPD,11.0,10.7,11.1
02B2E,0202,82,1031,CDU,10.2,9.0,10.4
02B2E,0202,82,1031,Sonstige,8.7,8.5,9.1
02B2E,0202,82,1031,AFD,3.8,3.4,4.1
02B2E,0202,82,1031,FDP,3.1,3.0,3.2
02B2F,0202,82,1016,GRUENE,37.6,37.3,38.1
02B2F,0202,82,1016,LINKE,24.5,24.3,25.1
02B2F,0202,82,1016,SPD,11.3,11.0,11.5
02B2F,0202,82,1016,CDU,8.2,6.7,8.4
02B2F,0202,82,1016,Sonstige,7.7,7.5,8.0
02B2F,0202,82,1016,FDP,2.7,2.2,2.9
02B2F,0202,82,1016,AFD,2.7,2.3,2.9
02B2G,0202,82,1023,GRUENE,35.0,34.7,35.6
02B2G,0202,82,1023,LINKE,28.8,28.7,29.5
02B2G,0202,82,1023,SPD,9.6,9.4,9.8
02B2G,0202,82,1023,Sonstige,9.0,8.7,9.3
02B2G,0202,82,1023,CDU,6.8,5.1,7.0
02B2G,0202,82,1023,AFD,4.2,3.8,4.5
02B2G,0202,82,1023,FDP,2.8,2.4,3.0
02B2H,0202,82,1025,GRUENE,29.3,28.9,29.9
02B2H,0202,82,1025,LINKE,27.3,27.1,27.9
02B2H,0202,82,1025,SPD,11.0,10.8,11.2
02B2H,0202,82,1025,CDU,10.2,8.9,10.4
02B2H,0202,82,1025,Sonstige,9.4,9.2,9.7
02B2H,0202,82,1025,AFD,5.6,5.1,6.0
02B2H,0202,82,1025,FDP,3.0,2.7,3.2
02B2J,0202,82,1023,GRUENE,34.3,34.1,34.9
02B2J,0202,82,1023,LINKE,24.7,24.6,25.4
02B2J,0202,82,1023,SPD,11.3,11.1,11.5
02B2J,0202,82,1023,Sonstige,10.8,10.6,11.0
02B2J,0202,82,1023,CDU,7.2,6.3,7.6
02B2J,0202,82,1023,AFD,4.1,3.7,4.4
02B2J,0202,82,1023,FDP,2.8,2.6,2.9
02B2K,0202,82,939,GRUENE,32.6,32.3,33.2
02B2K,0202,82,939,LINKE,20.4,20.3,21.0
02B2K,0202,82,939,CDU,12.9,12.1,13.2
02B2K,0202,82,939,SPD,11.3,11.0,11.4
02B2K,0202,82,939,Sonstige,9.5,9.3,9.8
02B2K,0202,82,939,AFD,4.3,3.8,4.6
02B2K,0202,82,939,FDP,3.1,3.0,3.3
02B2L,0202,82,933,GRUENE,33.4,33.1,34.0
02B2L,0202,82,933,LINKE,24.0,23.9,24.6
02B2L,0202,82,933,SPD,12.0,11.7,12.2
02B2L,0202,82,933,Sonstige,10.3,10.1,10.6
02B2L,0202,82,933,CDU,8.7,7.6,9.0
02B2L,0202,82,933,AFD,4.1,3.5,4.4
02B2L,0202,82,933,FDP,2.9,2.6,3.0
02B2M,0202,82,1044,GRUENE,34.6,34.3,35.3
02B2M,0202,82,1044,LINKE,27.2,26.9,27.9
02B2M,0202,82,1044,SPD,11.3,11.0,11.5
02B2M,0202,82,1044,Sonstige,9.3,9.0,9.6
02B2M,0202,82,1044,CDU,6.3,4.4,6.7
02B2M,0202,82,1044,AFD,4.8,4.3,5.1
02B2M,0202,82,1044,FDP,3.5,3.3,3.6
02B2N,0202,82,1015,GRUENE,33.7,33.3,34.3
02B2N,0202,82,1015,LINKE,29.1,28.9,29.8
02B2N,0202,82,1015,SPD,10.4,10.1,10.6
02B2N,0202,82,1015,Sonstige,10.3,10.0,10.7
02B2N,0202,82,1015,CDU,6.7,4.8,7.1
02B2N,0202,82,1015,AFD,4.4,3.9,4.8
02B2N,0202,82,1015,FDP,3.1,2.9,3.2
02B2P,0202,82,943,GRUENE,34.9,34.6,35.6
02B2P,0202,82,943,LINKE,24.3,24.1,24.9
02B2P,0202,82,943,SPD,11.4,11.1,11.5
02B2P,0202,82,943,Sonstige,9.0,8.7,9.5
02B2P,0202,82,943,CDU,8.4,6.5,8.7
02B2P,0202,82,943,AFD,3.4,2.7,3.9
02B2P,0202,82,943,FDP,3.4,3.3,3.5
02B2Q,0202,82,993,GRUENE,32.9,32.6,33.5
02B2Q,0202,82,993,LINKE,30.2,30.0,31.0
02B2Q,0202,82,993,SPD,11.4,11.2,11.6
02B2Q,0202,82,993,Sonstige,7.8,7.6,8.1
02B2Q,0202,82,993,CDU,6.2,4.4,6.6
02B2Q,0202,82,993,AFD,4.7,4.1,5.0
02B2Q,0202,82,993,FDP,3.1,2.8,3.2
02B2R,0202,82,1032,GRUENE,35.5,35.3,36.1
02B2R,0202,82,1032,LINKE,28.3,28.2,29.1
02B2R,0202,82,1032,SPD,10.3,10.0,10.4
02B2R,0202,82,1032,Sonstige,7.7,7.5,8.0
02B2R,0202,82,1032,CDU,6.9,5.3,7.2
02B2R,0202,82,1032,AFD,3.8,3.3,4.1
02B2R,0202,82,1032,FDP,3.0,2.8,3.1
02B2S,0202,82,1047,GRUENE,35.7,35.4,36.3
02B2S,0202,82,1047,LINKE,26.1,25.9,26.7
02B2S,0202,82,1047,SPD,10.1,9.9,10.3
02B2S,0202,82,1047,Sonstige,8.9,8.7,9.2
02B2S,0202,82,1047,CDU,7.2,5.6,7.5
02B2S,0202,82,1047,FDP,2.9,2.6,3.1
02B2S,0202,82,1047,AFD,2.8,2.2,3.1
02B2T,0202,82,1029,GRUENE,35.0,34.6,35.5
02B2T,0202,82,1029,LINKE,29.5,29.3,30.3
02B2T,0202,82,1029,SPD,10.8,10.6,11.0
02B2T,0202,82,1029,Sonstige,8.5,8.3,8.9
02B2T,0202,82,1029,CDU,6.0,4.7,6.4
02B2T,0202,82,1029,AFD,4.5,4.1,4.8
02B2T,0202,82,1029,FDP,2.8,2.7,2.9
02B2U,0202,82,972,GRUENE,28.3,28.0,28.8
02B2U,0202,82,972,LINKE,27.4,27.2,27.9
02B2U,0202,82,972,Sonstige,14.3,14.0,14.6
02B2U,0202,82,972,SPD,11.1,10.8,11.2
02B2U,0202,82,972,AFD,8.3,7.8,8.6
02B2U,0202,82,972,CDU,6.7,5.7,6.9
02B2U,0202,82,972,FDP,2.3,2.0,2.4
02B2V,0202,82,817,GRUENE,34.5,34.2,35.2
02B2V,0202,82,817,LINKE,26.0,25.9,26.6
02B2V,0202,82,817,SPD,10.6,10.3,10.8
02B2V,0202,82,817,Sonstige,9.4,9.1,9.7
02B2V,0202,82,817,CDU,8.2,6.3,8.5
02B2V,0202,82,817,AFD,3.9,3.5,4.2
02B2V,0202,82,817,FDP,3.0,2.7,3.2
02B2W,0202,82,882,GRUENE,39.4,39.1,40.0
02B2W,0202,82,882,LINKE,24.6,24.5,25.3
02B2W,0202,82,882,SPD,9.7,9.5,9.9
02B2W,0202,82,882,Sonstige,8.5,8.2,8.8
02B2W,0202,82,882,CDU,6.1,4.3,6.5
02B2W,0202,82,882,FDP,3.1,2.7,3.3
02B2W,0202,82,882,AFD,1.9,1.4,2.2
02B2X,0202,82,897,GRUENE,33.8,33.5,34.3
02B2X,0202,82,897,LINKE,27.6,27.4,28.3
02B2X,0202,82,897,SPD,11.4,11.0,11.5
02B2X,0202,82,897,Sonstige,8.8,8.5,9.1
02B2X,0202,82,897,CDU,7.3,6.0,7.6
02B2X,0202,82,897,AFD,5.5,5.1,5.8
02B2X,0202,82,897,FDP,2.8,2.6,2.9
02B2Y,0202,82,1063,GRUENE,35.3,35.0,35.9
02B2Y,0202,82,1063,LINKE,22.9,22.7,23.4
02B2Y,0202,82,1063,SPD,10.5,10.2,10.6
02B2Y,0202,82,1063,Sonstige,9.6,9.3,9.9
02B2Y,0202,82,1063,CDU,9.0,7.1,9.4
02B2Y,0202,82,1063,FDP,3.5,3.3,3.7
02B2Y,0202,82,1063,AFD,2.8,2.1,3.2
02B2Z,0202,82,805,GRUENE,35.1,34.7,35.8
02B2Z,0202,82,805,LINKE,24.4,24.2,25.0
02B2Z,0202,82,805,SPD,11.4,11.1,11.6
02B2Z,0202,82,805,CDU,8.8,7.3,9.0
02B2Z,0202,82,805,Sonstige,8.4,8.1,8.7
02B2Z,0202,82,805,AFD,3.5,2.8,4.0
02B2Z,0202,82,805,FDP,3.4,3.0,3.5
02B2ZA,0202,82,878,GRUENE,38.6,38.3,39.1
02B2ZA,0202,82,878,LINKE,26.6,26.4,27.3
02B2ZA,0202,82,878,SPD,9.9,9.6,10.1
02B2ZA,0202,82,878,Sonstige,7.2,7.0,7.5
02B2ZA,0202,82,878,CDU,5.4,3.6,5.8
02B2ZA,0202,82,878,FDP,3.2,2.9,3.4
02B2ZA,0202,82,878,AFD,2.4,2.0,2.7
02B2ZB,0202,82,908,GRUENE,32.2,31.8,32.7
02B2ZB,0202,82,908,LINKE,24.4,24.2,25.0
02B2ZB,0202,82,908,CDU,12.3,10.9,12.5
02B2ZB,0202,82,908,SPD,11.6,11.3,11.8
02B2ZB,0202,82,908,Sonstige,7.5,7.3,7.8
02B2ZB,0202,82,908,AFD,4.4,3.8,4.7
02B2ZB,0202,82,908,FDP,3.1,2.9,3.3
02B2ZC,0202,82,989,GRUENE,34.3,33.9,34.9
02B2ZC,0202,82,989,LINKE,26.1,25.9,26.8
02B2ZC,0202,82,989,CDU,10.5,8.4,10.9
02B2ZC,0202,82,989,SPD,10.3,10.1,10.5
02B2ZC,0202,82,989,Sonstige,7.2,7.0,7.6
02B2ZC,0202,82,989,AFD,3.8,3.1,4.2
02B2ZC,0202,82,989,FDP,3.3,3.1,3.4
02B2ZD,0202,82,985,GRUENE,32.2,31.9,32.9
02B2ZD,0202,82,985,LINKE,26.5,26.3,27.2
02B2ZD,0202,82,985,SPD,11.7,11.4,11.8
02B2ZD,0202,82,985,CDU,9.8,8.6,10.0
02B2ZD,0202,82,985,Sonstige,7.3,7.1,7.7
02B2ZD,0202,82,985,AFD,3.8,3.1,4.2
02B2ZD,0202,82,985,FDP,3.0,2.6,3.2
02B2ZE,0202,82,995,GRUENE,33.3,33.0,34.0
02B2ZE,0202,82,995,LINKE,27.4,27.2,28.1
02B2ZE,0202,82,995,SPD,11.1,10.9,11.3
02B2ZE,0202,82,995,CDU,8.6,7.2,8.8
02B2ZE,0202,82,995,Sonstige,8.1,7.9,8.4
02B2ZE,0202,82,995,AFD,3.9,3.4,4.2
02B2ZE,0202,82,995,FDP,3.0,2.6,3.2
02B2ZF,0202,82,919,GRUENE,33.0,32.6,33.6
02B2ZF,0202,82,919,LINKE,27.9,27.7,28.6
02B2ZF,0202,82,919,SPD,11.1,10.9,11.3
02B2ZF,0202,82,919,Sonstige,8.7,8.5,9.0
02B2ZF,0202,82,919,CDU,7.7,6.1,8.0
02B2ZF,0202,82,919,AFD,3.9,3.4,4.2
02B2ZF,0202,82,919,FDP,2.8,2.4,3.0
02B2ZG,0202,82,948,GRUENE,37.7,37.4,38.3
02B2ZG,0202,82,948,LINKE,26.6,26.4,27.2
02B2ZG,0202,82,948,Sonstige,11.2,11.0,11.5
02B2ZG,0202,82,948,SPD,8.4,8.2,8.6
02B2ZG,0202,82,948,CDU,6.7,5.2,7.1
02B2ZG,0202,82,948,FDP,2.6,2.3,2.8
02B2ZG,0202,82,948,AFD,2.4,1.9,2.7
02B2ZH,0202,82,956,GRUENE,30.0,29.6,30.6
02B2ZH,0202,82,956,LINKE,26.2,26.0,26.9
02B2ZH,0202,82,956,Sonstige,11.7,11.2,12.1
02B2ZH,0202,82,956,CDU,10.7,9.1,11.2
02B2ZH,0202,82,956,SPD,9.7,9.4,9.9
02B2ZH,0202,82,956,AFD,6.3,5.7,6.6
02B2ZH,0202,82,956,FDP,2.7,2.5,2.8
02B2ZJ,0202,82,998,GRUENE,36.7,36.5,37.2
02B2ZJ,0202,82,998,LINKE,26.8,26.7,27.5
02B2ZJ,0202,82,998,Sonstige,9.3,9.1,9.7
02B2ZJ,0202,82,998,SPD,9.1,8.9,9.3
02B2ZJ,0202,82,998,CDU,6.4,4.3,6.8
02B2ZJ,0202,82,998,AFD,4.5,4.1,4.7
02B2ZJ,0202,82,998,FDP,3.0,2.8,3.1
02B2ZK,0202,82,998,GRUENE,37.7,37.3,38.3
02B2ZK,0202,82,998,LINKE,31.2,31.1,31.9
02B2ZK,0202,82,998,Sonstige,11.3,11.1,11.6
02B2ZK,0202,82,998,SPD,8.2,7.9,8.4
02B2ZK,0202,82,998,CDU,2.9,1.6,3.4
02B2ZK,0202,82,998,AFD,2.9,2.5,3.1
02B2ZK,0202,82,998,FDP,2.6,2.3,2.8
02B3A,0203,82,1730,LINKE,31.8,31.5,32.5
02B3A,0203,82,1730,GRUENE,27.3,26.8,27.5
02B3A,0203,82,1730,SPD,11.2,10.9,11.3
02B3A,0203,82,1730,Sonstige,11.0,10.4,11.5
02B3A,0203,82,1730,AFD,7.4,6.7,7.8
02B3A,0203,82,1730,CDU,6.7,6.1,7.0
02B3A,0203,82,1730,FDP,2.5,2.1,2.7
02B3B,0203,82,963,GRUENE,38.4,38.0,38.7
02B3B,0203,82,963,LINKE,30.3,30.1,31.1
02B3B,0203,82,963,SPD,9.1,8.9,9.3
02B3B,0203,82,963,Sonstige,7.8,7.3,8.3
02B3B,0203,82,963,CDU,5.5,4.9,5.9
02B3B,0203,82,963,FDP,2.6,2.4,2.8
02B3B,0203,82,963,AFD,2.5,1.6,2.8
02B3C,0203,82,930,GRUENE,31.3,30.9,31.7
02B3C,0203,82,930,LINKE,28.1,27.8,28.7
02B3C,0203,82,930,SPD,11.6,11.3,11.8
02B3C,0203,82,930,Sonstige,10.8,10.3,11.2
02B3C,0203,82,930,CDU,6.8,6.4,7.3
02B3C,0203,82,930,AFD,5.1,4.3,5.4
02B3C,0203,82,930,FDP,2.8,2.4,2.9
02B3D,0203,82,834,GRUENE,38.9,38.4,39.1
02B3D,0203,82,834,LINKE,26.7,26.6,27.4
02B3D,0203,82,834,Sonstige,9.6,9.0,10.0
02B3D,0203,82,834,SPD,9.3,9.0,9.5
02B3D,0203,82,834,CDU,5.9,5.3,6.2
02B3D,0203,82,834,AFD,2.8,2.2,3.0
02B3D,0203,82,834,FDP,2.5,2.0,2.8
02B3E,0203,82,949,LINKE,35.0,34.8,35.8
02B3E,0203,82,949,GRUENE,28.5,28.2,28.8
02B3E,0203,82,949,Sonstige,10.5,9.9,11.0
02B3E,0203,82,949,SPD,9.5,9.2,9.7
02B3E,0203,82,949,AFD,6.8,6.2,7.1
02B3E,0203,82,949,CDU,4.4,3.9,4.8
02B3E,0203,82,949,FDP,2.5,2.3,2.7
02B3F,0203,82,990,GRUENE,34.6,34.1,34.9
02B3F,0203,82,990,LINKE,33.3,33.1,34.2
02B3F,0203,82,990,Sonstige,9.9,9.3,10.3
02B3F,0203,82,990,SPD,8.3,8.1,8.5
02B3F,0203,82,990,AFD,4.8,4.2,5.1
02B3F,0203,82,990,CDU,4.1,3.5,4.6
02B3F,0203,82,990,FDP,2.1,1.7,2.4
02B3G,0203,82,931,GRUENE,34.5,34.1,34.8
02B3G,0203,82,931,LINKE,29.2,28.9,29.9
02B3G,0203,82,931,SPD,11.4,11.1,11.6
02B3G,0203,82,931,Sonstige,8.8,8.4,9.3
02B3G,0203,82,931,CDU,5.0,4.7,5.4
02B3G,0203,82,931,AFD,4.4,3.4,4.7
02B3G,0203,82,931,FDP,2.4,2.1,2.6
02B3H,0203,82,1011,LINKE,34.8,34.6,35.7
02B3H,0203,82,1011,GRUENE,34.8,34.3,35.1
02B3H,0203,82,1011,SPD,9.0,8.8,9.2
02B3H,0203,82,1011,Sonstige,7.5,7.0,8.0
02B3H,0203,82,1011,AFD,4.5,3.7,4.8
02B3H,0203,82,1011,CDU,3.4,2.7,3.8
02B3H,0203,82,1011,FDP,2.6,2.3,2.8
02B3J,0203,82,1009,LINKE,36.5,36.2,37.4
02B3J,0203,82,1009,GRUENE,36.2,35.7,36.5
02B3J,0203,82,1009,Sonstige,8.6,8.1,9.2
02B3J,0203,82,1009,SPD,8.5,8.2,8.7
02B3J,0203,82,1009,AFD,3.9,3.4,4.1
02B3J,0203,82,1009,CDU,2.9,2.4,3.4
02B3J,0203,82,1009,FDP,2.3,2.0,2.5
02B3K,0203,82,966,LINKE,35.2,34.9,36.1
02B3K,0203,82,966,GRUENE,34.6,34.3,35.0
02B3K,0203,82,966,Sonstige,8.8,8.3,9.3
02B3K,0203,82,966,SPD,8.7,8.4,8.9
02B3K,0203,82,966,AFD,4.8,4.1,5.0
02B3K,0203,82,966,CDU,3.7,3.3,4.1
02B3K,0203,82,966,FDP,2.3,1.9,2.6
02B3L,0203,82,920,LINKE,38.3,38.0,39.3
02B3L,0203,82,920,GRUENE,31.9,31.4,32.2
02B3L,0203,82,920,SPD,8.3,8.0,8.6
02B3L,0203,82,920,Sonstige,6.1,5.6,6.7
02B3L,0203,82,920,AFD,5.0,4.3,5.4
02B3L,0203,82,920,CDU,4.6,4.2,5.1
02B3L,0203,82,920,FDP,2.9,2.7,3.0
02B3M,0203,82,950,GRUENE,33.1,32.7,33.5
02B3M,0203,82,950,LINKE,33.0,32.7,33.8
02B3M,0203,82,950,Sonstige,9.7,9.2,10.2
02B3M,0203,82,950,SPD,8.9,8.7,9.1
02B3M,0203,82,950,AFD,5.0,4.1,5.3
02B3M,0203,82,950,CDU,4.8,4.3,5.3
02B3M,0203,82,950,FDP,2.4,2.1,2.6
02B3N,0203,82,1011,GRUENE,33.8,33.4,34.1
02B3N,0203,82,1011,LINKE,29.6,29.4,30.4
02B3N,0203,82,1011,SPD,9.4,9.2,9.6
02B3N,0203,82,1011,CDU,7.5,7.0,7.9
02B3N,0203,82,1011,Sonstige,7.4,6.9,7.8
02B3N,0203,82,1011,AFD,4.3,3.6,4.5
02B3N,0203,82,1011,FDP,3.1,3.0,3.3
02B3P,0203,82,947,GRUENE,33.1,32.6,33.5
02B3P,0203,82,947,LINKE,32.1,31.8,32.9
02B3P,0203,82,947,Sonstige,9.4,8.9,9.8
02B3P,0203,82,947,SPD,8.5,8.3,8.7
02B3P,0203,82,947,CDU,6.4,5.5,6.9
02B3P,0203,82,947,AFD,6.2,5.4,6.5
02B3P,0203,82,947,FDP,3.2,3.1,3.3
02B3Q,0203,82,992,LINKE,37.4,37.2,38.3
02B3Q,0203,82,992,GRUENE,32.2,31.8,32.7
02B3Q,0203,82,992,SPD,9.3,9.0,9.5
02B3Q,0203,82,992,Sonstige,8.8,8.3,9.3
02B3Q,0203,82,992,AFD,4.6,3.9,4.9
02B3Q,0203,82,992,CDU,3.1,2.6,3.5
02B3Q,0203,82,992,FDP,2.2,1.8,2.5
02B3R,0203,82,1024,LINKE,39.1,38.9,40.1
02B3R,0203,82,1024,GRUENE,32.8,32.3,33.2
02B3R,0203,82,1024,Sonstige,9.3,8.7,9.9
02B3R,0203,82,1024,SPD,8.2,8.0,8.5
02B3R,0203,82,1024,AFD,4.7,4.1,4.9
02B3R,0203,82,1024,FDP,2.3,2.0,2.5
02B3R,0203,82,1024,CDU,2.2,1.7,2.7
02B3S,0203,82,892,LINKE,35.2,34.9,36.1
02B3S,0203,82,892,GRUENE,32.9,32.5,33.3
02B3S,0203,82,892,SPD,9.1,8.9,9.3
02B3S,0203,82,892,Sonstige,7.7,7.2,8.2
02B3S,0203,82,892,AFD,4.5,3.8,4.9
02B3S,0203,82,892,CDU,4.5,3.7,4.9
02B3S,0203,82,892,FDP,2.7,2.5,2.8
02B3T,0203,82,1057,LINKE,35.6,35.3,36.4
02B3T,0203,82,1057,GRUENE,33.3,32.8,33.8
02B3T,0203,82,1057,Sonstige,9.3,8.9,9.9
02B3T,0203,82,1057,SPD,7.8,7.6,8.1
02B3T,0203,82,1057,AFD,4.8,4.0,5.1
02B3T,0203,82,1057,CDU,4.2,3.2,4.8
02B3T,0203,82,1057,FDP,2.8,2.5,3.0
02B3U,0203,82,854,GRUENE,34.0,33.6,34.4
02B3U,0203,82,854,LINKE,31.8,31.6,32.6
02B3U,0203,82,854,SPD,9.6,9.4,9.8
02B3U,0203,82,854,Sonstige,7.8,7.3,8.3
02B3U,0203,82,854,CDU,5.4,4.7,5.8
02B3U,0203,82,854,AFD,4.4,3.6,4.8
02B3U,0203,82,854,FDP,2.9,2.7,3.1
02B3V,0203,82,1011,GRUENE,31.9,31.6,32.1
02B3V,0203,82,1011,LINKE,22.8,22.6,23.4
02B3V,0203,82,1011,CDU,12.1,11.3,12.3
02B3V,0203,82,1011,Sonstige,11.3,10.8,11.6
02B3V,0203,82,1011,SPD,9.2,9.0,9.4
02B3V,0203,82,1011,AFD,4.9,4.5,5.1
02B3V,0203,82,1011,FDP,3.5,3.3,3.6
02B3W,0203,82,757,GRUENE,32.9,32.6,33.1
02B3W,0203,82,757,LINKE,24.8,24.7,25.5
02B3W,0203,82,757,CDU,10.3,8.8,10.6
02B3W,0203,82,757,Sonstige,9.8,9.3,10.1
02B3W,0203,82,757,SPD,9.5,9.3,9.7
02B3W,0203,82,757,AFD,5.7,5.2,5.9
02B3W,0203,82,757,FDP,3.4,3.0,3.6
02B3X,0203,82,1023,GRUENE,36.4,36.1,36.7
02B3X,0203,82,1023,LINKE,30.7,30.5,31.6
02B3X,0203,82,1023,Sonstige,9.3,8.9,9.7
02B3X,0203,82,1023,SPD,8.8,8.5,9.0
02B3X,0203,82,1023,CDU,5.7,4.4,6.0
02B3X,0203,82,1023,AFD,3.6,3.3,3.9
02B3X,0203,82,1023,FDP,3.1,2.9,3.2
02B3Y,0203,82,1027,GRUENE,35.9,35.5,36.2
02B3Y,0203,82,1027,LINKE,33.2,33.0,33.9
02B3Y,0203,82,1027,Sonstige,10.9,10.4,11.3
02B3Y,0203,82,1027,SPD,7.1,6.9,7.4
02B3Y,0203,82,1027,CDU,5.4,4.1,5.8
02B3Y,0203,82,1027,AFD,4.4,4.1,4.7
02B3Y,0203,82,1027,FDP,3.1,3.0,3.2
02B3Z,0203,82,1002,LINKE,32.4,32.2,33.2
02B3Z,0203,82,1002,GRUENE,31.6,31.2,31.9
02B3Z,0203,82,1002,Sonstige,9.5,9.0,9.9
02B3Z,0203,82,1002,SPD,9.1,8.9,9.3
02B3Z,0203,82,1002,CDU,8.2,6.5,8.5
02B3Z,0203,82,1002,AFD,5.5,5.0,5.7
02B3Z,0203,82,1002,FDP,3.3,3.2,3.4
02B3ZA,0203,82,1003,LINKE,31.9,31.7,32.7
02B3ZA,0203,82,1003,GRUENE,26.0,25.7,26.3
02B3ZA,0203,82,1003,Sonstige,11.1,10.5,11.5
02B3ZA,0203,82,1003,CDU,10.6,8.3,11.0
02B3ZA,0203,82,1003,SPD,10.4,10.1,10.6
02B3ZA,0203,82,1003,AFD,8.9,8.2,9.3
02B3ZA,0203,82,1003,FDP,3.0,2.7,3.1
02B3ZB,0203,82,967,GRUENE,33.9,33.6,34.2
02B3ZB,0203,82,967,LINKE,31.5,31.3,32.2
02B3ZB,0203,82,967,Sonstige,9.7,9.2,10.1
02B3ZB,0203,82,967,SPD,8.4,8.2,8.6
02B3ZB,0203,82,967,CDU,7.3,5.9,7.7
02B3ZB,0203,82,967,AFD,5.5,5.1,5.8
02B3ZB,0203,82,967,FDP,3.1,2.8,3.3
02B3ZC,0203,82,919,GRUENE,38.9,38.5,39.2
02B3ZC,0203,82,919,LINKE,32.4,32.2,33.2
02B3ZC,0203,82,919,Sonstige,9.7,9.2,10.0
02B3ZC,0203,82,919,SPD,7.4,7.2,7.7
02B3ZC,0203,82,919,CDU,3.8,2.4,4.2
02B3ZC,0203,82,919,AFD,3.1,2.8,3.4
02B3ZC,0203,82,919,FDP,3.0,2.8,3.1
02B3ZD,0203,82,960,GRUENE,34.0,33.8,34.3
02B3ZD,0203,82,960,LINKE,23.8,23.6,24.5
02B3ZD,0203,82,960,CDU,11.6,10.7,11.9
02B3ZD,0203,82,960,Sonstige,9.2,8.8,9.4
02B3ZD,0203,82,960,SPD,8.8,8.6,9.0
02B3ZD,0203,82,960,AFD,4.6,4.2,4.9
02B3ZD,0203,82,960,FDP,3.7,3.3,3.8
02B3ZE,0203,82,1030,GRUENE,35.9,35.5,36.2
02B3ZE,0203,82,1030,LINKE,30.4,30.2,31.2
02B3ZE,0203,82,1030,Sonstige,11.6,11.2,12.0
02B3ZE,0203,82,1030,SPD,7.8,7.6,8.1
02B3ZE,0203,82,1030,CDU,6.4,5.5,6.7
02B3ZE,0203,82,1030,AFD,5.1,4.8,5.4
02B3ZE,0203,82,1030,FDP,2.4,2.0,2.6
02B3ZF,0203,82,964,LINKE,31.2,31.0,31.8
02B3ZF,0203,82,964,GRUENE,24.6,24.3,24.8
02B3ZF,0203,82,964,Sonstige,12.0,11.5,12.3
02B3ZF,0203,82,964,SPD,10.8,10.6,11.0
02B3ZF,0203,82,964,CDU,8.5,7.1,8.7
02B3ZF,0203,82,964,AFD,8.3,7.7,8.5
02B3ZF,0203,82,964,FDP,3.2,2.9,3.3
02B3ZG,0203,82,930,GRUENE,33.3,33.0,33.6
02B3ZG,0203,82,930,LINKE,29.7,29.5,30.4
02B3ZG,0203,82,930,Sonstige,15.7,15.2,16.1
02B3ZG,0203,82,930,SPD,7.7,7.4,7.9
02B3ZG,0203,82,930,CDU,6.0,4.9,6.3
02B3ZG,0203,82,930,AFD,4.0,3.7,4.3
02B3ZG,0203,82,930,FDP,2.1,1.7,2.4
02B3ZH,0203,82,808,GRUENE,33.4,33.1,33.6
02B3ZH,0203,82,808,LINKE,21.4,21.2,22.1
02B3ZH,0203,82,808,CDU,14.3,13.4,14.6
02B3ZH,0203,82,808,Sonstige,9.3,8.9,9.6
02B3ZH,0203,82,808,SPD,8.5,8.2,8.7
02B3ZH,0203,82,808,AFD,5.0,4.6,5.3
02B3ZH,0203,82,808,FDP,3.6,3.3,3.7
02B3ZJ,0203,82,857,GRUENE,30.7,30.3,30.9
02B3ZJ,0203,82,857,LINKE,20.2,20.0,20.8
02B3ZJ,0203,82,857,CDU,15.5,13.9,15.8
02B3ZJ,0203,82,857,SPD,10.8,10.5,11.0
02B3ZJ,0203,82,857,Sonstige,9.3,8.8,9.5
02B3ZJ,0203,82,857,AFD,5.7,5.3,6.0
02B3ZJ,0203,82,857,FDP,3.9,3.7,4.0
02B3ZK,0203,82,890,GRUENE,22.9,22.6,23.1
02B3ZK,0203,82,890,LINKE,19.5,19.3,20.1
02B3ZK,0203,82,890,CDU,18.4,16.9,18.5
02B3ZK,0203,82,890,SPD,12.9,12.6,13.0
02B3ZK,0203,82,890,AFD,8.7,7.9,8.9
02B3ZK,0203,82,890,Sonstige,8.5,8.0,8.7
02B3ZK,0203,82,890,FDP,4.1,3.9,4.1
02B3ZL,0203,82,887,GRUENE,26.8,26.4,27.1
02B3ZL,0203,82,887,CDU,20.0,19.3,20.2
02B3ZL,0203,82,887,LINKE,18.0,17.8,18.7
02B3ZL,0203,82,887,SPD,10.2,9.9,10.3
02B3ZL,0203,82,887,AFD,7.7,7.2,8.0
02B3ZL,0203,82,887,Sonstige,7.6,7.1,7.8
02B3ZL,0203,82,887,FDP,4.4,4.3,4.6
02B4A,0204,82,1811,LINKE,35.0,34.7,35.6
02B4A,0204,82,1811,CDU,17.3,16.3,17.6
02B4A,0204,82,1811,AFD,13.1,12.4,13.5
02B4A,0204,82,1811,SPD,13.0,12.7,13.3
02B4A,0204,82,1811,GRUENE,11.2,10.8,11.6
02B4A,0204,82,1811,Sonstige,10.6,10.3,11.0
02B4A,0204,82,1811,FDP,2.9,2.8,2.9
02B4B,0204,82,1823,LINKE,31.8,31.6,32.4
02B4B,0204,82,1823,CDU,17.8,17.0,18.0
02B4B,0204,82,1823,SPD,14.3,14.0,14.5
02B4B,0204,82,1823,AFD,12.2,11.3,12.6
02B4B,0204,82,1823,Sonstige,11.7,11.4,12.0
02B4B,0204,82,1823,GRUENE,11.3,10.9,11.6
02B4B,0204,82,1823,FDP,2.6,2.4,2.7
02B4C,0204,82,877,LINKE,31.7,31.4,32.2
02B4C,0204,82,877,CDU,18.4,17.8,18.7
02B4C,0204,82,877,Sonstige,14.2,13.9,14.5
02B4C,0204,82,877,AFD,13.1,12.1,13.6
02B4C,0204,82,877,SPD,11.9,11.6,12.1
02B4C,0204,82,877,GRUENE,9.5,9.2,9.8
02B4C,0204,82,877,FDP,2.8,2.4,2.9
02B4D,0204,82,1047,LINKE,31.1,30.9,31.6
02B4D,0204,82,1047,GRUENE,25.2,24.9,25.4
02B4D,0204,82,1047,Sonstige,13.3,13.0,13.6
02B4D,0204,82,1047,SPD,10.5,10.3,10.6
02B4D,0204,82,1047,CDU,8.4,7.4,8.6
02B4D,0204,82,1047,AFD,6.6,5.9,7.0
02B4D,0204,82,1047,FDP,3.0,2.7,3.1
02B4E,0204,82,1051,LINKE,26.1,26.0,26.6
02B4E,0204,82,1051,GRUENE,20.3,20.0,20.5
02B4E,0204,82,1051,CDU,15.6,15.3,16.4
02B4E,0204,82,1051,SPD,14.0,13.7,14.1
02B4E,0204,82,1051,Sonstige,11.0,10.7,11.3
02B4E,0204,82,1051,AFD,8.1,7.2,8.5
02B4E,0204,82,1051,FDP,2.6,2.4,2.8
02B4F,0204,82,1055,LINKE,25.3,25.1,25.8
02B4F,0204,82,1055,GRUENE,25.2,25.0,25.5
02B4F,0204,82,1055,CDU,13.0,12.6,13.3
02B4F,0204,82,1055,Sonstige,11.7,11.4,12.1
02B4F,0204,82,1055,SPD,10.7,10.5,10.8
02B4F,0204,82,1055,AFD,4.8,4.1,5.1
02B4F,0204,82,1055,FDP,3.4,3.1,3.6
02B4G,0204,82,850,LINKE,31.6,31.4,32.2
02B4G,0204,82,850,GRUENE,16.1,15.7,16.3
02B4G,0204,82,850,CDU,15.4,14.8,15.6
02B4G,0204,82,850,SPD,13.3,13.0,13.5
02B4G,0204,82,850,Sonstige,11.5,11.2,11.8
02B4G,0204,82,850,AFD,10.1,9.4,10.5
02B4G,0204,82,850,FDP,2.5,2.1,2.7
02B4H,0204,82,952,LINKE,33.2,33.0,33.8
02B4H,0204,82,952,GRUENE,21.8,21.5,22.1
02B4H,0204,82,952,Sonstige,11.8,11.6,12.2
02B4H,0204,82,952,SPD,11.0,10.8,11.2
02B4H,0204,82,952,CDU,10.9,10.4,11.2
02B4H,0204,82,952,AFD,8.2,7.4,8.6
02B4H,0204,82,952,FDP,2.7,2.5,2.8
02B4J,0204,82,1024,GRUENE,33.4,33.0,33.8
02B4J,0204,82,1024,LINKE,15.9,15.6,16.2
02B4J,0204,82,1024,CDU,15.1,14.5,15.3
02B4J,0204,82,1024,SPD,11.7,11.4,11.8
02B4J,0204,82,1024,Sonstige,9.1,8.8,9.5
02B4J,0204,82,1024,FDP,3.8,3.6,3.9
02B4J,0204,82,1024,AFD,3.5,2.8,3.8
02B4K,0204,82,1030,GRUENE,31.4,31.1,31.6
02B4K,0204,82,1030,LINKE,27.2,27.0,27.8
02B4K,0204,82,1030,Sonstige,11.5,11.3,11.8
02B4K,0204,82,1030,SPD,10.4,10.2,10.5
02B4K,0204,82,1030,CDU,8.7,7.2,9.0
02B4K,0204,82,1030,AFD,4.9,4.3,5.2
02B4K,0204,82,1030,FDP,3.2,3.0,3.3
02B4L,0204,82,905,GRUENE,31.6,31.4,31.9
02B4L,0204,82,905,LINKE,29.2,29.0,29.8
02B4L,0204,82,905,Sonstige,11.7,11.4,12.0
02B4L,0204,82,905,SPD,9.9,9.7,10.1
02B4L,0204,82,905,CDU,8.0,7.0,8.2
02B4L,0204,82,905,AFD,5.8,5.3,6.1
02B4L,0204,82,905,FDP,2.7,2.5,2.9
02B4M,0204,82,1023,GRUENE,30.4,30.1,30.6
02B4M,0204,82,1023,LINKE,26.7,26.5,27.3
02B4M,0204,82,1023,Sonstige,12.7,12.5,13.0
02B4M,0204,82,1023,SPD,10.0,9.8,10.2
02B4M,0204,82,1023,CDU,8.4,7.4,8.7
02B4M,0204,82,1023,AFD,6.8,6.2,7.1
02B4M,0204,82,1023,FDP,2.7,2.3,2.9
02B4N,0204,82,986,GRUENE,32.8,32.5,33.0
02B4N,0204,82,986,LINKE,28.0,27.8,28.6
02B4N,0204,82,986,Sonstige,12.7,12.5,13.0
02B4N,0204,82,986,SPD,9.6,9.3,9.7
02B4N,0204,82,986,CDU,7.0,5.5,7.2
02B4N,0204,82,986,AFD,5.1,4.7,5.4
02B4N,0204,82,986,FDP,2.5,2.0,2.7
02B4P,0204,82,1057,GRUENE,34.5,34.2,34.8
02B4P,0204,82,1057,LINKE,31.1,30.9,31.8
02B4P,0204,82,1057,Sonstige,11.6,11.3,12.0
02B4P,0204,82,1057,SPD,8.0,7.8,8.3
02B4P,0204,82,1057,CDU,5.5,3.9,5.8
02B4P,0204,82,1057,AFD,4.5,4.0,4.8
02B4P,0204,82,1057,FDP,2.6,2.3,2.8
02B4Q,0204,82,1059,LINKE,35.0,34.8,35.7
02B4Q,0204,82,1059,GRUENE,25.1,24.8,25.4
02B4Q,0204,82,1059,SPD,11.1,10.8,11.2
02B4Q,0204,82,1059,CDU,9.6,8.8,9.8
02B4Q,0204,82,1059,Sonstige,9.0,8.8,9.3
02B4Q,0204,82,1059,AFD,7.0,6.3,7.4
02B4Q,0204,82,1059,FDP,2.8,2.6,2.9
02B4R,0204,82,915,LINKE,33.7,33.5,34.4
02B4R,0204,82,915,GRUENE,24.4,24.1,24.8
02B4R,0204,82,915,SPD,10.9,10.7,11.0
02B4R,0204,82,915,Sonstige,10.4,10.2,10.7
02B4R,0204,82,915,CDU,9.8,7.9,10.1
02B4R,0204,82,915,AFD,6.6,5.9,7.0
02B4R,0204,82,915,FDP,2.9,2.6,3.0
02B4S,0204,82,1058,LINKE,31.3,31.2,32.1
02B4S,0204,82,1058,GRUENE,30.4,30.1,30.7
02B4S,0204,82,1058,Sonstige,9.8,9.7,10.1
02B4S,0204,82,1058,SPD,9.8,9.5,10.0
02B4S,0204,82,1058,CDU,8.5,7.1,8.8
02B4S,0204,82,1058,AFD,5.1,4.5,5.4
02B4S,0204,82,1058,FDP,3.1,3.0,3.2
02B4T,0204,82,898,LINKE,32.7,32.4,33.4
02B4T,0204,82,898,GRUENE,22.9,22.7,23.2
02B4T,0204,82,898,SPD,13.0,12.7,13.3
02B4T,0204,82,898,Sonstige,11.6,11.3,11.9
02B4T,0204,82,898,CDU,9.2,8.6,9.4
02B4T,0204,82,898,AFD,8.3,7.7,8.6
02B4T,0204,82,898,FDP,2.7,2.6,2.8
02B4U,0204,82,1077,LINKE,31.8,31.6,32.4
02B4U,0204,82,1077,GRUENE,22.3,22.0,22.6
02B4U,0204,82,1077,CDU,13.4,12.9,13.6
02B4U,0204,82,1077,SPD,12.1,11.8,12.3
02B4U,0204,82,1077,Sonstige,9.6,9.4,9.9
02B4U,0204,82,1077,AFD,8.0,7.4,8.3
02B4U,0204,82,1077,FDP,2.5,2.2,2.7
02B4V,0204,82,1031,LINKE,33.8,33.6,34.4
02B4V,0204,82,1031,CDU,16.7,15.8,16.9
02B4V,0204,82,1031,GRUENE,14.8,14.4,15.1
02B4V,0204,82,1031,SPD,11.9,11.6,12.1
02B4V,0204,82,1031,AFD,11.7,11.2,12.1
02B4V,0204,82,1031,Sonstige,10.6,10.3,10.9
02B4V,0204,82,1031,FDP,2.9,2.7,3.0
02B4W,0204,82,1031,LINKE,37.9,37.7,38.7
02B4W,0204,82,1031,SPD,15.5,15.2,15.8
02B4W,0204,82,1031,CDU,15.2,14.5,15.5
02B4W,0204,82,1031,AFD,13.4,12.5,13.8
02B4W,0204,82,1031,Sonstige,9.1,8.8,9.5
02B4W,0204,82,1031,GRUENE,8.9,8.5,9.2
02B4W,0204,82,1031,FDP,2.3,2.0,2.5
02B4X,0204,82,1046,LINKE,29.5,29.3,30.1
02B4X,0204,82,1046,GRUENE,25.4,25.0,25.6
02B4X,0204,82,1046,CDU,12.0,11.1,12.3
02B4X,0204,82,1046,Sonstige,10.9,10.7,11.2
02B4X,0204,82,1046,SPD,10.4,10.2,10.6
02B4X,0204,82,1046,AFD,7.6,7.2,7.9
02B4X,0204,82,1046,FDP,2.8,2.6,2.9
02B4Y,0204,82,1045,LINKE,31.2,31.0,31.8
02B4Y,0204,82,1045,GRUENE,17.8,17.6,18.0
02B4Y,0204,82,1045,CDU,13.8,13.0,14.1
02B4Y,0204,82,1045,Sonstige,12.9,12.8,13.2
02B4Y,0204,82,1045,SPD,12.2,12.0,12.4
02B4Y,0204,82,1045,AFD,9.7,8.8,10.1
02B4Y,0204,82,1045,FDP,2.5,2.2,2.6
02B4Z,0204,82,1075,LINKE,31.3,31.1,31.7
02B4Z,0204,82,1075,GRUENE,19.0,18.7,19.2
02B4Z,0204,82,1075,SPD,12.9,12.7,13.1
02B4Z,0204,82,1075,CDU,12.9,12.2,13.1
02B4Z,0204,82,1075,Sonstige,10.7,10.4,10.9
02B4Z,0204,82,1075,AFD,8.8,8.0,9.1
02B4Z,0204,82,1075,FDP,3.0,2.8,3.1
02B4ZA,0204,82,1049,LINKE,29.8,29.7,30.4
02B4ZA,0204,82,1049,GRUENE,25.6,25.3,25.8
02B4ZA,0204,82,1049,Sonstige,11.8,11.5,12.1
02B4ZA,0204,82,1049,SPD,11.5,11.3,11.6
02B4ZA,0204,82,1049,CDU,9.5,7.8,9.7
02B4ZA,0204,82,1049,AFD,7.9,7.1,8.3
02B4ZA,0204,82,1049,FDP,3.2,3.1,3.3
02B4ZB,0204,82,1076,GRUENE,31.9,31.6,32.2
02B4ZB,0204,82,1076,LINKE,25.7,25.5,26.2
02B4ZB,0204,82,1076,Sonstige,10.9,10.5,11.3
02B4ZB,0204,82,1076,SPD,10.3,10.1,10.5
02B4ZB,0204,82,1076,CDU,9.7,8.3,9.9
02B4ZB,0204,82,1076,AFD,4.4,3.8,4.7
02B4ZB,0204,82,1076,FDP,3.4,3.2,3.4
02B4ZC,0204,82,1059,GRUENE,33.2,32.8,33.5
02B4ZC,0204,82,1059,LINKE,28.9,28.7,29.5
02B4ZC,0204,82,1059,Sonstige,11.9,11.7,12.4
02B4ZC,0204,82,1059,SPD,8.5,8.3,8.7
02B4ZC,0204,82,1059,CDU,8.0,7.1,8.3
02B4ZC,0204,82,1059,AFD,3.8,3.3,4.2
02B4ZC,0204,82,1059,FDP,2.9,2.7,3.0
02B4ZD,0204,82,1070,GRUENE,31.4,31.0,31.8
02B4ZD,0204,82,1070,LINKE,29.4,29.3,30.0
02B4ZD,0204,82,1070,CDU,10.3,9.2,10.6
02B4ZD,0204,82,1070,Sonstige,9.4,9.2,9.8
02B4ZD,0204,82,1070,SPD,9.1,8.9,9.2
02B4ZD,0204,82,1070,AFD,4.5,3.9,4.9
02B4ZD,0204,82,1070,FDP,3.5,3.3,3.6
02B4ZE,0204,82,963,LINKE,29.1,28.9,29.6
02B4ZE,0204,82,963,GRUENE,16.9,16.6,17.2
02B4ZE,0204,82,963,CDU,14.9,14.3,15.1
02B4ZE,0204,82,963,SPD,13.0,12.8,13.1
02B4ZE,0204,82,963,Sonstige,11.5,11.3,11.8
02B4ZE,0204,82,963,AFD,10.4,9.7,10.7
02B4ZE,0204,82,963,FDP,3.2,3.1,3.2
02B4ZF,0204,82,1013,LINKE,29.0,28.8,29.5
02B4ZF,0204,82,1013,GRUENE,16.7,16.3,16.9
02B4ZF,0204,82,1013,CDU,15.7,14.7,16.0
02B4ZF,0204,82,1013,SPD,12.6,12.3,12.7
02B4ZF,0204,82,1013,Sonstige,11.2,10.9,11.5
02B4ZF,0204,82,1013,AFD,9.6,8.9,10.0
02B4ZF,0204,82,1013,FDP,3.7,3.5,3.7
02B4ZG,0204,82,1070,LINKE,27.1,26.9,27.5
02B4ZG,0204,82,1070,GRUENE,20.7,20.4,21.0
02B4ZG,0204,82,1070,CDU,15.0,14.4,15.3
02B4ZG,0204,82,1070,Sonstige,12.7,12.4,13.0
02B4ZG,0204,82,1070,SPD,11.3,11.1,11.5
02B4ZG,0204,82,1070,AFD,7.7,7.1,8.0
02B4ZG,0204,82,1070,FDP,3.2,3.0,3.4
02B4ZH,0204,82,1007,LINKE,28.9,28.7,29.4
02B4ZH,0204,82,1007,CDU,16.9,15.7,17.1
02B4ZH,0204,82,1007,GRUENE,16.9,16.6,17.1
02B4ZH,0204,82,1007,Sonstige,13.4,13.0,13.8
02B4ZH,0204,82,1007,SPD,11.5,11.3,11.6
02B4ZH,0204,82,1007,AFD,9.9,9.2,10.3
02B4ZH,0204,82,1007,FDP,2.9,2.7,3.0
02B4ZJ,0204,82,1040,GRUENE,27.9,27.6,28.2
02B4ZJ,0204,82,1040,LINKE,23.4,23.1,24.0
02B4ZJ,0204,82,1040,CDU,14.6,13.4,14.8
02B4ZJ,0204,82,1040,Sonstige,11.5,11.3,11.9
02B4ZJ,0204,82,1040,SPD,10.3,10.1,10.5
02B4ZJ,0204,82,1040,AFD,5.9,5.4,6.3
02B4ZJ,0204,82,1040,FDP,3.3,3.1,3.4
02B5A,0205,82,1009,LINKE,32.6,32.5,33.5
02B5A,0205,82,1009,GRUENE,30.1,29.6,30.2
02B5A,0205,82,1009,SPD,10.1,9.8,10.3
02B5A,0205,82,1009,Sonstige,9.1,8.8,9.4
02B5A,0205,82,1009,CDU,7.9,7.4,8.2
02B5A,0205,82,1009,AFD,6.3,5.7,6.5
02B5A,0205,82,1009,FDP,2.4,2.2,2.6
02B5B,0205,82,1004,GRUENE,32.6,32.1,32.7
02B5B,0205,82,1004,LINKE,28.0,27.8,28.7
02B5B,0205,82,1004,Sonstige,11.5,11.1,11.8
02B5B,0205,82,1004,SPD,9.1,8.9,9.3
02B5B,0205,82,1004,CDU,7.7,7.5,8.0
02B5B,0205,82,1004,AFD,3.9,3.3,4.2
02B5B,0205,82,1004,FDP,2.8,2.6,3.0
02B5C,0205,82,1041,GRUENE,32.8,32.3,33.0
02B5C,0205,82,1041,LINKE,28.6,28.5,29.2
02B5C,0205,82,1041,Sonstige,13.6,13.1,13.8
02B5C,0205,82,1041,SPD,9.8,9.6,10.0
02B5C,0205,82,1041,CDU,6.4,5.8,6.7
02B5C,0205,82,1041,AFD,5.1,4.4,5.3
02B5C,0205,82,1041,FDP,2.6,2.2,2.8
02B5D,0205,82,955,GRUENE,29.9,29.6,30.2
02B5D,0205,82,955,LINKE,28.6,28.4,29.2
02B5D,0205,82,955,Sonstige,13.1,12.6,13.4
02B5D,0205,82,955,SPD,11.2,10.9,11.4
02B5D,0205,82,955,CDU,7.1,6.6,7.4
02B5D,0205,82,955,AFD,6.0,5.5,6.3
02B5D,0205,82,955,FDP,3.1,2.9,3.2
02B5E,0205,82,1019,GRUENE,34.0,33.3,34.1
02B5E,0205,82,1019,LINKE,28.3,28.1,29.0
02B5E,0205,82,1019,Sonstige,10.6,10.1,10.8
02B5E,0205,82,1019,SPD,9.0,8.8,9.2
02B5E,0205,82,1019,CDU,8.6,7.6,9.0
02B5E,0205,82,1019,AFD,5.2,4.7,5.4
02B5E,0205,82,1019,FDP,3.1,2.9,3.2
02B5F,0205,82,1080,GRUENE,32.6,32.2,32.8
02B5F,0205,82,1080,LINKE,28.8,28.6,29.6
02B5F,0205,82,1080,Sonstige,10.7,10.2,10.9
02B5F,0205,82,1080,SPD,8.8,8.6,9.0
02B5F,0205,82,1080,CDU,8.7,8.0,9.0
02B5F,0205,82,1080,AFD,5.3,4.9,5.5
02B5F,0205,82,1080,FDP,3.1,2.9,3.2
02B5G,0205,82,976,LINKE,34.4,34.2,35.2
02B5G,0205,82,976,GRUENE,30.4,30.0,30.6
02B5G,0205,82,976,Sonstige,11.1,10.6,11.4
02B5G,0205,82,976,SPD,8.4,8.2,8.6
02B5G,0205,82,976,CDU,7.9,6.4,8.2
02B5G,0205,82,976,AFD,6.7,5.9,6.9
02B5G,0205,82,976,FDP,2.8,2.5,2.9
02B5H,0205,82,884,GRUENE,33.0,32.6,33.3
02B5H,0205,82,884,LINKE,29.1,28.9,29.9
02B5H,0205,82,884,Sonstige,10.4,10.0,10.7
02B5H,0205,82,884,SPD,9.5,9.2,9.7
02B5H,0205,82,884,CDU,8.0,6.8,8.4
02B5H,0205,82,884,AFD,4.2,3.7,4.5
02B5H,0205,82,884,FDP,3.0,2.8,3.2
02B5J,0205,82,902,LINKE,32.6,32.3,33.2
02B5J,0205,82,902,GRUENE,32.0,31.6,32.4
02B5J,0205,82,902,Sonstige,11.6,11.1,11.9
02B5J,0205,82,902,SPD,8.1,7.9,8.3
02B5J,0205,82,902,CDU,6.8,5.2,7.1
02B5J,0205,82,902,AFD,5.7,5.2,6.0
02B5J,0205,82,902,FDP,3.3,3.0,3.4
02B5K,0205,82,1025,GRUENE,36.9,36.5,37.2
02B5K,0205,82,1025,LINKE,31.8,31.6,32.5
02B5K,0205,82,1025,Sonstige,13.2,12.7,13.5
02B5K,0205,82,1025,SPD,7.4,7.2,7.6
02B5K,0205,82,1025,CDU,4.7,3.8,5.1
02B5K,0205,82,1025,AFD,2.7,2.4,3.0
02B5K,0205,82,1025,FDP,2.7,2.2,2.9
02B5L,0205,82,971,GRUENE,33.4,33.0,33.7
02B5L,0205,82,971,LINKE,30.1,29.9,30.8
02B5L,0205,82,971,Sonstige,9.4,9.0,9.7
02B5L,0205,82,971,SPD,8.6,8.4,8.8
02B5L,0205,82,971,CDU,7.8,6.3,8.1
02B5L,0205,82,971,AFD,4.7,4.3,4.9
02B5L,0205,82,971,FDP,3.6,3.2,3.7
02B5M,0205,82,877,GRUENE,33.0,32.6,33.3
02B5M,0205,82,877,LINKE,30.5,30.3,31.3
02B5M,0205,82,877,Sonstige,10.4,9.9,10.7
02B5M,0205,82,877,SPD,9.1,8.8,9.2
02B5M,0205,82,877,CDU,6.5,5.3,6.9
02B5M,0205,82,877,AFD,5.6,5.2,5.9
02B5M,0205,82,877,FDP,3.4,3.2,3.5
02B5N,0205,82,1043,GRUENE,32.6,32.3,32.8
02B5N,0205,82,1043,LINKE,30.1,30.0,30.8
02B5N,0205,82,1043,Sonstige,9.5,9.0,9.7
02B5N,0205,82,1043,SPD,8.7,8.5,8.9
02B5N,0205,82,1043,CDU,8.4,7.6,8.8
02B5N,0205,82,1043,AFD,5.1,4.7,5.3
02B5N,0205,82,1043,FDP,3.6,3.4,3.7
02B5P,0205,82,990,GRUENE,32.8,32.4,33.0
02B5P,0205,82,990,LINKE,29.2,29.1,29.9
02B5P,0205,82,990,Sonstige,10.2,9.8,10.6
02B5P,0205,82,990,CDU,8.8,8.2,9.1
02B5P,0205,82,990,SPD,8.5,8.2,8.7
02B5P,0205,82,990,AFD,5.2,4.6,5.4
02B5P,0205,82,990,FDP,3.3,3.0,3.4
02B5Q,0205,82,912,GRUENE,31.7,31.1,31.9
02B5Q,0205,82,912,LINKE,28.3,28.1,29.2
02B5Q,0205,82,912,CDU,11.2,9.9,11.4
02B5Q,0205,82,912,Sonstige,10.3,9.9,10.6
02B5Q,0205,82,912,SPD,8.0,7.7,8.3
02B5Q,0205,82,912,AFD,5.2,4.6,5.5
02B5Q,0205,82,912,FDP,2.9,2.4,3.1
02B5R,0205,82,975,GRUENE,31.0,30.6,31.2
02B5R,0205,82,975,LINKE,28.4,28.2,29.1
02B5R,0205,82,975,Sonstige,10.6,10.2,10.8
02B5R,0205,82,975,SPD,9.6,9.4,9.8
02B5R,0205,82,975,CDU,8.8,8.5,9.1
02B5R,0205,82,975,AFD,5.8,5.4,6.0
02B5R,0205,82,975,FDP,3.4,3.2,3.6
02B5S,0205,82,957,GRUENE,33.9,33.5,34.1
02B5S,0205,82,957,LINKE,30.5,30.4,31.3
02B5S,0205,82,957,Sonstige,9.1,8.7,9.3
02B5S,0205,82,957,SPD,9.0,8.8,9.2
02B5S,0205,82,957,CDU,7.5,6.7,7.9
02B5S,0205,82,957,AFD,4.6,4.3,4.8
02B5S,0205,82,957,FDP,3.5,3.4,3.6
02B5T,0205,82,949,GRUENE,35.1,34.6,35.3
02B5T,0205,82,949,LINKE,34.8,34.5,35.6
02B5T,0205,82,949,Sonstige,10.5,10.1,10.8
02B5T,0205,82,949,SPD,6.4,6.2,6.7
02B5T,0205,82,949,CDU,6.1,4.7,6.5
02B5T,0205,82,949,AFD,4.4,4.1,4.7
02B5T,0205,82,949,FDP,3.1,2.9,3.2
02B5U,0205,82,993,GRUENE,37.1,36.6,37.4
02B5U,0205,82,993,LINKE,26.5,26.4,27.1
02B5U,0205,82,993,Sonstige,11.5,11.0,11.8
02B5U,0205,82,993,SPD,7.9,7.7,8.1
02B5U,0205,82,993,CDU,7.0,5.8,7.3
02B5U,0205,82,993,AFD,3.8,3.3,4.0
02B5U,0205,82,993,FDP,3.4,3.1,3.5
02B5V,0205,82,990,LINKE,31.5,31.3,32.2
02B5V,0205,82,990,GRUENE,31.3,30.8,31.5
02B5V,0205,82,990,Sonstige,11.7,11.2,12.0
02B5V,0205,82,990,SPD,9.1,8.9,9.3
02B5V,0205,82,990,CDU,7.1,5.9,7.5
02B5V,0205,82,990,AFD,5.7,5.2,6.0
02B5V,0205,82,990,FDP,3.3,3.1,3.4
02B5W,0205,82,954,GRUENE,36.8,36.5,37.1
02B5W,0205,82,954,LINKE,33.5,33.3,34.3
02B5W,0205,82,954,Sonstige,11.4,11.0,11.8
02B5W,0205,82,954,SPD,7.9,7.7,8.1
02B5W,0205,82,954,AFD,3.4,3.1,3.7
02B5W,0205,82,954,CDU,3.1,2.4,3.5
02B5W,0205,82,954,FDP,2.7,2.3,2.8
02B5X,0205,82,908,GRUENE,35.9,35.4,36.1
02B5X,0205,82,908,LINKE,33.2,33.0,34.1
02B5X,0205,82,908,Sonstige,9.7,9.2,10.0
02B5X,0205,82,908,SPD,7.5,7.2,7.8
02B5X,0205,82,908,CDU,4.8,3.4,5.2
02B5X,0205,82,908,AFD,3.6,3.1,3.8
02B5X,0205,82,908,FDP,3.2,2.9,3.3
02B5Y,0205,82,1029,LINKE,33.2,33.1,34.1
02B5Y,0205,82,1029,GRUENE,27.8,27.3,28.1
02B5Y,0205,82,1029,Sonstige,10.5,10.0,10.7
02B5Y,0205,82,1029,SPD,9.4,9.1,9.6
02B5Y,0205,82,1029,CDU,8.9,8.2,9.3
02B5Y,0205,82,1029,AFD,7.9,7.5,8.1
02B5Y,0205,82,1029,FDP,3.1,2.9,3.2
02B5Z,0205,82,968,LINKE,34.1,33.9,34.9
02B5Z,0205,82,968,GRUENE,33.6,33.2,33.9
02B5Z,0205,82,968,Sonstige,11.6,11.2,11.9
02B5Z,0205,82,968,SPD,8.3,8.1,8.6
02B5Z,0205,82,968,AFD,5.0,4.6,5.2
02B5Z,0205,82,968,CDU,4.0,2.7,4.3
02B5Z,0205,82,968,FDP,2.9,2.6,3.0
02B5ZA,0205,82,1036,GRUENE,36.1,35.7,36.4
02B5ZA,0205,82,1036,LINKE,32.3,32.1,33.1
02B5ZA,0205,82,1036,Sonstige,9.6,9.2,9.9
02B5ZA,0205,82,1036,SPD,8.7,8.5,8.9
02B5ZA,0205,82,1036,CDU,4.5,3.3,4.8
02B5ZA,0205,82,1036,AFD,3.9,3.5,4.2
02B5ZA,0205,82,1036,FDP,3.0,2.7,3.2
02B5ZB,0205,82,952,GRUENE,35.4,35.0,35.7
02B5ZB,0205,82,952,LINKE,31.4,31.2,32.2
02B5ZB,0205,82,952,SPD,8.6,8.4,8.9
02B5ZB,0205,82,952,Sonstige,7.8,7.4,8.1
02B5ZB,0205,82,952,CDU,6.8,5.4,7.1
02B5ZB,0205,82,952,AFD,3.8,3.4,4.0
02B5ZB,0205,82,952,FDP,3.6,3.4,3.7
02B5ZC,0205,82,1044,LINKE,32.0,31.8,32.7
02B5ZC,0205,82,1044,GRUENE,25.3,24.9,25.6
02B5ZC,0205,82,1044,Sonstige,12.5,12.1,12.8
02B5ZC,0205,82,1044,CDU,10.5,9.3,10.8
02B5ZC,0205,82,1044,SPD,9.4,9.2,9.6
02B5ZC,0205,82,1044,AFD,8.0,7.3,8.3
02B5ZC,0205,82,1044,FDP,2.9,2.8,3.0
02B5ZD,0205,82,1032,GRUENE,34.7,34.2,35.0
02B5ZD,0205,82,1032,LINKE,31.3,31.2,32.1
02B5ZD,0205,82,1032,Sonstige,10.1,9.7,10.4
02B5ZD,0205,82,1032,SPD,8.7,8.5,8.9
02B5ZD,0205,82,1032,CDU,5.3,4.6,5.7
02B5ZD,0205,82,1032,AFD,4.8,4.4,5.0
02B5ZD,0205,82,1032,FDP,3.3,3.2,3.5
02B5ZE,0205,82,1031,GRUENE,38.9,38.4,39.2
02B5ZE,0205,82,1031,LINKE,27.9,27.6,28.6
02B5ZE,0205,82,1031,Sonstige,11.9,11.5,12.2
02B5ZE,0205,82,1031,SPD,8.1,7.9,8.4
02B5ZE,0205,82,1031,CDU,5.0,4.6,5.3
02B5ZE,0205,82,1031,FDP,2.7,2.3,3.0
02B5ZE,0205,82,1031,AFD,2.0,1.6,2.2
02B5ZF,0205,82,1048,GRUENE,33.2,32.8,33.4
02B5ZF,0205,82,1048,LINKE,29.8,29.6,30.6
02B5ZF,0205,82,1048,Sonstige,12.9,12.5,13.3
02B5ZF,0205,82,1048,SPD,8.9,8.7,9.2
02B5ZF,0205,82,1048,CDU,6.2,5.6,6.5
02B5ZF,0205,82,1048,AFD,6.2,5.7,6.5
02B5ZF,0205,82,1048,FDP,2.8,2.7,2.9
02B5ZG,0205,82,1026,GRUENE,34.2,33.6,34.4
02B5ZG,0205,82,1026,LINKE,30.3,30.1,31.0
02B5ZG,0205,82,1026,Sonstige,11.4,11.0,11.7
02B5ZG,0205,82,1026,SPD,8.8,8.6,9.0
02B5ZG,0205,82,1026,CDU,6.5,5.0,6.9
02B5ZG,0205,82,1026,AFD,5.1,4.7,5.3
02B5ZG,0205,82,1026,FDP,2.9,2.6,3.0
02B5ZH,0205,82,1080,GRUENE,30.9,30.4,31.1
02B5ZH,0205,82,1080,LINKE,29.6,29.4,30.3
02B5ZH,0205,82,1080,Sonstige,10.6,10.1,10.8
02B5ZH,0205,82,1080,SPD,9.9,9.7,10.1
02B5ZH,0205,82,1080,CDU,8.2,6.9,8.5
02B5ZH,0205,82,1080,AFD,6.6,5.9,6.8
02B5ZH,0205,82,1080,FDP,3.0,2.8,3.1
02B5ZJ,0205,82,1048,GRUENE,39.3,38.8,39.5
02B5ZJ,0205,82,1048,LINKE,23.9,23.5,24.7
02B5ZJ,0205,82,1048,Sonstige,11.2,10.8,11.5
02B5ZJ,0205,82,1048,SPD,8.5,8.2,8.7
02B5ZJ,0205,82,1048,CDU,6.9,6.6,7.2
02B5ZJ,0205,82,1048,FDP,2.9,2.4,3.2
02B5ZJ,0205,82,1048,AFD,1.1,0.7,1.4
02B5ZK,0205,82,1012,GRUENE,33.6,33.1,33.8
02B5ZK,0205,82,1012,LINKE,27.2,26.9,27.9
02B5ZK,0205,82,1012,Sonstige,12.6,12.1,12.8
02B5ZK,0205,82,1012,SPD,8.6,8.3,8.8
02B5ZK,0205,82,1012,CDU,6.9,6.0,7.2
02B5ZK,0205,82,1012,AFD,5.6,5.2,5.8
02B5ZK,0205,82,1012,FDP,2.9,2.4,3.0
03B1A,0301,75,1807,LINKE,22.6,22.5,23.2
03B1A,0301,75,1807,CDU,20.2,19.9,21.4
03B1A,0301,75,1807,AFD,16.9,16.0,18.2
03B1A,0301,75,1807,GRUENE,15.2,14.8,15.4
03B1A,0301,75,1807,Sonstige,13.1,12.8,13.3
03B1A,0301,75,1807,SPD,11.8,11.5,12.0
03B1A,0301,75,1807,FDP,3.0,2.8,3.1
03B1B,0301,75,1736,CDU,23.5,23.3,24.2
03B1B,0301,75,1736,LINKE,20.4,20.3,20.7
03B1B,0301,75,1736,AFD,17.0,16.3,18.2
03B1B,0301,75,1736,GRUENE,13.2,12.9,13.4
03B1B,0301,75,1736,Sonstige,13.1,12.8,13.3
03B1B,0301,75,1736,SPD,12.9,12.6,13.1
03B1B,0301,75,1736,FDP,3.0,2.7,3.2
03B1C,0301,75,1756,CDU,22.7,22.4,23.7
03B1C,0301,75,1756,LINKE,22.4,22.3,22.9
03B1C,0301,75,1756,AFD,20.1,19.3,21.2
03B1C,0301,75,1756,Sonstige,14.2,13.9,14.5
03B1C,0301,75,1756,SPD,13.5,13.1,13.6
03B1C,0301,75,1756,GRUENE,7.9,7.5,8.3
03B1C,0301,75,1756,FDP,2.9,2.6,2.9
03B1D,0301,75,1790,CDU,25.1,24.6,25.4
03B1D,0301,75,1790,LINKE,22.1,22.0,22.6
03B1D,0301,75,1790,AFD,20.8,20.0,21.9
03B1D,0301,75,1790,SPD,14.9,14.5,15.0
03B1D,0301,75,1790,Sonstige,13.2,12.8,13.4
03B1D,0301,75,1790,GRUENE,5.1,4.7,5.5
03B1D,0301,75,1790,FDP,2.6,2.3,2.8
03B1E,0301,75,2477,CDU,22.7,22.2,23.1
03B1E,0301,75,2477,AFD,22.0,21.3,23.1
03B1E,0301,75,2477,LINKE,21.3,21.1,21.8
03B1E,0301,75,2477,Sonstige,15.1,14.7,15.3
03B1E,0301,75,2477,SPD,14.1,13.8,14.2
03B1E,0301,75,2477,GRUENE,5.0,4.5,5.5
03B1E,0301,75,2477,FDP,2.8,2.6,2.9
03B1F,0301,75,1706,AFD,22.9,22.2,24.0
03B1F,0301,75,1706,CDU,22.4,21.4,22.6
03B1F,0301,75,1706,LINKE,21.2,21.0,21.6
03B1F,0301,75,1706,Sonstige,15.7,15.3,15.9
03B1F,0301,75,1706,SPD,13.6,13.2,13.7
03B1F,0301,75,1706,GRUENE,5.1,4.6,5.4
03B1F,0301,75,1706,FDP,2.9,2.7,3.0
03B1G,0301,75,1894,CDU,31.2,30.3,31.4
03B1G,0301,75,1894,AFD,18.7,18.0,19.8
03B1G,0301,75,1894,LINKE,16.1,15.9,16.4
03B1G,0301,75,1894,SPD,12.7,12.4,12.8
03B1G,0301,75,1894,Sonstige,11.0,10.7,11.2
03B1G,0301,75,1894,GRUENE,9.3,8.9,9.5
03B1G,0301,75,1894,FDP,3.8,3.6,3.8
03B1H,0301,75,1704,CDU,23.9,23.5,24.4
03B1H,0301,75,1704,AFD,19.5,18.8,20.5
03B1H,0301,75,1704,LINKE,17.7,17.4,18.0
03B1H,0301,75,1704,Sonstige,16.1,15.8,16.3
03B1H,0301,75,1704,SPD,12.0,11.7,12.2
03B1H,0301,75,1704,GRUENE,8.5,8.3,8.8
03B1H,0301,75,1704,FDP,3.1,2.7,3.2
03B1J,0301,75,1641,CDU,29.2,28.3,29.4
03B1J,0301,75,1641,AFD,20.7,20.1,21.5
03B1J,0301,75,1641,LINKE,17.2,17.0,17.5
03B1J,0301,75,1641,Sonstige,14.1,13.7,14.3
03B1J,0301,75,1641,SPD,13.4,13.1,13.5
03B1J,0301,75,1641,GRUENE,5.4,5.1,5.8
03B1J,0301,75,1641,FDP,2.9,2.6,3.0
03B1K,0301,75,1618,CDU,26.9,26.2,27.2
03B1K,0301,75,1618,AFD,18.7,18.0,19.7
03B1K,0301,75,1618,LINKE,17.3,17.1,17.6
03B1K,0301,75,1618,Sonstige,14.2,13.9,14.4
03B1K,0301,75,1618,SPD,12.9,12.6,13.0
03B1K,0301,75,1618,GRUENE,8.7,8.4,8.9
03B1K,0301,75,1618,FDP,3.2,2.9,3.3
03B1L,0301,75,1636,CDU,26.7,26.1,27.0
03B1L,0301,75,1636,AFD,19.2,18.5,20.4
03B1L,0301,75,1636,LINKE,18.2,18.0,18.7
03B1L,0301,75,1636,Sonstige,13.3,12.9,13.5
03B1L,0301,75,1636,SPD,12.4,12.1,12.5
03B1L,0301,75,1636,GRUENE,8.4,8.0,8.8
03B1L,0301,75,1636,FDP,3.2,2.9,3.3
03B1M,0301,75,1655,CDU,28.3,27.5,28.5
03B1M,0301,75,1655,AFD,19.3,18.7,20.4
03B1M,0301,75,1655,LINKE,16.9,16.8,17.3
03B1M,0301,75,1655,Sonstige,13.6,13.2,13.8
03B1M,0301,75,1655,SPD,12.6,12.3,12.7
03B1M,0301,75,1655,GRUENE,7.9,7.5,8.2
03B1M,0301,75,1655,FDP,3.2,2.9,3.3
03B1N,0301,75,1595,CDU,30.8,30.2,31.0
03B1N,0301,75,1595,LINKE,16.9,16.8,17.2
03B1N,0301,75,1595,AFD,16.8,16.2,17.9
03B1N,0301,75,1595,SPD,13.1,12.8,13.2
03B1N,0301,75,1595,Sonstige,11.0,10.7,11.3
03B1N,0301,75,1595,GRUENE,10.1,9.8,10.2
03B1N,0301,75,1595,FDP,3.4,3.1,3.6
03B1P,0301,75,1698,CDU,33.4,32.6,33.5
03B1P,0301,75,1698,AFD,17.6,16.9,18.5
03B1P,0301,75,1698,LINKE,16.2,16.0,16.5
03B1P,0301,75,1698,SPD,12.8,12.5,12.9
03B1P,0301,75,1698,Sonstige,10.7,10.4,11.0
03B1P,0301,75,1698,GRUENE,8.6,8.4,8.8
03B1P,0301,75,1698,FDP,3.5,3.2,3.7
03B1Q,0301,75,1865,CDU,33.2,32.5,33.4
03B1Q,0301,75,1865,AFD,18.3,17.6,19.4
03B1Q,0301,75,1865,LINKE,16.3,16.1,16.5
03B1Q,0301,75,1865,SPD,12.5,12.2,12.6
03B1Q,0301,75,1865,Sonstige,11.1,10.8,11.3
03B1Q,0301,75,1865,GRUENE,8.1,7.8,8.3
03B1Q,0301,75,1865,FDP,3.6,3.3,3.7
03B1R,0301,75,1666,CDU,31.4,30.4,31.6
03B1R,0301,75,1666,AFD,18.0,17.3,18.8
03B1R,0301,75,1666,LINKE,15.3,15.1,15.6
03B1R,0301,75,1666,SPD,12.4,12.1,12.6
03B1R,0301,75,1666,Sonstige,12.1,11.8,12.4
03B1R,0301,75,1666,GRUENE,8.4,8.2,8.6
03B1R,0301,75,1666,FDP,3.8,3.6,3.8
03B1S,0301,75,1851,CDU,31.5,30.4,31.6
03B1S,0301,75,1851,AFD,18.2,17.5,19.1
03B1S,0301,75,1851,LINKE,16.0,15.7,16.3
03B1S,0301,75,1851,SPD,12.6,12.4,12.7
03B1S,0301,75,1851,Sonstige,11.5,11.2,11.9
03B1S,0301,75,1851,GRUENE,9.0,8.6,9.2
03B1S,0301,75,1851,FDP,3.6,3.4,3.7
03B1T,0301,75,2517,CDU,31.1,30.1,31.2
03B1T,0301,75,2517,AFD,17.5,16.8,18.4
03B1T,0301,75,2517,LINKE,15.6,15.4,15.9
03B1T,0301,75,2517,SPD,12.7,12.4,12.9
03B1T,0301,75,2517,Sonstige,11.0,10.7,11.3
03B1T,0301,75,2517,GRUENE,10.2,9.9,10.4
03B1T,0301,75,2517,FDP,3.9,3.7,3.9
03B1U,0301,75,1815,CDU,29.1,28.2,29.3
03B1U,0301,75,1815,AFD,17.0,16.1,18.1
03B1U,0301,75,1815,LINKE,16.4,16.3,16.8
03B1U,0301,75,1815,GRUENE,12.4,12.0,12.7
03B1U,0301,75,1815,SPD,12.0,11.7,12.0
03B1U,0301,75,1815,Sonstige,10.5,10.2,10.8
03B1U,0301,75,1815,FDP,3.7,3.5,3.8
03B2A,0302,75,1488,CDU,24.9,23.9,25.3
03B2A,0302,75,1488,AFD,16.9,16.4,18.0
03B2A,0302,75,1488,LINKE,14.7,14.5,14.9
03B2A,0302,75,1488,Sonstige,14.3,13.9,14.5
03B2A,0302,75,1488,GRUENE,13.1,12.8,13.4
03B2A,0302,75,1488,SPD,12.9,12.6,13.0
03B2A,0302,75,1488,FDP,3.6,3.2,3.7
03B2B,0302,75,1951,CDU,26.2,24.9,26.4
03B2B,0302,75,1951,LINKE,18.0,17.8,18.3
03B2B,0302,75,1951,AFD,17.2,16.6,18.3
03B2B,0302,75,1951,Sonstige,14.5,14.2,14.8
03B2B,0302,75,1951,SPD,13.1,12.8,13.2
03B2B,0302,75,1951,GRUENE,8.9,8.7,9.2
03B2B,0302,75,1951,FDP,3.1,2.9,3.2
03B2C,0302,75,1603,CDU,26.5,25.0,26.7
03B2C,0302,75,1603,LINKE,18.4,18.3,18.8
03B2C,0302,75,1603,AFD,16.3,15.8,17.5
03B2C,0302,75,1603,Sonstige,14.2,13.9,14.4
03B2C,0302,75,1603,SPD,12.1,11.8,12.2
03B2C,0302,75,1603,GRUENE,9.5,9.3,9.7
03B2C,0302,75,1603,FDP,3.2,2.9,3.3
03B2D,0302,75,1610,CDU,28.0,26.5,28.2
03B2D,0302,75,1610,LINKE,18.0,17.8,18.3
03B2D,0302,75,1610,AFD,16.5,15.9,17.5
03B2D,0302,75,1610,Sonstige,14.3,14.0,14.5
03B2D,0302,75,1610,SPD,12.1,11.9,12.2
03B2D,0302,75,1610,GRUENE,9.1,8.9,9.3
03B2D,0302,75,1610,FDP,3.2,2.9,3.3
03B2E,0302,75,1733,CDU,28.9,27.4,29.1
03B2E,0302,75,1733,AFD,16.5,16.0,17.6
03B2E,0302,75,1733,LINKE,16.1,15.9,16.3
03B2E,0302,75,1733,SPD,13.8,13.5,13.9
03B2E,0302,75,1733,Sonstige,10.9,10.5,11.1
03B2E,0302,75,1733,GRUENE,10.8,10.5,11.1
03B2E,0302,75,1733,FDP,3.7,3.5,3.9
03B2F,0302,75,1680,CDU,30.8,29.5,30.9
03B2F,0302,75,1680,AFD,14.6,14.0,15.8
03B2F,0302,75,1680,LINKE,13.9,13.8,14.2
03B2F,0302,75,1680,SPD,13.2,12.9,13.3
03B2F,0302,75,1680,GRUENE,12.1,11.7,12.3
03B2F,0302,75,1680,Sonstige,10.6,10.3,10.8
03B2F,0302,75,1680,FDP,4.0,3.8,4.1
03B2G,0302,75,1854,CDU,29.1,27.3,29.3
03B2G,0302,75,1854,LINKE,16.2,16.1,16.5
03B2G,0302,75,1854,AFD,14.8,14.3,15.9
03B2G,0302,75,1854,SPD,13.0,12.7,13.1
03B2G,0302,75,1854,GRUENE,12.1,11.9,12.3
03B2G,0302,75,1854,Sonstige,9.8,9.5,10.0
03B2G,0302,75,1854,FDP,4.1,3.9,4.2
03B2H,0302,75,1638,CDU,24.6,23.2,24.7
03B2H,0302,75,1638,LINKE,19.7,19.6,20.1
03B2H,0302,75,1638,AFD,14.7,14.1,15.9
03B2H,0302,75,1638,GRUENE,14.1,13.8,14.3
03B2H,0302,75,1638,SPD,12.9,12.7,13.0
03B2H,0302,75,1638,Sonstige,10.6,10.3,10.8
03B2H,0302,75,1638,FDP,3.5,3.2,3.6
03B2J,0302,75,1775,CDU,22.6,21.5,22.8
03B2J,0302,75,1775,LINKE,21.0,20.8,21.4
03B2J,0302,75,1775,AFD,14.5,13.8,15.7
03B2J,0302,75,1775,GRUENE,13.4,13.1,13.6
03B2J,0302,75,1775,SPD,13.0,12.7,13.1
03B2J,0302,75,1775,Sonstige,11.8,11.5,12.0
03B2J,0302,75,1775,FDP,3.3,3.0,3.4
03B2K,0302,75,1663,CDU,21.7,20.3,21.8
03B2K,0302,75,1663,LINKE,20.6,20.5,21.0
03B2K,0302,75,1663,AFD,14.8,14.3,16.0
03B2K,0302,75,1663,GRUENE,14.1,13.9,14.2
03B2K,0302,75,1663,SPD,13.3,13.0,13.4
03B2K,0302,75,1663,Sonstige,12.4,12.1,12.5
03B2K,0302,75,1663,FDP,3.4,3.1,3.5
03B2L,0302,75,1760,CDU,23.1,22.2,23.2
03B2L,0302,75,1760,LINKE,19.1,18.9,19.3
03B2L,0302,75,1760,AFD,14.9,14.4,16.1
03B2L,0302,75,1760,Sonstige,13.5,13.2,13.7
03B2L,0302,75,1760,SPD,13.3,13.0,13.4
03B2L,0302,75,1760,GRUENE,12.8,12.6,12.9
03B2L,0302,75,1760,FDP,3.7,3.5,3.8
03B2M,0302,75,1746,CDU,22.3,20.8,22.5
03B2M,0302,75,1746,LINKE,20.1,19.9,20.5
03B2M,0302,75,1746,AFD,14.4,13.9,15.6
03B2M,0302,75,1746,GRUENE,13.8,13.6,14.0
03B2M,0302,75,1746,Sonstige,12.9,12.6,13.1
03B2M,0302,75,1746,SPD,12.3,12.0,12.4
03B2M,0302,75,1746,FDP,3.6,3.4,3.7
03B2N,0302,75,1364,CDU,27.7,25.6,27.8
03B2N,0302,75,1364,LINKE,17.1,16.9,17.3
03B2N,0302,75,1364,AFD,14.5,14.0,15.7
03B2N,0302,75,1364,SPD,13.2,12.9,13.3
03B2N,0302,75,1364,GRUENE,13.0,12.7,13.2
03B2N,0302,75,1364,Sonstige,10.1,9.7,10.3
03B2N,0302,75,1364,FDP,4.1,3.9,4.1
03B2P,0302,75,1844,CDU,22.2,20.8,22.3
03B2P,0302,75,1844,LINKE,21.2,21.1,21.5
03B2P,0302,75,1844,GRUENE,16.6,16.3,16.7
03B2P,0302,75,1844,AFD,13.5,12.9,14.8
03B2P,0302,75,1844,SPD,13.0,12.7,13.1
03B2P,0302,75,1844,Sonstige,10.4,10.1,10.6
03B2P,0302,75,1844,FDP,3.6,3.4,3.7
03B2Q,0302,75,2019,LINKE,22.0,21.9,22.4
03B2Q,0302,75,2019,CDU,19.8,17.9,19.9
03B2Q,0302,75,2019,GRUENE,17.5,17.3,17.7
03B2Q,0302,75,2019,SPD,12.9,12.7,13.0
03B2Q,0302,75,2019,AFD,12.9,12.2,14.2
03B2Q,0302,75,2019,Sonstige,11.4,11.1,11.6
03B2Q,0302,75,2019,FDP,3.8,3.5,3.9
03B2R,0302,75,1640,LINKE,22.0,21.9,22.4
03B2R,0302,75,1640,CDU,20.7,19.1,20.9
03B2R,0302,75,1640,GRUENE,18.5,18.2,18.6
03B2R,0302,75,1640,AFD,12.5,11.9,13.8
03B2R,0302,75,1640,SPD,12.1,11.8,12.2
03B2R,0302,75,1640,Sonstige,10.6,10.3,10.8
03B2R,0302,75,1640,FDP,3.5,3.3,3.6
03B2S,0302,75,1980,CDU,22.8,21.6,22.9
03B2S,0302,75,1980,LINKE,20.2,20.1,20.5
03B2S,0302,75,1980,GRUENE,17.1,16.8,17.3
03B2S,0302,75,1980,AFD,13.3,12.6,14.6
03B2S,0302,75,1980,SPD,12.8,12.5,12.8
03B2S,0302,75,1980,Sonstige,11.0,10.7,11.2
03B2S,0302,75,1980,FDP,3.7,3.4,3.8
03B2T,0302,75,1811,CDU,24.5,22.9,24.6
03B2T,0302,75,1811,LINKE,18.8,18.7,19.1
03B2T,0302,75,1811,GRUENE,16.9,16.6,17.0
03B2T,0302,75,1811,AFD,12.9,12.3,14.0
03B2T,0302,75,1811,SPD,12.8,12.5,13.0
03B2T,0302,75,1811,Sonstige,11.0,10.6,11.2
03B2T,0302,75,1811,FDP,3.4,3.2,3.5
03B2U,0302,75,1594,CDU,24.0,22.2,24.1
03B2U,0302,75,1594,LINKE,19.0,18.9,19.3
03B2U,0302,75,1594,GRUENE,14.5,14.1,14.7
03B2U,0302,75,1594,AFD,14.5,13.9,15.8
03B2U,0302,75,1594,SPD,13.9,13.6,14.0
03B2U,0302,75,1594,Sonstige,10.3,10.0,10.5
03B2U,0302,75,1594,FDP,3.5,3.2,3.6
03B3A,0303,75,1669,CDU,26.4,25.6,26.7
03B3A,0303,75,1669,LINKE,19.7,19.4,20.2
03B3A,0303,75,1669,AFD,14.6,14.1,15.0
03B3A,0303,75,1669,SPD,12.4,12.1,12.6
03B3A,0303,75,1669,GRUENE,12.1,11.9,12.6
03B3A,0303,75,1669,Sonstige,11.0,10.7,11.4
03B3A,0303,75,1669,FDP,3.2,2.7,3.4
03B3B,0303,75,1480,LINKE,24.3,24.0,24.9
03B3B,0303,75,1480,CDU,19.3,18.7,19.5
03B3B,0303,75,1480,AFD,14.7,14.2,15.2
03B3B,0303,75,1480,SPD,13.9,13.6,14.1
03B3B,0303,75,1480,Sonstige,13.7,13.4,13.9
03B3B,0303,75,1480,GRUENE,11.4,11.1,11.8
03B3B,0303,75,1480,FDP,2.8,2.6,2.9
03B3C,0303,75,1537,LINKE,22.8,22.6,23.4
03B3C,0303,75,1537,CDU,21.6,21.0,21.8
03B3C,0303,75,1537,AFD,14.5,14.0,14.9
03B3C,0303,75,1537,SPD,13.1,12.7,13.2
03B3C,0303,75,1537,Sonstige,12.7,12.3,12.9
03B3C,0303,75,1537,GRUENE,12.3,12.0,12.7
03B3C,0303,75,1537,FDP,2.9,2.6,3.1
03B3D,0303,75,1677,LINKE,22.5,22.4,23.2
03B3D,0303,75,1677,CDU,19.7,19.2,19.9
03B3D,0303,75,1677,GRUENE,17.5,17.2,17.9
03B3D,0303,75,1677,SPD,12.8,12.5,12.9
03B3D,0303,75,1677,AFD,12.7,12.3,13.1
03B3D,0303,75,1677,Sonstige,10.3,10.1,10.6
03B3D,0303,75,1677,FDP,3.2,2.9,3.3
03B3E,0303,75,1786,LINKE,22.4,22.2,23.0
03B3E,0303,75,1786,CDU,20.5,19.6,20.6
03B3E,0303,75,1786,GRUENE,14.5,14.3,15.0
03B3E,0303,75,1786,SPD,14.1,13.7,14.2
03B3E,0303,75,1786,AFD,13.8,13.4,14.1
03B3E,0303,75,1786,Sonstige,11.5,11.1,11.7
03B3E,0303,75,1786,FDP,3.1,2.9,3.2
03B3F,0303,75,1924,LINKE,25.2,25.0,25.8
03B3F,0303,75,1924,CDU,17.0,16.6,17.1
03B3F,0303,75,1924,GRUENE,16.5,16.3,16.9
03B3F,0303,75,1924,Sonstige,13.3,13.0,13.5
03B3F,0303,75,1924,AFD,12.6,12.2,13.0
03B3F,0303,75,1924,SPD,12.6,12.2,12.7
03B3F,0303,75,1924,FDP,2.9,2.5,3.0
03B3G,0303,75,1760,LINKE,25.4,25.2,26.0
03B3G,0303,75,1760,GRUENE,17.7,17.4,18.2
03B3G,0303,75,1760,CDU,16.2,15.3,16.3
03B3G,0303,75,1760,Sonstige,12.9,12.6,13.1
03B3G,0303,75,1760,SPD,12.7,12.4,12.9
03B3G,0303,75,1760,AFD,12.6,12.2,13.0
03B3G,0303,75,1760,FDP,3.0,2.7,3.2
03B3H,0303,75,1607,LINKE,23.8,23.6,24.4
03B3H,0303,75,1607,GRUENE,20.9,20.6,21.3
03B3H,0303,75,1607,CDU,17.7,17.5,17.8
03B3H,0303,75,1607,SPD,12.8,12.5,12.9
03B3H,0303,75,1607,AFD,10.7,10.3,11.1
03B3H,0303,75,1607,Sonstige,10.6,10.3,10.8
03B3H,0303,75,1607,FDP,3.0,2.6,3.2
03B3J,0303,75,1678,LINKE,24.2,24.0,24.9
03B3J,0303,75,1678,GRUENE,21.7,21.5,22.1
03B3J,0303,75,1678,CDU,16.5,15.6,16.7
03B3J,0303,75,1678,SPD,12.7,12.3,12.8
03B3J,0303,75,1678,AFD,10.7,10.4,11.1
03B3J,0303,75,1678,Sonstige,10.4,10.1,10.7
03B3J,0303,75,1678,FDP,3.4,3.1,3.5
03B3K,0303,75,1735,LINKE,26.2,26.0,26.8
03B3K,0303,75,1735,GRUENE,21.2,21.0,21.7
03B3K,0303,75,1735,CDU,15.1,14.9,15.4
03B3K,0303,75,1735,Sonstige,12.3,12.0,12.5
03B3K,0303,75,1735,SPD,11.5,11.2,11.6
03B3K,0303,75,1735,AFD,10.3,9.9,10.7
03B3K,0303,75,1735,FDP,2.8,2.5,3.0
03B3L,0303,75,1477,LINKE,25.9,25.7,26.5
03B3L,0303,75,1477,GRUENE,24.0,23.8,24.5
03B3L,0303,75,1477,CDU,13.5,13.0,13.7
03B3L,0303,75,1477,Sonstige,11.9,11.6,12.1
03B3L,0303,75,1477,SPD,11.2,10.9,11.3
03B3L,0303,75,1477,AFD,8.9,8.5,9.4
03B3L,0303,75,1477,FDP,2.8,2.4,3.0
03B3M,0303,75,1768,LINKE,23.4,23.2,24.0
03B3M,0303,75,1768,GRUENE,20.8,20.5,21.1
03B3M,0303,75,1768,CDU,19.7,18.4,19.8
03B3M,0303,75,1768,SPD,12.0,11.7,12.1
03B3M,0303,75,1768,AFD,10.4,10.1,10.8
03B3M,0303,75,1768,Sonstige,9.4,9.1,9.7
03B3M,0303,75,1768,FDP,4.0,3.9,4.0
03B3N,0303,75,1597,LINKE,24.5,24.3,25.1
03B3N,0303,75,1597,GRUENE,22.4,22.1,22.8
03B3N,0303,75,1597,CDU,16.7,15.7,17.0
03B3N,0303,75,1597,SPD,12.5,12.2,12.7
03B3N,0303,75,1597,Sonstige,9.7,9.4,10.0
03B3N,0303,75,1597,AFD,9.2,8.8,9.6
03B3N,0303,75,1597,FDP,3.9,3.7,3.9
03B3P,0303,75,1654,LINKE,26.0,25.8,26.6
03B3P,0303,75,1654,GRUENE,24.1,23.8,24.5
03B3P,0303,75,1654,CDU,13.1,12.1,13.3
03B3P,0303,75,1654,SPD,12.6,12.3,12.8
03B3P,0303,75,1654,Sonstige,10.9,10.6,11.1
03B3P,0303,75,1654,AFD,9.4,8.9,9.9
03B3P,0303,75,1654,FDP,3.4,3.1,3.5
03B3Q,0303,75,1631,LINKE,25.3,25.2,26.0
03B3Q,0303,75,1631,GRUENE,25.2,24.9,25.6
03B3Q,0303,75,1631,CDU,13.3,12.3,13.5
03B3Q,0303,75,1631,Sonstige,12.3,12.1,12.5
03B3Q,0303,75,1631,SPD,10.8,10.5,10.9
03B3Q,0303,75,1631,AFD,8.8,8.5,9.2
03B3Q,0303,75,1631,FDP,2.7,2.4,2.9
03B3R,0303,75,1569,GRUENE,27.1,26.8,27.6
03B3R,0303,75,1569,LINKE,24.8,24.6,25.4
03B3R,0303,75,1569,CDU,12.0,11.5,12.2
03B3R,0303,75,1569,Sonstige,11.8,11.5,12.0
03B3R,0303,75,1569,SPD,11.4,11.1,11.4
03B3R,0303,75,1569,AFD,8.2,7.8,8.7
03B3R,0303,75,1569,FDP,2.9,2.6,3.1
03B3S,0303,75,1617,LINKE,27.3,27.1,28.1
03B3S,0303,75,1617,GRUENE,26.4,26.0,26.7
03B3S,0303,75,1617,SPD,13.7,13.3,13.9
03B3S,0303,75,1617,CDU,12.3,11.9,12.6
03B3S,0303,75,1617,Sonstige,9.3,8.9,9.6
03B3S,0303,75,1617,AFD,8.2,7.8,8.8
03B3S,0303,75,1617,FDP,2.8,2.5,3.0
03B3T,0303,75,1672,GRUENE,28.6,28.3,29.0
03B3T,0303,75,1672,LINKE,27.0,26.8,27.7
03B3T,0303,75,1672,SPD,11.6,11.3,11.7
03B3T,0303,75,1672,CDU,11.5,10.8,11.8
03B3T,0303,75,1672,Sonstige,9.2,8.9,9.4
03B3T,0303,75,1672,AFD,7.9,7.5,8.5
03B3T,0303,75,1672,FDP,2.8,2.4,3.0
03B3U,0303,75,1454,GRUENE,30.4,30.1,30.8
03B3U,0303,75,1454,LINKE,25.3,25.1,25.9
03B3U,0303,75,1454,CDU,11.5,11.2,11.8
03B3U,0303,75,1454,SPD,10.7,10.4,10.8
03B3U,0303,75,1454,Sonstige,10.2,10.0,10.5
03B3U,0303,75,1454,AFD,6.6,6.2,7.0
03B3U,0303,75,1454,FDP,3.0,2.6,3.2
03B3V,0303,75,1741,GRUENE,28.9,28.6,29.2
03B3V,0303,75,1741,LINKE,24.8,24.6,25.4
03B3V,0303,75,1741,CDU,12.0,11.4,12.2
03B3V,0303,75,1741,SPD,10.9,10.7,11.0
03B3V,0303,75,1741,Sonstige,10.7,10.4,11.0
03B3V,0303,75,1741,AFD,7.5,7.1,7.9
03B3V,0303,75,1741,FDP,2.9,2.6,3.1
03B4A,0304,75,1642,CDU,32.1,30.6,32.2
03B4A,0304,75,1642,LINKE,17.5,17.3,17.9
03B4A,0304,75,1642,AFD,17.0,16.4,18.0
03B4A,0304,75,1642,SPD,13.1,12.8,13.2
03B4A,0304,75,1642,Sonstige,10.1,9.8,10.4
03B4A,0304,75,1642,GRUENE,7.8,7.5,8.1
03B4A,0304,75,1642,FDP,3.7,3.6,3.8
03B4B,0304,75,1669,CDU,32.2,30.5,32.6
03B4B,0304,75,1669,AFD,16.9,16.3,17.8
03B4B,0304,75,1669,LINKE,15.9,15.7,16.2
03B4B,0304,75,1669,SPD,13.5,13.2,13.6
03B4B,0304,75,1669,Sonstige,11.0,10.7,11.3
03B4B,0304,75,1669,GRUENE,7.2,7.0,7.4
03B4B,0304,75,1669,FDP,3.6,3.2,3.7
03B4C,0304,75,1613,CDU,30.8,29.0,31.0
03B4C,0304,75,1613,LINKE,18.7,18.6,19.1
03B4C,0304,75,1613,AFD,17.0,16.4,18.0
03B4C,0304,75,1613,SPD,13.2,12.9,13.4
03B4C,0304,75,1613,Sonstige,9.8,9.5,10.1
03B4C,0304,75,1613,GRUENE,7.7,7.4,8.0
03B4C,0304,75,1613,FDP,3.9,3.8,4.0
03B4D,0304,75,1872,CDU,28.2,26.7,28.5
03B4D,0304,75,1872,LINKE,17.9,17.7,18.1
03B4D,0304,75,1872,AFD,16.0,15.5,17.0
03B4D,0304,75,1872,SPD,14.2,13.9,14.3
03B4D,0304,75,1872,Sonstige,11.8,11.4,12.1
03B4D,0304,75,1872,GRUENE,8.8,8.4,9.0
03B4D,0304,75,1872,FDP,3.3,3.0,3.5
03B4E,0304,75,1737,CDU,28.5,26.5,28.7
03B4E,0304,75,1737,LINKE,19.5,19.2,19.8
03B4E,0304,75,1737,AFD,16.5,15.8,17.4
03B4E,0304,75,1737,SPD,12.6,12.3,12.7
03B4E,0304,75,1737,GRUENE,10.5,10.2,10.8
03B4E,0304,75,1737,Sonstige,10.4,10.2,10.8
03B4E,0304,75,1737,FDP,3.4,3.2,3.5
03B4F,0304,75,1608,LINKE,23.1,23.0,23.5
03B4F,0304,75,1608,CDU,20.2,18.6,20.3
03B4F,0304,75,1608,GRUENE,14.4,14.0,14.6
03B4F,0304,75,1608,AFD,13.7,13.1,14.9
03B4F,0304,75,1608,Sonstige,13.2,12.9,13.4
03B4F,0304,75,1608,SPD,13.0,12.7,13.0
03B4F,0304,75,1608,FDP,3.1,2.9,3.2
03B4G,0304,75,1885,LINKE,25.8,25.6,26.3
03B4G,0304,75,1885,GRUENE,17.1,16.8,17.3
03B4G,0304,75,1885,CDU,16.6,14.6,16.8
03B4G,0304,75,1885,Sonstige,13.7,13.4,13.9
03B4G,0304,75,1885,AFD,13.5,12.9,14.6
03B4G,0304,75,1885,SPD,11.2,10.9,11.3
03B4G,0304,75,1885,FDP,3.1,2.8,3.2
03B4H,0304,75,1741,LINKE,23.3,23.2,23.8
03B4H,0304,75,1741,CDU,21.5,20.0,21.7
03B4H,0304,75,1741,AFD,15.6,15.0,16.8
03B4H,0304,75,1741,SPD,13.9,13.6,14.0
03B4H,0304,75,1741,Sonstige,12.1,11.8,12.3
03B4H,0304,75,1741,GRUENE,11.3,10.9,11.6
03B4H,0304,75,1741,FDP,3.0,2.8,3.1
03B4J,0304,75,1772,CDU,24.4,22.7,24.5
03B4J,0304,75,1772,LINKE,23.5,23.4,24.0
03B4J,0304,75,1772,AFD,16.0,15.5,17.1
03B4J,0304,75,1772,SPD,12.8,12.5,12.9
03B4J,0304,75,1772,Sonstige,12.1,11.8,12.2
03B4J,0304,75,1772,GRUENE,10.0,9.6,10.3
03B4J,0304,75,1772,FDP,2.9,2.7,3.1
03B4K,0304,75,1825,LINKE,23.2,23.1,23.7
03B4K,0304,75,1825,CDU,21.3,19.8,21.4
03B4K,0304,75,1825,SPD,16.6,16.2,16.8
03B4K,0304,75,1825,AFD,15.8,15.2,16.8
03B4K,0304,75,1825,Sonstige,11.9,11.6,12.1
03B4K,0304,75,1825,GRUENE,9.1,8.8,9.3
03B4K,0304,75,1825,FDP,2.9,2.6,3.0
03B4L,0304,75,1780,LINKE,26.3,26.1,26.7
03B4L,0304,75,1780,CDU,18.5,16.9,18.7
03B4L,0304,75,1780,AFD,14.8,14.1,15.8
03B4L,0304,75,1780,Sonstige,13.8,13.6,14.0
03B4L,0304,75,1780,GRUENE,13.4,13.1,13.6
03B4L,0304,75,1780,SPD,12.5,12.2,12.6
03B4L,0304,75,1780,FDP,2.9,2.6,3.0
03B4M,0304,75,1624,LINKE,24.7,24.5,25.1
03B4M,0304,75,1624,CDU,19.1,17.6,19.2
03B4M,0304,75,1624,GRUENE,16.8,16.5,16.9
03B4M,0304,75,1624,SPD,12.8,12.6,12.9
03B4M,0304,75,1624,AFD,12.6,12.1,13.7
03B4M,0304,75,1624,Sonstige,11.2,11.0,11.5
03B4M,0304,75,1624,FDP,3.1,2.9,3.2
03B4N,0304,75,1639,LINKE,27.1,26.9,27.6
03B4N,0304,75,1639,CDU,17.8,16.6,18.0
03B4N,0304,75,1639,Sonstige,14.7,14.4,14.9
03B4N,0304,75,1639,AFD,14.6,14.0,15.7
03B4N,0304,75,1639,GRUENE,13.0,12.7,13.2
03B4N,0304,75,1639,SPD,12.9,12.6,13.1
03B4N,0304,75,1639,FDP,2.8,2.5,2.9
03B4P,0304,75,1535,LINKE,26.6,26.5,27.1
03B4P,0304,75,1535,GRUENE,19.0,18.8,19.2
03B4P,0304,75,1535,CDU,16.9,15.0,17.0
03B4P,0304,75,1535,SPD,12.5,12.3,12.6
03B4P,0304,75,1535,Sonstige,11.3,11.1,11.4
03B4P,0304,75,1535,AFD,11.3,10.7,12.3
03B4P,0304,75,1535,FDP,3.3,3.2,3.3
03B4Q,0304,75,1713,LINKE,26.7,26.5,27.2
03B4Q,0304,75,1713,GRUENE,22.6,22.3,22.8
03B4Q,0304,75,1713,SPD,13.5,13.2,13.6
03B4Q,0304,75,1713,CDU,12.5,10.8,12.7
03B4Q,0304,75,1713,Sonstige,10.4,10.2,10.7
03B4Q,0304,75,1713,AFD,10.3,9.7,11.5
03B4Q,0304,75,1713,FDP,3.6,3.4,3.7
03B4R,0304,75,1804,LINKE,25.2,25.1,25.7
03B4R,0304,75,1804,CDU,21.4,19.8,21.6
03B4R,0304,75,1804,SPD,14.8,14.4,14.9
03B4R,0304,75,1804,AFD,14.5,14.0,15.5
03B4R,0304,75,1804,Sonstige,13.2,13.0,13.4
03B4R,0304,75,1804,GRUENE,10.8,10.5,11.1
03B4R,0304,75,1804,FDP,2.6,2.4,2.8
03B4S,0304,75,1041,LINKE,27.7,27.5,28.2
03B4S,0304,75,1041,CDU,20.2,18.8,20.4
03B4S,0304,75,1041,AFD,16.5,16.0,17.6
03B4S,0304,75,1041,SPD,13.5,13.2,13.6
03B4S,0304,75,1041,Sonstige,12.7,12.3,12.8
03B4S,0304,75,1041,GRUENE,8.2,7.9,8.5
03B4S,0304,75,1041,FDP,2.9,2.7,2.9
03B5A,0305,75,1670,CDU,25.2,24.7,25.4
03B5A,0305,75,1670,LINKE,21.1,20.9,21.6
03B5A,0305,75,1670,AFD,15.3,15.0,15.8
03B5A,0305,75,1670,SPD,12.5,12.2,12.7
03B5A,0305,75,1670,Sonstige,12.1,11.8,12.5
03B5A,0305,75,1670,GRUENE,11.0,10.8,11.3
03B5A,0305,75,1670,FDP,3.3,3.1,3.3
03B5B,0305,75,1432,CDU,24.6,24.2,24.7
03B5B,0305,75,1432,LINKE,22.4,22.3,23.0
03B5B,0305,75,1432,AFD,13.9,13.6,14.4
03B5B,0305,75,1432,SPD,12.4,12.1,12.5
03B5B,0305,75,1432,Sonstige,11.9,11.6,12.2
03B5B,0305,75,1432,GRUENE,11.6,11.4,11.9
03B5B,0305,75,1432,FDP,3.2,2.9,3.3
03B5C,0305,75,1654,LINKE,24.6,24.4,25.3
03B5C,0305,75,1654,CDU,18.6,18.2,18.9
03B5C,0305,75,1654,AFD,14.7,14.5,15.1
03B5C,0305,75,1654,GRUENE,13.8,13.5,14.1
03B5C,0305,75,1654,Sonstige,13.3,13.0,13.6
03B5C,0305,75,1654,SPD,11.9,11.6,12.1
03B5C,0305,75,1654,FDP,3.1,2.9,3.2
03B5D,0305,75,1728,LINKE,27.5,27.3,28.1
03B5D,0305,75,1728,GRUENE,19.1,18.8,19.4
03B5D,0305,75,1728,CDU,14.0,13.7,14.2
03B5D,0305,75,1728,Sonstige,13.3,13.0,13.6
03B5D,0305,75,1728,AFD,12.8,12.6,13.4
03B5D,0305,75,1728,SPD,12.0,11.7,12.1
03B5D,0305,75,1728,FDP,2.8,2.6,2.9
03B5E,0305,75,1701,CDU,26.8,26.2,27.0
03B5E,0305,75,1701,LINKE,21.9,21.7,22.4
03B5E,0305,75,1701,AFD,13.2,12.9,13.8
03B5E,0305,75,1701,GRUENE,12.0,11.8,12.2
03B5E,0305,75,1701,SPD,11.9,11.6,12.1
03B5E,0305,75,1701,Sonstige,10.7,10.4,11.2
03B5E,0305,75,1701,FDP,3.4,3.2,3.5
03B5F,0305,75,1776,LINKE,28.9,28.6,29.6
03B5F,0305,75,1776,GRUENE,19.1,18.8,19.4
03B5F,0305,75,1776,CDU,13.9,13.2,14.1
03B5F,0305,75,1776,Sonstige,12.8,12.5,13.1
03B5F,0305,75,1776,AFD,12.2,12.0,12.8
03B5F,0305,75,1776,SPD,11.3,11.0,11.4
03B5F,0305,75,1776,FDP,2.9,2.7,3.0
03B5G,0305,75,1870,LINKE,25.6,25.4,26.1
03B5G,0305,75,1870,GRUENE,19.7,19.4,20.0
03B5G,0305,75,1870,CDU,15.0,14.5,15.2
03B5G,0305,75,1870,Sonstige,13.8,13.5,14.1
03B5G,0305,75,1870,SPD,12.1,11.8,12.2
03B5G,0305,75,1870,AFD,11.7,11.5,12.3
03B5G,0305,75,1870,FDP,2.7,2.4,2.9
03B5H,0305,75,1909,LINKE,25.0,24.8,25.5
03B5H,0305,75,1909,GRUENE,17.8,17.5,18.1
03B5H,0305,75,1909,CDU,16.6,16.3,16.8
03B5H,0305,75,1909,Sonstige,14.6,14.2,14.9
03B5H,0305,75,1909,SPD,12.8,12.5,13.0
03B5H,0305,75,1909,AFD,11.5,11.3,12.0
03B5H,0305,75,1909,FDP,2.6,2.1,2.9
03B5J,0305,75,1836,LINKE,26.3,26.1,26.9
03B5J,0305,75,1836,GRUENE,17.2,17.0,17.5
03B5J,0305,75,1836,CDU,16.7,16.4,16.8
03B5J,0305,75,1836,Sonstige,13.3,13.0,13.5
03B5J,0305,75,1836,SPD,12.3,12.0,12.4
03B5J,0305,75,1836,AFD,11.7,11.5,12.2
03B5J,0305,75,1836,FDP,2.6,2.3,2.7
03B5K,0305,75,1762,LINKE,27.2,27.0,27.9
03B5K,0305,75,1762,GRUENE,22.1,21.8,22.3
03B5K,0305,75,1762,CDU,13.2,12.8,13.4
03B5K,0305,75,1762,SPD,12.9,12.6,13.0
03B5K,0305,75,1762,Sonstige,10.9,10.7,11.2
03B5K,0305,75,1762,AFD,10.3,10.1,10.9
03B5K,0305,75,1762,FDP,2.7,2.4,2.9
03B5L,0305,75,1830,LINKE,28.5,28.3,29.2
03B5L,0305,75,1830,GRUENE,20.6,20.4,20.9
03B5L,0305,75,1830,CDU,14.0,13.4,14.2
03B5L,0305,75,1830,SPD,12.1,11.8,12.2
03B5L,0305,75,1830,Sonstige,11.1,10.9,11.4
03B5L,0305,75,1830,AFD,10.2,10.1,10.8
03B5L,0305,75,1830,FDP,2.8,2.4,2.9
03B5M,0305,75,1695,LINKE,29.7,29.5,30.4
03B5M,0305,75,1695,CDU,16.3,16.1,16.6
03B5M,0305,75,1695,GRUENE,16.2,16.0,16.5
03B5M,0305,75,1695,SPD,12.8,12.4,13.0
03B5M,0305,75,1695,AFD,12.7,12.5,13.2
03B5M,0305,75,1695,Sonstige,11.1,10.8,11.5
03B5M,0305,75,1695,FDP,2.9,2.6,3.0
03B5N,0305,75,1874,LINKE,28.5,28.3,29.1
03B5N,0305,75,1874,GRUENE,22.3,22.1,22.6
03B5N,0305,75,1874,CDU,13.4,13.0,13.5
03B5N,0305,75,1874,SPD,11.5,11.2,11.6
03B5N,0305,75,1874,Sonstige,11.3,11.0,11.6
03B5N,0305,75,1874,AFD,10.4,10.2,10.9
03B5N,0305,75,1874,FDP,2.8,2.5,3.0
03B5P,0305,75,1584,LINKE,27.7,27.5,28.4
03B5P,0305,75,1584,GRUENE,22.7,22.3,23.0
03B5P,0305,75,1584,CDU,12.8,12.1,13.0
03B5P,0305,75,1584,Sonstige,12.4,12.1,12.6
03B5P,0305,75,1584,SPD,11.9,11.6,12.0
03B5P,0305,75,1584,AFD,10.8,10.6,11.5
03B5P,0305,75,1584,FDP,2.5,2.1,2.8
03B5Q,0305,75,1955,LINKE,28.0,27.8,28.7
03B5Q,0305,75,1955,GRUENE,25.6,25.3,25.8
03B5Q,0305,75,1955,CDU,11.8,11.5,12.0
03B5Q,0305,75,1955,SPD,11.1,10.8,11.2
03B5Q,0305,75,1955,Sonstige,10.3,10.1,10.6
03B5Q,0305,75,1955,AFD,8.9,8.7,9.6
03B5Q,0305,75,1955,FDP,3.0,2.8,3.2
03B5R,0305,75,1830,LINKE,26.0,25.8,26.6
03B5R,0305,75,1830,GRUENE,23.5,23.3,23.7
03B5R,0305,75,1830,CDU,14.0,13.7,14.2
03B5R,0305,75,1830,SPD,12.0,11.7,12.1
03B5R,0305,75,1830,Sonstige,11.4,11.3,11.7
03B5R,0305,75,1830,AFD,8.8,8.7,9.4
03B5R,0305,75,1830,FDP,3.0,2.7,3.2
03B5S,0305,75,2068,GRUENE,25.2,25.0,25.4
03B5S,0305,75,2068,LINKE,24.4,24.3,24.9
03B5S,0305,75,2068,CDU,14.9,14.4,15.1
03B5S,0305,75,2068,Sonstige,12.0,11.8,12.2
03B5S,0305,75,2068,SPD,10.8,10.6,10.9
03B5S,0305,75,2068,AFD,7.8,7.6,8.4
03B5S,0305,75,2068,FDP,2.9,2.4,3.2
03B6A,0306,75,1616,GRUENE,29.2,28.9,29.5
03B6A,0306,75,1616,LINKE,28.8,28.7,29.5
03B6A,0306,75,1616,Sonstige,10.6,10.3,10.8
03B6A,0306,75,1616,SPD,10.4,10.2,10.6
03B6A,0306,75,1616,CDU,10.2,10.0,11.2
03B6A,0306,75,1616,AFD,7.0,6.8,7.7
03B6A,0306,75,1616,FDP,2.8,2.4,3.0
03B6B,0306,75,1736,GRUENE,32.6,32.3,32.9
03B6B,0306,75,1736,LINKE,28.7,28.5,29.4
03B6B,0306,75,1736,SPD,9.7,9.4,9.8
03B6B,0306,75,1736,Sonstige,9.5,9.3,9.8
03B6B,0306,75,1736,CDU,8.6,8.4,9.1
03B6B,0306,75,1736,AFD,5.6,5.5,6.2
03B6B,0306,75,1736,FDP,3.3,3.1,3.4
03B6C,0306,75,1752,GRUENE,32.3,32.1,32.5
03B6C,0306,75,1752,LINKE,27.6,27.5,28.2
03B6C,0306,75,1752,Sonstige,11.1,10.9,11.3
03B6C,0306,75,1752,CDU,9.5,9.2,10.0
03B6C,0306,75,1752,SPD,9.3,9.0,9.4
03B6C,0306,75,1752,AFD,6.0,5.8,6.6
03B6C,0306,75,1752,FDP,3.3,3.0,3.4
03B6D,0306,75,1698,GRUENE,34.1,33.9,34.4
03B6D,0306,75,1698,LINKE,27.5,27.4,28.1
03B6D,0306,75,1698,Sonstige,10.5,10.3,10.8
03B6D,0306,75,1698,SPD,9.3,9.0,9.4
03B6D,0306,75,1698,CDU,8.5,8.2,9.0
03B6D,0306,75,1698,AFD,5.5,5.3,6.2
03B6D,0306,75,1698,FDP,3.2,2.9,3.2
03B6E,0306,75,1476,GRUENE,35.3,35.0,35.5
03B6E,0306,75,1476,LINKE,26.0,25.9,26.7
03B6E,0306,75,1476,SPD,10.1,9.9,10.2
03B6E,0306,75,1476,Sonstige,9.5,9.2,9.7
03B6E,0306,75,1476,CDU,9.0,8.7,9.8
03B6E,0306,75,1476,AFD,4.5,4.3,5.2
03B6E,0306,75,1476,FDP,3.3,3.1,3.4
03B6F,0306,75,1012,GRUENE,35.8,35.4,36.1
03B6F,0306,75,1012,LINKE,28.1,28.0,28.8
03B6F,0306,75,1012,Sonstige,10.5,10.2,10.7
03B6F,0306,75,1012,SPD,8.8,8.6,9.0
03B6F,0306,75,1012,CDU,7.1,6.9,8.0
03B6F,0306,75,1012,AFD,4.2,3.9,4.9
03B6F,0306,75,1012,FDP,2.8,2.5,3.0
03B6G,0306,75,1715,GRUENE,35.8,35.4,36.0
03B6G,0306,75,1715,LINKE,25.1,24.9,25.8
03B6G,0306,75,1715,SPD,9.8,9.5,9.9
03B6G,0306,75,1715,Sonstige,9.8,9.4,10.0
03B6G,0306,75,1715,CDU,8.8,8.5,9.1
03B6G,0306,75,1715,AFD,5.4,5.1,6.1
03B6G,0306,75,1715,FDP,3.5,3.3,3.6
03B6H,0306,75,1629,GRUENE,37.5,37.3,37.8
03B6H,0306,75,1629,LINKE,26.3,26.1,26.9
03B6H,0306,75,1629,Sonstige,9.0,8.8,9.4
03B6H,0306,75,1629,SPD,8.9,8.6,9.0
03B6H,0306,75,1629,CDU,8.2,7.9,8.6
03B6H,0306,75,1629,AFD,3.8,3.6,4.6
03B6H,0306,75,1629,FDP,3.7,3.4,3.7
03B6J,0306,75,1711,GRUENE,35.1,34.8,35.3
03B6J,0306,75,1711,LINKE,27.1,26.9,27.8
03B6J,0306,75,1711,CDU,9.4,9.2,10.1
03B6J,0306,75,1711,SPD,9.3,9.1,9.4
03B6J,0306,75,1711,Sonstige,8.5,8.2,8.7
03B6J,0306,75,1711,AFD,4.4,4.2,5.1
03B6J,0306,75,1711,FDP,3.6,3.3,3.7
03B6K,0306,75,1069,GRUENE,36.7,36.5,37.0
03B6K,0306,75,1069,LINKE,26.0,25.8,26.6
03B6K,0306,75,1069,SPD,9.4,9.1,9.5
03B6K,0306,75,1069,Sonstige,8.9,8.7,9.2
03B6K,0306,75,1069,CDU,8.7,8.5,9.2
03B6K,0306,75,1069,AFD,3.7,3.5,4.3
03B6K,0306,75,1069,FDP,3.5,3.3,3.6
03B6L,0306,75,1645,GRUENE,33.6,33.3,33.8
03B6L,0306,75,1645,LINKE,25.5,25.3,26.1
03B6L,0306,75,1645,CDU,10.6,10.2,11.0
03B6L,0306,75,1645,SPD,9.4,9.2,9.5
03B6L,0306,75,1645,Sonstige,8.8,8.5,9.0
03B6L,0306,75,1645,AFD,5.5,5.2,6.2
03B6L,0306,75,1645,FDP,4.1,4.0,4.2
03B6M,0306,75,1723,GRUENE,32.3,31.9,32.5
03B6M,0306,75,1723,LINKE,28.6,28.4,29.3
03B6M,0306,75,1723,SPD,10.0,9.7,10.1
03B6M,0306,75,1723,CDU,9.4,9.1,9.7
03B6M,0306,75,1723,Sonstige,8.8,8.4,9.1
03B6M,0306,75,1723,AFD,6.6,6.3,7.3
03B6M,0306,75,1723,FDP,3.7,3.6,3.8
03B6N,0306,75,1833,GRUENE,33.3,33.0,33.6
03B6N,0306,75,1833,LINKE,29.4,29.1,30.1
03B6N,0306,75,1833,SPD,10.0,9.7,10.1
03B6N,0306,75,1833,Sonstige,8.8,8.5,9.1
03B6N,0306,75,1833,CDU,8.3,8.1,8.8
03B6N,0306,75,1833,AFD,5.7,5.5,6.3
03B6N,0306,75,1833,FDP,3.4,3.2,3.5
03B6P,0306,75,1562,GRUENE,33.7,33.4,34.0
03B6P,0306,75,1562,LINKE,27.2,27.0,27.9
03B6P,0306,75,1562,SPD,9.6,9.3,9.8
03B6P,0306,75,1562,CDU,9.2,8.7,9.5
03B6P,0306,75,1562,Sonstige,8.5,8.2,8.8
03B6P,0306,75,1562,AFD,6.4,6.1,7.0
03B6P,0306,75,1562,FDP,3.9,3.7,3.9
03B6Q,0306,75,946,GRUENE,37.1,36.8,37.4
03B6Q,0306,75,946,LINKE,27.0,26.8,27.7
03B6Q,0306,75,946,SPD,10.4,10.1,10.6
03B6Q,0306,75,946,Sonstige,8.9,8.5,9.2
03B6Q,0306,75,946,CDU,6.1,5.7,6.4
03B6Q,0306,75,946,AFD,4.6,4.4,5.3
03B6Q,0306,75,946,FDP,3.4,3.0,3.5
03B6R,0306,75,900,GRUENE,38.1,37.8,38.3
03B6R,0306,75,900,LINKE,26.9,26.7,27.6
03B6R,0306,75,900,SPD,9.5,9.2,9.6
03B6R,0306,75,900,Sonstige,8.1,7.8,8.3
03B6R,0306,75,900,CDU,6.4,6.2,6.7
03B6R,0306,75,900,AFD,3.6,3.4,4.2
03B6R,0306,75,900,FDP,3.6,3.3,3.7
03B6S,0306,75,1060,GRUENE,35.0,34.8,35.3
03B6S,0306,75,1060,LINKE,23.6,23.5,24.2
03B6S,0306,75,1060,SPD,10.2,9.9,10.3
03B6S,0306,75,1060,Sonstige,9.8,9.5,10.0
03B6S,0306,75,1060,CDU,8.0,7.8,8.4
03B6S,0306,75,1060,AFD,4.3,4.1,4.8
03B6S,0306,75,1060,FDP,4.1,3.7,4.2
03B6T,0306,75,1665,GRUENE,35.1,34.8,35.3
03B6T,0306,75,1665,LINKE,25.4,25.2,26.0
03B6T,0306,75,1665,SPD,9.9,9.6,10.0
03B6T,0306,75,1665,Sonstige,8.8,8.6,9.1
03B6T,0306,75,1665,CDU,8.6,8.3,8.9
03B6T,0306,75,1665,AFD,4.6,4.4,5.2
03B6T,0306,75,1665,FDP,4.1,3.9,4.1
03B6U,0306,75,1734,GRUENE,35.9,35.6,36.2
03B6U,0306,75,1734,LINKE,25.7,25.5,26.3
03B6U,0306,75,1734,SPD,9.5,9.2,9.6
03B6U,0306,75,1734,Sonstige,9.2,8.9,9.4
03B6U,0306,75,1734,CDU,8.5,8.2,9.0
03B6U,0306,75,1734,AFD,4.4,4.1,5.1
03B6U,0306,75,1734,FDP,3.8,3.6,3.8
03B6V,0306,75,1057,GRUENE,34.5,34.2,34.7
03B6V,0306,75,1057,LINKE,26.6,26.4,27.3
03B6V,0306,75,1057,SPD,9.8,9.6,9.9
03B6V,0306,75,1057,Sonstige,9.2,8.9,9.5
03B6V,0306,75,1057,CDU,8.8,8.6,9.2
03B6V,0306,75,1057,AFD,5.1,4.8,5.6
03B6V,0306,75,1057,FDP,3.7,3.5,3.7
03B6W,0306,75,1010,GRUENE,32.3,32.0,32.6
03B6W,0306,75,1010,LINKE,27.8,27.6,28.5
03B6W,0306,75,1010,SPD,10.2,10.0,10.3
03B6W,0306,75,1010,CDU,9.6,9.4,10.3
03B6W,0306,75,1010,Sonstige,8.7,8.4,9.0
03B6W,0306,75,1010,AFD,6.2,5.9,6.8
03B6W,0306,75,1010,FDP,3.9,3.7,3.9
03B7A,0307,75,1711,GRUENE,27.8,27.5,28.0
03B7A,0307,75,1711,LINKE,23.2,23.0,23.8
03B7A,0307,75,1711,CDU,13.2,12.4,13.3
03B7A,0307,75,1711,Sonstige,12.7,12.5,12.8
03B7A,0307,75,1711,SPD,9.9,9.6,10.0
03B7A,0307,75,1711,AFD,7.6,7.4,8.1
03B7A,0307,75,1711,FDP,2.8,2.4,3.0
03B7B,0307,75,1488,GRUENE,27.4,27.1,27.7
03B7B,0307,75,1488,LINKE,22.3,22.1,22.9
03B7B,0307,75,1488,CDU,14.0,13.3,14.2
03B7B,0307,75,1488,Sonstige,12.2,12.0,12.4
03B7B,0307,75,1488,SPD,10.3,10.1,10.5
03B7B,0307,75,1488,AFD,8.0,7.8,8.5
03B7B,0307,75,1488,FDP,2.8,2.5,3.0
03B7C,0307,75,1773,LINKE,25.0,24.8,25.5
03B7C,0307,75,1773,GRUENE,24.2,23.9,24.4
03B7C,0307,75,1773,CDU,14.1,13.5,14.3
03B7C,0307,75,1773,Sonstige,12.7,12.5,13.0
03B7C,0307,75,1773,SPD,10.3,10.0,10.4
03B7C,0307,75,1773,AFD,9.9,9.7,10.4
03B7C,0307,75,1773,FDP,3.1,2.8,3.2
03B7D,0307,75,1968,LINKE,26.2,26.1,26.8
03B7D,0307,75,1968,GRUENE,23.5,23.2,23.7
03B7D,0307,75,1968,CDU,13.2,12.7,13.5
03B7D,0307,75,1968,Sonstige,12.5,12.4,12.8
03B7D,0307,75,1968,SPD,10.9,10.7,11.0
03B7D,0307,75,1968,AFD,10.3,10.2,10.9
03B7D,0307,75,1968,FDP,2.9,2.8,3.0
03B7E,0307,75,1652,LINKE,25.3,25.1,25.9
03B7E,0307,75,1652,GRUENE,23.2,22.9,23.5
03B7E,0307,75,1652,CDU,14.2,13.8,14.5
03B7E,0307,75,1652,Sonstige,12.2,12.0,12.4
03B7E,0307,75,1652,SPD,11.2,10.9,11.3
03B7E,0307,75,1652,AFD,10.4,10.2,10.9
03B7E,0307,75,1652,FDP,3.1,3.0,3.1
03B7F,0307,75,1597,LINKE,27.0,26.8,27.7
03B7F,0307,75,1597,GRUENE,23.5,23.2,23.8
03B7F,0307,75,1597,Sonstige,12.7,12.3,12.9
03B7F,0307,75,1597,CDU,11.9,10.8,12.1
03B7F,0307,75,1597,SPD,10.8,10.6,11.0
03B7F,0307,75,1597,AFD,10.3,10.1,10.7
03B7F,0307,75,1597,FDP,2.9,2.6,3.0
03B7G,0307,82,1658,LINKE,28.7,28.5,29.3
03B7G,0307,82,1658,GRUENE,20.5,20.2,20.7
03B7G,0307,82,1658,CDU,15.4,15.1,15.6
03B7G,0307,82,1658,Sonstige,13.1,12.9,13.4
03B7G,0307,82,1658,SPD,10.4,10.2,10.6
03B7G,0307,82,1658,AFD,9.6,9.3,9.8
03B7G,0307,82,1658,FDP,2.9,2.6,3.1
03B7H,0307,82,1742,LINKE,29.6,29.3,30.2
03B7H,0307,82,1742,GRUENE,19.0,18.7,19.3
03B7H,0307,82,1742,CDU,15.0,14.5,15.2
03B7H,0307,82,1742,Sonstige,13.0,12.7,13.3
03B7H,0307,82,1742,AFD,10.8,10.5,11.1
03B7H,0307,82,1742,SPD,10.5,10.3,10.7
03B7H,0307,82,1742,FDP,3.1,2.9,3.2
03B7J,0307,82,1761,LINKE,28.5,28.3,29.1
03B7J,0307,82,1761,GRUENE,24.6,24.3,24.9
03B7J,0307,82,1761,Sonstige,12.2,11.9,12.5
03B7J,0307,82,1761,CDU,12.0,11.4,12.3
03B7J,0307,82,1761,SPD,10.7,10.5,10.9
03B7J,0307,82,1761,AFD,8.9,8.5,9.2
03B7J,0307,82,1761,FDP,3.0,2.6,3.2
03B7K,0307,82,1672,LINKE,31.5,31.3,32.1
03B7K,0307,82,1672,GRUENE,27.4,27.1,27.6
03B7K,0307,82,1672,Sonstige,13.2,13.0,13.6
03B7K,0307,82,1672,CDU,9.8,9.5,10.0
03B7K,0307,82,1672,SPD,9.3,9.1,9.5
03B7K,0307,82,1672,AFD,7.0,6.9,7.3
03B7K,0307,82,1672,FDP,2.5,2.2,2.7
03B7L,0307,82,1659,LINKE,30.0,29.8,30.7
03B7L,0307,82,1659,GRUENE,28.1,27.8,28.4
03B7L,0307,82,1659,Sonstige,11.9,11.7,12.2
03B7L,0307,82,1659,SPD,10.0,9.8,10.2
03B7L,0307,82,1659,CDU,9.9,9.7,10.2
03B7L,0307,82,1659,AFD,6.6,6.5,6.8
03B7L,0307,82,1659,FDP,2.8,2.5,3.0
03B7M,0307,82,1091,LINKE,29.5,29.3,30.1
03B7M,0307,82,1091,GRUENE,27.9,27.7,28.2
03B7M,0307,82,1091,Sonstige,11.2,11.0,11.5
03B7M,0307,82,1091,SPD,10.3,10.0,10.4
03B7M,0307,82,1091,CDU,10.0,9.4,10.2
03B7M,0307,82,1091,AFD,6.9,6.5,7.1
03B7M,0307,82,1091,FDP,3.0,2.8,3.1
03B7N,0307,75,2025,LINKE,29.6,29.4,30.3
03B7N,0307,75,2025,GRUENE,28.1,27.9,28.4
03B7N,0307,75,2025,Sonstige,10.8,10.6,11.1
03B7N,0307,75,2025,SPD,10.4,10.2,10.5
03B7N,0307,75,2025,CDU,10.1,9.7,10.3
03B7N,0307,75,2025,AFD,7.6,7.5,8.2
03B7N,0307,75,2025,FDP,2.9,2.7,3.0
03B7P,0307,75,1886,LINKE,30.7,30.5,31.4
03B7P,0307,75,1886,GRUENE,27.9,27.6,28.1
03B7P,0307,75,1886,SPD,10.9,10.6,11.0
03B7P,0307,75,1886,Sonstige,10.1,9.9,10.4
03B7P,0307,75,1886,CDU,9.9,9.3,10.1
03B7P,0307,75,1886,AFD,7.4,7.2,8.0
03B7P,0307,75,1886,FDP,3.2,3.1,3.3
03B7Q,0307,75,1677,GRUENE,33.2,33.0,33.4
03B7Q,0307,75,1677,LINKE,26.6,26.5,27.3
03B7Q,0307,75,1677,SPD,9.6,9.4,9.8
03B7Q,0307,75,1677,CDU,9.6,9.1,9.8
03B7Q,0307,75,1677,Sonstige,9.6,9.4,9.8
03B7Q,0307,75,1677,AFD,5.2,5.0,5.8
03B7Q,0307,75,1677,FDP,3.7,3.5,3.7
03B7R,0307,75,965,GRUENE,34.3,34.1,34.6
03B7R,0307,75,965,LINKE,27.7,27.5,28.3
03B7R,0307,75,965,SPD,9.2,8.9,9.3
03B7R,0307,75,965,Sonstige,9.2,8.9,9.4
03B7R,0307,75,965,CDU,8.8,8.0,9.1
03B7R,0307,75,965,AFD,4.5,4.2,5.2
03B7R,0307,75,965,FDP,3.8,3.6,3.9
03B7S,0307,75,1706,GRUENE,31.6,31.3,31.8
03B7S,0307,75,1706,LINKE,25.8,25.6,26.4
03B7S,0307,75,1706,CDU,11.0,10.6,11.2
03B7S,0307,75,1706,Sonstige,10.3,10.1,10.5
03B7S,0307,75,1706,SPD,10.2,9.9,10.3
03B7S,0307,75,1706,AFD,6.2,6.0,6.9
03B7S,0307,75,1706,FDP,3.4,3.1,3.4
03B7T,0307,75,1550,GRUENE,32.2,32.0,32.5
03B7T,0307,75,1550,LINKE,26.8,26.7,27.4
03B7T,0307,75,1550,CDU,10.6,10.3,10.8
03B7T,0307,75,1550,SPD,9.7,9.5,9.9
03B7T,0307,75,1550,Sonstige,9.6,9.4,9.9
03B7T,0307,75,1550,AFD,5.3,5.1,5.8
03B7T,0307,75,1550,FDP,3.5,3.4,3.6
03B8A,0308,82,1845,LINKE,28.9,28.7,29.7
03B8A,0308,82,1845,GRUENE,21.8,21.4,22.1
03B8A,0308,82,1845,CDU,13.9,13.5,14.2
03B8A,0308,82,1845,SPD,11.9,11.6,12.1
03B8A,0308,82,1845,Sonstige,11.9,11.6,12.2
03B8A,0308,82,1845,AFD,11.1,10.8,11.5
03B8A,0308,82,1845,FDP,2.8,2.5,2.9
03B8B,0308,82,1722,GRUENE,29.6,29.3,29.8
03B8B,0308,82,1722,LINKE,28.3,28.2,29.0
03B8B,0308,82,1722,CDU,11.0,10.6,11.3
03B8B,0308,82,1722,Sonstige,9.9,9.6,10.1
03B8B,0308,82,1722,SPD,9.8,9.6,10.0
03B8B,0308,82,1722,AFD,6.1,5.8,6.4
03B8B,0308,82,1722,FDP,3.5,3.3,3.6
03B8C,0308,82,1032,GRUENE,34.5,34.2,34.8
03B8C,0308,82,1032,LINKE,24.4,24.2,25.0
03B8C,0308,82,1032,CDU,10.4,9.3,10.7
03B8C,0308,82,1032,SPD,9.8,9.6,10.0
03B8C,0308,82,1032,Sonstige,8.1,7.8,8.3
03B8C,0308,82,1032,AFD,4.5,4.2,4.7
03B8C,0308,82,1032,FDP,4.3,4.1,4.4
03B8D,0308,82,1644,GRUENE,33.2,32.9,33.4
03B8D,0308,82,1644,LINKE,25.9,25.7,26.6
03B8D,0308,82,1644,SPD,10.3,10.0,10.4
03B8D,0308,82,1644,CDU,9.8,9.4,10.1
03B8D,0308,82,1644,Sonstige,8.6,8.3,8.8
03B8D,0308,82,1644,AFD,6.0,5.7,6.3
03B8D,0308,82,1644,FDP,4.0,3.8,4.1
03B8E,0308,82,1720,GRUENE,36.1,35.8,36.4
03B8E,0308,82,1720,LINKE,25.3,25.2,26.0
03B8E,0308,82,1720,SPD,9.7,9.5,9.9
03B8E,0308,82,1720,CDU,9.4,8.9,9.6
03B8E,0308,82,1720,Sonstige,8.3,8.1,8.6
03B8E,0308,82,1720,AFD,4.0,3.9,4.3
03B8E,0308,82,1720,FDP,3.9,3.7,4.0
03B8F,0308,82,1027,GRUENE,36.0,35.7,36.2
03B8F,0308,82,1027,LINKE,25.4,25.2,26.0
03B8F,0308,82,1027,SPD,9.7,9.5,9.9
03B8F,0308,82,1027,Sonstige,9.2,8.9,9.4
03B8F,0308,82,1027,CDU,8.3,7.9,8.6
03B8F,0308,82,1027,FDP,4.1,3.8,4.1
03B8F,0308,82,1027,AFD,4.0,3.7,4.3
03B8G,0308,82,1743,GRUENE,32.4,32.0,32.7
03B8G,0308,82,1743,LINKE,26.7,26.5,27.3
03B8G,0308,82,1743,CDU,11.0,10.7,11.4
03B8G,0308,82,1743,SPD,9.8,9.6,10.0
03B8G,0308,82,1743,Sonstige,7.9,7.7,8.2
03B8G,0308,82,1743,FDP,4.3,4.1,4.4
03B8G,0308,82,1743,AFD,4.3,4.1,4.5
03B8H,0308,82,1970,LINKE,27.7,27.5,28.4
03B8H,0308,82,1970,GRUENE,25.4,25.1,25.7
03B8H,0308,82,1970,CDU,13.1,12.7,13.4
03B8H,0308,82,1970,SPD,11.1,10.8,11.3
03B8H,0308,82,1970,Sonstige,9.7,9.4,9.9
03B8H,0308,82,1970,AFD,7.3,6.9,7.5
03B8H,0308,82,1970,FDP,4.0,3.8,4.0
03B8J,0308,75,1877,GRUENE,35.7,35.5,36.0
03B8J,0308,75,1877,LINKE,25.1,25.0,25.7
03B8J,0308,75,1877,Sonstige,10.1,9.9,10.3
03B8J,0308,75,1877,SPD,10.1,9.8,10.2
03B8J,0308,75,1877,CDU,8.5,8.2,8.8
03B8J,0308,75,1877,AFD,4.6,4.4,5.2
03B8J,0308,75,1877,FDP,3.5,3.3,3.6
03B8K,0308,75,1658,GRUENE,33.1,32.8,33.4
03B8K,0308,75,1658,LINKE,25.3,25.1,25.9
03B8K,0308,75,1658,CDU,10.3,9.8,10.6
03B8K,0308,75,1658,SPD,10.2,9.9,10.3
03B8K,0308,75,1658,Sonstige,9.6,9.3,9.9
03B8K,0308,75,1658,AFD,5.6,5.4,6.2
03B8K,0308,75,1658,FDP,3.8,3.5,3.8
03B8L,0308,75,1572,GRUENE,33.0,32.7,33.3
03B8L,0308,75,1572,LINKE,25.5,25.3,26.1
03B8L,0308,75,1572,CDU,10.7,10.4,11.0
03B8L,0308,75,1572,SPD,9.5,9.2,9.6
03B8L,0308,75,1572,Sonstige,8.4,8.2,8.7
03B8L,0308,75,1572,AFD,5.2,4.9,5.8
03B8L,0308,75,1572,FDP,4.4,4.1,4.4
03B8M,0308,75,1604,GRUENE,32.6,32.4,32.9
03B8M,0308,75,1604,LINKE,27.8,27.6,28.4
03B8M,0308,75,1604,SPD,9.9,9.6,10.0
03B8M,0308,75,1604,CDU,9.7,9.4,10.1
03B8M,0308,75,1604,Sonstige,9.1,8.9,9.5
03B8M,0308,75,1604,AFD,5.5,5.3,6.1
03B8M,0308,75,1604,FDP,3.9,3.7,4.0
03B8N,0308,75,1783,GRUENE,32.4,32.1,32.7
03B8N,0308,75,1783,LINKE,27.7,27.5,28.3
03B8N,0308,75,1783,SPD,9.9,9.6,10.0
03B8N,0308,75,1783,CDU,9.8,9.6,10.2
03B8N,0308,75,1783,Sonstige,8.7,8.4,8.9
03B8N,0308,75,1783,AFD,5.5,5.2,6.1
03B8N,0308,75,1783,FDP,4.1,3.9,4.2
03B8P,0308,75,1878,GRUENE,31.2,30.9,31.5
03B8P,0308,75,1878,LINKE,28.1,27.9,28.8
03B8P,0308,75,1878,CDU,10.8,10.4,11.1
03B8P,0308,75,1878,SPD,9.7,9.5,9.9
03B8P,0308,75,1878,Sonstige,8.6,8.4,8.9
03B8P,0308,75,1878,AFD,5.7,5.5,6.2
03B8P,0308,75,1878,FDP,4.0,3.8,4.1
03B8Q,0308,75,1055,GRUENE,30.3,30.0,30.6
03B8Q,0308,75,1055,LINKE,25.6,25.4,26.2
03B8Q,0308,75,1055,CDU,12.2,11.2,12.4
03B8Q,0308,75,1055,SPD,10.4,10.1,10.6
03B8Q,0308,75,1055,Sonstige,7.6,7.3,7.9
03B8Q,0308,75,1055,AFD,5.0,4.8,5.4
03B8Q,0308,75,1055,FDP,4.5,4.3,4.6
03B8R,0308,75,1815,GRUENE,31.6,31.3,32.0
03B8R,0308,75,1815,LINKE,24.6,24.4,25.2
03B8R,0308,75,1815,CDU,12.4,12.0,12.6
03B8R,0308,75,1815,SPD,9.2,9.0,9.4
03B8R,0308,75,1815,Sonstige,8.9,8.7,9.1
03B8R,0308,75,1815,FDP,4.4,4.0,4.5
03B8R,0308,75,1815,AFD,4.3,4.0,4.7
03B8S,0308,75,1828,GRUENE,34.7,34.4,35.0
03B8S,0308,75,1828,LINKE,26.1,25.9,26.7
03B8S,0308,75,1828,Sonstige,9.7,9.5,10.0
03B8S,0308,75,1828,SPD,9.4,9.1,9.6
03B8S,0308,75,1828,CDU,9.0,8.5,9.3
03B8S,0308,75,1828,FDP,4.2,4.0,4.3
03B8S,0308,75,1828,AFD,4.2,4.0,4.6
03B8T,0308,75,960,GRUENE,33.6,33.3,33.8
03B8T,0308,75,960,LINKE,26.0,25.8,26.6
03B8T,0308,75,960,CDU,10.5,10.2,10.8
03B8T,0308,75,960,SPD,9.3,9.1,9.5
03B8T,0308,75,960,Sonstige,8.5,8.3,9.0
03B8T,0308,75,960,FDP,4.5,4.3,4.6
03B8T,0308,75,960,AFD,4.4,4.2,4.9
03B9A,0309,75,1748,LINKE,28.4,28.2,28.9
03B9A,0309,75,1748,GRUENE,22.9,22.7,23.1
03B9A,0309,75,1748,CDU,13.0,11.9,13.3
03B9A,0309,75,1748,Sonstige,12.8,12.5,13.0
03B9A,0309,75,1748,SPD,10.8,10.5,10.9
03B9A,0309,75,1748,AFD,10.4,10.1,10.8
03B9A,0309,75,1748,FDP,2.5,2.1,2.7
03B9B,0309,75,1685,LINKE,27.8,27.7,28.4
03B9B,0309,75,1685,GRUENE,23.6,23.4,23.9
03B9B,0309,75,1685,CDU,13.8,12.4,14.1
03B9B,0309,75,1685,Sonstige,12.0,11.8,12.2
03B9B,0309,75,1685,SPD,10.3,10.1,10.4
03B9B,0309,75,1685,AFD,9.6,9.2,9.8
03B9B,0309,75,1685,FDP,3.1,2.9,3.2
03B9C,0309,75,1522,LINKE,26.8,26.6,27.3
03B9C,0309,75,1522,GRUENE,19.9,19.6,20.2
03B9C,0309,75,1522,CDU,16.3,15.1,16.5
03B9C,0309,75,1522,SPD,11.4,11.2,11.5
03B9C,0309,75,1522,AFD,11.4,11.0,11.7
03B9C,0309,75,1522,Sonstige,11.2,11.0,11.5
03B9C,0309,75,1522,FDP,3.5,3.3,3.5
03B9D,0309,75,1624,LINKE,26.2,26.0,26.7
03B9D,0309,75,1624,GRUENE,17.4,17.1,17.6
03B9D,0309,75,1624,CDU,17.3,16.4,17.5
03B9D,0309,75,1624,AFD,12.9,12.5,13.1
03B9D,0309,75,1624,SPD,12.7,12.4,12.7
03B9D,0309,75,1624,Sonstige,11.9,11.6,12.0
03B9D,0309,75,1624,FDP,3.1,2.8,3.2
03B9E,0309,82,1819,LINKE,27.6,27.3,28.0
03B9E,0309,82,1819,SPD,19.3,18.7,19.7
03B9E,0309,82,1819,CDU,17.8,17.2,18.2
03B9E,0309,82,1819,AFD,14.1,12.9,14.6
03B9E,0309,82,1819,Sonstige,13.6,13.2,13.8
03B9E,0309,82,1819,GRUENE,6.6,6.2,7.1
03B9E,0309,82,1819,FDP,3.1,2.9,3.2
03B9F,0309,82,1743,LINKE,26.6,26.4,27.0
03B9F,0309,82,1743,CDU,17.0,16.0,17.2
03B9F,0309,82,1743,AFD,14.4,13.6,14.7
03B9F,0309,82,1743,Sonstige,14.0,13.8,14.3
03B9F,0309,82,1743,SPD,13.4,13.2,13.6
03B9F,0309,82,1743,GRUENE,12.7,12.4,13.0
03B9F,0309,82,1743,FDP,2.9,2.6,3.1
03B9G,0309,82,1762,LINKE,27.5,27.3,27.9
03B9G,0309,82,1762,CDU,19.6,19.0,19.9
03B9G,0309,82,1762,SPD,15.9,15.6,16.1
03B9G,0309,82,1762,AFD,15.8,14.8,16.0
03B9G,0309,82,1762,Sonstige,11.8,11.5,12.0
03B9G,0309,82,1762,GRUENE,7.7,7.4,8.0
03B9G,0309,82,1762,FDP,2.7,2.3,2.9
03B9H,0309,82,2108,LINKE,27.3,27.1,27.8
03B9H,0309,82,2108,CDU,19.3,18.8,19.6
03B9H,0309,82,2108,SPD,16.5,16.2,16.7
03B9H,0309,82,2108,AFD,15.5,14.5,15.8
03B9H,0309,82,2108,Sonstige,12.1,11.8,12.3
03B9H,0309,82,2108,GRUENE,8.0,7.8,8.3
03B9H,0309,82,2108,FDP,2.6,2.3,2.8
03B9J,0309,82,1778,LINKE,28.6,28.4,29.1
03B9J,0309,82,1778,CDU,16.3,15.8,16.5
03B9J,0309,82,1778,SPD,14.2,13.9,14.3
03B9J,0309,82,1778,AFD,14.1,13.0,14.4
03B9J,0309,82,1778,Sonstige,13.0,12.7,13.2
03B9J,0309,82,1778,GRUENE,11.7,11.4,11.9
03B9J,0309,82,1778,FDP,2.9,2.6,3.0
03B9K,0309,82,1548,GRUENE,28.5,28.2,28.7
03B9K,0309,82,1548,LINKE,28.3,28.2,28.8
03B9K,0309,82,1548,Sonstige,11.8,11.5,12.1
03B9K,0309,82,1548,SPD,10.7,10.5,10.8
03B9K,0309,82,1548,CDU,10.0,9.2,10.2
03B9K,0309,82,1548,AFD,7.8,7.2,8.1
03B9K,0309,82,1548,FDP,3.1,2.8,3.2
03B9L,0309,82,1590,GRUENE,31.6,31.3,32.0
03B9L,0309,82,1590,LINKE,28.4,28.3,29.0
03B9L,0309,82,1590,Sonstige,10.9,10.7,11.2
03B9L,0309,82,1590,SPD,9.7,9.5,9.9
03B9L,0309,82,1590,CDU,9.5,8.8,9.7
03B9L,0309,82,1590,AFD,5.4,4.7,5.6
03B9L,0309,82,1590,FDP,3.1,2.9,3.1
03B9M,0309,82,1414,GRUENE,33.4,33.1,33.7
03B9M,0309,82,1414,LINKE,26.6,26.4,27.1
03B9M,0309,82,1414,CDU,10.4,9.1,10.7
03B9M,0309,82,1414,Sonstige,10.0,9.7,10.3
03B9M,0309,82,1414,SPD,9.5,9.3,9.7
03B9M,0309,82,1414,AFD,4.7,4.1,4.9
03B9M,0309,82,1414,FDP,3.4,3.2,3.5
03B9N,0309,82,2105,GRUENE,32.9,32.6,33.2
03B9N,0309,82,2105,LINKE,26.6,26.4,27.1
03B9N,0309,82,2105,SPD,10.5,10.2,10.6
03B9N,0309,82,2105,CDU,10.5,9.0,10.7
03B9N,0309,82,2105,Sonstige,8.6,8.3,8.9
03B9N,0309,82,2105,AFD,5.5,4.8,5.7
03B9N,0309,82,2105,FDP,3.8,3.5,3.8
03B9P,0309,82,1453,GRUENE,32.8,32.5,33.2
03B9P,0309,82,1453,LINKE,24.3,24.1,24.8
03B9P,0309,82,1453,CDU,11.5,10.0,11.7
03B9P,0309,82,1453,SPD,11.4,11.1,11.5
03B9P,0309,82,1453,Sonstige,8.2,7.7,8.4
03B9P,0309,82,1453,AFD,5.1,4.5,5.4
03B9P,0309,82,1453,FDP,3.8,3.5,3.8
03B9Q,0309,82,1773,GRUENE,32.3,32.0,32.6
03B9Q,0309,82,1773,LINKE,25.6,25.4,26.0
03B9Q,0309,82,1773,SPD,11.2,10.9,11.3
03B9Q,0309,82,1773,CDU,11.1,9.3,11.3
03B9Q,0309,82,1773,Sonstige,8.3,7.9,8.5
03B9Q,0309,82,1773,AFD,5.9,5.2,6.2
03B9Q,0309,82,1773,FDP,3.8,3.5,3.8
03B9R,0309,82,2352,LINKE,29.1,28.9,29.7
03B9R,0309,82,2352,GRUENE,28.3,28.0,28.5
03B9R,0309,82,2352,Sonstige,11.4,11.1,11.6
03B9R,0309,82,2352,SPD,10.0,9.8,10.2
03B9R,0309,82,2352,CDU,10.0,8.7,10.3
03B9R,0309,82,2352,AFD,7.7,7.0,8.0
03B9R,0309,82,2352,FDP,3.4,3.1,3.5
03B9S,0309,82,1451,LINKE,27.1,26.9,27.6
03B9S,0309,82,1451,GRUENE,19.1,18.8,19.2
03B9S,0309,82,1451,Sonstige,14.5,14.2,14.9
03B9S,0309,82,1451,CDU,13.3,12.4,13.6
03B9S,0309,82,1451,AFD,11.3,10.7,11.5
03B9S,0309,82,1451,SPD,11.3,11.1,11.4
03B9S,0309,82,1451,FDP,3.2,3.1,3.3
03B9T,0309,82,1494,LINKE,28.6,28.4,29.1
03B9T,0309,82,1494,GRUENE,26.0,25.8,26.3
03B9T,0309,82,1494,Sonstige,12.4,12.1,12.6
03B9T,0309,82,1494,SPD,11.3,11.1,11.4
03B9T,0309,82,1494,CDU,10.4,9.5,10.7
03B9T,0309,82,1494,AFD,8.5,7.8,8.7
03B9T,0309,82,1494,FDP,2.7,2.5,2.8
03B9U,0309,82,1884,GRUENE,26.8,26.5,27.2
03B9U,0309,82,1884,LINKE,18.9,18.7,19.3
03B9U,0309,82,1884,CDU,16.3,15.8,16.5
03B9U,0309,82,1884,SPD,14.3,14.0,14.4
03B9U,0309,82,1884,Sonstige,7.3,6.8,7.6
03B9U,0309,82,1884,AFD,6.1,5.4,6.4
03B9U,0309,82,1884,FDP,4.3,4.0,4.3
04B1A,0401,77,3396,CDU,28.4,27.1,28.6
04B1A,0401,77,3396,SPD,16.3,16.0,16.5
04B1A,0401,77,3396,AFD,15.2,14.7,15.9
04B1A,0401,77,3396,LINKE,12.0,11.9,12.2
04B1A,0401,77,3396,Sonstige,10.3,10.1,10.5
04B1A,0401,77,3396,GRUENE,10.0,9.7,10.2
04B1A,0401,77,3396,FDP,4.4,4.3,4.5
04B1B,0401,77,1813,CDU,32.3,30.7,32.5
04B1B,0401,77,1813,AFD,14.8,14.4,15.3
04B1B,0401,77,1813,SPD,14.6,14.3,14.7
04B1B,0401,77,1813,Sonstige,14.5,14.3,14.7
04B1B,0401,77,1813,GRUENE,8.4,8.1,8.6
04B1B,0401,77,1813,LINKE,8.1,7.9,8.3
04B1B,0401,77,1813,FDP,3.7,3.6,3.8
04B1C,0401,77,2108,CDU,24.7,23.4,24.9
04B1C,0401,77,2108,SPD,16.7,16.4,16.8
04B1C,0401,77,2108,LINKE,15.1,15.0,15.4
04B1C,0401,77,2108,AFD,15.1,14.6,15.7
04B1C,0401,77,2108,Sonstige,12.8,12.6,13.0
04B1C,0401,77,2108,GRUENE,9.6,9.3,9.8
04B1C,0401,77,2108,FDP,3.8,3.6,3.8
04B1D,0401,77,2671,CDU,29.2,27.9,29.3
04B1D,0401,77,2671,AFD,15.9,15.4,16.6
04B1D,0401,77,2671,SPD,15.6,15.3,15.7
04B1D,0401,77,2671,LINKE,13.2,13.0,13.4
04B1D,0401,77,2671,Sonstige,11.8,11.6,11.9
04B1D,0401,77,2671,GRUENE,7.8,7.5,8.0
04B1D,0401,77,2671,FDP,3.8,3.7,3.9
04B1E,0401,77,2239,CDU,22.8,21.2,22.9
04B1E,0401,77,2239,SPD,15.5,15.3,15.6
04B1E,0401,77,2239,LINKE,15.3,15.2,15.7
04B1E,0401,77,2239,GRUENE,15.1,14.7,15.3
04B1E,0401,77,2239,AFD,13.3,12.9,13.9
04B1E,0401,77,2239,Sonstige,10.6,10.3,10.7
04B1E,0401,77,2239,FDP,3.5,3.2,3.6
04B1F,0401,77,1166,GRUENE,26.0,25.7,26.2
04B1F,0401,77,1166,LINKE,18.5,18.4,18.9
04B1F,0401,77,1166,CDU,16.7,14.8,16.9
04B1F,0401,77,1166,SPD,12.1,11.8,12.2
04B1F,0401,77,1166,Sonstige,10.7,10.4,10.9
04B1F,0401,77,1166,AFD,8.2,7.7,9.1
04B1F,0401,77,1166,FDP,3.5,3.1,3.6
04B1G,0401,77,2395,GRUENE,25.0,24.7,25.2
04B1G,0401,77,2395,LINKE,21.7,21.6,22.2
04B1G,0401,77,2395,CDU,14.2,12.7,14.4
04B1G,0401,77,2395,SPD,13.6,13.3,13.7
04B1G,0401,77,2395,Sonstige,9.2,9.1,9.4
04B1G,0401,77,2395,AFD,8.1,7.6,8.9
04B1G,0401,77,2395,FDP,3.6,3.3,3.7
04B1H,0401,77,1126,GRUENE,29.3,29.0,29.5
04B1H,0401,77,1126,LINKE,17.5,17.4,17.9
04B1H,0401,77,1126,SPD,13.6,13.4,13.7
04B1H,0401,77,1126,CDU,12.2,10.8,12.4
04B1H,0401,77,1126,Sonstige,10.2,10.0,10.4
04B1H,0401,77,1126,AFD,6.4,5.8,7.2
04B1H,0401,77,1126,FDP,3.4,3.0,3.6
04B1I,0401,77,1047,CDU,22.7,20.4,22.9
04B1I,0401,77,1047,GRUENE,20.2,19.8,20.4
04B1I,0401,77,1047,LINKE,16.5,16.4,16.8
04B1I,0401,77,1047,SPD,12.6,12.3,12.7
04B1I,0401,77,1047,AFD,9.2,8.7,9.9
04B1I,0401,77,1047,Sonstige,9.0,8.6,9.2
04B1I,0401,77,1047,FDP,4.1,3.7,4.3
04B1J,0401,77,1155,CDU,21.9,21.1,22.2
04B1J,0401,77,1155,GRUENE,18.9,18.6,19.0
04B1J,0401,77,1155,LINKE,18.2,18.1,18.6
04B1J,0401,77,1155,SPD,13.0,12.8,13.1
04B1J,0401,77,1155,Sonstige,10.9,10.7,11.1
04B1J,0401,77,1155,AFD,10.0,9.5,10.7
04B1J,0401,77,1155,FDP,3.5,3.2,3.6
04B1K,0401,77,1199,GRUENE,26.7,26.4,26.8
04B1K,0401,77,1199,LINKE,20.0,19.8,20.5
04B1K,0401,77,1199,CDU,14.4,13.0,14.6
04B1K,0401,77,1199,SPD,13.2,12.9,13.3
04B1K,0401,77,1199,Sonstige,8.7,8.4,8.8
04B1K,0401,77,1199,AFD,7.5,7.1,8.3
04B1K,0401,77,1199,FDP,3.5,3.2,3.7
04B2A,0402,79,1908,CDU,34.6,33.8,34.7
04B2A,0402,79,1908,SPD,15.3,15.0,15.4
04B2A,0402,79,1908,GRUENE,12.4,12.2,12.5
04B2A,0402,79,1908,AFD,11.2,10.7,11.5
04B2A,0402,79,1908,LINKE,8.6,8.6,8.8
04B2A,0402,79,1908,Sonstige,7.0,6.7,7.1
04B2A,0402,79,1908,FDP,5.0,4.7,5.1
04B2B,0402,79,1078,CDU,29.9,29.5,30.3
04B2B,0402,79,1078,SPD,16.6,16.2,16.7
04B2B,0402,79,1078,GRUENE,13.4,13.1,13.6
04B2B,0402,79,1078,LINKE,11.3,11.2,11.5
04B2B,0402,79,1078,AFD,10.6,10.2,10.9
04B2B,0402,79,1078,Sonstige,6.3,6.0,6.5
04B2B,0402,79,1078,FDP,5.4,5.3,5.5
04B2C,0402,79,1266,CDU,32.1,31.7,32.6
04B2C,0402,79,1266,SPD,17.5,17.1,17.7
04B2C,0402,79,1266,AFD,11.7,11.3,11.9
04B2C,0402,79,1266,LINKE,10.3,10.2,10.6
04B2C,0402,79,1266,GRUENE,8.7,8.5,9.0
04B2C,0402,79,1266,Sonstige,8.3,8.1,8.5
04B2C,0402,79,1266,FDP,4.5,4.3,4.6
04B2D,0402,79,1102,CDU,30.2,29.6,30.4
04B2D,0402,79,1102,SPD,15.4,15.1,15.5
04B2D,0402,79,1102,GRUENE,14.8,14.5,14.9
04B2D,0402,79,1102,LINKE,11.1,11.0,11.3
04B2D,0402,79,1102,AFD,9.5,9.1,9.9
04B2D,0402,79,1102,Sonstige,6.3,6.1,6.5
04B2D,0402,79,1102,FDP,5.2,5.1,5.4
04B2E,0402,79,2134,CDU,30.5,29.9,30.6
04B2E,0402,79,2134,SPD,14.9,14.7,15.0
04B2E,0402,79,2134,GRUENE,13.5,13.3,13.6
04B2E,0402,79,2134,LINKE,11.0,10.9,11.2
04B2E,0402,79,2134,AFD,10.9,10.5,11.0
04B2E,0402,79,2134,Sonstige,7.8,7.6,7.9
04B2E,0402,79,2134,FDP,4.7,4.6,4.8
04B2F,0402,79,1111,CDU,26.5,26.0,26.7
04B2F,0402,79,1111,GRUENE,15.3,15.1,15.4
04B2F,0402,79,1111,SPD,14.5,14.2,14.6
04B2F,0402,79,1111,LINKE,13.5,13.3,13.7
04B2F,0402,79,1111,AFD,11.2,10.9,11.5
04B2F,0402,79,1111,Sonstige,10.5,10.3,10.7
04B2F,0402,79,1111,FDP,4.3,4.0,4.4
04B2G,0402,79,2132,GRUENE,24.4,24.2,24.6
04B2G,0402,79,2132,CDU,17.2,16.9,17.7
04B2G,0402,79,2132,LINKE,16.6,16.5,17.0
04B2G,0402,79,2132,SPD,13.7,13.4,13.7
04B2G,0402,79,2132,Sonstige,10.6,10.3,10.9
04B2G,0402,79,2132,AFD,7.3,6.8,7.7
04B2G,0402,79,2132,FDP,3.6,3.4,3.7
04B2H,0402,79,1158,CDU,31.2,30.2,31.3
04B2H,0402,79,1158,SPD,16.1,15.8,16.2
04B2H,0402,79,1158,GRUENE,13.6,13.5,13.7
04B2H,0402,79,1158,AFD,11.1,10.8,11.2
04B2H,0402,79,1158,LINKE,10.6,10.5,10.8
04B2H,0402,79,1158,Sonstige,7.7,7.5,7.8
04B2H,0402,79,1158,FDP,4.3,4.1,4.4
04B2J,0402,79,1103,CDU,31.6,30.6,31.7
04B2J,0402,79,1103,GRUENE,15.2,15.0,15.3
04B2J,0402,79,1103,SPD,14.9,14.6,15.1
04B2J,0402,79,1103,AFD,10.3,9.9,10.5
04B2J,0402,79,1103,LINKE,9.9,9.8,10.1
04B2J,0402,79,1103,Sonstige,7.4,7.2,7.6
04B2J,0402,79,1103,FDP,5.1,4.9,5.1
04B2K,0402,79,1210,CDU,32.9,32.0,33.0
04B2K,0402,79,1210,SPD,14.6,14.3,14.7
04B2K,0402,79,1210,GRUENE,12.9,12.8,13.1
04B2K,0402,79,1210,AFD,10.7,10.3,10.9
04B2K,0402,79,1210,LINKE,10.0,9.9,10.2
04B2K,0402,79,1210,Sonstige,6.5,6.3,6.6
04B2K,0402,79,1210,FDP,5.4,5.2,5.4
04B2L,0402,79,1078,CDU,31.5,30.1,31.6
04B2L,0402,79,1078,GRUENE,15.6,15.3,15.8
04B2L,0402,79,1078,SPD,14.7,14.4,14.9
04B2L,0402,79,1078,AFD,10.0,9.7,10.2
04B2L,0402,79,1078,LINKE,7.6,7.4,7.7
04B2L,0402,79,1078,Sonstige,7.3,7.1,7.5
04B2L,0402,79,1078,FDP,5.4,5.1,5.4
04B2M,0402,79,1087,CDU,24.9,23.8,25.1
04B2M,0402,79,1087,GRUENE,18.8,18.5,19.0
04B2M,0402,79,1087,SPD,15.0,14.7,15.1
04B2M,0402,79,1087,LINKE,11.9,11.8,12.1
04B2M,0402,79,1087,AFD,9.4,9.1,9.7
04B2M,0402,79,1087,Sonstige,8.9,8.6,9.1
04B2M,0402,79,1087,FDP,5.0,4.8,5.2
04B2N,0402,79,1260,GRUENE,25.5,25.2,25.6
04B2N,0402,79,1260,LINKE,17.1,17.0,17.4
04B2N,0402,79,1260,CDU,15.0,14.4,15.3
04B2N,0402,79,1260,SPD,13.7,13.4,13.8
04B2N,0402,79,1260,Sonstige,11.0,10.7,11.2
04B2N,0402,79,1260,AFD,8.0,7.6,8.4
04B2N,0402,79,1260,FDP,3.6,3.4,3.8
04B2P,0402,79,1286,CDU,33.0,31.8,33.1
04B2P,0402,79,1286,SPD,15.5,15.2,15.6
04B2P,0402,79,1286,GRUENE,13.5,13.3,13.6
04B2P,0402,79,1286,LINKE,11.3,11.2,11.6
04B2P,0402,79,1286,AFD,10.8,10.5,11.0
04B2P,0402,79,1286,Sonstige,6.6,6.4,6.7
04B2P,0402,79,1286,FDP,4.9,4.7,5.1
04B2Q,0402,79,1244,CDU,33.0,31.9,33.1
04B2Q,0402,79,1244,GRUENE,14.8,14.7,14.9
04B2Q,0402,79,1244,SPD,14.4,14.1,14.5
04B2Q,0402,79,1244,AFD,9.7,9.4,10.0
04B2Q,0402,79,1244,LINKE,8.2,8.1,8.3
04B2Q,0402,79,1244,Sonstige,7.5,7.3,7.6
04B2Q,0402,79,1244,FDP,5.9,5.7,6.0
04B2R,0402,79,1230,CDU,28.2,27.0,28.4
04B2R,0402,79,1230,GRUENE,17.7,17.5,17.9
04B2R,0402,79,1230,SPD,15.2,14.9,15.3
04B2R,0402,79,1230,LINKE,10.9,10.7,11.1
04B2R,0402,79,1230,AFD,8.8,8.4,9.1
04B2R,0402,79,1230,Sonstige,7.4,7.1,7.6
04B2R,0402,79,1230,FDP,4.9,4.7,5.0
04B2S,0402,79,1285,CDU,30.5,29.9,30.7
04B2S,0402,79,1285,SPD,16.9,16.6,17.0
04B2S,0402,79,1285,GRUENE,14.4,14.3,14.6
04B2S,0402,79,1285,AFD,10.3,10.0,10.5
04B2S,0402,79,1285,LINKE,10.2,10.1,10.4
04B2S,0402,79,1285,Sonstige,6.3,6.1,6.4
04B2S,0402,79,1285,FDP,5.0,4.8,5.2
04B2T,0402,79,2031,CDU,30.1,28.5,30.3
04B2T,0402,79,2031,GRUENE,18.0,17.8,18.2
04B2T,0402,79,2031,SPD,14.2,13.9,14.4
04B2T,0402,79,2031,AFD,8.7,8.3,9.0
04B2T,0402,79,2031,LINKE,8.3,8.2,8.4
04B2T,0402,79,2031,Sonstige,6.8,6.4,7.0
04B2T,0402,79,2031,FDP,5.5,5.3,5.6
04B2U,0402,79,1218,CDU,30.4,29.5,30.6
04B2U,0402,79,1218,GRUENE,15.1,14.9,15.3
04B2U,0402,79,1218,SPD,14.0,13.7,14.1
04B2U,0402,79,1218,LINKE,10.4,10.3,10.6
04B2U,0402,79,1218,AFD,9.5,9.2,9.8
04B2U,0402,79,1218,Sonstige,8.5,8.2,8.7
04B2U,0402,79,1218,FDP,5.5,5.3,5.5
04B2V,0402,79,1215,GRUENE,22.0,21.8,22.3
04B2V,0402,79,1215,CDU,19.4,18.6,19.5
04B2V,0402,79,1215,LINKE,17.7,17.6,18.1
04B2V,0402,79,1215,SPD,14.7,14.4,14.8
04B2V,0402,79,1215,AFD,9.0,8.7,9.3
04B2V,0402,79,1215,Sonstige,8.1,7.8,8.2
04B2V,0402,79,1215,FDP,4.1,3.9,4.2
04B2W,0402,79,1095,CDU,26.1,25.1,26.2
04B2W,0402,79,1095,GRUENE,14.8,14.6,14.9
04B2W,0402,79,1095,SPD,14.4,14.1,14.5
04B2W,0402,79,1095,LINKE,11.4,11.2,11.5
04B2W,0402,79,1095,Sonstige,10.3,10.2,10.5
04B2W,0402,79,1095,AFD,10.2,9.8,10.3
04B2W,0402,79,1095,FDP,5.4,5.2,5.5
04B2X,0402,79,1234,GRUENE,19.6,19.2,19.8
04B2X,0402,79,1234,CDU,18.1,17.7,18.5
04B2X,0402,79,1234,SPD,17.9,17.5,18.1
04B2X,0402,79,1234,LINKE,16.8,16.6,17.3
04B2X,0402,79,1234,AFD,10.3,9.9,10.8
04B2X,0402,79,1234,Sonstige,9.4,9.0,9.7
04B2X,0402,79,1234,FDP,3.6,3.4,3.7
04B2Y,0402,79,1269,CDU,30.6,29.4,30.7
04B2Y,0402,79,1269,GRUENE,16.4,16.3,16.6
04B2Y,0402,79,1269,SPD,14.0,13.8,14.1
04B2Y,0402,79,1269,LINKE,11.3,11.2,11.6
04B2Y,0402,79,1269,AFD,9.1,8.7,9.3
04B2Y,0402,79,1269,Sonstige,7.4,7.2,7.6
04B2Y,0402,79,1269,FDP,5.0,4.9,5.1
04B3A,0403,79,2308,GRUENE,26.0,25.7,26.3
04B3A,0403,79,2308,LINKE,22.6,22.4,23.2
04B3A,0403,79,2308,CDU,14.3,12.3,14.6
04B3A,0403,79,2308,SPD,12.7,12.4,12.9
04B3A,0403,79,2308,Sonstige,9.0,8.8,9.3
04B3A,0403,79,2308,AFD,8.4,8.1,8.7
04B3A,0403,79,2308,FDP,3.4,3.2,3.5
04B3B,0403,79,2206,GRUENE,21.4,21.2,21.8
04B3B,0403,79,2206,CDU,19.8,18.2,19.9
04B3B,0403,79,2206,LINKE,16.9,16.8,17.5
04B3B,0403,79,2206,SPD,14.8,14.5,15.0
04B3B,0403,79,2206,AFD,8.8,8.6,9.0
04B3B,0403,79,2206,Sonstige,7.9,7.7,8.1
04B3B,0403,79,2206,FDP,4.0,3.8,4.0
04B3C,0403,79,2015,GRUENE,23.8,23.6,24.2
04B3C,0403,79,2015,CDU,18.6,16.7,18.9
04B3C,0403,79,2015,LINKE,16.0,15.9,16.6
04B3C,0403,79,2015,SPD,13.8,13.5,13.9
04B3C,0403,79,2015,AFD,8.0,7.7,8.2
04B3C,0403,79,2015,Sonstige,7.8,7.6,8.0
04B3C,0403,79,2015,FDP,4.2,4.0,4.3
04B3D,0403,79,2129,GRUENE,28.2,27.9,28.6
04B3D,0403,79,2129,LINKE,18.6,18.5,19.2
04B3D,0403,79,2129,CDU,14.7,12.8,14.9
04B3D,0403,79,2129,SPD,13.4,13.2,13.6
04B3D,0403,79,2129,Sonstige,9.4,9.2,9.7
04B3D,0403,79,2129,AFD,7.0,6.8,7.3
04B3D,0403,79,2129,FDP,3.3,3.1,3.5
04B3E,0403,79,2288,GRUENE,23.1,22.9,23.5
04B3E,0403,79,2288,LINKE,19.0,18.8,19.6
04B3E,0403,79,2288,CDU,18.3,16.9,18.6
04B3E,0403,79,2288,SPD,14.1,13.8,14.3
04B3E,0403,79,2288,AFD,8.8,8.6,9.0
04B3E,0403,79,2288,Sonstige,8.4,8.2,8.6
04B3E,0403,79,2288,FDP,3.6,3.4,3.6
04B3F,0403,79,1919,CDU,22.3,20.5,22.4
04B3F,0403,79,1919,GRUENE,19.5,19.3,20.0
04B3F,0403,79,1919,LINKE,16.3,16.2,16.8
04B3F,0403,79,1919,SPD,14.8,14.5,15.0
04B3F,0403,79,1919,AFD,9.1,8.8,9.3
04B3F,0403,79,1919,Sonstige,8.1,7.9,8.3
04B3F,0403,79,1919,FDP,4.3,4.1,4.3
04B3G,0403,79,1135,GRUENE,24.6,24.3,25.1
04B3G,0403,79,1135,LINKE,19.1,19.0,19.7
04B3G,0403,79,1135,CDU,18.5,16.8,18.7
04B3G,0403,79,1135,SPD,12.7,12.4,12.8
04B3G,0403,79,1135,AFD,7.8,7.6,8.0
04B3G,0403,79,1135,Sonstige,7.7,7.5,8.0
04B3G,0403,79,1135,FDP,3.9,3.6,4.0
04B3H,0403,79,971,CDU,25.9,23.8,26.1
04B3H,0403,79,971,GRUENE,20.5,20.2,20.8
04B3H,0403,79,971,LINKE,13.0,12.8,13.5
04B3H,0403,79,971,SPD,12.9,12.6,13.1
04B3H,0403,79,971,AFD,8.6,8.3,8.8
04B3H,0403,79,971,Sonstige,7.1,6.9,7.4
04B3H,0403,79,971,FDP,5.0,4.8,5.1
04B3I,0403,79,1905,GRUENE,25.4,25.2,25.8
04B3I,0403,79,1905,LINKE,20.1,19.9,20.8
04B3I,0403,79,1905,CDU,17.5,15.0,17.7
04B3I,0403,79,1905,SPD,13.6,13.3,13.8
04B3I,0403,79,1905,AFD,7.5,7.3,7.8
04B3I,0403,79,1905,Sonstige,7.3,7.0,7.5
04B3I,0403,79,1905,FDP,3.8,3.6,3.9
04B3J,0403,79,1175,CDU,24.0,21.7,24.2
04B3J,0403,79,1175,GRUENE,21.0,20.8,21.4
04B3J,0403,79,1175,LINKE,14.8,14.6,15.3
04B3J,0403,79,1175,SPD,14.0,13.7,14.2
04B3J,0403,79,1175,AFD,7.6,7.3,7.8
04B3J,0403,79,1175,Sonstige,6.1,5.9,6.4
04B3J,0403,79,1175,FDP,5.4,5.2,5.5
04B3K,0403,79,2051,GRUENE,27.5,27.2,28.0
04B3K,0403,79,2051,LINKE,18.5,18.3,19.1
04B3K,0403,79,2051,CDU,17.2,15.1,17.4
04B3K,0403,79,2051,SPD,13.9,13.6,14.0
04B3K,0403,79,2051,Sonstige,7.5,7.3,7.8
04B3K,0403,79,2051,AFD,6.2,6.0,6.5
04B3K,0403,79,2051,FDP,3.6,3.4,3.8
04B3L,0403,79,2164,CDU,24.4,22.1,24.6
04B3L,0403,79,2164,GRUENE,21.8,21.6,22.2
04B3L,0403,79,2164,SPD,14.1,13.8,14.3
04B3L,0403,79,2164,LINKE,13.4,13.3,13.9
04B3L,0403,79,2164,AFD,7.9,7.7,8.3
04B3L,0403,79,2164,Sonstige,7.0,6.7,7.2
04B3L,0403,79,2164,FDP,5.2,5.0,5.3
04B3M,0403,79,1115,GRUENE,24.7,24.5,25.3
04B3M,0403,79,1115,LINKE,20.2,20.0,20.8
04B3M,0403,79,1115,CDU,15.6,13.3,15.8
04B3M,0403,79,1115,SPD,14.1,13.8,14.3
04B3M,0403,79,1115,Sonstige,8.5,8.2,8.8
04B3M,0403,79,1115,AFD,7.1,6.8,7.4
04B3M,0403,79,1115,FDP,4.3,4.1,4.4
04B3N,0403,79,905,GRUENE,28.3,28.1,28.7
04B3N,0403,79,905,LINKE,18.5,18.4,19.2
04B3N,0403,79,905,CDU,16.4,14.4,16.7
04B3N,0403,79,905,SPD,13.6,13.3,13.7
04B3N,0403,79,905,Sonstige,6.0,5.7,6.3
04B3N,0403,79,905,AFD,5.8,5.5,6.0
04B3N,0403,79,905,FDP,4.4,4.2,4.4
04B3P,0403,79,1712,GRUENE,27.2,27.0,27.7
04B3P,0403,79,1712,LINKE,19.3,19.2,20.0
04B3P,0403,79,1712,CDU,16.5,14.6,16.7
04B3P,0403,79,1712,SPD,13.5,13.3,13.7
04B3P,0403,79,1712,Sonstige,6.9,6.7,7.1
04B3P,0403,79,1712,AFD,6.7,6.5,7.0
04B3P,0403,79,1712,FDP,4.0,3.8,4.1
04B3Q,0403,79,1105,GRUENE,25.5,25.2,26.0
04B3Q,0403,79,1105,CDU,20.7,18.6,20.9
04B3Q,0403,79,1105,LINKE,15.5,15.3,16.0
04B3Q,0403,79,1105,SPD,13.4,13.1,13.6
04B3Q,0403,79,1105,Sonstige,8.4,8.2,8.7
04B3Q,0403,79,1105,AFD,7.0,6.7,7.2
04B3Q,0403,79,1105,FDP,4.3,4.1,4.4
04B3R,0403,79,1199,GRUENE,24.7,24.4,25.1
04B3R,0403,79,1199,CDU,19.6,17.2,19.8
04B3R,0403,79,1199,SPD,15.6,15.3,15.8
04B3R,0403,79,1199,LINKE,15.3,15.2,15.9
04B3R,0403,79,1199,AFD,7.5,7.2,7.8
04B3R,0403,79,1199,Sonstige,6.1,5.8,6.4
04B3R,0403,79,1199,FDP,4.5,4.4,4.5
04B3S,0403,79,2198,CDU,25.5,23.5,25.7
04B3S,0403,79,2198,GRUENE,18.8,18.5,19.1
04B3S,0403,79,2198,LINKE,13.9,13.8,14.3
04B3S,0403,79,2198,SPD,13.0,12.7,13.2
04B3S,0403,79,2198,Sonstige,9.1,8.9,9.4
04B3S,0403,79,2198,AFD,9.0,8.8,9.3
04B3S,0403,79,2198,FDP,5.2,5.0,5.3
04B4A,0404,79,1253,GRUENE,26.4,26.1,26.5
04B4A,0404,79,1253,LINKE,17.5,17.4,17.9
04B4A,0404,79,1253,CDU,17.3,15.5,17.5
04B4A,0404,79,1253,SPD,14.8,14.5,15.0
04B4A,0404,79,1253,Sonstige,7.3,7.1,7.5
04B4A,0404,79,1253,AFD,7.2,6.9,8.1
04B4A,0404,79,1253,FDP,3.5,3.1,3.6
04B4B,0404,79,1263,CDU,21.5,19.9,21.6
04B4B,0404,79,1263,GRUENE,18.8,18.6,18.9
04B4B,0404,79,1263,SPD,16.6,16.3,16.7
04B4B,0404,79,1263,LINKE,13.7,13.6,14.0
04B4B,0404,79,1263,AFD,10.0,9.8,10.6
04B4B,0404,79,1263,Sonstige,8.8,8.7,9.0
04B4B,0404,79,1263,FDP,3.9,3.8,4.1
04B4C,0404,79,1594,CDU,23.1,21.1,23.3
04B4C,0404,79,1594,GRUENE,19.5,19.3,19.7
04B4C,0404,79,1594,SPD,14.7,14.4,14.9
04B4C,0404,79,1594,LINKE,13.9,13.8,14.2
04B4C,0404,79,1594,AFD,8.8,8.5,9.6
04B4C,0404,79,1594,Sonstige,7.1,6.8,7.3
04B4C,0404,79,1594,FDP,5.7,5.5,6.2
04B4D,0404,79,1993,GRUENE,25.0,24.8,25.2
04B4D,0404,79,1993,CDU,18.2,15.3,18.6
04B4D,0404,79,1993,LINKE,17.1,17.0,17.5
04B4D,0404,79,1993,SPD,13.6,13.3,13.7
04B4D,0404,79,1993,Sonstige,9.0,8.7,9.2
04B4D,0404,79,1993,AFD,8.1,7.8,9.0
04B4D,0404,79,1993,FDP,4.2,4.1,4.5
04B4E,0404,79,1121,GRUENE,27.1,26.9,27.3
04B4E,0404,79,1121,CDU,17.8,16.0,18.0
04B4E,0404,79,1121,LINKE,15.8,15.7,16.2
04B4E,0404,79,1121,SPD,12.9,12.7,13.0
04B4E,0404,79,1121,Sonstige,9.6,9.3,9.8
04B4E,0404,79,1121,AFD,5.8,5.6,6.7
04B4E,0404,79,1121,FDP,3.8,3.7,3.9
04B4F,0404,79,2356,CDU,21.3,19.3,21.5
04B4F,0404,79,2356,GRUENE,20.7,20.5,20.9
04B4F,0404,79,2356,LINKE,14.7,14.6,15.0
04B4F,0404,79,2356,SPD,14.7,14.4,14.8
04B4F,0404,79,2356,Sonstige,10.0,9.7,10.2
04B4F,0404,79,2356,AFD,9.5,9.2,10.3
04B4F,0404,79,2356,FDP,3.9,3.7,4.0
04B4G,0404,79,1263,GRUENE,26.1,25.8,26.3
04B4G,0404,79,1263,CDU,19.6,17.3,19.8
04B4G,0404,79,1263,LINKE,16.2,16.1,16.6
04B4G,0404,79,1263,SPD,13.8,13.5,13.9
04B4G,0404,79,1263,Sonstige,7.1,6.8,7.3
04B4G,0404,79,1263,AFD,6.3,6.0,7.0
04B4G,0404,79,1263,FDP,4.4,4.3,4.6
04B4H,0404,79,2233,GRUENE,26.1,25.9,26.2
04B4H,0404,79,2233,CDU,18.3,15.7,18.6
04B4H,0404,79,2233,LINKE,16.3,16.1,16.6
04B4H,0404,79,2233,SPD,13.1,12.9,13.2
04B4H,0404,79,2233,Sonstige,9.8,9.5,10.1
04B4H,0404,79,2233,AFD,7.8,7.5,8.7
04B4H,0404,79,2233,FDP,4.1,3.9,4.4
04B4J,0404,79,1178,GRUENE,29.5,29.1,29.7
04B4J,0404,79,1178,CDU,18.2,15.4,18.5
04B4J,0404,79,1178,LINKE,14.4,14.2,14.8
04B4J,0404,79,1178,SPD,11.9,11.7,12.1
04B4J,0404,79,1178,Sonstige,8.1,7.6,8.4
04B4J,0404,79,1178,AFD,5.5,5.0,6.4
04B4J,0404,79,1178,FDP,4.1,3.8,4.2
04B4K,0404,79,1116,GRUENE,23.8,23.6,24.0
04B4K,0404,79,1116,CDU,18.5,15.7,18.7
04B4K,0404,79,1116,LINKE,17.2,17.1,17.5
04B4K,0404,79,1116,SPD,13.3,13.1,13.4
04B4K,0404,79,1116,AFD,8.2,8.0,9.0
04B4K,0404,79,1116,Sonstige,8.1,7.8,8.3
04B4K,0404,79,1116,FDP,4.8,4.6,5.1
04B4L,0404,79,2335,GRUENE,21.8,21.6,22.0
04B4L,0404,79,2335,CDU,20.7,18.4,20.8
04B4L,0404,79,2335,SPD,14.8,14.5,14.9
04B4L,0404,79,2335,LINKE,13.9,13.8,14.2
04B4L,0404,79,2335,Sonstige,7.7,7.5,7.9
04B4L,0404,79,2335,AFD,7.5,7.3,8.1
04B4L,0404,79,2335,FDP,5.3,5.1,5.5
04B4M,0404,79,1967,CDU,21.9,19.2,22.1
04B4M,0404,79,1967,GRUENE,21.2,21.1,21.4
04B4M,0404,79,1967,LINKE,14.8,14.7,15.1
04B4M,0404,79,1967,SPD,13.9,13.6,14.0
04B4M,0404,79,1967,AFD,8.9,8.7,9.6
04B4M,0404,79,1967,Sonstige,8.8,8.5,9.0
04B4M,0404,79,1967,FDP,4.9,4.7,5.2
04B4N,0404,79,1899,CDU,23.7,20.9,23.9
04B4N,0404,79,1899,GRUENE,23.6,23.4,23.7
04B4N,0404,79,1899,LINKE,13.8,13.7,14.1
04B4N,0404,79,1899,SPD,13.6,13.4,13.8
04B4N,0404,79,1899,AFD,7.4,7.1,8.0
04B4N,0404,79,1899,Sonstige,6.8,6.5,6.9
04B4N,0404,79,1899,FDP,4.9,4.7,5.2
04B4P,0404,79,1245,CDU,20.9,18.3,21.2
04B4P,0404,79,1245,GRUENE,19.0,18.7,19.2
04B4P,0404,79,1245,LINKE,17.5,17.4,17.8
04B4P,0404,79,1245,SPD,14.6,14.3,14.7
04B4P,0404,79,1245,AFD,8.3,8.2,9.0
04B4P,0404,79,1245,Sonstige,8.2,7.9,8.4
04B4P,0404,79,1245,FDP,5.5,5.3,5.8
04B4Q,0404,79,959,CDU,23.8,21.1,24.1
04B4Q,0404,79,959,GRUENE,17.6,17.3,17.8
04B4Q,0404,79,959,SPD,14.1,13.8,14.2
04B4Q,0404,79,959,LINKE,13.8,13.7,14.2
04B4Q,0404,79,959,AFD,8.8,8.6,9.4
04B4Q,0404,79,959,Sonstige,7.2,6.9,7.4
04B4Q,0404,79,959,FDP,6.2,5.9,6.8
04B4R,0404,79,1264,CDU,27.2,25.3,27.5
04B4R,0404,79,1264,GRUENE,18.9,18.7,19.1
04B4R,0404,79,1264,SPD,13.9,13.6,14.0
04B4R,0404,79,1264,LINKE,13.5,13.4,13.7
04B4R,0404,79,1264,AFD,8.8,8.5,9.5
04B4R,0404,79,1264,Sonstige,7.5,7.3,7.6
04B4R,0404,79,1264,FDP,4.9,4.7,5.3
04B4S,0404,79,838,CDU,29.6,27.0,29.8
04B4S,0404,79,838,GRUENE,14.8,14.4,15.2
04B4S,0404,79,838,SPD,14.1,13.7,14.2
04B4S,0404,79,838,AFD,10.8,10.6,11.6
04B4S,0404,79,838,LINKE,10.5,10.3,10.9
04B4S,0404,79,838,Sonstige,8.5,8.2,8.8
04B4S,0404,79,838,FDP,5.4,5.1,5.7
04B4T,0404,79,1182,CDU,26.4,23.5,26.6
04B4T,0404,79,1182,GRUENE,18.0,17.8,18.2
04B4T,0404,79,1182,SPD,15.6,15.3,15.7
04B4T,0404,79,1182,LINKE,12.2,12.1,12.5
04B4T,0404,79,1182,AFD,9.2,9.0,10.0
04B4T,0404,79,1182,Sonstige,6.1,5.8,6.4
04B4T,0404,79,1182,FDP,5.3,5.0,5.6
04B4U,0404,79,1153,CDU,28.8,26.7,29.0
04B4U,0404,79,1153,SPD,15.5,15.2,15.7
04B4U,0404,79,1153,GRUENE,15.3,15.1,15.6
04B4U,0404,79,1153,LINKE,11.3,11.2,11.5
04B4U,0404,79,1153,AFD,9.1,8.9,9.7
04B4U,0404,79,1153,Sonstige,6.7,6.5,6.8
04B4U,0404,79,1153,FDP,5.7,5.4,6.1
04B4V,0404,79,1077,CDU,24.6,22.7,24.8
04B4V,0404,79,1077,GRUENE,21.8,21.5,22.0
04B4V,0404,79,1077,LINKE,13.5,13.3,14.0
04B4V,0404,79,1077,SPD,11.4,11.2,11.6
04B4V,0404,79,1077,Sonstige,9.2,8.9,9.5
04B4V,0404,79,1077,AFD,7.0,6.7,7.8
04B4V,0404,79,1077,FDP,4.4,4.2,4.5
04B4W,0404,79,1210,GRUENE,25.2,24.9,25.4
04B4W,0404,79,1210,CDU,17.9,15.2,18.1
04B4W,0404,79,1210,LINKE,16.0,15.9,16.3
04B4W,0404,79,1210,SPD,15.3,15.0,15.4
04B4W,0404,79,1210,Sonstige,7.0,6.7,7.2
04B4W,0404,79,1210,AFD,6.1,5.9,6.9
04B4W,0404,79,1210,FDP,4.9,4.7,5.2
04B4X,0404,79,1160,CDU,21.6,19.7,21.8
04B4X,0404,79,1160,GRUENE,20.9,20.6,21.1
04B4X,0404,79,1160,LINKE,18.6,18.5,19.0
04B4X,0404,79,1160,SPD,13.1,12.8,13.2
04B4X,0404,79,1160,Sonstige,7.5,7.3,7.7
04B4X,0404,79,1160,AFD,7.4,7.2,8.1
04B4X,0404,79,1160,FDP,4.9,4.7,5.1
04B5A,0405,79,1115,CDU,36.7,36.3,38.0
04B5A,0405,79,1115,SPD,13.5,13.2,13.6
04B5A,0405,79,1115,AFD,11.1,10.8,11.6
04B5A,0405,79,1115,GRUENE,10.7,10.4,11.0
04B5A,0405,79,1115,FDP,7.4,7.1,8.1
04B5A,0405,79,1115,LINKE,6.1,5.9,6.3
04B5A,0405,79,1115,Sonstige,5.6,5.2,5.8
04B5B,0405,79,2035,CDU,37.4,36.9,38.0
04B5B,0405,79,2035,SPD,14.5,14.2,14.7
04B5B,0405,79,2035,AFD,11.3,11.1,11.7
04B5B,0405,79,2035,GRUENE,8.5,8.3,8.7
04B5B,0405,79,2035,LINKE,7.8,7.7,8.0
04B5B,0405,79,2035,Sonstige,7.0,6.6,7.1
04B5B,0405,79,2035,FDP,6.5,6.2,7.1
04B5C,0405,79,2320,CDU,31.0,30.6,31.8
04B5C,0405,79,2320,SPD,14.4,14.1,14.5
04B5C,0405,79,2320,GRUENE,14.2,13.8,14.4
04B5C,0405,79,2320,AFD,10.4,10.1,11.0
04B5C,0405,79,2320,LINKE,10.3,10.2,10.5
04B5C,0405,79,2320,Sonstige,8.0,7.6,8.1
04B5C,0405,79,2320,FDP,5.7,5.4,6.3
04B5D,0405,79,1130,CDU,24.3,23.9,25.0
04B5D,0405,79,1130,GRUENE,19.5,19.3,19.7
04B5D,0405,79,1130,LINKE,15.5,15.4,15.9
04B5D,0405,79,1130,SPD,13.5,13.3,13.6
04B5D,0405,79,1130,AFD,7.8,7.6,8.3
04B5D,0405,79,1130,Sonstige,7.5,7.2,7.7
04B5D,0405,79,1130,FDP,4.9,4.7,5.3
04B5E,0405,79,1156,CDU,23.3,23.0,24.1
04B5E,0405,79,1156,GRUENE,19.9,19.7,20.1
04B5E,0405,79,1156,SPD,14.8,14.6,15.0
04B5E,0405,79,1156,LINKE,13.3,13.2,13.6
04B5E,0405,79,1156,AFD,8.4,8.2,8.8
04B5E,0405,79,1156,Sonstige,7.9,7.6,8.0
04B5E,0405,79,1156,FDP,4.9,4.8,5.3
04B5F,0405,79,1725,CDU,24.5,24.1,25.3
04B5F,0405,79,1725,GRUENE,19.1,18.8,19.2
04B5F,0405,79,1725,SPD,14.7,14.5,14.9
04B5F,0405,79,1725,LINKE,13.4,13.3,13.7
04B5F,0405,79,1725,AFD,9.6,9.4,10.1
04B5F,0405,79,1725,Sonstige,7.6,7.3,7.8
04B5F,0405,79,1725,FDP,5.0,4.8,5.5
04B5G,0405,79,1925,CDU,25.1,24.8,25.9
04B5G,0405,79,1925,GRUENE,21.9,21.7,22.1
04B5G,0405,79,1925,SPD,14.6,14.3,14.7
04B5G,0405,79,1925,LINKE,12.5,12.4,12.8
04B5G,0405,79,1925,AFD,7.7,7.4,8.4
04B5G,0405,79,1925,Sonstige,7.0,6.7,7.2
04B5G,0405,79,1925,FDP,4.8,4.6,5.2
04B5H,0405,79,1107,CDU,27.2,26.8,28.2
04B5H,0405,79,1107,GRUENE,18.1,17.9,18.4
04B5H,0405,79,1107,SPD,14.9,14.6,15.0
04B5H,0405,79,1107,LINKE,10.9,10.8,11.1
04B5H,0405,79,1107,AFD,9.7,9.5,10.1
04B5H,0405,79,1107,Sonstige,7.2,6.9,7.3
04B5H,0405,79,1107,FDP,5.2,5.0,5.9
04B5I,0405,79,2062,CDU,28.7,28.4,29.9
04B5I,0405,79,2062,SPD,16.0,15.7,16.1
04B5I,0405,79,2062,GRUENE,14.3,14.2,14.5
04B5I,0405,79,2062,LINKE,11.6,11.4,11.8
04B5I,0405,79,2062,AFD,11.1,10.9,11.5
04B5I,0405,79,2062,Sonstige,7.9,7.6,8.1
04B5I,0405,79,2062,FDP,4.8,4.6,5.3
04B5J,0405,79,2108,CDU,22.4,22.1,23.3
04B5J,0405,79,2108,GRUENE,18.6,18.4,18.8
04B5J,0405,79,2108,LINKE,14.7,14.5,14.9
04B5J,0405,79,2108,SPD,14.1,13.8,14.2
04B5J,0405,79,2108,Sonstige,10.0,9.6,10.1
04B5J,0405,79,2108,AFD,9.5,9.3,10.0
04B5J,0405,79,2108,FDP,4.8,4.7,5.3
04B5K,0405,79,1821,GRUENE,21.6,21.4,21.8
04B5K,0405,79,1821,CDU,21.3,21.2,22.5
04B5K,0405,79,1821,SPD,16.0,15.7,16.1
04B5K,0405,79,1821,LINKE,13.3,13.2,13.6
04B5K,0405,79,1821,Sonstige,8.4,8.1,8.6
04B5K,0405,79,1821,AFD,8.4,8.2,8.8
04B5K,0405,79,1821,FDP,4.3,4.1,4.6
04B5L,0405,79,1274,CDU,27.1,26.9,28.1
04B5L,0405,79,1274,GRUENE,15.1,14.9,15.3
04B5L,0405,79,1274,SPD,14.5,14.2,14.6
04B5L,0405,79,1274,LINKE,13.9,13.8,14.1
04B5L,0405,79,1274,AFD,11.4,11.2,11.9
04B5L,0405,79,1274,Sonstige,8.1,7.8,8.2
04B5L,0405,79,1274,FDP,4.9,4.7,5.3
04B5M,0405,79,1169,CDU,24.5,24.3,25.6
04B5M,0405,79,1169,GRUENE,18.3,17.9,18.5
04B5M,0405,79,1169,LINKE,15.7,15.6,16.1
04B5M,0405,79,1169,SPD,13.7,13.5,13.9
04B5M,0405,79,1169,AFD,9.2,9.0,9.7
04B5M,0405,79,1169,Sonstige,7.9,7.6,8.1
04B5M,0405,79,1169,FDP,4.3,4.2,4.7
04B5N,0405,79,2249,CDU,29.1,28.7,29.9
04B5N,0405,79,2249,SPD,14.2,13.9,14.4
04B5N,0405,79,2249,GRUENE,14.0,13.8,14.2
04B5N,0405,79,2249,LINKE,12.6,12.5,12.9
04B5N,0405,79,2249,AFD,11.8,11.6,12.5
04B5N,0405,79,2249,Sonstige,8.7,8.4,8.9
04B5N,0405,79,2249,FDP,5.2,5.0,5.7
04B5P,0405,79,1282,CDU,31.6,31.3,32.3
04B5P,0405,79,1282,GRUENE,15.1,14.9,15.3
04B5P,0405,79,1282,SPD,14.8,14.5,14.9
04B5P,0405,79,1282,AFD,10.3,10.1,10.8
04B5P,0405,79,1282,LINKE,9.2,9.0,9.4
04B5P,0405,79,1282,Sonstige,7.0,6.7,7.2
04B5P,0405,79,1282,FDP,5.5,5.4,6.0
04B5Q,0405,79,2207,CDU,37.8,37.3,38.4
04B5Q,0405,79,2207,SPD,12.9,12.6,13.0
04B5Q,0405,79,2207,AFD,11.9,11.7,12.3
04B5Q,0405,79,2207,GRUENE,9.8,9.7,10.1
04B5Q,0405,79,2207,Sonstige,7.3,7.0,7.4
04B5Q,0405,79,2207,LINKE,7.1,6.9,7.2
04B5Q,0405,79,2207,FDP,6.5,6.2,7.1
04B5R,0405,79,1173,CDU,44.1,43.7,45.0
04B5R,0405,79,1173,SPD,13.0,12.6,13.2
04B5R,0405,79,1173,AFD,9.8,9.5,10.4
04B5R,0405,79,1173,GRUENE,8.6,8.3,8.9
04B5R,0405,79,1173,FDP,7.8,7.4,8.5
04B5R,0405,79,1173,LINKE,5.1,4.8,5.3
04B5R,0405,79,1173,Sonstige,4.1,3.7,4.3
04B5S,0405,79,1126,CDU,40.2,39.8,41.1
04B5S,0405,79,1126,SPD,14.2,13.9,14.4
04B5S,0405,79,1126,AFD,10.6,10.4,11.0
04B5S,0405,79,1126,GRUENE,9.5,9.4,9.7
04B5S,0405,79,1126,LINKE,7.6,7.4,7.7
04B5S,0405,79,1126,FDP,6.4,6.1,6.9
04B5S,0405,79,1126,Sonstige,5.3,4.9,5.4
04B5T,0405,79,1110,CDU,24.3,24.1,25.6
04B5T,0405,79,1110,GRUENE,21.6,21.4,21.8
04B5T,0405,79,1110,SPD,14.2,13.9,14.3
04B5T,0405,79,1110,LINKE,13.0,12.8,13.3
04B5T,0405,79,1110,Sonstige,7.5,7.1,7.7
04B5T,0405,79,1110,AFD,7.1,6.8,7.7
04B5T,0405,79,1110,FDP,4.8,4.7,5.3
04B6A,0406,79,2093,CDU,23.1,20.9,23.3
04B6A,0406,79,2093,GRUENE,22.0,21.8,22.1
04B6A,0406,79,2093,LINKE,14.4,14.3,14.6
04B6A,0406,79,2093,SPD,14.3,14.1,14.5
04B6A,0406,79,2093,AFD,7.8,7.5,8.4
04B6A,0406,79,2093,Sonstige,7.2,7.0,7.4
04B6A,0406,79,2093,FDP,5.1,4.9,5.3
04B6B,0406,79,2360,CDU,21.8,19.9,22.0
04B6B,0406,79,2360,GRUENE,20.6,20.3,20.8
04B6B,0406,79,2360,SPD,15.2,14.9,15.3
04B6B,0406,79,2360,LINKE,14.6,14.5,14.9
04B6B,0406,79,2360,AFD,9.5,9.2,10.1
04B6B,0406,79,2360,Sonstige,7.8,7.6,8.0
04B6B,0406,79,2360,FDP,4.9,4.7,5.3
04B6C,0406,79,1043,CDU,22.6,20.5,22.9
04B6C,0406,79,1043,GRUENE,21.1,20.9,21.3
04B6C,0406,79,1043,LINKE,15.4,15.3,15.7
04B6C,0406,79,1043,SPD,13.9,13.6,14.1
04B6C,0406,79,1043,AFD,9.0,8.8,9.4
04B6C,0406,79,1043,Sonstige,8.7,8.5,8.9
04B6C,0406,79,1043,FDP,4.6,4.4,4.9
04B6D,0406,79,1158,CDU,24.7,22.8,25.0
04B6D,0406,79,1158,GRUENE,19.7,19.5,20.0
04B6D,0406,79,1158,SPD,13.9,13.6,14.0
04B6D,0406,79,1158,LINKE,12.9,12.7,13.1
04B6D,0406,79,1158,AFD,8.4,8.2,8.7
04B6D,0406,79,1158,Sonstige,8.1,7.8,8.3
04B6D,0406,79,1158,FDP,5.3,5.1,5.5
04B6E,0406,79,1100,GRUENE,24.0,23.7,24.2
04B6E,0406,79,1100,CDU,22.2,20.5,22.5
04B6E,0406,79,1100,SPD,14.2,13.9,14.3
04B6E,0406,79,1100,LINKE,13.7,13.6,14.0
04B6E,0406,79,1100,AFD,6.8,6.5,7.5
04B6E,0406,79,1100,Sonstige,6.6,6.3,6.9
04B6E,0406,79,1100,FDP,5.2,5.0,5.5
04B6F,0406,79,1187,CDU,21.6,19.6,21.8
04B6F,0406,79,1187,GRUENE,19.3,19.2,19.5
04B6F,0406,79,1187,LINKE,16.5,16.4,16.9
04B6F,0406,79,1187,SPD,15.4,15.1,15.5
04B6F,0406,79,1187,AFD,8.0,7.8,8.4
04B6F,0406,79,1187,Sonstige,6.7,6.5,6.9
04B6F,0406,79,1187,FDP,5.0,4.8,5.2
04B6G,0406,79,1116,CDU,23.2,20.8,23.4
04B6G,0406,79,1116,GRUENE,18.6,18.3,18.9
04B6G,0406,79,1116,LINKE,16.0,15.9,16.3
04B6G,0406,79,1116,SPD,15.3,14.9,15.5
04B6G,0406,79,1116,Sonstige,8.3,8.1,8.6
04B6G,0406,79,1116,AFD,8.3,8.1,8.9
04B6G,0406,79,1116,FDP,4.8,4.6,4.9
04B6H,0406,79,1144,GRUENE,24.2,24.0,24.4
04B6H,0406,79,1144,CDU,22.8,20.5,23.0
04B6H,0406,79,1144,LINKE,14.7,14.6,15.0
04B6H,0406,79,1144,SPD,14.6,14.3,14.7
04B6H,0406,79,1144,AFD,7.0,6.8,7.5
04B6H,0406,79,1144,Sonstige,6.2,5.9,6.3
04B6H,0406,79,1144,FDP,4.5,4.3,4.5
04B6I,0406,79,1200,CDU,24.5,22.5,24.7
04B6I,0406,79,1200,GRUENE,22.4,22.2,22.5
04B6I,0406,79,1200,SPD,14.6,14.3,14.8
04B6I,0406,79,1200,LINKE,13.5,13.4,13.8
04B6I,0406,79,1200,AFD,8.1,7.8,8.7
04B6I,0406,79,1200,Sonstige,6.5,6.2,6.6
04B6I,0406,79,1200,FDP,4.9,4.8,5.1
04B6J,0406,79,1093,CDU,24.5,22.6,24.6
04B6J,0406,79,1093,GRUENE,19.8,19.6,20.1
04B6J,0406,79,1093,SPD,14.1,13.8,14.2
04B6J,0406,79,1093,LINKE,12.8,12.7,13.0
04B6J,0406,79,1093,AFD,9.1,8.9,9.4
04B6J,0406,79,1093,Sonstige,8.9,8.6,9.0
04B6J,0406,79,1093,FDP,4.7,4.6,4.8
04B6K,0406,79,1207,GRUENE,24.7,24.4,25.0
04B6K,0406,79,1207,CDU,20.7,18.7,20.8
04B6K,0406,79,1207,SPD,15.6,15.3,15.7
04B6K,0406,79,1207,LINKE,14.0,13.9,14.3
04B6K,0406,79,1207,Sonstige,6.2,6.0,6.3
04B6K,0406,79,1207,AFD,5.4,5.3,5.8
04B6K,0406,79,1207,FDP,4.7,4.5,4.8
04B6L,0406,79,1115,CDU,23.8,22.0,24.0
04B6L,0406,79,1115,GRUENE,21.3,21.1,21.5
04B6L,0406,79,1115,SPD,15.1,14.8,15.2
04B6L,0406,79,1115,LINKE,13.3,13.2,13.6
04B6L,0406,79,1115,Sonstige,7.5,7.2,7.7
04B6L,0406,79,1115,AFD,7.2,7.0,7.6
04B6L,0406,79,1115,FDP,4.5,4.3,4.5
04B6M,0406,79,1107,CDU,24.5,22.5,24.7
04B6M,0406,79,1107,GRUENE,17.4,17.3,17.7
04B6M,0406,79,1107,SPD,15.3,15.0,15.4
04B6M,0406,79,1107,LINKE,14.1,14.0,14.4
04B6M,0406,79,1107,AFD,8.5,8.4,8.9
04B6M,0406,79,1107,Sonstige,7.7,7.4,7.8
04B6M,0406,79,1107,FDP,5.1,4.9,5.3
04B6N,0406,79,1037,GRUENE,25.4,25.2,25.7
04B6N,0406,79,1037,CDU,20.6,18.6,20.9
04B6N,0406,79,1037,SPD,15.0,14.7,15.1
04B6N,0406,79,1037,LINKE,13.7,13.6,14.0
04B6N,0406,79,1037,Sonstige,8.0,7.7,8.1
04B6N,0406,79,1037,AFD,6.3,6.1,6.7
04B6N,0406,79,1037,FDP,3.9,3.7,4.0
04B6P,0406,79,1258,GRUENE,26.1,25.8,26.3
04B6P,0406,79,1258,CDU,20.5,18.1,20.7
04B6P,0406,79,1258,LINKE,15.8,15.7,16.2
04B6P,0406,79,1258,SPD,13.9,13.6,14.0
04B6P,0406,79,1258,AFD,7.7,7.4,8.5
04B6P,0406,79,1258,Sonstige,7.1,6.9,7.3
04B6P,0406,79,1258,FDP,4.2,4.0,4.3
04B6Q,0406,79,1125,GRUENE,27.7,27.5,27.9
04B6Q,0406,79,1125,CDU,16.3,14.5,16.5
04B6Q,0406,79,1125,SPD,15.2,14.9,15.3
04B6Q,0406,79,1125,LINKE,15.2,15.1,15.5
04B6Q,0406,79,1125,Sonstige,8.4,8.2,8.6
04B6Q,0406,79,1125,AFD,5.7,5.5,6.1
04B6Q,0406,79,1125,FDP,4.0,3.8,4.0
04B6R,0406,79,2366,GRUENE,23.7,23.5,24.0
04B6R,0406,79,2366,CDU,19.6,17.7,19.7
04B6R,0406,79,2366,LINKE,15.5,15.4,15.9
04B6R,0406,79,2366,SPD,15.4,15.1,15.5
04B6R,0406,79,2366,Sonstige,8.5,8.3,8.7
04B6R,0406,79,2366,AFD,7.6,7.4,8.1
04B6R,0406,79,2366,FDP,4.0,3.9,4.1
04B6S,0406,79,1261,CDU,23.2,21.5,23.3
04B6S,0406,79,1261,GRUENE,19.9,19.7,20.2
04B6S,0406,79,1261,SPD,15.0,14.7,15.1
04B6S,0406,79,1261,LINKE,14.2,14.1,14.4
04B6S,0406,79,1261,Sonstige,8.6,8.4,8.8
04B6S,0406,79,1261,AFD,8.2,8.0,8.6
04B6S,0406,79,1261,FDP,4.5,4.4,4.6
04B6T,0406,79,1260,GRUENE,25.2,25.0,25.4
04B6T,0406,79,1260,CDU,18.9,17.3,19.1
04B6T,0406,79,1260,LINKE,17.5,17.4,17.9
04B6T,0406,79,1260,SPD,12.8,12.6,12.9
04B6T,0406,79,1260,Sonstige,10.5,10.3,10.7
04B6T,0406,79,1260,AFD,6.9,6.6,7.3
04B6T,0406,79,1260,FDP,3.8,3.7,3.9
04B6U,0406,79,1284,GRUENE,24.4,24.1,24.6
04B6U,0406,79,1284,CDU,20.7,18.8,20.9
04B6U,0406,79,1284,LINKE,14.8,14.7,15.1
04B6U,0406,79,1284,SPD,13.9,13.7,14.0
04B6U,0406,79,1284,Sonstige,7.1,6.9,7.3
04B6U,0406,79,1284,AFD,7.0,6.8,7.5
04B6U,0406,79,1284,FDP,4.9,4.7,5.0
04B6V,0406,79,2437,GRUENE,27.5,27.3,27.7
04B6V,0406,79,2437,CDU,16.5,14.3,16.7
04B6V,0406,79,2437,LINKE,14.9,14.8,15.2
04B6V,0406,79,2437,SPD,14.5,14.2,14.6
04B6V,0406,79,2437,Sonstige,9.6,9.3,9.8
04B6V,0406,79,2437,AFD,6.3,6.0,6.9
04B6V,0406,79,2437,FDP,4.1,4.0,4.2
04B6W,0406,79,2026,GRUENE,21.1,20.9,21.3
04B6W,0406,79,2026,CDU,19.7,17.9,19.8
04B6W,0406,79,2026,LINKE,16.4,16.3,16.8
04B6W,0406,79,2026,SPD,15.4,15.1,15.5
04B6W,0406,79,2026,AFD,8.9,8.7,9.3
04B6W,0406,79,2026,Sonstige,8.5,8.3,8.6
04B6W,0406,79,2026,FDP,4.2,4.0,4.2
04B7A,0407,79,1221,CDU,23.3,21.8,23.4
04B7A,0407,79,1221,GRUENE,17.2,17.0,17.4
04B7A,0407,79,1221,LINKE,16.9,16.8,17.3
04B7A,0407,79,1221,SPD,14.9,14.7,15.1
04B7A,0407,79,1221,AFD,9.5,9.3,9.9
04B7A,0407,79,1221,Sonstige,9.0,8.8,9.2
04B7A,0407,79,1221,FDP,3.8,3.6,3.9
04B7B,0407,79,2095,CDU,28.0,27.0,28.1
04B7B,0407,79,2095,SPD,16.1,15.8,16.2
04B7B,0407,79,2095,GRUENE,13.3,13.1,13.4
04B7B,0407,79,2095,AFD,11.8,11.6,12.2
04B7B,0407,79,2095,LINKE,11.7,11.6,12.0
04B7B,0407,79,2095,Sonstige,8.6,8.3,8.8
04B7B,0407,79,2095,FDP,4.4,4.3,4.5
04B7C,0407,79,1228,GRUENE,25.8,25.5,26.1
04B7C,0407,79,1228,LINKE,21.3,21.1,21.7
04B7C,0407,79,1228,CDU,15.6,13.8,15.8
04B7C,0407,79,1228,SPD,12.3,12.1,12.4
04B7C,0407,79,1228,Sonstige,8.3,8.1,8.6
04B7C,0407,79,1228,AFD,6.9,6.7,7.5
04B7C,0407,79,1228,FDP,4.2,3.9,4.2
04B7D,0407,79,2372,CDU,21.1,19.8,21.2
04B7D,0407,79,2372,GRUENE,20.7,20.5,20.8
04B7D,0407,79,2372,LINKE,16.8,16.7,17.1
04B7D,0407,79,2372,SPD,14.9,14.7,15.0
04B7D,0407,79,2372,AFD,9.7,9.4,10.3
04B7D,0407,79,2372,Sonstige,8.5,8.3,8.7
04B7D,0407,79,2372,FDP,3.6,3.4,3.7
04B7E,0407,79,1061,GRUENE,30.1,29.8,30.3
04B7E,0407,79,1061,CDU,17.0,15.1,17.2
04B7E,0407,79,1061,SPD,14.1,13.8,14.2
04B7E,0407,79,1061,LINKE,13.8,13.7,14.2
04B7E,0407,79,1061,Sonstige,8.2,7.9,8.4
04B7E,0407,79,1061,AFD,4.8,4.6,5.3
04B7E,0407,79,1061,FDP,4.1,3.8,4.2
04B7F,0407,79,1168,GRUENE,23.0,22.8,23.2
04B7F,0407,79,1168,CDU,20.7,18.9,21.0
04B7F,0407,79,1168,LINKE,16.4,16.3,16.7
04B7F,0407,79,1168,SPD,15.2,15.0,15.3
04B7F,0407,79,1168,AFD,7.8,7.6,8.3
04B7F,0407,79,1168,Sonstige,7.5,7.2,7.6
04B7F,0407,79,1168,FDP,4.1,4.0,4.2
04B7G,0407,79,2210,GRUENE,22.2,22.1,22.3
04B7G,0407,79,2210,CDU,20.5,18.7,20.7
04B7G,0407,79,2210,LINKE,16.4,16.3,16.7
04B7G,0407,79,2210,SPD,13.8,13.6,13.9
04B7G,0407,79,2210,Sonstige,9.2,9.0,9.4
04B7G,0407,79,2210,AFD,9.1,8.8,9.7
04B7G,0407,79,2210,FDP,4.3,4.2,4.4
04B7H,0407,79,1252,CDU,29.3,28.6,29.5
04B7H,0407,79,1252,SPD,16.2,15.8,16.3
04B7H,0407,79,1252,GRUENE,13.0,12.7,13.2
04B7H,0407,79,1252,AFD,12.2,11.9,12.4
04B7H,0407,79,1252,LINKE,11.4,11.3,11.6
04B7H,0407,79,1252,Sonstige,9.0,8.7,9.1
04B7H,0407,79,1252,FDP,4.4,4.2,4.6
04B7I,0407,79,1277,CDU,25.7,23.9,25.8
04B7I,0407,79,1277,GRUENE,19.7,19.4,20.0
04B7I,0407,79,1277,SPD,16.8,16.5,16.9
04B7I,0407,79,1277,LINKE,13.0,12.9,13.3
04B7I,0407,79,1277,AFD,7.9,7.7,8.1
04B7I,0407,79,1277,Sonstige,6.1,5.9,6.3
04B7I,0407,79,1277,FDP,4.6,4.4,4.6
04B7J,0407,79,1271,CDU,27.0,25.5,27.2
04B7J,0407,79,1271,GRUENE,17.0,16.8,17.3
04B7J,0407,79,1271,SPD,15.4,15.1,15.5
04B7J,0407,79,1271,LINKE,14.1,14.0,14.3
04B7J,0407,79,1271,AFD,9.5,9.3,9.8
04B7J,0407,79,1271,Sonstige,8.3,8.1,8.5
04B7J,0407,79,1271,FDP,4.2,3.9,4.3
04B7K,0407,79,1241,CDU,25.0,23.2,25.1
04B7K,0407,79,1241,GRUENE,21.6,21.5,21.8
04B7K,0407,79,1241,SPD,16.3,16.0,16.4
04B7K,0407,79,1241,LINKE,10.9,10.8,11.1
04B7K,0407,79,1241,AFD,7.9,7.7,8.4
04B7K,0407,79,1241,Sonstige,6.6,6.4,6.8
04B7K,0407,79,1241,FDP,4.4,4.3,4.5
04B7L,0407,79,1212,CDU,26.7,25.1,26.8
04B7L,0407,79,1212,GRUENE,18.5,18.3,18.6
04B7L,0407,79,1212,SPD,15.2,14.9,15.3
04B7L,0407,79,1212,LINKE,12.7,12.6,12.9
04B7L,0407,79,1212,AFD,9.2,9.0,9.5
04B7L,0407,79,1212,Sonstige,6.6,6.4,6.7
04B7L,0407,79,1212,FDP,5.1,4.9,5.2
04B7M,0407,79,1270,CDU,21.1,19.1,21.4
04B7M,0407,79,1270,GRUENE,21.0,20.9,21.2
04B7M,0407,79,1270,LINKE,17.1,16.9,17.4
04B7M,0407,79,1270,SPD,14.3,14.0,14.5
04B7M,0407,79,1270,AFD,9.0,8.8,9.5
04B7M,0407,79,1270,Sonstige,8.5,8.2,8.7
04B7M,0407,79,1270,FDP,4.7,4.6,4.8
04B7N,0407,79,1160,CDU,29.8,28.4,29.9
04B7N,0407,79,1160,SPD,16.1,15.8,16.3
04B7N,0407,79,1160,AFD,12.4,12.2,12.7
04B7N,0407,79,1160,GRUENE,11.3,11.1,11.5
04B7N,0407,79,1160,LINKE,11.1,11.0,11.3
04B7N,0407,79,1160,Sonstige,8.7,8.4,8.8
04B7N,0407,79,1160,FDP,4.9,4.7,4.9
04B7P,0407,79,1252,LINKE,21.5,21.3,21.9
04B7P,0407,79,1252,CDU,19.3,17.6,19.7
04B7P,0407,79,1252,GRUENE,18.6,18.3,18.8
04B7P,0407,79,1252,SPD,14.5,14.1,14.7
04B7P,0407,79,1252,AFD,10.8,10.5,11.2
04B7P,0407,79,1252,Sonstige,9.4,9.0,9.6
04B7P,0407,79,1252,FDP,4.3,4.1,4.5
04B7Q,0407,79,1230,GRUENE,25.7,25.4,25.9
04B7Q,0407,79,1230,CDU,19.1,17.8,19.4
04B7Q,0407,79,1230,LINKE,15.5,15.4,15.8
04B7Q,0407,79,1230,SPD,14.7,14.4,14.9
04B7Q,0407,79,1230,Sonstige,6.8,6.5,7.0
04B7Q,0407,79,1230,AFD,6.8,6.6,7.3
04B7Q,0407,79,1230,FDP,4.8,4.6,4.8
04B7R,0407,79,996,CDU,31.4,29.6,31.5
04B7R,0407,79,996,SPD,16.7,16.4,16.8
04B7R,0407,79,996,GRUENE,11.9,11.8,12.2
04B7R,0407,79,996,AFD,11.8,11.7,12.0
04B7R,0407,79,996,LINKE,9.8,9.7,10.0
04B7R,0407,79,996,Sonstige,5.8,5.6,5.9
04B7R,0407,79,996,FDP,5.4,5.2,5.5
04B7S,0407,79,1250,CDU,31.6,30.1,31.8
04B7S,0407,79,1250,SPD,16.4,16.1,16.5
04B7S,0407,79,1250,GRUENE,12.2,12.1,12.4
04B7S,0407,79,1250,AFD,11.0,10.8,11.3
04B7S,0407,79,1250,LINKE,10.3,10.1,10.5
04B7S,0407,79,1250,Sonstige,5.9,5.7,6.1
04B7S,0407,79,1250,FDP,5.6,5.4,5.9
04B7T,0407,79,1232,CDU,29.7,28.1,29.8
04B7T,0407,79,1232,SPD,16.1,15.8,16.2
04B7T,0407,79,1232,GRUENE,14.1,13.9,14.3
04B7T,0407,79,1232,LINKE,12.0,11.9,12.2
04B7T,0407,79,1232,AFD,10.5,10.4,10.9
04B7T,0407,79,1232,Sonstige,7.7,7.4,7.7
04B7T,0407,79,1232,FDP,4.7,4.6,4.8
04B7U,0407,79,1290,CDU,27.4,25.6,27.5
04B7U,0407,79,1290,SPD,16.9,16.6,17.1
04B7U,0407,79,1290,GRUENE,15.3,15.1,15.4
04B7U,0407,79,1290,LINKE,11.5,11.4,11.8
04B7U,0407,79,1290,AFD,10.5,10.3,10.7
04B7U,0407,79,1290,Sonstige,7.2,6.9,7.3
04B7U,0407,79,1290,FDP,5.1,5.0,5.2
04B7V,0407,79,1137,CDU,28.7,27.7,28.7
04B7V,0407,79,1137,GRUENE,15.9,15.7,16.3
04B7V,0407,79,1137,SPD,14.2,13.9,14.3
04B7V,0407,79,1137,LINKE,11.6,11.3,12.0
04B7V,0407,79,1137,Sonstige,8.1,7.8,8.4
04B7V,0407,79,1137,AFD,8.0,7.7,8.4
04B7V,0407,79,1137,FDP,4.8,4.6,4.9
04B7W,0407,79,2403,CDU,31.6,29.8,31.8
04B7W,0407,79,2403,SPD,15.5,15.2,15.7
04B7W,0407,79,2403,GRUENE,14.5,14.4,14.6
04B7W,0407,79,2403,AFD,10.7,10.5,11.1
04B7W,0407,79,2403,LINKE,9.6,9.4,9.7
04B7W,0407,79,2403,Sonstige,7.4,7.1,7.6
04B7W,0407,79,2403,FDP,5.3,5.1,5.4
04B7X,0407,79,1230,CDU,21.1,19.4,21.3
04B7X,0407,79,1230,GRUENE,18.2,18.0,18.4
04B7X,0407,79,1230,LINKE,16.8,16.7,17.0
04B7X,0407,79,1230,SPD,16.3,16.0,16.4
04B7X,0407,79,1230,AFD,9.1,9.0,9.4
04B7X,0407,79,1230,Sonstige,8.4,8.2,8.5
04B7X,0407,79,1230,FDP,4.7,4.6,4.7
04B8A,0401,79,2151,CDU,21.3,18.8,21.5
04B8A,0401,79,2151,GRUENE,20.2,20.1,20.4
04B8A,0401,79,2151,LINKE,16.0,15.9,16.3
04B8A,0401,79,2151,SPD,14.7,14.5,14.8
04B8A,0401,79,2151,AFD,9.8,9.3,10.7
04B8A,0401,79,2151,Sonstige,8.5,8.4,8.7
04B8A,0401,79,2151,FDP,4.1,3.9,4.1
04B8B,0401,79,1082,GRUENE,22.4,22.2,22.6
04B8B,0401,79,1082,CDU,22.1,19.3,22.2
04B8B,0401,79,1082,LINKE,15.1,14.9,15.4
04B8B,0401,79,1082,SPD,14.1,13.8,14.2
04B8B,0401,79,1082,AFD,8.1,7.6,8.9
04B8B,0401,79,1082,Sonstige,8.1,7.9,8.2
04B8B,0401,79,1082,FDP,3.8,3.7,3.9
04B8C,0401,79,1151,CDU,23.2,20.6,23.4
04B8C,0401,79,1151,GRUENE,18.6,18.1,18.8
04B8C,0401,79,1151,SPD,17.3,17.0,17.5
04B8C,0401,79,1151,LINKE,15.2,15.1,15.5
04B8C,0401,79,1151,Sonstige,9.6,9.2,9.8
04B8C,0401,79,1151,AFD,8.8,8.4,9.7
04B8C,0401,79,1151,FDP,3.4,3.3,3.6
04B8D,0401,79,1071,GRUENE,23.0,22.7,23.2
04B8D,0401,79,1071,CDU,19.0,16.6,19.1
04B8D,0401,79,1071,LINKE,17.9,17.7,18.3
04B8D,0401,79,1071,SPD,12.2,11.9,12.3
04B8D,0401,79,1071,Sonstige,10.4,10.1,10.6
04B8D,0401,79,1071,AFD,7.7,7.2,8.5
04B8D,0401,79,1071,FDP,3.8,3.6,3.9
04B8E,0401,79,1227,GRUENE,25.0,24.8,25.2
04B8E,0401,79,1227,CDU,17.6,14.6,17.7
04B8E,0401,79,1227,LINKE,17.6,17.4,17.9
04B8E,0401,79,1227,SPD,13.1,12.9,13.2
04B8E,0401,79,1227,Sonstige,9.2,9.0,9.4
04B8E,0401,79,1227,AFD,7.3,6.9,8.0
04B8E,0401,79,1227,FDP,3.7,3.4,3.9
04B8F,0401,79,1130,GRUENE,26.2,26.0,26.4
04B8F,0401,79,1130,LINKE,18.2,18.1,18.6
04B8F,0401,79,1130,CDU,16.6,14.3,16.7
04B8F,0401,79,1130,SPD,12.8,12.6,12.9
04B8F,0401,79,1130,Sonstige,10.7,10.5,11.0
04B8F,0401,79,1130,AFD,7.5,7.0,8.2
04B8F,0401,79,1130,FDP,3.1,2.7,3.3
05B1A,0501,77,1761,CDU,30.8,29.7,31.1
05B1A,0501,77,1761,SPD,16.1,15.8,16.3
05B1A,0501,77,1761,GRUENE,14.0,13.6,14.2
05B1A,0501,77,1761,AFD,11.7,11.4,12.5
05B1A,0501,77,1761,LINKE,9.0,8.7,9.2
05B1A,0501,77,1761,Sonstige,8.6,8.3,8.8
05B1A,0501,77,1761,FDP,4.9,4.7,5.0
05B1B,0501,77,2058,CDU,31.2,30.7,31.5
05B1B,0501,77,2058,AFD,14.2,14.0,15.0
05B1B,0501,77,2058,SPD,13.2,12.9,13.3
05B1B,0501,77,2058,LINKE,12.7,12.5,13.0
05B1B,0501,77,2058,Sonstige,10.4,10.2,10.6
05B1B,0501,77,2058,GRUENE,10.0,9.8,10.2
05B1B,0501,77,2058,FDP,4.2,4.1,4.3
05B1C,0501,77,2126,CDU,28.1,27.8,28.8
05B1C,0501,77,2126,SPD,13.8,13.5,14.0
05B1C,0501,77,2126,LINKE,13.3,13.0,13.6
05B1C,0501,77,2126,AFD,12.4,12.1,13.3
05B1C,0501,77,2126,Sonstige,12.3,12.1,12.6
05B1C,0501,77,2126,GRUENE,11.9,11.7,12.2
05B1C,0501,77,2126,FDP,3.6,3.4,3.7
05B1D,0501,77,1027,CDU,29.4,28.7,29.5
05B1D,0501,77,1027,SPD,14.2,13.9,14.3
05B1D,0501,77,1027,AFD,13.9,13.7,14.7
05B1D,0501,77,1027,Sonstige,13.0,12.7,13.3
05B1D,0501,77,1027,LINKE,10.5,10.3,10.8
05B1D,0501,77,1027,GRUENE,10.4,10.2,10.8
05B1D,0501,77,1027,FDP,3.8,3.6,3.9
05B1E,0501,77,1135,CDU,28.6,27.3,28.8
05B1E,0501,77,1135,AFD,14.5,14.3,15.3
05B1E,0501,77,1135,SPD,14.3,14.0,14.5
05B1E,0501,77,1135,LINKE,13.9,13.7,14.2
05B1E,0501,77,1135,Sonstige,12.4,12.2,12.6
05B1E,0501,77,1135,GRUENE,8.8,8.6,9.1
05B1E,0501,77,1135,FDP,4.1,3.8,4.1
05B1F,0501,77,359,CDU,28.9,28.5,30.5
05B1F,0501,77,359,SPD,14.9,14.6,15.1
05B1F,0501,77,359,LINKE,14.8,14.6,15.2
05B1F,0501,77,359,Sonstige,11.7,11.5,12.0
05B1F,0501,77,359,AFD,11.6,11.3,12.6
05B1F,0501,77,359,GRUENE,10.0,9.8,10.3
05B1F,0501,77,359,FDP,4.0,3.8,4.0
05B1G,0501,77,2404,CDU,30.0,29.3,30.2
05B1G,0501,77,2404,SPD,17.0,16.5,17.2
05B1G,0501,77,2404,AFD,13.8,13.5,14.8
05B1G,0501,77,2404,LINKE,10.6,10.5,10.9
05B1G,0501,77,2404,GRUENE,9.9,9.4,10.3
05B1G,0501,77,2404,Sonstige,9.0,8.7,9.2
05B1G,0501,77,2404,FDP,4.2,4.0,4.3
05B1H,0501,77,1222,CDU,28.9,28.5,29.2
05B1H,0501,77,1222,SPD,14.3,13.9,14.4
05B1H,0501,77,1222,AFD,13.8,13.5,14.8
05B1H,0501,77,1222,LINKE,12.9,12.7,13.3
05B1H,0501,77,1222,GRUENE,11.5,11.2,11.8
05B1H,0501,77,1222,Sonstige,10.1,9.8,10.4
05B1H,0501,77,1222,FDP,3.6,3.5,3.7
05B1J,0501,77,2767,CDU,25.0,23.9,25.1
05B1J,0501,77,2767,SPD,15.2,14.9,15.3
05B1J,0501,77,2767,AFD,14.5,14.2,15.6
05B1J,0501,77,2767,LINKE,13.4,13.3,13.7
05B1J,0501,77,2767,Sonstige,12.6,12.4,12.8
05B1J,0501,77,2767,GRUENE,12.3,12.0,12.4
05B1J,0501,77,2767,FDP,3.7,3.5,3.8
05B1K,0501,77,1920,CDU,26.6,25.3,26.7
05B1K,0501,77,1920,SPD,15.7,15.4,15.8
05B1K,0501,77,1920,AFD,14.1,13.9,14.9
05B1K,0501,77,1920,LINKE,12.8,12.7,13.1
05B1K,0501,77,1920,Sonstige,12.2,12.0,12.4
05B1K,0501,77,1920,GRUENE,11.3,11.1,11.4
05B1K,0501,77,1920,FDP,3.9,3.7,3.9
05B1L,0501,77,2000,CDU,29.4,28.4,29.7
05B1L,0501,77,2000,SPD,15.6,15.3,15.8
05B1L,0501,77,2000,AFD,15.0,14.8,15.7
05B1L,0501,77,2000,Sonstige,11.7,11.5,11.9
05B1L,0501,77,2000,LINKE,11.6,11.5,11.9
05B1L,0501,77,2000,GRUENE,8.5,8.3,8.7
05B1L,0501,77,2000,FDP,4.0,3.7,4.1
05B1M,0501,77,2003,CDU,32.5,31.5,32.6
05B1M,0501,77,2003,SPD,15.8,15.5,15.9
05B1M,0501,77,2003,AFD,14.3,14.1,15.1
05B1M,0501,77,2003,LINKE,10.4,10.3,10.6
05B1M,0501,77,2003,Sonstige,9.9,9.7,10.1
05B1M,0501,77,2003,GRUENE,9.1,9.0,9.3
05B1M,0501,77,2003,FDP,4.2,4.0,4.3
05B1N,0501,77,1984,CDU,33.6,33.2,34.1
05B1N,0501,77,1984,SPD,15.4,15.1,15.5
05B1N,0501,77,1984,AFD,14.1,13.8,14.8
05B1N,0501,77,1984,GRUENE,9.9,9.7,10.0
05B1N,0501,77,1984,LINKE,9.4,9.2,9.5
05B1N,0501,77,1984,Sonstige,8.9,8.8,9.1
05B1N,0501,77,1984,FDP,4.4,4.3,4.5
05B1P,0501,77,1162,CDU,30.9,29.8,31.1
05B1P,0501,77,1162,SPD,15.6,15.3,15.8
05B1P,0501,77,1162,AFD,11.8,11.7,12.7
05B1P,0501,77,1162,GRUENE,11.7,11.5,12.0
05B1P,0501,77,1162,Sonstige,11.1,10.7,11.3
05B1P,0501,77,1162,LINKE,8.8,8.6,8.9
05B1P,0501,77,1162,FDP,4.2,4.0,4.3
05B1Q,0501,77,2968,CDU,26.2,25.4,26.4
05B1Q,0501,77,2968,AFD,16.8,16.5,17.5
05B1Q,0501,77,2968,SPD,15.9,15.5,16.0
05B1Q,0501,77,2968,LINKE,13.8,13.6,14.1
05B1Q,0501,77,2968,Sonstige,12.0,11.8,12.2
05B1Q,0501,77,2968,GRUENE,7.6,7.4,7.8
05B1Q,0501,77,2968,FDP,3.6,3.3,3.6
05B1R,0501,77,2249,CDU,34.1,33.1,34.3
05B1R,0501,77,2249,AFD,17.1,16.8,17.8
05B1R,0501,77,2249,SPD,16.4,16.0,16.5
05B1R,0501,77,2249,Sonstige,12.2,12.0,12.4
05B1R,0501,77,2249,LINKE,8.3,8.1,8.4
05B1R,0501,77,2249,GRUENE,5.2,4.9,5.5
05B1R,0501,77,2249,FDP,3.8,3.7,4.0
05B1S,0501,77,1565,CDU,32.2,31.5,32.4
05B1S,0501,77,1565,SPD,16.8,16.5,17.0
05B1S,0501,77,1565,AFD,15.3,15.1,16.3
05B1S,0501,77,1565,Sonstige,10.7,10.4,10.9
05B1S,0501,77,1565,LINKE,9.9,9.7,10.1
05B1S,0501,77,1565,GRUENE,7.1,6.8,7.4
05B1S,0501,77,1565,FDP,3.8,3.5,3.9
05B1T,0501,77,2921,CDU,31.2,30.1,31.4
05B1T,0501,77,2921,AFD,17.2,16.9,18.1
05B1T,0501,77,2921,SPD,16.1,15.8,16.3
05B1T,0501,77,2921,Sonstige,11.6,11.4,11.8
05B1T,0501,77,2921,LINKE,11.0,10.9,11.3
05B1T,0501,77,2921,GRUENE,6.5,6.1,6.8
05B1T,0501,77,2921,FDP,4.1,3.9,4.3
05B2A,0502,77,2531,CDU,25.1,24.0,25.2
05B2A,0502,77,2531,LINKE,15.2,15.0,15.5
05B2A,0502,77,2531,AFD,15.1,14.8,15.4
05B2A,0502,77,2531,SPD,14.8,14.5,14.9
05B2A,0502,77,2531,Sonstige,12.2,12.0,12.4
05B2A,0502,77,2531,GRUENE,11.1,10.8,11.2
05B2A,0502,77,2531,FDP,3.9,3.7,3.9
05B2B,0502,77,2819,CDU,22.4,21.0,22.6
05B2B,0502,77,2819,LINKE,15.4,15.2,15.8
05B2B,0502,77,2819,SPD,14.5,14.2,14.7
05B2B,0502,77,2819,GRUENE,14.5,14.3,14.7
05B2B,0502,77,2819,AFD,13.9,13.6,14.4
05B2B,0502,77,2819,Sonstige,11.9,11.6,12.1
05B2B,0502,77,2819,FDP,3.6,3.4,3.6
05B2C,0502,77,2427,CDU,24.6,24.1,24.8
05B2C,0502,77,2427,SPD,15.8,15.5,15.9
05B2C,0502,77,2427,GRUENE,14.2,13.9,14.4
05B2C,0502,77,2427,LINKE,13.9,13.7,14.1
05B2C,0502,77,2427,AFD,13.1,12.8,13.6
05B2C,0502,77,2427,Sonstige,11.3,11.1,11.5
05B2C,0502,77,2427,FDP,3.6,3.3,3.7
05B2D,0502,77,1790,CDU,26.2,25.1,26.3
05B2D,0502,77,1790,SPD,14.6,14.3,14.7
05B2D,0502,77,1790,GRUENE,14.2,14.0,14.3
05B2D,0502,77,1790,LINKE,13.2,13.1,13.6
05B2D,0502,77,1790,AFD,13.1,12.8,13.4
05B2D,0502,77,1790,Sonstige,10.7,10.4,10.8
05B2D,0502,77,1790,FDP,3.6,3.4,3.7
05B2E,0502,77,1811,CDU,26.7,26.3,27.1
05B2E,0502,77,1811,SPD,17.4,17.1,17.6
05B2E,0502,77,1811,AFD,16.5,16.2,16.8
05B2E,0502,77,1811,Sonstige,11.7,11.5,11.9
05B2E,0502,77,1811,LINKE,11.5,11.4,11.8
05B2E,0502,77,1811,GRUENE,8.8,8.5,9.1
05B2E,0502,77,1811,FDP,3.6,3.4,3.7
05B2F,0502,77,1810,CDU,26.9,26.0,27.1
05B2F,0502,77,1810,SPD,16.5,16.1,16.6
05B2F,0502,77,1810,AFD,15.5,15.2,15.8
05B2F,0502,77,1810,LINKE,12.1,11.9,12.5
05B2F,0502,77,1810,GRUENE,10.8,10.5,11.0
05B2F,0502,77,1810,Sonstige,10.4,10.2,10.6
05B2F,0502,77,1810,FDP,3.8,3.6,3.9
05B2G,0502,77,1975,CDU,25.9,25.2,26.1
05B2G,0502,77,1975,AFD,17.4,16.9,17.6
05B2G,0502,77,1975,SPD,17.0,16.6,17.2
05B2G,0502,77,1975,Sonstige,12.4,12.2,12.7
05B2G,0502,77,1975,LINKE,11.2,11.0,11.5
05B2G,0502,77,1975,GRUENE,7.2,7.0,7.5
05B2G,0502,77,1975,FDP,3.6,3.4,3.7
05B2H,0502,77,2083,CDU,25.8,25.5,26.2
05B2H,0502,77,2083,SPD,18.0,17.7,18.2
05B2H,0502,77,2083,AFD,15.3,15.0,15.5
05B2H,0502,77,2083,Sonstige,12.9,12.7,13.1
05B2H,0502,77,2083,LINKE,10.5,10.4,10.7
05B2H,0502,77,2083,GRUENE,9.4,9.2,9.5
05B2H,0502,77,2083,FDP,3.6,3.5,3.7
05B2J,0502,77,2121,CDU,31.2,30.5,31.4
05B2J,0502,77,2121,SPD,16.6,16.3,16.7
05B2J,0502,77,2121,AFD,15.5,15.2,15.7
05B2J,0502,77,2121,Sonstige,11.9,11.7,12.0
05B2J,0502,77,2121,LINKE,8.6,8.4,8.7
05B2J,0502,77,2121,GRUENE,7.9,7.7,8.1
05B2J,0502,77,2121,FDP,3.8,3.7,3.9
05B2K,0502,77,2365,CDU,28.0,27.2,28.2
05B2K,0502,77,2365,SPD,16.2,15.9,16.4
05B2K,0502,77,2365,AFD,16.1,15.8,16.4
05B2K,0502,77,2365,Sonstige,11.9,11.7,12.1
05B2K,0502,77,2365,LINKE,11.3,11.1,11.6
05B2K,0502,77,2365,GRUENE,8.5,8.3,8.7
05B2K,0502,77,2365,FDP,3.9,3.7,4.0
05B2L,0502,77,1869,CDU,23.4,22.8,23.6
05B2L,0502,77,1869,SPD,15.5,15.2,15.7
05B2L,0502,77,1869,AFD,14.8,14.5,15.0
05B2L,0502,77,1869,LINKE,14.2,14.0,14.5
05B2L,0502,77,1869,Sonstige,13.8,13.7,14.0
05B2L,0502,77,1869,GRUENE,11.0,10.9,11.2
05B2L,0502,77,1869,FDP,3.6,3.4,3.6
05B2M,0502,77,1709,CDU,31.1,30.2,31.2
05B2M,0502,77,1709,SPD,15.9,15.6,16.1
05B2M,0502,77,1709,AFD,14.8,14.6,15.1
05B2M,0502,77,1709,LINKE,11.4,11.2,11.6
05B2M,0502,77,1709,Sonstige,10.5,10.3,10.7
05B2M,0502,77,1709,GRUENE,7.6,7.5,7.8
05B2M,0502,77,1709,FDP,4.1,3.9,4.2
05B2N,0502,77,1660,CDU,27.9,27.1,28.1
05B2N,0502,77,1660,SPD,14.2,13.9,14.3
05B2N,0502,77,1660,Sonstige,13.6,13.4,13.8
05B2N,0502,77,1660,AFD,13.5,13.3,13.8
05B2N,0502,77,1660,GRUENE,12.5,12.2,12.7
05B2N,0502,77,1660,LINKE,10.6,10.4,10.9
05B2N,0502,77,1660,FDP,3.8,3.6,3.8
05B2P,0502,77,1571,CDU,31.6,30.8,31.8
05B2P,0502,77,1571,AFD,15.9,15.6,16.2
05B2P,0502,77,1571,SPD,15.4,15.1,15.5
05B2P,0502,77,1571,Sonstige,11.6,11.3,11.8
05B2P,0502,77,1571,LINKE,10.4,10.2,10.6
05B2P,0502,77,1571,GRUENE,8.6,8.3,8.8
05B2P,0502,77,1571,FDP,3.9,3.7,4.0
05B3A,0503,77,1950,CDU,26.6,25.4,26.7
05B3A,0503,77,1950,SPD,14.2,13.9,14.3
05B3A,0503,77,1950,AFD,13.4,13.1,14.0
05B3A,0503,77,1950,LINKE,12.9,12.8,13.2
05B3A,0503,77,1950,GRUENE,12.6,12.5,12.8
05B3A,0503,77,1950,Sonstige,11.4,11.2,11.8
05B3A,0503,77,1950,FDP,3.9,3.7,4.0
05B3B,0503,77,2353,CDU,23.0,21.5,23.1
05B3B,0503,77,2353,SPD,14.4,14.1,14.5
05B3B,0503,77,2353,GRUENE,14.3,14.1,14.5
05B3B,0503,77,2353,LINKE,14.2,14.0,14.5
05B3B,0503,77,2353,AFD,13.7,13.4,14.3
05B3B,0503,77,2353,Sonstige,11.9,11.7,12.3
05B3B,0503,77,2353,FDP,3.8,3.4,3.9
05B3C,0503,77,2304,CDU,25.3,23.7,25.4
05B3C,0503,77,2304,SPD,14.8,14.5,14.9
05B3C,0503,77,2304,AFD,14.0,13.7,14.6
05B3C,0503,77,2304,LINKE,13.9,13.7,14.2
05B3C,0503,77,2304,GRUENE,12.4,12.2,12.5
05B3C,0503,77,2304,Sonstige,11.7,11.5,12.0
05B3C,0503,77,2304,FDP,3.7,3.4,3.7
05B3D,0503,77,2168,CDU,21.8,20.5,22.1
05B3D,0503,77,2168,SPD,17.9,17.5,18.0
05B3D,0503,77,2168,AFD,14.0,13.8,14.4
05B3D,0503,77,2168,LINKE,13.3,13.1,13.7
05B3D,0503,77,2168,GRUENE,13.0,12.8,13.2
05B3D,0503,77,2168,Sonstige,10.0,9.8,10.3
05B3D,0503,77,2168,FDP,3.8,3.5,3.8
05B3E,0503,77,1834,CDU,30.0,28.7,30.2
05B3E,0503,77,1834,SPD,15.5,15.1,15.6
05B3E,0503,77,1834,AFD,14.2,14.0,14.8
05B3E,0503,77,1834,LINKE,12.1,11.9,12.4
05B3E,0503,77,1834,Sonstige,10.9,10.7,11.2
05B3E,0503,77,1834,GRUENE,9.4,9.2,9.6
05B3E,0503,77,1834,FDP,4.1,3.8,4.1
05B3F,0503,77,1985,CDU,29.5,28.0,29.7
05B3F,0503,77,1985,AFD,16.1,15.8,16.7
05B3F,0503,77,1985,SPD,14.4,14.1,14.6
05B3F,0503,77,1985,LINKE,12.3,12.2,12.6
05B3F,0503,77,1985,Sonstige,10.9,10.6,11.2
05B3F,0503,77,1985,GRUENE,9.4,9.1,9.6
05B3F,0503,77,1985,FDP,4.2,4.0,4.3
05B3G,0503,77,2024,CDU,24.0,22.9,24.4
05B3G,0503,77,2024,GRUENE,14.1,13.8,14.2
05B3G,0503,77,2024,LINKE,13.7,13.6,14.0
05B3G,0503,77,2024,SPD,13.5,13.3,13.6
05B3G,0503,77,2024,AFD,13.4,13.2,14.0
05B3G,0503,77,2024,Sonstige,12.9,12.6,13.3
05B3G,0503,77,2024,FDP,3.9,3.6,3.9
05B3H,0503,77,2124,CDU,23.7,22.4,23.8
05B3H,0503,77,2124,GRUENE,15.6,15.4,15.7
05B3H,0503,77,2124,LINKE,14.7,14.6,15.0
05B3H,0503,77,2124,SPD,13.7,13.4,13.8
05B3H,0503,77,2124,Sonstige,12.6,12.4,13.0
05B3H,0503,77,2124,AFD,12.0,11.8,12.5
05B3H,0503,77,2124,FDP,3.7,3.5,3.8
05B3J,0503,77,1977,CDU,23.5,22.5,23.7
05B3J,0503,77,1977,GRUENE,14.9,14.6,15.0
05B3J,0503,77,1977,SPD,14.8,14.5,14.9
05B3J,0503,77,1977,LINKE,14.2,14.1,14.4
05B3J,0503,77,1977,AFD,12.9,12.6,13.5
05B3J,0503,77,1977,Sonstige,12.0,11.8,12.3
05B3J,0503,77,1977,FDP,3.9,3.7,3.9
05B3K,0503,77,1766,CDU,29.0,27.5,29.2
05B3K,0503,77,1766,SPD,14.5,14.3,14.6
05B3K,0503,77,1766,GRUENE,12.9,12.7,13.1
05B3K,0503,77,1766,AFD,12.7,12.5,13.3
05B3K,0503,77,1766,Sonstige,11.8,11.5,12.1
05B3K,0503,77,1766,LINKE,10.9,10.7,11.0
05B3K,0503,77,1766,FDP,3.8,3.6,3.9
05B3L,0503,77,1149,CDU,35.7,34.4,36.0
05B3L,0503,77,1149,AFD,16.6,16.3,17.0
05B3L,0503,77,1149,SPD,15.6,15.2,15.7
05B3L,0503,77,1149,Sonstige,9.6,9.4,10.0
05B3L,0503,77,1149,LINKE,9.5,9.4,9.7
05B3L,0503,77,1149,GRUENE,7.8,7.2,8.2
05B3L,0503,77,1149,FDP,3.8,3.6,3.9
05B3M,0503,77,1920,CDU,34.5,33.4,34.7
05B3M,0503,77,1920,SPD,14.4,14.1,14.5
05B3M,0503,77,1920,AFD,13.8,13.5,14.4
05B3M,0503,77,1920,LINKE,10.7,10.5,11.1
05B3M,0503,77,1920,Sonstige,10.4,10.0,10.8
05B3M,0503,77,1920,GRUENE,9.8,9.5,10.2
05B3M,0503,77,1920,FDP,3.3,3.0,3.4
05B3N,0503,77,1994,CDU,32.5,31.9,32.7
05B3N,0503,77,1994,SPD,15.5,15.2,15.6
05B3N,0503,77,1994,AFD,13.4,13.2,13.8
05B3N,0503,77,1994,Sonstige,12.0,11.7,12.4
05B3N,0503,77,1994,LINKE,9.7,9.4,9.9
05B3N,0503,77,1994,GRUENE,8.2,8.0,8.4
05B3N,0503,77,1994,FDP,3.9,3.7,4.0
05B3P,0503,77,2149,CDU,25.9,24.1,26.1
05B3P,0503,77,2149,AFD,16.0,15.7,16.7
05B3P,0503,77,2149,SPD,15.7,15.3,15.9
05B3P,0503,77,2149,Sonstige,14.0,13.7,14.3
05B3P,0503,77,2149,LINKE,13.2,13.0,13.5
05B3P,0503,77,2149,GRUENE,9.3,8.9,9.6
05B3P,0503,77,2149,FDP,3.8,3.7,3.9
05B3Q,0503,77,894,CDU,36.1,34.6,36.3
05B3Q,0503,77,894,SPD,13.6,13.3,13.8
05B3Q,0503,77,894,AFD,13.2,12.9,13.6
05B3Q,0503,77,894,GRUENE,11.2,10.9,11.3
05B3Q,0503,77,894,Sonstige,8.9,8.7,9.3
05B3Q,0503,77,894,LINKE,8.1,7.9,8.2
05B3Q,0503,77,894,FDP,4.2,4.0,4.3
05B3R,0503,77,1654,CDU,25.0,24.6,25.9
05B3R,0503,77,1654,GRUENE,14.0,13.7,14.4
05B3R,0503,77,1654,Sonstige,14.0,13.5,14.4
05B3R,0503,77,1654,SPD,13.5,13.1,13.7
05B3R,0503,77,1654,LINKE,13.0,12.7,13.4
05B3R,0503,77,1654,AFD,11.5,11.1,12.3
05B3R,0503,77,1654,FDP,3.0,2.8,3.2
05B3S,0503,77,2218,CDU,24.7,23.7,25.0
05B3S,0503,77,2218,AFD,14.9,14.6,15.5
05B3S,0503,77,2218,SPD,14.1,13.7,14.2
05B3S,0503,77,2218,GRUENE,13.0,12.5,13.3
05B3S,0503,77,2218,LINKE,12.9,12.7,13.2
05B3S,0503,77,2218,Sonstige,12.8,12.5,13.1
05B3S,0503,77,2218,FDP,3.7,3.5,3.8
05B4A,0504,77,2583,CDU,31.7,31.5,33.7
05B4A,0504,77,2583,SPD,17.5,17.2,17.6
05B4A,0504,77,2583,AFD,16.2,15.9,16.6
05B4A,0504,77,2583,Sonstige,10.4,10.2,10.6
05B4A,0504,77,2583,LINKE,9.8,9.7,10.1
05B4A,0504,77,2583,GRUENE,6.7,6.4,7.0
05B4A,0504,77,2583,FDP,3.7,3.5,3.8
05B4B,0504,77,2155,CDU,35.7,35.3,37.5
05B4B,0504,77,2155,SPD,15.8,15.5,15.9
05B4B,0504,77,2155,AFD,15.3,15.1,15.7
05B4B,0504,77,2155,LINKE,9.1,9.0,9.3
05B4B,0504,77,2155,Sonstige,8.7,8.5,8.8
05B4B,0504,77,2155,GRUENE,7.6,7.3,7.8
05B4B,0504,77,2155,FDP,4.2,4.0,4.2
05B4C,0504,77,2013,CDU,36.8,36.5,38.3
05B4C,0504,77,2013,SPD,14.9,14.6,15.0
05B4C,0504,77,2013,AFD,13.5,13.3,13.8
05B4C,0504,77,2013,GRUENE,9.4,9.2,9.5
05B4C,0504,77,2013,Sonstige,9.3,9.1,9.4
05B4C,0504,77,2013,LINKE,7.2,7.0,7.4
05B4C,0504,77,2013,FDP,4.4,4.1,4.6
05B4D,0504,77,1490,CDU,44.1,43.7,44.8
05B4D,0504,77,1490,AFD,13.5,13.2,13.9
05B4D,0504,77,1490,SPD,12.7,12.4,12.9
05B4D,0504,77,1490,Sonstige,7.7,7.3,8.2
05B4D,0504,77,1490,GRUENE,7.5,6.9,7.9
05B4D,0504,77,1490,LINKE,7.4,7.1,7.7
05B4D,0504,77,1490,FDP,4.3,4.1,4.5
05B4E,0504,77,1075,CDU,35.2,34.8,37.0
05B4E,0504,77,1075,SPD,16.1,15.8,16.3
05B4E,0504,77,1075,AFD,13.5,13.2,14.0
05B4E,0504,77,1075,GRUENE,9.6,9.2,9.9
05B4E,0504,77,1075,Sonstige,9.0,8.7,9.3
05B4E,0504,77,1075,LINKE,7.6,7.4,7.9
05B4E,0504,77,1075,FDP,4.0,3.7,4.2
05B4F,0504,77,1072,CDU,38.7,38.3,40.0
05B4F,0504,77,1072,AFD,13.4,13.1,13.8
05B4F,0504,77,1072,SPD,13.4,13.1,13.6
05B4F,0504,77,1072,GRUENE,10.2,9.9,10.5
05B4F,0504,77,1072,Sonstige,9.1,8.8,9.6
05B4F,0504,77,1072,LINKE,6.9,6.7,7.1
05B4F,0504,77,1072,FDP,4.1,3.7,4.3
05B4G,0504,77,1078,CDU,38.8,38.5,40.1
05B4G,0504,77,1078,AFD,14.2,14.0,14.5
05B4G,0504,77,1078,SPD,13.6,13.4,13.8
05B4G,0504,77,1078,Sonstige,10.1,9.9,10.5
05B4G,0504,77,1078,GRUENE,7.8,7.5,8.1
05B4G,0504,77,1078,LINKE,7.5,7.1,7.7
05B4G,0504,77,1078,FDP,4.2,4.0,4.3
05B4H,0504,77,2123,CDU,36.2,35.9,37.7
05B4H,0504,77,2123,SPD,14.2,14.0,14.4
05B4H,0504,77,2123,AFD,13.5,13.3,13.9
05B4H,0504,77,2123,GRUENE,9.2,9.0,9.4
05B4H,0504,77,2123,Sonstige,9.0,8.8,9.1
05B4H,0504,77,2123,LINKE,8.7,8.6,8.9
05B4H,0504,77,2123,FDP,4.4,4.2,4.5
05B4J,0504,77,1999,CDU,34.0,33.5,35.6
05B4J,0504,77,1999,AFD,15.6,15.3,15.9
05B4J,0504,77,1999,SPD,14.4,14.2,14.6
05B4J,0504,77,1999,Sonstige,11.5,11.3,11.7
05B4J,0504,77,1999,LINKE,9.4,9.2,9.6
05B4J,0504,77,1999,GRUENE,7.6,7.4,7.7
05B4J,0504,77,1999,FDP,4.0,3.7,4.1
05B4K,0504,77,2534,CDU,32.6,32.3,34.5
05B4K,0504,77,2534,AFD,17.2,16.9,17.6
05B4K,0504,77,2534,SPD,16.0,15.6,16.1
05B4K,0504,77,2534,Sonstige,13.2,13.0,13.5
05B4K,0504,77,2534,LINKE,9.2,9.0,9.4
05B4K,0504,77,2534,GRUENE,4.2,4.0,4.4
05B4K,0504,77,2534,FDP,4.0,3.9,4.1
05B4L,0504,77,2211,CDU,34.2,33.9,35.8
05B4L,0504,77,2211,AFD,15.6,15.4,16.1
05B4L,0504,77,2211,SPD,15.3,15.0,15.5
05B4L,0504,77,2211,Sonstige,11.0,10.8,11.1
05B4L,0504,77,2211,LINKE,9.5,9.4,9.8
05B4L,0504,77,2211,GRUENE,7.2,7.0,7.4
05B4L,0504,77,2211,FDP,4.3,4.1,4.3
05B4M,0504,77,1914,CDU,36.6,36.2,37.7
05B4M,0504,77,1914,AFD,17.0,16.7,17.4
05B4M,0504,77,1914,SPD,15.3,15.0,15.4
05B4M,0504,77,1914,Sonstige,9.1,8.8,9.4
05B4M,0504,77,1914,LINKE,7.5,7.4,7.8
05B4M,0504,77,1914,GRUENE,5.6,5.3,6.0
05B4M,0504,77,1914,FDP,4.5,4.3,4.6
05B4N,0504,77,1727,CDU,35.9,35.7,37.8
05B4N,0504,77,1727,SPD,16.3,16.0,16.5
05B4N,0504,77,1727,AFD,15.4,15.2,15.7
05B4N,0504,77,1727,Sonstige,9.4,9.2,9.6
05B4N,0504,77,1727,LINKE,7.4,7.3,7.6
05B4N,0504,77,1727,GRUENE,6.6,6.4,6.8
05B4N,0504,77,1727,FDP,4.3,4.2,4.4
05B4P,0504,77,3305,CDU,32.4,32.1,33.7
05B4P,0504,77,3305,AFD,16.0,15.7,16.5
05B4P,0504,77,3305,SPD,15.9,15.6,16.0
05B4P,0504,77,3305,LINKE,10.3,10.1,10.5
05B4P,0504,77,3305,Sonstige,10.1,9.9,10.3
05B4P,0504,77,3305,GRUENE,6.5,6.2,6.8
05B4P,0504,77,3305,FDP,4.4,4.2,4.5
05B4Q,0504,77,1767,CDU,31.6,31.3,33.5
05B4Q,0504,77,1767,SPD,15.6,15.3,15.8
05B4Q,0504,77,1767,AFD,15.3,15.0,15.6
05B4Q,0504,77,1767,Sonstige,11.4,11.2,11.6
05B4Q,0504,77,1767,LINKE,9.4,9.2,9.7
05B4Q,0504,77,1767,GRUENE,8.0,7.9,8.3
05B4Q,0504,77,1767,FDP,3.8,3.7,3.9
05B4R,0504,77,1940,CDU,36.8,36.4,38.2
05B4R,0504,77,1940,SPD,14.7,14.4,14.9
05B4R,0504,77,1940,AFD,14.0,13.7,14.2
05B4R,0504,77,1940,GRUENE,9.3,9.0,9.6
05B4R,0504,77,1940,Sonstige,8.0,7.7,8.3
05B4R,0504,77,1940,LINKE,6.7,6.4,6.9
05B4R,0504,77,1940,FDP,4.7,4.6,4.8
05B5A,0505,77,2099,CDU,36.8,36.5,37.6
05B5A,0505,77,2099,SPD,16.4,16.1,16.5
05B5A,0505,77,2099,AFD,15.7,15.3,16.0
05B5A,0505,77,2099,Sonstige,9.6,9.4,9.9
05B5A,0505,77,2099,LINKE,6.1,5.9,6.3
05B5A,0505,77,2099,GRUENE,5.8,5.3,6.1
05B5A,0505,77,2099,FDP,4.8,4.6,4.9
05B5B,0505,77,3489,CDU,27.2,26.9,28.3
05B5B,0505,77,3489,AFD,18.7,18.1,19.0
05B5B,0505,77,3489,SPD,17.5,17.1,17.7
05B5B,0505,77,3489,Sonstige,12.1,11.7,12.3
05B5B,0505,77,3489,LINKE,9.5,9.4,9.8
05B5B,0505,77,3489,GRUENE,5.4,5.0,5.9
05B5B,0505,77,3489,FDP,3.8,3.6,3.9
05B5C,0505,77,2067,CDU,33.6,33.3,34.6
05B5C,0505,77,2067,SPD,17.2,16.8,17.3
05B5C,0505,77,2067,AFD,15.2,14.7,15.4
05B5C,0505,77,2067,Sonstige,10.4,10.2,10.6
05B5C,0505,77,2067,LINKE,8.9,8.7,9.0
05B5C,0505,77,2067,GRUENE,7.4,7.2,7.5
05B5C,0505,77,2067,FDP,4.1,3.9,4.1
05B5D,0505,77,1848,CDU,37.1,36.8,37.6
05B5D,0505,77,1848,SPD,16.3,16.0,16.4
05B5D,0505,77,1848,AFD,12.7,12.2,12.9
05B5D,0505,77,1848,GRUENE,8.8,8.7,9.0
05B5D,0505,77,1848,Sonstige,7.3,7.0,7.5
05B5D,0505,77,1848,LINKE,6.3,6.2,6.4
05B5D,0505,77,1848,FDP,5.0,4.8,5.0
05B5E,0505,77,1769,CDU,38.9,38.6,39.4
05B5E,0505,77,1769,SPD,15.1,14.8,15.3
05B5E,0505,77,1769,AFD,12.7,12.1,12.8
05B5E,0505,77,1769,GRUENE,8.1,7.9,8.2
05B5E,0505,77,1769,LINKE,7.8,7.7,7.9
05B5E,0505,77,1769,Sonstige,6.9,6.7,7.0
05B5E,0505,77,1769,FDP,5.2,5.1,5.3
05B5F,0505,77,2064,CDU,34.9,34.7,35.6
05B5F,0505,77,2064,SPD,15.8,15.5,16.0
05B5F,0505,77,2064,AFD,13.8,13.3,14.0
05B5F,0505,77,2064,Sonstige,9.7,9.5,9.9
05B5F,0505,77,2064,GRUENE,9.4,9.1,9.6
05B5F,0505,77,2064,LINKE,9.0,8.9,9.2
05B5F,0505,77,2064,FDP,4.0,3.8,4.1
05B5G,0505,77,2159,CDU,28.0,27.8,28.7
05B5G,0505,77,2159,SPD,17.3,16.9,17.5
05B5G,0505,77,2159,AFD,15.4,14.8,15.6
05B5G,0505,77,2159,Sonstige,11.2,11.0,11.3
05B5G,0505,77,2159,LINKE,10.7,10.6,10.9
05B5G,0505,77,2159,GRUENE,10.1,9.9,10.3
05B5G,0505,77,2159,FDP,3.8,3.6,3.9
05B5H,0505,77,1098,CDU,36.7,36.2,38.6
05B5H,0505,77,1098,SPD,17.6,17.2,17.7
05B5H,0505,77,1098,AFD,12.7,12.2,13.0
05B5H,0505,77,1098,GRUENE,9.7,9.5,9.9
05B5H,0505,77,1098,Sonstige,6.9,6.7,7.1
05B5H,0505,77,1098,LINKE,5.9,5.7,6.0
05B5H,0505,77,1098,FDP,4.8,4.7,4.9
05B5J,0505,77,1783,CDU,35.6,35.2,36.3
05B5J,0505,77,1783,SPD,15.2,14.9,15.3
05B5J,0505,77,1783,AFD,12.4,11.9,12.6
05B5J,0505,77,1783,GRUENE,10.7,10.5,10.9
05B5J,0505,77,1783,LINKE,8.2,8.0,8.3
05B5J,0505,77,1783,Sonstige,7.3,7.0,7.5
05B5J,0505,77,1783,FDP,5.1,4.9,5.2
05B5K,0505,77,1665,CDU,34.3,33.9,35.8
05B5K,0505,77,1665,GRUENE,13.5,13.3,13.7
05B5K,0505,77,1665,SPD,12.7,12.4,12.8
05B5K,0505,77,1665,AFD,11.1,10.7,11.4
05B5K,0505,77,1665,LINKE,8.4,8.3,8.6
05B5K,0505,77,1665,Sonstige,8.0,7.8,8.3
05B5K,0505,77,1665,FDP,5.3,5.1,5.3
05B5L,0505,77,1838,CDU,33.6,33.3,34.3
05B5L,0505,77,1838,SPD,16.3,16.0,16.4
05B5L,0505,77,1838,GRUENE,13.3,13.1,13.4
05B5L,0505,77,1838,AFD,12.0,11.5,12.3
05B5L,0505,77,1838,Sonstige,7.7,7.5,7.9
05B5L,0505,77,1838,LINKE,7.6,7.5,7.8
05B5L,0505,77,1838,FDP,4.6,4.5,4.7
05B5M,0505,77,967,CDU,39.7,39.3,41.0
05B5M,0505,77,967,SPD,16.6,16.2,16.8
05B5M,0505,77,967,AFD,11.7,11.2,12.0
05B5M,0505,77,967,GRUENE,9.6,9.4,9.8
05B5M,0505,77,967,LINKE,6.0,5.8,6.2
05B5M,0505,77,967,Sonstige,5.6,5.3,5.9
05B5M,0505,77,967,FDP,5.1,4.9,5.2
05B5N,0505,77,1203,CDU,36.3,35.9,37.1
05B5N,0505,77,1203,SPD,14.9,14.6,15.1
05B5N,0505,77,1203,AFD,11.7,11.2,11.9
05B5N,0505,77,1203,GRUENE,10.4,10.2,10.6
05B5N,0505,77,1203,LINKE,8.9,8.7,9.0
05B5N,0505,77,1203,Sonstige,7.3,7.1,7.4
05B5N,0505,77,1203,FDP,5.5,5.3,5.6
05B5P,0505,77,1864,CDU,36.7,36.4,37.2
05B5P,0505,77,1864,SPD,14.8,14.5,14.9
05B5P,0505,77,1864,AFD,12.0,11.6,12.2
05B5P,0505,77,1864,GRUENE,11.1,10.9,11.3
05B5P,0505,77,1864,Sonstige,8.1,7.9,8.3
05B5P,0505,77,1864,LINKE,6.9,6.7,7.1
05B5P,0505,77,1864,FDP,5.3,5.1,5.4
05B5Q,0505,77,1938,CDU,37.5,37.2,37.8
05B5Q,0505,77,1938,SPD,13.7,13.5,13.9
05B5Q,0505,77,1938,AFD,13.0,12.6,13.2
05B5Q,0505,77,1938,GRUENE,11.7,11.5,11.8
05B5Q,0505,77,1938,LINKE,6.3,6.2,6.5
05B5Q,0505,77,1938,Sonstige,6.3,6.1,6.5
05B5Q,0505,77,1938,FDP,5.6,5.4,5.7
05B5R,0505,77,1883,CDU,37.1,36.8,37.4
05B5R,0505,77,1883,SPD,13.7,13.4,13.9
05B5R,0505,77,1883,AFD,11.7,11.3,11.9
05B5R,0505,77,1883,GRUENE,11.6,11.3,11.8
05B5R,0505,77,1883,Sonstige,6.4,6.1,6.5
05B5R,0505,77,1883,FDP,5.9,5.7,6.0
05B5R,0505,77,1883,LINKE,5.8,5.6,6.0
05B5S,0505,77,1738,CDU,36.7,36.4,37.1
05B5S,0505,77,1738,SPD,13.0,12.8,13.2
05B5S,0505,77,1738,AFD,12.7,12.2,13.0
05B5S,0505,77,1738,GRUENE,12.6,12.3,12.8
05B5S,0505,77,1738,LINKE,9.4,9.2,9.6
05B5S,0505,77,1738,Sonstige,8.0,7.8,8.2
05B5S,0505,77,1738,FDP,4.8,4.6,5.0
06B1A,0601,78,1099,CDU,28.7,27.1,28.8
06B1A,0601,78,1099,GRUENE,17.3,17.0,17.6
06B1A,0601,78,1099,SPD,15.6,15.3,15.7
06B1A,0601,78,1099,LINKE,10.5,10.4,10.7
06B1A,0601,78,1099,AFD,8.6,8.4,8.8
06B1A,0601,78,1099,Sonstige,7.2,7.1,7.4
06B1A,0601,78,1099,FDP,4.9,4.6,5.0
06B1B,0601,78,1085,CDU,23.8,22.3,23.9
06B1B,0601,78,1085,GRUENE,21.5,21.3,21.7
06B1B,0601,78,1085,SPD,14.7,14.5,14.8
06B1B,0601,78,1085,LINKE,13.3,13.2,13.6
06B1B,0601,78,1085,AFD,7.3,7.1,7.7
06B1B,0601,78,1085,Sonstige,7.1,6.9,7.2
06B1B,0601,78,1085,FDP,4.8,4.5,4.8
06B1C,0601,78,960,GRUENE,26.2,26.0,26.4
06B1C,0601,78,960,CDU,19.3,16.9,19.5
06B1C,0601,78,960,LINKE,15.0,14.9,15.3
06B1C,0601,78,960,SPD,13.8,13.5,13.9
06B1C,0601,78,960,Sonstige,8.0,7.7,8.1
06B1C,0601,78,960,AFD,7.0,6.8,7.4
06B1C,0601,78,960,FDP,4.3,4.1,4.3
06B1D,0601,78,798,GRUENE,24.9,24.7,25.1
06B1D,0601,78,798,CDU,21.0,18.9,21.1
06B1D,0601,78,798,LINKE,15.4,15.3,15.8
06B1D,0601,78,798,SPD,13.7,13.4,13.8
06B1D,0601,78,798,Sonstige,7.5,7.3,7.7
06B1D,0601,78,798,AFD,7.2,7.0,7.7
06B1D,0601,78,798,FDP,4.3,4.2,4.4
06B1E,0601,78,1071,GRUENE,27.0,26.7,27.2
06B1E,0601,78,1071,CDU,17.6,16.1,17.7
06B1E,0601,78,1071,LINKE,15.5,15.4,15.8
06B1E,0601,78,1071,SPD,13.9,13.6,14.0
06B1E,0601,78,1071,Sonstige,8.8,8.6,9.0
06B1E,0601,78,1071,AFD,6.2,6.0,6.5
06B1E,0601,78,1071,FDP,4.0,3.7,4.1
06B1F,0601,78,1082,GRUENE,26.8,26.6,27.0
06B1F,0601,78,1082,CDU,17.8,15.7,18.0
06B1F,0601,78,1082,LINKE,17.4,17.3,17.7
06B1F,0601,78,1082,SPD,12.6,12.3,12.7
06B1F,0601,78,1082,Sonstige,9.8,9.6,10.0
06B1F,0601,78,1082,AFD,6.7,6.5,7.2
06B1F,0601,78,1082,FDP,4.1,3.9,4.1
06B1G,0601,78,1059,CDU,21.9,20.6,22.2
06B1G,0601,78,1059,GRUENE,19.2,19.0,19.3
06B1G,0601,78,1059,LINKE,15.8,15.7,16.1
06B1G,0601,78,1059,SPD,14.2,14.0,14.4
06B1G,0601,78,1059,Sonstige,9.9,9.7,10.1
06B1G,0601,78,1059,AFD,8.5,8.2,9.0
06B1G,0601,78,1059,FDP,4.3,4.2,4.4
06B1H,0601,78,1089,GRUENE,23.1,22.9,23.3
06B1H,0601,78,1089,CDU,19.9,18.0,20.1
06B1H,0601,78,1089,LINKE,19.4,19.3,19.8
06B1H,0601,78,1089,SPD,12.8,12.6,12.9
06B1H,0601,78,1089,Sonstige,9.0,8.8,9.1
06B1H,0601,78,1089,AFD,7.8,7.6,8.3
06B1H,0601,78,1089,FDP,3.5,3.1,3.6
06B1J,0601,78,1096,CDU,23.2,21.6,23.3
06B1J,0601,78,1096,SPD,16.2,15.8,16.3
06B1J,0601,78,1096,GRUENE,15.6,15.4,15.8
06B1J,0601,78,1096,LINKE,14.0,13.9,14.4
06B1J,0601,78,1096,AFD,11.9,11.7,12.1
06B1J,0601,78,1096,Sonstige,10.1,9.9,10.3
06B1J,0601,78,1096,FDP,3.9,3.8,4.0
06B1K,0601,78,1092,CDU,25.7,23.9,25.9
06B1K,0601,78,1092,SPD,16.0,15.8,16.2
06B1K,0601,78,1092,GRUENE,14.5,14.4,14.7
06B1K,0601,78,1092,LINKE,13.6,13.5,13.8
06B1K,0601,78,1092,AFD,10.5,10.3,10.8
06B1K,0601,78,1092,Sonstige,9.6,9.4,9.7
06B1K,0601,78,1092,FDP,4.1,3.9,4.3
06B1L,0601,78,1064,CDU,22.7,21.1,22.8
06B1L,0601,78,1064,GRUENE,19.2,19.0,19.3
06B1L,0601,78,1064,LINKE,14.6,14.5,15.0
06B1L,0601,78,1064,SPD,14.6,14.3,14.7
06B1L,0601,78,1064,AFD,9.7,9.4,10.0
06B1L,0601,78,1064,Sonstige,9.4,9.2,9.5
06B1L,0601,78,1064,FDP,3.7,3.5,3.8
06B1M,0601,78,1029,CDU,22.8,20.9,22.9
06B1M,0601,78,1029,GRUENE,17.9,17.7,18.1
06B1M,0601,78,1029,SPD,15.0,14.7,15.1
06B1M,0601,78,1029,LINKE,13.2,13.1,13.5
06B1M,0601,78,1029,AFD,10.4,10.2,10.7
06B1M,0601,78,1029,Sonstige,10.1,9.9,10.3
06B1M,0601,78,1029,FDP,4.3,4.2,4.3
06B1N,0601,78,1084,CDU,22.5,20.7,22.6
06B1N,0601,78,1084,GRUENE,19.4,19.2,19.5
06B1N,0601,78,1084,SPD,13.9,13.7,14.0
06B1N,0601,78,1084,LINKE,13.0,12.9,13.3
06B1N,0601,78,1084,Sonstige,10.4,10.2,10.5
06B1N,0601,78,1084,AFD,9.4,9.3,9.7
06B1N,0601,78,1084,FDP,4.1,3.9,4.2
06B1P,0601,78,1096,GRUENE,23.8,23.5,24.0
06B1P,0601,78,1096,CDU,18.8,17.5,18.9
06B1P,0601,78,1096,LINKE,16.0,15.9,16.3
06B1P,0601,78,1096,SPD,14.4,14.1,14.5
06B1P,0601,78,1096,Sonstige,9.7,9.5,9.8
06B1P,0601,78,1096,AFD,6.9,6.7,7.4
06B1P,0601,78,1096,FDP,4.2,4.0,4.2
06B1Q,0601,78,1013,GRUENE,23.9,23.7,24.1
06B1Q,0601,78,1013,CDU,20.9,19.1,21.0
06B1Q,0601,78,1013,LINKE,13.7,13.6,14.1
06B1Q,0601,78,1013,SPD,13.5,13.2,13.6
06B1Q,0601,78,1013,Sonstige,8.5,8.3,8.7
06B1Q,0601,78,1013,AFD,7.4,7.2,7.8
06B1Q,0601,78,1013,FDP,4.4,4.1,4.5
06B1R,0601,78,1045,GRUENE,25.6,25.4,25.8
06B1R,0601,78,1045,CDU,18.4,16.4,18.6
06B1R,0601,78,1045,LINKE,16.1,16.0,16.5
06B1R,0601,78,1045,SPD,14.1,13.8,14.2
06B1R,0601,78,1045,Sonstige,8.1,7.9,8.3
06B1R,0601,78,1045,AFD,6.9,6.6,7.3
06B1R,0601,78,1045,FDP,4.0,3.7,4.1
06B1S,0601,78,1037,CDU,25.4,23.1,25.5
06B1S,0601,78,1037,GRUENE,19.6,19.3,19.8
06B1S,0601,78,1037,SPD,14.9,14.6,15.1
06B1S,0601,78,1037,LINKE,13.7,13.6,13.9
06B1S,0601,78,1037,AFD,8.1,7.8,8.4
06B1S,0601,78,1037,Sonstige,6.3,6.0,6.4
06B1S,0601,78,1037,FDP,5.3,5.0,5.4
06B1T,0601,78,1079,CDU,29.5,27.7,29.6
06B1T,0601,78,1079,GRUENE,17.0,16.7,17.5
06B1T,0601,78,1079,SPD,14.9,14.7,15.1
06B1T,0601,78,1079,LINKE,11.2,11.1,11.3
06B1T,0601,78,1079,AFD,7.9,7.7,8.1
06B1T,0601,78,1079,Sonstige,6.9,6.7,7.0
06B1T,0601,78,1079,FDP,5.1,4.8,5.2
06B1U,0601,78,1078,CDU,23.6,21.9,23.8
06B1U,0601,78,1078,GRUENE,20.3,19.9,20.5
06B1U,0601,78,1078,SPD,16.1,15.8,16.3
06B1U,0601,78,1078,LINKE,13.7,13.6,14.0
06B1U,0601,78,1078,AFD,8.1,7.8,8.5
06B1U,0601,78,1078,Sonstige,7.4,7.1,7.5
06B1U,0601,78,1078,FDP,4.9,4.7,5.0
06B1V,0601,78,1077,CDU,23.7,21.3,23.9
06B1V,0601,78,1077,GRUENE,20.4,20.2,20.6
06B1V,0601,78,1077,SPD,14.4,14.1,14.5
06B1V,0601,78,1077,LINKE,13.0,12.9,13.2
06B1V,0601,78,1077,AFD,8.4,8.2,8.8
06B1V,0601,78,1077,Sonstige,7.8,7.6,7.9
06B1V,0601,78,1077,FDP,5.1,5.0,5.2
06B1W,0601,78,1078,CDU,22.6,20.2,22.7
06B1W,0601,78,1078,GRUENE,21.8,21.5,22.0
06B1W,0601,78,1078,SPD,14.0,13.8,14.1
06B1W,0601,78,1078,LINKE,13.0,12.9,13.2
06B1W,0601,78,1078,Sonstige,8.9,8.7,9.1
06B1W,0601,78,1078,AFD,7.9,7.7,8.2
06B1W,0601,78,1078,FDP,4.5,4.2,4.6
06B1X,0601,78,1074,GRUENE,22.7,22.5,22.9
06B1X,0601,78,1074,CDU,20.9,19.9,21.0
06B1X,0601,78,1074,LINKE,16.0,15.9,16.3
06B1X,0601,78,1074,SPD,14.2,14.0,14.3
06B1X,0601,78,1074,Sonstige,8.7,8.5,8.8
06B1X,0601,78,1074,AFD,7.4,7.2,8.0
06B1X,0601,78,1074,FDP,4.3,4.1,4.3
06B1Y,0601,78,1089,CDU,25.6,23.5,25.7
06B1Y,0601,78,1089,GRUENE,20.9,20.7,21.0
06B1Y,0601,78,1089,SPD,14.0,13.8,14.2
06B1Y,0601,78,1089,LINKE,12.3,12.2,12.5
06B1Y,0601,78,1089,AFD,8.5,8.2,8.9
06B1Y,0601,78,1089,Sonstige,7.4,7.1,7.5
06B1Y,0601,78,1089,FDP,5.0,4.8,5.0
06B1Z,0601,78,1069,CDU,23.2,21.2,23.4
06B1Z,0601,78,1069,GRUENE,21.4,21.2,21.6
06B1Z,0601,78,1069,SPD,13.0,12.8,13.2
06B1Z,0601,78,1069,LINKE,12.5,12.3,12.7
06B1Z,0601,78,1069,Sonstige,10.4,10.2,10.6
06B1Z,0601,78,1069,AFD,8.0,7.9,8.5
06B1Z,0601,78,1069,FDP,4.9,4.8,5.0
06B1ZA,0601,78,1047,CDU,25.8,23.7,25.9
06B1ZA,0601,78,1047,GRUENE,19.4,19.2,19.7
06B1ZA,0601,78,1047,SPD,14.3,14.1,14.4
06B1ZA,0601,78,1047,LINKE,11.6,11.5,11.8
06B1ZA,0601,78,1047,AFD,8.8,8.7,9.1
06B1ZA,0601,78,1047,Sonstige,8.6,8.4,8.7
06B1ZA,0601,78,1047,FDP,4.7,4.5,4.8
06B1ZB,0601,78,1090,CDU,24.4,23.1,24.5
06B1ZB,0601,78,1090,GRUENE,19.8,19.6,20.0
06B1ZB,0601,78,1090,SPD,14.5,14.3,14.6
06B1ZB,0601,78,1090,LINKE,13.6,13.5,13.9
06B1ZB,0601,78,1090,AFD,8.6,8.3,9.2
06B1ZB,0601,78,1090,Sonstige,8.5,8.3,8.6
06B1ZB,0601,78,1090,FDP,4.1,3.9,4.2
06B1ZC,0601,78,1029,CDU,21.9,19.9,22.1
06B1ZC,0601,78,1029,GRUENE,21.4,21.2,21.5
06B1ZC,0601,78,1029,LINKE,16.3,16.2,16.6
06B1ZC,0601,78,1029,SPD,14.0,13.7,14.1
06B1ZC,0601,78,1029,AFD,8.1,7.9,8.6
06B1ZC,0601,78,1029,Sonstige,7.6,7.4,7.7
06B1ZC,0601,78,1029,FDP,4.2,3.9,4.3
06B1ZD,0601,78,1032,CDU,26.3,24.2,26.5
06B1ZD,0601,78,1032,GRUENE,19.9,19.6,20.2
06B1ZD,0601,78,1032,SPD,14.6,14.3,14.7
06B1ZD,0601,78,1032,LINKE,12.3,12.2,12.5
06B1ZD,0601,78,1032,AFD,7.9,7.7,8.3
06B1ZD,0601,78,1032,Sonstige,7.0,6.8,7.1
06B1ZD,0601,78,1032,FDP,4.9,4.8,4.9
06B1ZE,0601,78,1084,CDU,24.1,22.2,24.3
06B1ZE,0601,78,1084,GRUENE,19.8,19.6,20.0
06B1ZE,0601,78,1084,LINKE,15.6,15.5,15.9
06B1ZE,0601,78,1084,SPD,15.0,14.8,15.1
06B1ZE,0601,78,1084,AFD,8.9,8.8,9.4
06B1ZE,0601,78,1084,Sonstige,6.4,6.2,6.6
06B1ZE,0601,78,1084,FDP,4.8,4.6,4.9
06B1ZF,0601,78,926,CDU,28.2,26.0,28.3
06B1ZF,0601,78,926,GRUENE,19.2,18.9,19.4
06B1ZF,0601,78,926,SPD,14.7,14.4,14.8
06B1ZF,0601,78,926,LINKE,11.5,11.4,11.7
06B1ZF,0601,78,926,AFD,7.9,7.6,8.3
06B1ZF,0601,78,926,Sonstige,6.0,5.8,6.2
06B1ZF,0601,78,926,FDP,5.2,5.0,5.2
06B2A,0602,78,961,GRUENE,22.1,22.0,22.4
06B2A,0602,78,961,CDU,20.4,18.8,20.5
06B2A,0602,78,961,SPD,15.5,15.3,15.6
06B2A,0602,78,961,LINKE,13.8,13.6,14.2
06B2A,0602,78,961,AFD,8.0,7.8,8.4
06B2A,0602,78,961,Sonstige,7.3,7.1,7.5
06B2A,0602,78,961,FDP,4.2,3.9,4.3
06B2B,0602,78,1034,CDU,21.0,19.7,21.0
06B2B,0602,78,1034,GRUENE,19.0,18.7,19.3
06B2B,0602,78,1034,SPD,15.8,15.6,16.0
06B2B,0602,78,1034,LINKE,14.8,14.6,15.1
06B2B,0602,78,1034,Sonstige,9.4,9.3,9.6
06B2B,0602,78,1034,AFD,9.3,9.1,9.6
06B2B,0602,78,1034,FDP,4.1,3.9,4.2
06B2C,0602,78,1004,CDU,22.7,21.0,22.8
06B2C,0602,78,1004,GRUENE,18.8,18.6,19.2
06B2C,0602,78,1004,SPD,15.5,15.3,15.6
06B2C,0602,78,1004,LINKE,14.0,13.9,14.3
06B2C,0602,78,1004,AFD,9.8,9.6,10.1
06B2C,0602,78,1004,Sonstige,8.9,8.7,9.1
06B2C,0602,78,1004,FDP,4.5,4.3,4.6
06B2D,0602,78,1084,GRUENE,23.1,22.8,23.2
06B2D,0602,78,1084,CDU,20.6,19.4,20.7
06B2D,0602,78,1084,LINKE,16.3,16.2,16.6
06B2D,0602,78,1084,SPD,14.1,13.9,14.2
06B2D,0602,78,1084,AFD,7.8,7.6,8.5
06B2D,0602,78,1084,Sonstige,7.4,7.2,7.6
06B2D,0602,78,1084,FDP,4.2,4.0,4.2
06B2E,0602,78,1018,CDU,24.6,22.8,24.8
06B2E,0602,78,1018,GRUENE,17.8,17.7,18.0
06B2E,0602,78,1018,LINKE,15.6,15.5,16.0
06B2E,0602,78,1018,SPD,13.3,13.1,13.4
06B2E,0602,78,1018,AFD,10.1,9.9,10.5
06B2E,0602,78,1018,Sonstige,9.1,8.9,9.3
06B2E,0602,78,1018,FDP,4.4,4.2,4.4
06B2F,0602,78,1045,CDU,22.2,21.0,22.3
06B2F,0602,78,1045,GRUENE,18.2,18.0,18.4
06B2F,0602,78,1045,LINKE,16.1,16.0,16.4
06B2F,0602,78,1045,SPD,14.6,14.3,14.7
06B2F,0602,78,1045,Sonstige,10.0,9.8,10.2
06B2F,0602,78,1045,AFD,9.6,9.4,10.1
06B2F,0602,78,1045,FDP,3.9,3.6,4.0
06B2G,0602,78,1078,CDU,26.3,24.4,26.4
06B2G,0602,78,1078,LINKE,16.1,15.9,16.4
06B2G,0602,78,1078,SPD,14.4,14.1,14.5
06B2G,0602,78,1078,GRUENE,13.9,13.7,14.1
06B2G,0602,78,1078,AFD,12.1,11.8,12.6
06B2G,0602,78,1078,Sonstige,9.8,9.5,10.0
06B2G,0602,78,1078,FDP,4.0,3.8,4.1
06B2H,0602,78,1026,CDU,28.3,26.5,28.4
06B2H,0602,78,1026,LINKE,15.2,15.1,15.6
06B2H,0602,78,1026,GRUENE,14.5,14.3,14.6
06B2H,0602,78,1026,SPD,13.6,13.3,13.7
06B2H,0602,78,1026,AFD,10.6,10.4,11.0
06B2H,0602,78,1026,Sonstige,8.9,8.7,9.1
06B2H,0602,78,1026,FDP,4.4,4.3,4.5
06B2J,0602,78,1072,CDU,26.8,25.0,26.9
06B2J,0602,78,1072,SPD,16.9,16.6,17.0
06B2J,0602,78,1072,GRUENE,13.9,13.7,14.1
06B2J,0602,78,1072,AFD,11.4,11.3,11.6
06B2J,0602,78,1072,LINKE,10.9,10.7,11.0
06B2J,0602,78,1072,Sonstige,9.4,9.2,9.5
06B2J,0602,78,1072,FDP,4.1,3.9,4.1
06B2K,0602,78,983,CDU,25.9,24.0,26.0
06B2K,0602,78,983,SPD,16.5,16.2,16.6
06B2K,0602,78,983,GRUENE,15.2,15.0,15.3
06B2K,0602,78,983,LINKE,11.2,11.1,11.4
06B2K,0602,78,983,AFD,10.7,10.5,11.0
06B2K,0602,78,983,Sonstige,9.1,8.8,9.2
06B2K,0602,78,983,FDP,4.4,4.3,4.5
06B2L,0602,78,1045,CDU,27.2,25.5,27.3
06B2L,0602,78,1045,GRUENE,15.9,15.8,16.1
06B2L,0602,78,1045,SPD,14.5,14.2,14.6
06B2L,0602,78,1045,LINKE,12.7,12.6,13.0
06B2L,0602,78,1045,AFD,10.4,10.3,10.7
06B2L,0602,78,1045,Sonstige,9.4,9.3,9.6
06B2L,0602,78,1045,FDP,4.3,4.1,4.3
06B2M,0602,78,1043,CDU,29.9,28.4,30.0
06B2M,0602,78,1043,GRUENE,15.7,15.5,15.8
06B2M,0602,78,1043,SPD,13.8,13.6,14.0
06B2M,0602,78,1043,LINKE,11.8,11.7,12.0
06B2M,0602,78,1043,AFD,9.7,9.5,10.1
06B2M,0602,78,1043,Sonstige,9.7,9.5,9.9
06B2M,0602,78,1043,FDP,4.0,3.9,4.1
06B2N,0602,78,1031,CDU,27.0,25.1,27.2
06B2N,0602,78,1031,SPD,15.0,14.7,15.1
06B2N,0602,78,1031,GRUENE,14.6,14.3,14.7
06B2N,0602,78,1031,LINKE,13.1,13.0,13.4
06B2N,0602,78,1031,AFD,11.5,11.3,11.9
06B2N,0602,78,1031,Sonstige,10.1,9.9,10.3
06B2N,0602,78,1031,FDP,4.1,4.0,4.2
06B2P,0602,78,822,CDU,22.9,21.4,23.0
06B2P,0602,78,822,GRUENE,18.5,18.3,18.6
06B2P,0602,78,822,SPD,16.2,15.8,16.3
06B2P,0602,78,822,LINKE,13.2,13.1,13.5
06B2P,0602,78,822,AFD,9.9,9.7,10.4
06B2P,0602,78,822,Sonstige,8.8,8.6,8.9
06B2P,0602,78,822,FDP,4.3,4.2,4.4
06B2Q,0602,78,982,GRUENE,22.1,21.8,22.3
06B2Q,0602,78,982,CDU,20.4,18.4,20.7
06B2Q,0602,78,982,LINKE,15.8,15.7,16.1
06B2Q,0602,78,982,SPD,14.2,14.0,14.3
06B2Q,0602,78,982,Sonstige,9.6,9.3,9.8
06B2Q,0602,78,982,AFD,8.3,8.0,8.7
06B2Q,0602,78,982,FDP,3.8,3.6,3.9
06B2R,0602,78,1004,CDU,20.9,19.0,21.0
06B2R,0602,78,1004,GRUENE,19.6,19.4,19.8
06B2R,0602,78,1004,LINKE,15.4,15.3,15.7
06B2R,0602,78,1004,SPD,14.5,14.2,14.6
06B2R,0602,78,1004,AFD,9.4,9.2,9.7
06B2R,0602,78,1004,Sonstige,9.1,9.0,9.3
06B2R,0602,78,1004,FDP,3.9,3.7,3.9
06B2S,0602,78,990,GRUENE,23.2,23.0,23.3
06B2S,0602,78,990,CDU,19.0,17.4,19.1
06B2S,0602,78,990,SPD,15.1,14.8,15.2
06B2S,0602,78,990,LINKE,14.3,14.2,14.6
06B2S,0602,78,990,Sonstige,9.6,9.3,9.8
06B2S,0602,78,990,AFD,8.0,7.8,8.4
06B2S,0602,78,990,FDP,3.7,3.5,3.8
06B2T,0602,78,983,CDU,22.1,20.2,22.2
06B2T,0602,78,983,GRUENE,20.1,19.8,20.3
06B2T,0602,78,983,SPD,15.4,15.1,15.5
06B2T,0602,78,983,LINKE,13.0,12.9,13.2
06B2T,0602,78,983,AFD,8.8,8.6,9.1
06B2T,0602,78,983,Sonstige,8.5,8.3,8.7
06B2T,0602,78,983,FDP,4.1,3.8,4.3
06B2U,0602,78,972,CDU,20.6,19.1,20.8
06B2U,0602,78,972,GRUENE,19.8,19.5,20.0
06B2U,0602,78,972,SPD,16.6,16.2,16.8
06B2U,0602,78,972,LINKE,12.9,12.8,13.2
06B2U,0602,78,972,Sonstige,10.7,10.4,10.9
06B2U,0602,78,972,AFD,9.1,8.9,9.6
06B2U,0602,78,972,FDP,4.0,3.7,4.1
06B2V,0602,78,1024,CDU,25.3,23.8,25.4
06B2V,0602,78,1024,GRUENE,17.9,17.7,17.9
06B2V,0602,78,1024,SPD,14.4,14.2,14.5
06B2V,0602,78,1024,LINKE,12.3,12.2,12.5
06B2V,0602,78,1024,AFD,9.5,9.3,9.9
06B2V,0602,78,1024,Sonstige,8.1,8.0,8.3
06B2V,0602,78,1024,FDP,4.8,4.6,4.8
06B2W,0602,78,988,GRUENE,21.2,21.0,21.4
06B2W,0602,78,988,CDU,20.4,19.0,20.6
06B2W,0602,78,988,LINKE,16.1,15.9,16.5
06B2W,0602,78,988,SPD,14.7,14.4,14.8
06B2W,0602,78,988,Sonstige,8.0,7.7,8.1
06B2W,0602,78,988,AFD,7.8,7.6,8.3
06B2W,0602,78,988,FDP,4.1,3.8,4.2
06B2X,0602,78,997,CDU,23.2,21.9,23.4
06B2X,0602,78,997,GRUENE,20.1,19.9,20.3
06B2X,0602,78,997,SPD,15.0,14.8,15.1
06B2X,0602,78,997,LINKE,14.8,14.7,15.1
06B2X,0602,78,997,AFD,7.9,7.7,8.3
06B2X,0602,78,997,Sonstige,7.8,7.6,8.0
06B2X,0602,78,997,FDP,4.1,3.8,4.2
06B2Y,0602,78,1040,CDU,23.5,22.1,23.7
06B2Y,0602,78,1040,GRUENE,19.7,19.4,19.9
06B2Y,0602,78,1040,SPD,14.5,14.2,14.7
06B2Y,0602,78,1040,LINKE,14.3,14.2,14.6
06B2Y,0602,78,1040,AFD,8.7,8.5,9.2
06B2Y,0602,78,1040,Sonstige,8.5,8.3,8.7
06B2Y,0602,78,1040,FDP,4.2,4.0,4.4
06B2Z,0602,78,1026,CDU,26.1,24.4,26.3
06B2Z,0602,78,1026,GRUENE,17.5,17.3,17.8
06B2Z,0602,78,1026,SPD,15.5,15.2,15.6
06B2Z,0602,78,1026,LINKE,11.5,11.4,11.7
06B2Z,0602,78,1026,AFD,8.9,8.8,9.2
06B2Z,0602,78,1026,Sonstige,8.5,8.3,8.6
06B2Z,0602,78,1026,FDP,4.7,4.4,4.8
06B2ZA,0602,78,1078,CDU,22.5,20.7,22.6
06B2ZA,0602,78,1078,GRUENE,18.7,18.5,18.8
06B2ZA,0602,78,1078,LINKE,14.9,14.7,15.2
06B2ZA,0602,78,1078,SPD,14.4,14.1,14.6
06B2ZA,0602,78,1078,AFD,9.3,9.1,9.7
06B2ZA,0602,78,1078,Sonstige,8.5,8.3,8.7
06B2ZA,0602,78,1078,FDP,4.5,4.3,4.6
06B2ZB,0602,78,1092,CDU,21.4,19.6,21.5
06B2ZB,0602,78,1092,GRUENE,20.6,20.4,20.8
06B2ZB,0602,78,1092,LINKE,15.3,15.2,15.6
06B2ZB,0602,78,1092,SPD,14.9,14.7,15.0
06B2ZB,0602,78,1092,AFD,8.4,8.1,8.8
06B2ZB,0602,78,1092,Sonstige,7.6,7.4,7.8
06B2ZB,0602,78,1092,FDP,4.4,4.2,4.5
06B2ZC,0602,78,1086,CDU,23.1,20.4,23.2
06B2ZC,0602,78,1086,GRUENE,19.3,19.1,19.4
06B2ZC,0602,78,1086,SPD,14.3,14.1,14.4
06B2ZC,0602,78,1086,LINKE,13.1,13.0,13.3
06B2ZC,0602,78,1086,Sonstige,9.5,9.3,9.7
06B2ZC,0602,78,1086,AFD,9.4,9.2,9.7
06B2ZC,0602,78,1086,FDP,4.5,4.2,4.6
06B2ZD,0602,78,1092,CDU,22.1,20.6,22.2
06B2ZD,0602,78,1092,GRUENE,18.8,18.6,19.0
06B2ZD,0602,78,1092,SPD,15.5,15.2,15.7
06B2ZD,0602,78,1092,LINKE,12.2,12.0,12.4
06B2ZD,0602,78,1092,Sonstige,10.1,9.9,10.2
06B2ZD,0602,78,1092,AFD,9.7,9.5,10.3
06B2ZD,0602,78,1092,FDP,4.9,4.7,4.9
06B2ZE,0602,78,1059,CDU,22.6,21.0,22.8
06B2ZE,0602,78,1059,GRUENE,16.8,16.6,16.9
06B2ZE,0602,78,1059,SPD,15.5,15.2,15.7
06B2ZE,0602,78,1059,LINKE,12.0,11.9,12.2
06B2ZE,0602,78,1059,Sonstige,10.2,9.9,10.3
06B2ZE,0602,78,1059,AFD,9.8,9.6,10.0
06B2ZE,0602,78,1059,FDP,5.0,4.8,5.1
06B2ZF,0602,78,1092,CDU,23.0,21.1,23.1
06B2ZF,0602,78,1092,GRUENE,19.8,19.6,20.0
06B2ZF,0602,78,1092,SPD,15.5,15.2,15.6
06B2ZF,0602,78,1092,LINKE,12.1,12.0,12.4
06B2ZF,0602,78,1092,AFD,9.0,8.9,9.4
06B2ZF,0602,78,1092,Sonstige,8.5,8.3,8.6
06B2ZF,0602,78,1092,FDP,4.6,4.3,4.6
06B3A,0603,78,1158,CDU,25.1,24.8,25.6
06B3A,0603,78,1158,GRUENE,18.9,18.7,19.1
06B3A,0603,78,1158,SPD,15.9,15.6,16.1
06B3A,0603,78,1158,LINKE,13.4,13.4,13.7
06B3A,0603,78,1158,AFD,7.6,7.4,7.9
06B3A,0603,78,1158,Sonstige,6.9,6.6,7.1
06B3A,0603,78,1158,FDP,4.9,4.7,5.0
06B3B,0603,78,1123,CDU,26.1,25.9,26.6
06B3B,0603,78,1123,GRUENE,19.7,19.5,20.0
06B3B,0603,78,1123,SPD,16.1,15.8,16.3
06B3B,0603,78,1123,LINKE,9.9,9.8,10.0
06B3B,0603,78,1123,AFD,8.0,7.7,8.3
06B3B,0603,78,1123,Sonstige,6.6,6.4,6.8
06B3B,0603,78,1123,FDP,5.3,5.1,5.4
06B3C,0603,78,1157,CDU,25.2,24.2,25.3
06B3C,0603,78,1157,GRUENE,19.5,19.3,19.7
06B3C,0603,78,1157,SPD,15.9,15.6,16.0
06B3C,0603,78,1157,LINKE,10.9,10.8,11.1
06B3C,0603,78,1157,AFD,8.5,8.2,8.8
06B3C,0603,78,1157,Sonstige,7.0,6.7,7.2
06B3C,0603,78,1157,FDP,5.2,5.0,5.3
06B3D,0603,78,1088,CDU,21.8,21.2,21.9
06B3D,0603,78,1088,GRUENE,21.4,21.2,21.5
06B3D,0603,78,1088,SPD,15.2,14.9,15.3
06B3D,0603,78,1088,LINKE,14.2,14.1,14.5
06B3D,0603,78,1088,AFD,9.1,8.8,9.4
06B3D,0603,78,1088,Sonstige,8.5,8.3,8.7
06B3D,0603,78,1088,FDP,4.1,3.9,4.1
06B3E,0603,78,1097,CDU,23.1,22.4,23.3
06B3E,0603,78,1097,GRUENE,18.9,18.6,19.0
06B3E,0603,78,1097,SPD,16.3,16.0,16.4
06B3E,0603,78,1097,LINKE,13.2,13.1,13.5
06B3E,0603,78,1097,AFD,10.0,9.5,10.3
06B3E,0603,78,1097,Sonstige,6.7,6.5,6.9
06B3E,0603,78,1097,FDP,4.7,4.5,4.7
06B3F,0603,78,1081,CDU,28.3,27.4,28.5
06B3F,0603,78,1081,GRUENE,17.9,17.6,18.2
06B3F,0603,78,1081,SPD,15.2,14.9,15.3
06B3F,0603,78,1081,LINKE,9.6,9.5,9.8
06B3F,0603,78,1081,AFD,7.9,7.5,8.3
06B3F,0603,78,1081,Sonstige,6.4,6.1,6.6
06B3F,0603,78,1081,FDP,5.5,5.3,5.6
06B3G,0603,78,1149,CDU,25.4,24.7,25.5
06B3G,0603,78,1149,GRUENE,20.1,19.9,20.4
06B3G,0603,78,1149,SPD,15.4,15.2,15.6
06B3G,0603,78,1149,LINKE,11.8,11.6,12.0
06B3G,0603,78,1149,AFD,7.7,7.5,8.0
06B3G,0603,78,1149,Sonstige,6.4,6.1,6.6
06B3G,0603,78,1149,FDP,5.2,4.9,5.3
06B3H,0603,78,1141,CDU,28.2,27.3,28.3
06B3H,0603,78,1141,GRUENE,18.3,18.1,18.6
06B3H,0603,78,1141,SPD,15.4,15.1,15.5
06B3H,0603,78,1141,LINKE,10.4,10.3,10.6
06B3H,0603,78,1141,AFD,8.0,7.7,8.3
06B3H,0603,78,1141,Sonstige,5.9,5.7,6.1
06B3H,0603,78,1141,FDP,5.7,5.5,5.8
06B3J,0603,78,1155,CDU,31.1,30.4,31.3
06B3J,0603,78,1155,GRUENE,16.6,16.4,16.8
06B3J,0603,78,1155,SPD,14.7,14.4,14.8
06B3J,0603,78,1155,LINKE,9.2,9.1,9.4
06B3J,0603,78,1155,AFD,8.2,8.0,8.6
06B3J,0603,78,1155,Sonstige,5.7,5.5,5.9
06B3J,0603,78,1155,FDP,5.4,5.2,5.5
06B3K,0603,78,1159,CDU,27.7,26.7,27.9
06B3K,0603,78,1159,GRUENE,22.2,21.9,22.5
06B3K,0603,78,1159,SPD,13.3,13.0,13.5
06B3K,0603,78,1159,LINKE,9.5,9.3,9.7
06B3K,0603,78,1159,Sonstige,7.1,6.8,7.3
06B3K,0603,78,1159,AFD,6.7,6.4,7.0
06B3K,0603,78,1159,FDP,5.8,5.5,5.9
06B3L,0603,78,1155,CDU,27.8,27.3,27.9
06B3L,0603,78,1155,GRUENE,17.1,16.9,17.3
06B3L,0603,78,1155,SPD,14.9,14.6,15.1
06B3L,0603,78,1155,LINKE,11.2,11.1,11.4
06B3L,0603,78,1155,AFD,9.6,9.3,9.9
06B3L,0603,78,1155,Sonstige,6.9,6.7,7.1
06B3L,0603,78,1155,FDP,5.4,5.2,5.5
06B3M,0603,78,1146,CDU,31.5,30.7,31.7
06B3M,0603,78,1146,GRUENE,16.5,16.2,16.7
06B3M,0603,78,1146,SPD,14.7,14.4,14.9
06B3M,0603,78,1146,LINKE,9.0,8.8,9.2
06B3M,0603,78,1146,AFD,9.0,8.7,9.3
06B3M,0603,78,1146,FDP,5.2,5.1,5.3
06B3M,0603,78,1146,Sonstige,5.2,4.9,5.4
06B3N,0603,78,1138,CDU,30.9,30.6,31.1
06B3N,0603,78,1138,SPD,16.0,15.7,16.2
06B3N,0603,78,1138,GRUENE,15.1,14.9,15.3
06B3N,0603,78,1138,AFD,9.2,8.9,9.5
06B3N,0603,78,1138,LINKE,9.1,9.0,9.3
06B3N,0603,78,1138,Sonstige,5.4,5.2,5.6
06B3N,0603,78,1138,FDP,5.4,5.2,5.5
06B3P,0603,78,1156,CDU,33.7,33.4,33.9
06B3P,0603,78,1156,SPD,15.7,15.3,15.8
06B3P,0603,78,1156,GRUENE,14.5,14.4,14.6
06B3P,0603,78,1156,AFD,9.4,9.0,9.6
06B3P,0603,78,1156,LINKE,7.8,7.7,7.9
06B3P,0603,78,1156,FDP,5.6,5.4,5.6
06B3P,0603,78,1156,Sonstige,4.9,4.7,5.0
06B3Q,0603,78,1146,CDU,34.1,33.5,34.2
06B3Q,0603,78,1146,SPD,14.8,14.6,15.0
06B3Q,0603,78,1146,GRUENE,14.5,14.3,14.7
06B3Q,0603,78,1146,AFD,9.0,8.8,9.2
06B3Q,0603,78,1146,LINKE,7.2,7.1,7.3
06B3Q,0603,78,1146,FDP,5.7,5.4,5.8
06B3Q,0603,78,1146,Sonstige,5.0,4.9,5.2
06B3R,0603,78,1150,CDU,33.7,33.2,33.8
06B3R,0603,78,1150,SPD,15.7,15.3,15.8
06B3R,0603,78,1150,GRUENE,14.6,14.4,14.9
06B3R,0603,78,1150,AFD,8.5,8.2,8.8
06B3R,0603,78,1150,LINKE,6.3,6.2,6.4
06B3R,0603,78,1150,FDP,6.0,5.7,6.0
06B3R,0603,78,1150,Sonstige,5.2,5.0,5.4
06B3S,0603,78,1150,CDU,30.8,30.4,31.4
06B3S,0603,78,1150,SPD,17.1,16.7,17.3
06B3S,0603,78,1150,GRUENE,14.8,14.5,15.2
06B3S,0603,78,1150,LINKE,9.8,9.7,10.0
06B3S,0603,78,1150,AFD,8.3,8.1,8.7
06B3S,0603,78,1150,FDP,5.5,5.3,5.6
06B3S,0603,78,1150,Sonstige,5.2,5.0,5.5
06B3T,0603,78,1154,CDU,32.0,31.6,33.0
06B3T,0603,78,1154,SPD,17.4,17.0,17.7
06B3T,0603,78,1154,GRUENE,11.3,10.9,11.6
06B3T,0603,78,1154,AFD,10.0,9.7,10.3
06B3T,0603,78,1154,LINKE,9.7,9.6,9.9
06B3T,0603,78,1154,Sonstige,7.1,6.8,7.3
06B3T,0603,78,1154,FDP,5.1,4.9,5.1
06B3U,0603,78,1148,CDU,29.4,28.9,29.5
06B3U,0603,78,1148,SPD,16.3,16.1,16.5
06B3U,0603,78,1148,GRUENE,16.1,15.9,16.3
06B3U,0603,78,1148,LINKE,10.5,10.4,10.7
06B3U,0603,78,1148,AFD,8.8,8.6,9.1
06B3U,0603,78,1148,FDP,5.4,5.2,5.5
06B3U,0603,78,1148,Sonstige,5.3,5.1,5.5
06B3V,0603,78,1156,CDU,32.5,32.1,32.8
06B3V,0603,78,1156,SPD,16.0,15.6,16.3
06B3V,0603,78,1156,AFD,11.8,11.5,12.2
06B3V,0603,78,1156,GRUENE,10.6,10.3,10.8
06B3V,0603,78,1156,LINKE,9.9,9.8,10.2
06B3V,0603,78,1156,Sonstige,7.6,7.4,7.8
06B3V,0603,78,1156,FDP,5.1,4.9,5.2
06B3W,0603,78,1229,CDU,35.9,35.1,36.0
06B3W,0603,78,1229,GRUENE,14.1,13.9,14.3
06B3W,0603,78,1229,SPD,13.7,13.5,13.9
06B3W,0603,78,1229,AFD,9.0,8.8,9.3
06B3W,0603,78,1229,LINKE,6.9,6.7,7.0
06B3W,0603,78,1229,Sonstige,6.0,5.8,6.2
06B3W,0603,78,1229,FDP,5.5,5.2,5.7
06B3X,0603,78,1140,CDU,36.0,35.0,36.1
06B3X,0603,78,1140,SPD,14.8,14.5,14.9
06B3X,0603,78,1140,GRUENE,12.7,12.5,12.8
06B3X,0603,78,1140,AFD,10.0,9.6,10.3
06B3X,0603,78,1140,LINKE,6.7,6.5,6.8
06B3X,0603,78,1140,Sonstige,5.8,5.5,6.0
06B3X,0603,78,1140,FDP,5.4,5.3,5.5
06B3Y,0603,78,1150,CDU,31.7,31.3,32.0
06B3Y,0603,78,1150,SPD,13.8,13.4,13.9
06B3Y,0603,78,1150,GRUENE,12.9,12.7,13.2
06B3Y,0603,78,1150,AFD,10.3,10.0,10.6
06B3Y,0603,78,1150,LINKE,9.3,9.1,9.7
06B3Y,0603,78,1150,Sonstige,6.1,5.8,6.3
06B3Y,0603,78,1150,FDP,5.4,5.2,5.5
06B3Z,0603,78,1124,CDU,33.0,32.7,33.5
06B3Z,0603,78,1124,SPD,13.9,13.6,14.0
06B3Z,0603,78,1124,GRUENE,12.5,12.4,12.7
06B3Z,0603,78,1124,AFD,11.1,10.8,11.4
06B3Z,0603,78,1124,Sonstige,8.0,7.9,8.2
06B3Z,0603,78,1124,LINKE,7.3,7.2,7.5
06B3Z,0603,78,1124,FDP,5.4,5.2,5.5
06B3ZA,0603,78,1140,CDU,30.8,30.3,30.9
06B3ZA,0603,78,1140,SPD,15.6,15.3,15.7
06B3ZA,0603,78,1140,GRUENE,13.4,13.2,13.5
06B3ZA,0603,78,1140,AFD,11.7,11.3,12.0
06B3ZA,0603,78,1140,LINKE,11.7,11.6,11.9
06B3ZA,0603,78,1140,Sonstige,6.8,6.6,6.9
06B3ZA,0603,78,1140,FDP,4.8,4.7,4.9
06B3ZB,0603,78,1153,CDU,30.4,30.0,30.5
06B3ZB,0603,78,1153,SPD,15.7,15.4,15.8
06B3ZB,0603,78,1153,GRUENE,13.2,13.1,13.4
06B3ZB,0603,78,1153,AFD,10.7,10.4,10.9
06B3ZB,0603,78,1153,LINKE,9.8,9.7,10.0
06B3ZB,0603,78,1153,Sonstige,6.7,6.5,6.8
06B3ZB,0603,78,1153,FDP,5.3,5.1,5.3
06B3ZC,0603,78,1150,CDU,29.0,28.5,29.1
06B3ZC,0603,78,1150,SPD,14.1,13.8,14.3
06B3ZC,0603,78,1150,GRUENE,13.0,12.8,13.1
06B3ZC,0603,78,1150,AFD,12.5,12.0,12.8
06B3ZC,0603,78,1150,LINKE,11.4,11.3,11.6
06B3ZC,0603,78,1150,Sonstige,10.1,9.9,10.3
06B3ZC,0603,78,1150,FDP,4.7,4.5,4.7
06B3ZD,0603,78,1116,CDU,25.9,25.7,26.2
06B3ZD,0603,78,1116,SPD,15.0,14.7,15.1
06B3ZD,0603,78,1116,GRUENE,14.9,14.7,15.1
06B3ZD,0603,78,1116,LINKE,13.0,12.8,13.3
06B3ZD,0603,78,1116,AFD,11.6,11.2,11.9
06B3ZD,0603,78,1116,Sonstige,9.7,9.5,9.9
06B3ZD,0603,78,1116,FDP,4.2,3.9,4.3
06B3ZE,0603,78,1154,CDU,27.9,27.5,28.1
06B3ZE,0603,78,1154,SPD,13.9,13.6,14.1
06B3ZE,0603,78,1154,AFD,13.7,13.3,14.2
06B3ZE,0603,78,1154,LINKE,12.8,12.6,13.0
06B3ZE,0603,78,1154,GRUENE,12.5,12.2,12.7
06B3ZE,0603,78,1154,Sonstige,11.2,10.9,11.4
06B3ZE,0603,78,1154,FDP,4.3,4.1,4.4
06B4A,0604,78,965,CDU,29.6,29.4,30.3
06B4A,0604,78,965,GRUENE,16.9,16.7,17.1
06B4A,0604,78,965,SPD,13.6,13.4,13.8
06B4A,0604,78,965,LINKE,10.2,10.1,10.4
06B4A,0604,78,965,AFD,9.6,9.2,9.9
06B4A,0604,78,965,Sonstige,7.6,7.4,7.8
06B4A,0604,78,965,FDP,5.3,5.1,5.4
06B4B,0604,78,888,CDU,29.8,29.7,30.8
06B4B,0604,78,888,GRUENE,16.1,16.0,16.2
06B4B,0604,78,888,SPD,14.0,13.7,14.2
06B4B,0604,78,888,LINKE,10.3,10.2,10.5
06B4B,0604,78,888,AFD,9.4,9.1,9.8
06B4B,0604,78,888,Sonstige,8.1,7.9,8.3
06B4B,0604,78,888,FDP,5.1,4.9,5.1
06B4C,0604,78,995,CDU,30.7,30.6,31.8
06B4C,0604,78,995,SPD,15.4,15.1,15.5
06B4C,0604,78,995,GRUENE,13.1,12.9,13.2
06B4C,0604,78,995,AFD,10.4,10.1,10.8
06B4C,0604,78,995,LINKE,10.4,10.3,10.6
06B4C,0604,78,995,Sonstige,7.8,7.6,8.0
06B4C,0604,78,995,FDP,4.9,4.7,4.9
06B4D,0604,78,994,CDU,30.0,29.9,30.9
06B4D,0604,78,994,SPD,15.6,15.3,15.8
06B4D,0604,78,994,GRUENE,13.9,13.8,14.0
06B4D,0604,78,994,AFD,9.8,9.6,10.1
06B4D,0604,78,994,LINKE,8.4,8.2,8.5
06B4D,0604,78,994,Sonstige,7.7,7.5,7.8
06B4D,0604,78,994,FDP,6.0,5.8,6.0
06B4E,0604,78,902,CDU,28.8,28.7,30.2
06B4E,0604,78,902,GRUENE,16.1,15.9,16.3
06B4E,0604,78,902,SPD,15.4,15.1,15.5
06B4E,0604,78,902,LINKE,9.8,9.6,10.0
06B4E,0604,78,902,AFD,9.6,9.3,9.9
06B4E,0604,78,902,Sonstige,8.6,8.3,8.7
06B4E,0604,78,902,FDP,4.1,4.0,4.2
06B4F,0604,78,994,CDU,28.3,28.2,29.5
06B4F,0604,78,994,SPD,15.3,15.0,15.4
06B4F,0604,78,994,AFD,12.1,11.8,12.5
06B4F,0604,78,994,LINKE,11.8,11.7,12.0
06B4F,0604,78,994,GRUENE,11.4,11.2,11.5
06B4F,0604,78,994,Sonstige,8.9,8.7,9.1
06B4F,0604,78,994,FDP,5.2,5.0,5.3
06B4G,0604,78,926,CDU,29.3,29.1,30.2
06B4G,0604,78,926,GRUENE,15.9,15.7,15.9
06B4G,0604,78,926,SPD,15.6,15.3,15.7
06B4G,0604,78,926,LINKE,10.5,10.4,10.7
06B4G,0604,78,926,AFD,9.4,9.1,9.7
06B4G,0604,78,926,Sonstige,7.6,7.4,7.7
06B4G,0604,78,926,FDP,4.5,4.2,4.6
06B4H,0604,78,1000,CDU,29.0,28.9,29.9
06B4H,0604,78,1000,GRUENE,16.2,16.0,16.4
06B4H,0604,78,1000,SPD,15.5,15.2,15.6
06B4H,0604,78,1000,LINKE,10.5,10.4,10.7
06B4H,0604,78,1000,AFD,9.8,9.5,10.0
06B4H,0604,78,1000,Sonstige,7.0,6.9,7.1
06B4H,0604,78,1000,FDP,4.8,4.6,4.9
06B4J,0604,78,1006,CDU,33.1,32.9,33.9
06B4J,0604,78,1006,SPD,14.2,14.0,14.4
06B4J,0604,78,1006,GRUENE,13.6,13.3,13.8
06B4J,0604,78,1006,AFD,9.6,9.3,10.0
06B4J,0604,78,1006,LINKE,8.7,8.5,8.8
06B4J,0604,78,1006,Sonstige,8.0,7.8,8.2
06B4J,0604,78,1006,FDP,5.3,5.0,5.5
06B4K,0604,78,947,CDU,29.8,29.6,30.6
06B4K,0604,78,947,SPD,15.0,14.7,15.1
06B4K,0604,78,947,GRUENE,13.9,13.6,14.0
06B4K,0604,78,947,AFD,11.9,11.5,12.2
06B4K,0604,78,947,LINKE,10.0,9.9,10.1
06B4K,0604,78,947,Sonstige,8.8,8.5,8.9
06B4K,0604,78,947,FDP,4.5,4.3,4.6
06B4L,0604,78,987,CDU,29.7,29.6,30.6
06B4L,0604,78,987,SPD,15.6,15.3,15.7
06B4L,0604,78,987,GRUENE,12.9,12.7,13.0
06B4L,0604,78,987,LINKE,11.8,11.7,12.0
06B4L,0604,78,987,AFD,11.7,11.5,12.1
06B4L,0604,78,987,Sonstige,7.7,7.6,7.9
06B4L,0604,78,987,FDP,4.8,4.6,4.8
06B4M,0604,78,794,CDU,32.5,32.3,33.4
06B4M,0604,78,794,SPD,15.7,15.4,15.8
06B4M,0604,78,794,GRUENE,12.5,12.4,12.7
06B4M,0604,78,794,AFD,10.6,10.2,11.0
06B4M,0604,78,794,LINKE,9.3,9.2,9.5
06B4M,0604,78,794,Sonstige,6.4,6.2,6.6
06B4M,0604,78,794,FDP,4.9,4.7,4.9
06B4N,0604,78,799,CDU,32.7,32.5,33.9
06B4N,0604,78,799,GRUENE,15.5,15.2,15.6
06B4N,0604,78,799,SPD,14.8,14.5,14.9
06B4N,0604,78,799,AFD,10.0,9.7,10.3
06B4N,0604,78,799,LINKE,7.9,7.8,8.1
06B4N,0604,78,799,Sonstige,6.2,5.9,6.3
06B4N,0604,78,799,FDP,4.9,4.6,5.1
06B4P,0604,78,802,CDU,36.2,36.0,36.8
06B4P,0604,78,802,SPD,14.6,14.3,14.8
06B4P,0604,78,802,GRUENE,12.9,12.7,13.0
06B4P,0604,78,802,AFD,9.9,9.5,10.3
06B4P,0604,78,802,LINKE,6.6,6.4,6.7
06B4P,0604,78,802,Sonstige,6.5,6.2,6.7
06B4P,0604,78,802,FDP,5.3,5.2,5.4
06B4Q,0604,78,862,CDU,34.1,33.9,35.1
06B4Q,0604,78,862,SPD,15.4,15.1,15.6
06B4Q,0604,78,862,GRUENE,12.1,11.8,12.3
06B4Q,0604,78,862,AFD,9.7,9.3,10.0
06B4Q,0604,78,862,LINKE,8.4,8.3,8.6
06B4Q,0604,78,862,Sonstige,7.5,7.3,7.7
06B4Q,0604,78,862,FDP,4.9,4.8,5.0
06B4R,0604,78,998,CDU,32.9,32.7,34.2
06B4R,0604,78,998,SPD,14.6,14.3,14.7
06B4R,0604,78,998,AFD,12.7,12.4,13.1
06B4R,0604,78,998,Sonstige,10.3,10.0,10.6
06B4R,0604,78,998,GRUENE,10.2,10.1,10.4
06B4R,0604,78,998,LINKE,10.2,10.0,10.4
06B4R,0604,78,998,FDP,4.0,3.7,4.2
06B4S,0604,78,996,CDU,28.3,28.2,29.3
06B4S,0604,78,996,SPD,14.7,14.5,14.8
06B4S,0604,78,996,GRUENE,12.9,12.8,13.1
06B4S,0604,78,996,AFD,12.5,12.1,12.9
06B4S,0604,78,996,LINKE,11.2,11.1,11.4
06B4S,0604,78,996,Sonstige,10.6,10.3,10.8
06B4S,0604,78,996,FDP,4.1,3.9,4.2
06B4T,0604,78,987,CDU,30.2,30.1,31.5
06B4T,0604,78,987,SPD,17.6,17.2,17.7
06B4T,0604,78,987,AFD,12.6,12.3,13.0
06B4T,0604,78,987,GRUENE,11.8,11.6,12.0
06B4T,0604,78,987,LINKE,9.1,9.0,9.3
06B4T,0604,78,987,Sonstige,8.1,7.9,8.3
06B4T,0604,78,987,FDP,4.6,4.4,4.7
06B4U,0604,78,979,CDU,31.6,31.5,33.6
06B4U,0604,78,979,SPD,17.5,17.1,17.6
06B4U,0604,78,979,AFD,13.6,13.3,14.0
06B4U,0604,78,979,LINKE,10.4,10.3,10.6
06B4U,0604,78,979,Sonstige,10.0,9.8,10.2
06B4U,0604,78,979,GRUENE,8.0,7.8,8.2
06B4U,0604,78,979,FDP,4.2,4.0,4.3
06B4V,0604,78,999,CDU,30.0,29.8,31.3
06B4V,0604,78,999,AFD,14.8,14.4,15.2
06B4V,0604,78,999,SPD,14.2,13.9,14.3
06B4V,0604,78,999,LINKE,13.1,12.9,13.4
06B4V,0604,78,999,Sonstige,12.4,12.1,12.6
06B4V,0604,78,999,GRUENE,7.5,7.1,7.9
06B4V,0604,78,999,FDP,3.8,3.6,4.0
06B4W,0604,78,981,CDU,31.0,30.9,32.3
06B4W,0604,78,981,SPD,15.7,15.4,15.8
06B4W,0604,78,981,AFD,13.1,12.7,13.5
06B4W,0604,78,981,Sonstige,9.9,9.6,10.1
06B4W,0604,78,981,LINKE,9.7,9.5,9.8
06B4W,0604,78,981,GRUENE,9.6,9.2,9.9
06B4W,0604,78,981,FDP,4.6,4.4,4.7
06B4X,0604,78,953,CDU,31.8,31.7,32.7
06B4X,0604,78,953,SPD,15.1,14.8,15.2
06B4X,0604,78,953,GRUENE,12.9,12.7,13.1
06B4X,0604,78,953,AFD,10.6,10.3,10.9
06B4X,0604,78,953,LINKE,9.0,8.8,9.2
06B4X,0604,78,953,Sonstige,8.0,7.8,8.1
06B4X,0604,78,953,FDP,5.0,4.8,5.1
06B4Y,0604,78,1004,CDU,33.2,33.1,34.1
06B4Y,0604,78,1004,SPD,15.2,14.9,15.3
06B4Y,0604,78,1004,GRUENE,13.4,13.3,13.6
06B4Y,0604,78,1004,AFD,10.0,9.7,10.3
06B4Y,0604,78,1004,LINKE,8.1,8.0,8.2
06B4Y,0604,78,1004,Sonstige,7.1,7.0,7.3
06B4Y,0604,78,1004,FDP,5.0,4.7,5.1
06B4Z,0604,78,948,CDU,29.4,29.3,30.4
06B4Z,0604,78,948,GRUENE,16.1,15.9,16.3
06B4Z,0604,78,948,SPD,15.3,15.0,15.4
06B4Z,0604,78,948,LINKE,10.7,10.5,10.9
06B4Z,0604,78,948,AFD,8.7,8.5,9.1
06B4Z,0604,78,948,Sonstige,6.7,6.5,6.8
06B4Z,0604,78,948,FDP,4.8,4.6,4.9
06B4ZA,0604,78,986,CDU,34.6,34.4,35.5
06B4ZA,0604,78,986,SPD,14.8,14.5,14.9
06B4ZA,0604,78,986,GRUENE,14.1,14.0,14.2
06B4ZA,0604,78,986,AFD,9.8,9.6,10.1
06B4ZA,0604,78,986,LINKE,8.1,8.0,8.3
06B4ZA,0604,78,986,Sonstige,7.0,6.8,7.1
06B4ZA,0604,78,986,FDP,4.7,4.5,4.8
06B4ZB,0604,78,1007,CDU,37.0,36.8,38.4
06B4ZB,0604,78,1007,SPD,14.6,14.3,14.8
06B4ZB,0604,78,1007,GRUENE,13.6,13.4,13.7
06B4ZB,0604,78,1007,AFD,9.8,9.5,10.1
06B4ZB,0604,78,1007,LINKE,7.5,7.4,7.7
06B4ZB,0604,78,1007,Sonstige,5.7,5.5,5.9
06B4ZB,0604,78,1007,FDP,4.7,4.4,4.8
06B4ZC,0604,78,987,CDU,38.6,38.3,39.7
06B4ZC,0604,78,987,SPD,15.9,15.5,16.2
06B4ZC,0604,78,987,GRUENE,10.8,10.5,11.1
06B4ZC,0604,78,987,AFD,9.7,9.5,10.1
06B4ZC,0604,78,987,LINKE,7.4,7.3,7.6
06B4ZC,0604,78,987,Sonstige,5.7,5.5,5.9
06B4ZC,0604,78,987,FDP,5.0,4.8,5.2
06B4ZD,0604,78,996,CDU,31.1,31.0,32.4
06B4ZD,0604,78,996,SPD,16.2,15.9,16.4
06B4ZD,0604,78,996,GRUENE,12.0,11.9,12.2
06B4ZD,0604,78,996,AFD,11.3,11.0,11.7
06B4ZD,0604,78,996,LINKE,9.0,8.8,9.1
06B4ZD,0604,78,996,Sonstige,8.5,8.3,8.6
06B4ZD,0604,78,996,FDP,4.7,4.6,4.8
06B4ZE,0604,78,951,CDU,32.0,31.8,33.8
06B4ZE,0604,78,951,SPD,15.6,15.3,15.7
06B4ZE,0604,78,951,GRUENE,11.8,11.6,11.9
06B4ZE,0604,78,951,AFD,11.7,11.4,12.1
06B4ZE,0604,78,951,LINKE,10.3,10.2,10.5
06B4ZE,0604,78,951,Sonstige,7.6,7.5,7.7
06B4ZE,0604,78,951,FDP,4.6,4.5,4.7
06B4ZF,0604,78,1001,CDU,29.5,29.4,30.8
06B4ZF,0604,78,1001,SPD,16.8,16.5,17.0
06B4ZF,0604,78,1001,AFD,12.5,12.2,12.8
06B4ZF,0604,78,1001,GRUENE,11.9,11.7,12.1
06B4ZF,0604,78,1001,LINKE,10.3,10.2,10.6
06B4ZF,0604,78,1001,Sonstige,7.9,7.7,8.0
06B4ZF,0604,78,1001,FDP,4.4,4.2,4.4
06B5A,0605,78,1066,CDU,30.0,29.8,30.8
06B5A,0605,78,1066,SPD,15.7,15.4,15.9
06B5A,0605,78,1066,GRUENE,14.0,13.8,14.2
06B5A,0605,78,1066,AFD,11.2,11.0,11.5
06B5A,0605,78,1066,LINKE,11.0,10.9,11.2
06B5A,0605,78,1066,Sonstige,8.3,8.1,8.5
06B5A,0605,78,1066,FDP,4.7,4.5,4.8
06B5B,0605,78,1036,CDU,30.3,30.2,31.9
06B5B,0605,78,1036,SPD,15.5,15.2,15.7
06B5B,0605,78,1036,GRUENE,14.5,14.4,14.7
06B5B,0605,78,1036,AFD,10.2,9.9,10.4
06B5B,0605,78,1036,Sonstige,8.9,8.7,9.0
06B5B,0605,78,1036,LINKE,8.5,8.3,8.6
06B5B,0605,78,1036,FDP,4.9,4.7,5.0
06B5C,0605,78,1039,CDU,29.5,29.2,29.8
06B5C,0605,78,1039,GRUENE,15.5,15.4,15.6
06B5C,0605,78,1039,SPD,15.4,15.1,15.5
06B5C,0605,78,1039,AFD,10.5,10.3,10.8
06B5C,0605,78,1039,LINKE,9.4,9.3,9.6
06B5C,0605,78,1039,Sonstige,7.3,7.0,7.4
06B5C,0605,78,1039,FDP,5.4,5.2,5.4
06B5D,0605,78,1065,CDU,27.1,26.9,28.8
06B5D,0605,78,1065,SPD,14.8,14.5,14.9
06B5D,0605,78,1065,GRUENE,13.8,13.6,14.0
06B5D,0605,78,1065,LINKE,12.0,11.9,12.2
06B5D,0605,78,1065,Sonstige,10.8,10.6,11.0
06B5D,0605,78,1065,AFD,10.7,10.5,10.9
06B5D,0605,78,1065,FDP,4.5,4.3,4.6
06B5E,0605,78,1065,CDU,28.9,28.7,29.3
06B5E,0605,78,1065,GRUENE,16.3,16.1,16.5
06B5E,0605,78,1065,SPD,15.5,15.1,15.6
06B5E,0605,78,1065,AFD,10.3,10.1,10.6
06B5E,0605,78,1065,LINKE,9.3,9.1,9.4
06B5E,0605,78,1065,Sonstige,7.8,7.6,8.0
06B5E,0605,78,1065,FDP,5.5,5.3,5.6
06B5F,0605,78,1039,CDU,30.7,30.5,31.9
06B5F,0605,78,1039,SPD,15.5,15.2,15.6
06B5F,0605,78,1039,GRUENE,13.7,13.6,13.9
06B5F,0605,78,1039,LINKE,10.3,10.2,10.4
06B5F,0605,78,1039,AFD,10.2,10.0,10.5
06B5F,0605,78,1039,Sonstige,7.3,7.0,7.4
06B5F,0605,78,1039,FDP,5.1,5.0,5.2
06B5G,0605,78,1052,CDU,30.1,30.0,31.0
06B5G,0605,78,1052,SPD,14.4,14.2,14.6
06B5G,0605,78,1052,GRUENE,13.7,13.5,13.8
06B5G,0605,78,1052,AFD,10.7,10.5,10.9
06B5G,0605,78,1052,LINKE,10.5,10.4,10.7
06B5G,0605,78,1052,Sonstige,9.3,9.1,9.5
06B5G,0605,78,1052,FDP,4.6,4.5,4.7
06B5H,0605,78,1032,CDU,28.8,28.5,30.1
06B5H,0605,78,1032,SPD,15.6,15.2,15.7
06B5H,0605,78,1032,GRUENE,12.1,11.9,12.4
06B5H,0605,78,1032,AFD,11.8,11.5,12.0
06B5H,0605,78,1032,LINKE,10.9,10.8,11.2
06B5H,0605,78,1032,Sonstige,9.7,9.5,10.0
06B5H,0605,78,1032,FDP,4.6,4.5,4.7
06B5J,0605,78,1069,CDU,33.1,32.9,34.2
06B5J,0605,78,1069,SPD,15.7,15.4,15.8
06B5J,0605,78,1069,AFD,12.0,11.7,12.2
06B5J,0605,78,1069,GRUENE,11.4,11.2,11.7
06B5J,0605,78,1069,LINKE,10.2,10.1,10.4
06B5J,0605,78,1069,Sonstige,7.1,6.9,7.3
06B5J,0605,78,1069,FDP,4.9,4.7,5.0
06B5K,0605,78,895,CDU,34.2,33.9,35.2
06B5K,0605,78,895,SPD,14.7,14.4,14.8
06B5K,0605,78,895,AFD,12.5,12.3,12.8
06B5K,0605,78,895,LINKE,10.6,10.5,10.8
06B5K,0605,78,895,GRUENE,10.2,10.0,10.3
06B5K,0605,78,895,Sonstige,8.3,8.2,8.4
06B5K,0605,78,895,FDP,4.9,4.8,5.0
06B5L,0605,78,1070,CDU,36.0,35.8,36.8
06B5L,0605,78,1070,SPD,16.6,16.2,16.8
06B5L,0605,78,1070,AFD,13.4,13.2,13.7
06B5L,0605,78,1070,LINKE,9.4,9.2,9.5
06B5L,0605,78,1070,Sonstige,8.6,8.4,8.7
06B5L,0605,78,1070,GRUENE,6.6,6.4,6.8
06B5L,0605,78,1070,FDP,4.6,4.4,4.7
06B5M,0605,78,1070,CDU,31.2,30.9,31.5
06B5M,0605,78,1070,SPD,14.0,13.8,14.1
06B5M,0605,78,1070,AFD,11.7,11.5,11.9
06B5M,0605,78,1070,LINKE,11.6,11.5,11.9
06B5M,0605,78,1070,GRUENE,10.8,10.6,11.0
06B5M,0605,78,1070,Sonstige,8.8,8.6,9.0
06B5M,0605,78,1070,FDP,5.6,5.3,5.7
06B5N,0605,78,1033,CDU,26.9,26.7,27.6
06B5N,0605,78,1033,SPD,14.6,14.3,14.8
06B5N,0605,78,1033,GRUENE,14.3,14.1,14.5
06B5N,0605,78,1033,AFD,13.3,13.1,13.7
06B5N,0605,78,1033,LINKE,11.8,11.7,12.0
06B5N,0605,78,1033,Sonstige,10.6,10.3,10.7
06B5N,0605,78,1033,FDP,4.3,4.2,4.4
06B5P,0605,78,1072,CDU,28.3,28.2,29.2
06B5P,0605,78,1072,SPD,14.8,14.5,14.9
06B5P,0605,78,1072,GRUENE,13.7,13.5,13.8
06B5P,0605,78,1072,LINKE,11.1,11.0,11.4
06B5P,0605,78,1072,AFD,11.0,10.8,11.2
06B5P,0605,78,1072,Sonstige,9.7,9.5,9.8
06B5P,0605,78,1072,FDP,4.5,4.4,4.6
06B5Q,0605,78,1039,CDU,25.6,25.4,27.1
06B5Q,0605,78,1039,SPD,15.3,15.0,15.4
06B5Q,0605,78,1039,LINKE,13.9,13.8,14.2
06B5Q,0605,78,1039,AFD,12.7,12.5,12.9
06B5Q,0605,78,1039,GRUENE,12.5,12.3,12.6
06B5Q,0605,78,1039,Sonstige,11.6,11.4,11.7
06B5Q,0605,78,1039,FDP,4.1,4.0,4.2
06B5R,0605,78,1073,CDU,30.6,30.3,31.1
06B5R,0605,78,1073,SPD,15.2,14.9,15.4
06B5R,0605,78,1073,AFD,13.8,13.6,14.1
06B5R,0605,78,1073,LINKE,13.1,13.0,13.5
06B5R,0605,78,1073,Sonstige,9.7,9.5,9.9
06B5R,0605,78,1073,GRUENE,9.4,9.1,9.7
06B5R,0605,78,1073,FDP,4.5,4.3,4.5
06B5S,0605,78,1029,CDU,23.8,23.6,24.7
06B5S,0605,78,1029,SPD,15.4,15.1,15.6
06B5S,0605,78,1029,GRUENE,14.3,14.1,14.5
06B5S,0605,78,1029,LINKE,13.7,13.5,13.9
06B5S,0605,78,1029,AFD,12.2,12.0,12.4
06B5S,0605,78,1029,Sonstige,11.8,11.6,12.0
06B5S,0605,78,1029,FDP,4.0,3.8,4.1
06B5T,0605,78,1070,CDU,24.6,24.4,25.8
06B5T,0605,78,1070,Sonstige,14.7,14.5,14.9
06B5T,0605,78,1070,GRUENE,14.3,14.0,14.5
06B5T,0605,78,1070,SPD,13.5,13.1,13.7
06B5T,0605,78,1070,AFD,13.3,13.0,13.5
06B5T,0605,78,1070,LINKE,12.7,12.5,12.9
06B5T,0605,78,1070,FDP,3.9,3.8,4.0
06B5U,0605,78,1068,CDU,30.4,30.1,31.9
06B5U,0605,78,1068,SPD,18.4,18.1,18.7
06B5U,0605,78,1068,AFD,13.4,13.0,13.6
06B5U,0605,78,1068,Sonstige,11.3,11.2,11.4
06B5U,0605,78,1068,LINKE,9.7,9.5,9.8
06B5U,0605,78,1068,GRUENE,7.7,7.5,7.9
06B5U,0605,78,1068,FDP,4.1,4.0,4.3
06B5V,0605,78,1069,CDU,30.0,29.8,30.9
06B5V,0605,78,1069,SPD,15.2,14.9,15.3
06B5V,0605,78,1069,AFD,12.4,12.2,12.6
06B5V,0605,78,1069,GRUENE,11.7,11.5,11.9
06B5V,0605,78,1069,Sonstige,10.7,10.5,10.9
06B5V,0605,78,1069,LINKE,10.4,10.2,10.5
06B5V,0605,78,1069,FDP,4.6,4.4,4.6
06B5W,0605,78,969,CDU,33.4,33.1,33.9
06B5W,0605,78,969,SPD,13.9,13.7,14.0
06B5W,0605,78,969,GRUENE,12.8,12.4,13.1
06B5W,0605,78,969,AFD,11.9,11.6,12.2
06B5W,0605,78,969,Sonstige,9.7,9.5,9.9
06B5W,0605,78,969,LINKE,8.7,8.5,8.8
06B5W,0605,78,969,FDP,4.6,4.3,4.8
06B5X,0605,78,1009,CDU,25.6,25.4,26.8
06B5X,0605,78,1009,SPD,16.1,15.8,16.2
06B5X,0605,78,1009,AFD,14.1,13.8,14.2
06B5X,0605,78,1009,LINKE,13.2,13.0,13.4
06B5X,0605,78,1009,Sonstige,12.8,12.6,12.9
06B5X,0605,78,1009,GRUENE,10.3,10.2,10.5
06B5X,0605,78,1009,FDP,3.6,3.5,3.7
06B5Y,0605,78,1011,CDU,29.0,28.7,30.4
06B5Y,0605,78,1011,SPD,16.4,16.1,16.6
06B5Y,0605,78,1011,AFD,12.7,12.4,12.9
06B5Y,0605,78,1011,LINKE,11.5,11.4,11.8
06B5Y,0605,78,1011,GRUENE,10.4,10.2,10.5
06B5Y,0605,78,1011,Sonstige,9.6,9.4,9.8
06B5Y,0605,78,1011,FDP,4.5,4.4,4.6
06B5Z,0605,78,894,CDU,33.8,33.6,35.1
06B5Z,0605,78,894,SPD,14.6,14.3,14.8
06B5Z,0605,78,894,GRUENE,13.6,13.4,13.8
06B5Z,0605,78,894,AFD,11.0,10.6,11.1
06B5Z,0605,78,894,LINKE,7.8,7.6,7.9
06B5Z,0605,78,894,Sonstige,6.5,6.4,6.8
06B5Z,0605,78,894,FDP,5.1,5.0,5.2
06B5ZA,0605,78,1068,CDU,26.9,26.5,27.9
06B5ZA,0605,78,1068,SPD,15.0,14.7,15.2
06B5ZA,0605,78,1068,Sonstige,14.0,13.8,14.2
06B5ZA,0605,78,1068,AFD,12.5,12.3,12.7
06B5ZA,0605,78,1068,GRUENE,12.2,12.0,12.3
06B5ZA,0605,78,1068,LINKE,11.3,11.0,11.5
06B5ZA,0605,78,1068,FDP,4.4,4.3,4.5
06B5ZB,0605,78,902,CDU,26.1,25.9,26.7
06B5ZB,0605,78,902,SPD,16.2,15.7,16.4
06B5ZB,0605,78,902,GRUENE,13.6,13.1,13.9
06B5ZB,0605,78,902,AFD,13.1,12.8,13.4
06B5ZB,0605,78,902,Sonstige,10.9,10.6,11.2
06B5ZB,0605,78,902,LINKE,10.8,10.7,11.1
06B5ZB,0605,78,902,FDP,4.2,4.1,4.2
06B5ZC,0605,78,973,CDU,27.0,26.7,28.3
06B5ZC,0605,78,973,Sonstige,13.7,13.4,13.9
06B5ZC,0605,78,973,GRUENE,13.4,13.2,13.7
06B5ZC,0605,78,973,LINKE,13.2,13.0,13.5
06B5ZC,0605,78,973,SPD,13.0,12.7,13.2
06B5ZC,0605,78,973,AFD,10.5,10.3,10.7
06B5ZC,0605,78,973,FDP,4.1,3.9,4.1
06B5ZD,0605,78,900,CDU,32.6,32.4,33.0
06B5ZD,0605,78,900,SPD,14.7,14.4,14.8
06B5ZD,0605,78,900,GRUENE,14.6,14.4,14.7
06B5ZD,0605,78,900,AFD,11.1,10.9,11.3
06B5ZD,0605,78,900,LINKE,8.7,8.6,8.9
06B5ZD,0605,78,900,Sonstige,7.0,6.8,7.2
06B5ZD,0605,78,900,FDP,4.8,4.6,4.9
06B5ZE,0605,78,920,CDU,35.2,35.0,36.2
06B5ZE,0605,78,920,SPD,16.2,15.9,16.3
06B5ZE,0605,78,920,AFD,11.4,11.2,11.7
06B5ZE,0605,78,920,GRUENE,10.9,10.8,11.0
06B5ZE,0605,78,920,LINKE,6.6,6.4,6.7
06B5ZE,0605,78,920,Sonstige,6.0,5.9,6.1
06B5ZE,0605,78,920,FDP,5.5,5.3,5.5
06B6A,0606,78,1060,CDU,29.9,29.6,30.3
06B6A,0606,78,1060,GRUENE,17.0,16.7,17.2
06B6A,0606,78,1060,SPD,15.7,15.4,15.8
06B6A,0606,78,1060,LINKE,9.8,9.7,10.0
06B6A,0606,78,1060,AFD,9.0,8.7,9.3
06B6A,0606,78,1060,Sonstige,5.7,5.5,5.9
06B6A,0606,78,1060,FDP,5.4,5.2,5.5
06B6B,0606,78,1025,CDU,26.9,26.2,27.0
06B6B,0606,78,1025,GRUENE,20.2,19.9,20.5
06B6B,0606,78,1025,SPD,14.9,14.7,15.1
06B6B,0606,78,1025,LINKE,10.2,10.1,10.5
06B6B,0606,78,1025,AFD,8.6,8.4,9.0
06B6B,0606,78,1025,Sonstige,6.0,5.7,6.1
06B6B,0606,78,1025,FDP,5.3,5.1,5.4
06B6C,0606,78,1016,CDU,28.3,27.7,28.5
06B6C,0606,78,1016,GRUENE,15.7,15.5,15.9
06B6C,0606,78,1016,SPD,13.7,13.4,13.8
06B6C,0606,78,1016,LINKE,12.1,11.9,12.3
06B6C,0606,78,1016,AFD,11.5,11.2,11.7
06B6C,0606,78,1016,Sonstige,7.4,7.1,7.6
06B6C,0606,78,1016,FDP,5.3,5.1,5.5
06B6D,0606,78,1050,CDU,39.2,38.5,39.5
06B6D,0606,78,1050,SPD,12.6,12.3,12.8
06B6D,0606,78,1050,GRUENE,10.8,10.6,11.0
06B6D,0606,78,1050,AFD,9.5,9.2,9.8
06B6D,0606,78,1050,FDP,7.2,6.9,7.5
06B6D,0606,78,1050,LINKE,6.8,6.6,6.9
06B6D,0606,78,1050,Sonstige,5.6,5.3,5.9
06B6E,0606,78,1054,CDU,38.8,38.1,39.0
06B6E,0606,78,1054,SPD,12.1,11.9,12.3
06B6E,0606,78,1054,GRUENE,11.9,11.7,12.1
06B6E,0606,78,1054,AFD,9.1,8.8,9.6
06B6E,0606,78,1054,FDP,7.5,7.2,7.7
06B6E,0606,78,1054,LINKE,6.4,6.2,6.5
06B6E,0606,78,1054,Sonstige,5.0,4.7,5.3
06B6F,0606,78,1019,CDU,38.2,37.5,38.4
06B6F,0606,78,1019,SPD,12.5,12.1,12.7
06B6F,0606,78,1019,GRUENE,11.2,11.0,11.4
06B6F,0606,78,1019,AFD,9.3,9.0,9.6
06B6F,0606,78,1019,FDP,7.5,7.3,7.7
06B6F,0606,78,1019,LINKE,6.4,6.3,6.6
06B6F,0606,78,1019,Sonstige,5.8,5.4,6.0
06B6G,0606,78,1062,CDU,37.3,36.4,37.4
06B6G,0606,78,1062,GRUENE,16.7,16.4,17.0
06B6G,0606,78,1062,SPD,12.4,12.1,12.6
06B6G,0606,78,1062,AFD,7.8,7.5,8.2
06B6G,0606,78,1062,FDP,6.6,6.3,6.9
06B6G,0606,78,1062,LINKE,6.5,6.3,6.6
06B6G,0606,78,1062,Sonstige,5.4,5.0,5.7
06B6H,0606,78,1049,CDU,32.5,31.8,32.6
06B6H,0606,78,1049,GRUENE,15.6,15.4,15.8
06B6H,0606,78,1049,SPD,13.6,13.3,13.7
06B6H,0606,78,1049,AFD,8.9,8.6,9.3
06B6H,0606,78,1049,LINKE,8.7,8.6,8.9
06B6H,0606,78,1049,FDP,6.7,6.5,6.9
06B6H,0606,78,1049,Sonstige,5.6,5.4,5.8
06B6J,0606,78,999,CDU,34.4,33.2,34.5
06B6J,0606,78,999,GRUENE,14.7,14.4,14.9
06B6J,0606,78,999,SPD,13.1,12.8,13.3
06B6J,0606,78,999,AFD,8.8,8.5,9.1
06B6J,0606,78,999,LINKE,8.5,8.3,8.6
06B6J,0606,78,999,FDP,6.6,6.4,6.7
06B6J,0606,78,999,Sonstige,5.7,5.4,6.0
06B6K,0606,78,1032,CDU,33.9,33.3,34.1
06B6K,0606,78,1032,GRUENE,13.4,13.2,13.7
06B6K,0606,78,1032,SPD,12.6,12.3,12.7
06B6K,0606,78,1032,AFD,11.0,10.7,11.3
06B6K,0606,78,1032,LINKE,9.5,9.2,9.7
06B6K,0606,78,1032,Sonstige,6.6,6.3,6.8
06B6K,0606,78,1032,FDP,5.4,5.2,5.5
06B6L,0606,78,1066,CDU,25.5,25.0,25.7
06B6L,0606,78,1066,GRUENE,20.4,20.3,20.6
06B6L,0606,78,1066,SPD,15.3,15.0,15.4
06B6L,0606,78,1066,LINKE,11.4,11.3,11.6
06B6L,0606,78,1066,AFD,8.9,8.7,9.4
06B6L,0606,78,1066,Sonstige,6.1,5.8,6.2
06B6L,0606,78,1066,FDP,5.0,4.9,5.1
06B6M,0606,78,1038,CDU,24.2,23.6,24.3
06B6M,0606,78,1038,GRUENE,19.1,18.8,19.4
06B6M,0606,78,1038,SPD,16.5,16.2,16.6
06B6M,0606,78,1038,LINKE,11.3,11.2,11.5
06B6M,0606,78,1038,AFD,9.3,9.1,9.5
06B6M,0606,78,1038,Sonstige,8.0,7.8,8.2
06B6M,0606,78,1038,FDP,5.1,4.9,5.2
06B6N,0606,78,1031,GRUENE,20.4,20.1,20.6
06B6N,0606,78,1031,CDU,20.0,19.6,20.2
06B6N,0606,78,1031,SPD,16.4,16.0,16.6
06B6N,0606,78,1031,LINKE,14.3,14.2,14.7
06B6N,0606,78,1031,AFD,9.4,9.0,9.7
06B6N,0606,78,1031,Sonstige,9.3,9.0,9.5
06B6N,0606,78,1031,FDP,4.5,4.3,4.6
06B6P,0606,78,1015,CDU,26.8,26.5,27.0
06B6P,0606,78,1015,GRUENE,19.4,19.2,19.6
06B6P,0606,78,1015,SPD,14.2,13.9,14.4
06B6P,0606,78,1015,LINKE,10.5,10.4,10.7
06B6P,0606,78,1015,AFD,8.7,8.4,9.0
06B6P,0606,78,1015,Sonstige,6.3,6.0,6.4
06B6P,0606,78,1015,FDP,6.2,6.0,6.3
06B6Q,0606,78,1000,CDU,26.0,25.0,26.1
06B6Q,0606,78,1000,GRUENE,20.7,20.3,21.1
06B6Q,0606,78,1000,SPD,15.2,14.9,15.3
06B6Q,0606,78,1000,LINKE,9.0,8.8,9.2
06B6Q,0606,78,1000,AFD,7.5,7.3,7.9
06B6Q,0606,78,1000,Sonstige,6.3,6.0,6.5
06B6Q,0606,78,1000,FDP,6.1,5.9,6.2
06B6R,0606,78,1041,CDU,26.2,25.6,26.3
06B6R,0606,78,1041,GRUENE,21.8,21.5,22.0
06B6R,0606,78,1041,SPD,15.4,15.1,15.5
06B6R,0606,78,1041,LINKE,9.9,9.8,10.1
06B6R,0606,78,1041,AFD,7.2,7.0,7.6
06B6R,0606,78,1041,Sonstige,5.6,5.3,5.8
06B6R,0606,78,1041,FDP,5.3,5.1,5.4
06B6S,0606,78,983,CDU,31.5,31.0,31.7
06B6S,0606,78,983,GRUENE,17.8,17.6,18.0
06B6S,0606,78,983,SPD,14.5,14.2,14.6
06B6S,0606,78,983,LINKE,8.3,8.2,8.4
06B6S,0606,78,983,AFD,7.9,7.6,8.5
06B6S,0606,78,983,FDP,6.4,6.2,6.5
06B6S,0606,78,983,Sonstige,5.5,5.2,5.7
06B6T,0606,78,1053,CDU,31.7,30.6,31.9
06B6T,0606,78,1053,GRUENE,16.3,16.0,16.6
06B6T,0606,78,1053,SPD,14.0,13.7,14.2
06B6T,0606,78,1053,LINKE,8.6,8.5,8.8
06B6T,0606,78,1053,AFD,8.6,8.3,9.0
06B6T,0606,78,1053,FDP,6.5,6.3,6.6
06B6T,0606,78,1053,Sonstige,5.5,5.3,5.8
06B6U,0606,78,1008,CDU,27.3,26.9,27.4
06B6U,0606,78,1008,GRUENE,16.9,16.6,17.3
06B6U,0606,78,1008,SPD,15.9,15.7,16.1
06B6U,0606,78,1008,LINKE,11.6,11.5,11.9
06B6U,0606,78,1008,AFD,9.1,8.9,9.4
06B6U,0606,78,1008,Sonstige,5.7,5.5,5.9
06B6U,0606,78,1008,FDP,5.1,4.9,5.2
06B6V,0606,78,1057,CDU,28.3,27.4,28.9
06B6V,0606,78,1057,SPD,19.3,18.7,19.9
06B6V,0606,78,1057,GRUENE,11.7,11.1,12.2
06B6V,0606,78,1057,AFD,9.7,9.3,10.1
06B6V,0606,78,1057,LINKE,9.2,9.0,9.5
06B6V,0606,78,1057,Sonstige,7.9,7.5,8.1
06B6V,0606,78,1057,FDP,5.5,5.3,5.7
06B6W,0606,78,1051,CDU,27.8,27.1,28.0
06B6W,0606,78,1051,GRUENE,16.9,16.8,17.0
06B6W,0606,78,1051,SPD,15.4,15.1,15.5
06B6W,0606,78,1051,LINKE,10.0,9.9,10.2
06B6W,0606,78,1051,AFD,9.5,9.2,10.0
06B6W,0606,78,1051,Sonstige,7.4,7.1,7.6
06B6W,0606,78,1051,FDP,5.3,5.2,5.4
06B6X,0606,78,1021,CDU,26.4,26.0,26.6
06B6X,0606,78,1021,GRUENE,17.5,17.2,17.8
06B6X,0606,78,1021,SPD,15.3,15.0,15.4
06B6X,0606,78,1021,LINKE,11.5,11.4,11.7
06B6X,0606,78,1021,AFD,8.8,8.6,9.1
06B6X,0606,78,1021,Sonstige,7.4,7.1,7.5
06B6X,0606,78,1021,FDP,5.5,5.3,5.6
06B6Y,0606,78,1064,CDU,27.4,27.0,27.6
06B6Y,0606,78,1064,GRUENE,17.5,17.3,17.7
06B6Y,0606,78,1064,SPD,14.8,14.6,15.0
06B6Y,0606,78,1064,LINKE,11.2,11.1,11.5
06B6Y,0606,78,1064,AFD,9.4,9.2,9.8
06B6Y,0606,78,1064,Sonstige,6.9,6.6,7.0
06B6Y,0606,78,1064,FDP,5.4,5.2,5.4
06B6Z,0606,78,1043,CDU,26.4,25.6,26.6
06B6Z,0606,78,1043,GRUENE,18.0,17.9,18.2
06B6Z,0606,78,1043,SPD,15.2,14.9,15.3
06B6Z,0606,78,1043,LINKE,11.8,11.7,12.1
06B6Z,0606,78,1043,AFD,9.3,9.1,9.6
06B6Z,0606,78,1043,Sonstige,6.6,6.3,6.7
06B6Z,0606,78,1043,FDP,5.4,5.2,5.5
06B6ZA,0606,78,1062,CDU,26.1,25.7,26.3
06B6ZA,0606,78,1062,GRUENE,16.7,16.6,16.9
06B6ZA,0606,78,1062,SPD,15.6,15.3,15.8
06B6ZA,0606,78,1062,LINKE,12.5,12.4,12.7
06B6ZA,0606,78,1062,AFD,10.4,10.2,10.7
06B6ZA,0606,78,1062,Sonstige,9.5,9.2,9.6
06B6ZA,0606,78,1062,FDP,4.5,4.3,4.5
06B6ZB,0606,78,1068,CDU,25.3,24.9,25.5
06B6ZB,0606,78,1068,GRUENE,17.9,17.7,18.1
06B6ZB,0606,78,1068,SPD,14.8,14.5,14.9
06B6ZB,0606,78,1068,LINKE,12.7,12.6,13.0
06B6ZB,0606,78,1068,AFD,9.8,9.5,10.1
06B6ZB,0606,78,1068,Sonstige,8.7,8.5,8.9
06B6ZB,0606,78,1068,FDP,5.0,4.9,5.1
06B6ZC,0606,78,1066,CDU,29.5,29.0,29.7
06B6ZC,0606,78,1066,GRUENE,14.8,14.7,15.0
06B6ZC,0606,78,1066,SPD,13.6,13.4,13.7
06B6ZC,0606,78,1066,AFD,10.8,10.6,11.1
06B6ZC,0606,78,1066,Sonstige,9.5,9.3,9.8
06B6ZC,0606,78,1066,LINKE,9.2,9.0,9.4
06B6ZC,0606,78,1066,FDP,5.0,4.8,5.0
06B6ZD,0606,78,1064,CDU,27.4,26.8,27.5
06B6ZD,0606,78,1064,SPD,15.6,15.3,15.8
06B6ZD,0606,78,1064,GRUENE,15.6,15.4,15.8
06B6ZD,0606,78,1064,LINKE,12.4,12.3,12.7
06B6ZD,0606,78,1064,AFD,10.5,10.2,11.0
06B6ZD,0606,78,1064,Sonstige,7.3,7.0,7.4
06B6ZD,0606,78,1064,FDP,5.0,4.9,5.1
06B6ZE,0606,78,1061,CDU,29.4,29.0,29.6
06B6ZE,0606,78,1061,SPD,15.5,15.2,15.6
06B6ZE,0606,78,1061,GRUENE,14.9,14.7,15.0
06B6ZE,0606,78,1061,LINKE,10.9,10.8,11.1
06B6ZE,0606,78,1061,AFD,10.4,10.2,10.8
06B6ZE,0606,78,1061,Sonstige,7.2,6.9,7.3
06B6ZE,0606,78,1061,FDP,5.0,4.9,5.1
06B6ZF,0606,78,1038,CDU,31.2,30.2,31.4
06B6ZF,0606,78,1038,SPD,15.1,14.8,15.2
06B6ZF,0606,78,1038,GRUENE,14.3,14.2,14.4
06B6ZF,0606,78,1038,LINKE,11.9,11.8,12.2
06B6ZF,0606,78,1038,AFD,10.6,10.4,10.9
06B6ZF,0606,78,1038,FDP,5.8,5.5,6.1
06B6ZF,0606,78,1038,Sonstige,5.3,5.1,5.4
06B7A,0607,78,1065,CDU,32.1,31.5,32.3
06B7A,0607,78,1065,GRUENE,15.4,15.2,15.6
06B7A,0607,78,1065,SPD,14.3,14.0,14.4
06B7A,0607,78,1065,AFD,10.4,10.1,10.7
06B7A,0607,78,1065,LINKE,8.1,7.9,8.3
06B7A,0607,78,1065,Sonstige,6.2,6.0,6.3
06B7A,0607,78,1065,FDP,6.0,5.8,6.7
06B7B,0607,78,1067,CDU,32.2,30.8,32.4
06B7B,0607,78,1067,SPD,14.9,14.6,15.1
06B7B,0607,78,1067,GRUENE,14.8,14.7,15.0
06B7B,0607,78,1067,AFD,10.4,10.1,10.6
06B7B,0607,78,1067,LINKE,8.6,8.5,8.8
06B7B,0607,78,1067,Sonstige,6.7,6.5,6.8
06B7B,0607,78,1067,FDP,5.8,5.6,6.5
06B7C,0607,78,1066,CDU,35.5,34.3,35.7
06B7C,0607,78,1066,SPD,13.5,13.2,13.7
06B7C,0607,78,1066,GRUENE,12.9,12.8,13.1
06B7C,0607,78,1066,AFD,10.4,10.1,10.8
06B7C,0607,78,1066,LINKE,6.8,6.6,7.0
06B7C,0607,78,1066,FDP,6.7,6.4,7.3
06B7C,0607,78,1066,Sonstige,6.1,5.9,6.3
06B7D,0607,78,1067,CDU,33.9,33.2,34.1
06B7D,0607,78,1067,SPD,14.0,13.7,14.1
06B7D,0607,78,1067,GRUENE,13.5,13.4,13.6
06B7D,0607,78,1067,AFD,10.8,10.5,11.1
06B7D,0607,78,1067,LINKE,7.7,7.6,7.9
06B7D,0607,78,1067,FDP,6.3,6.1,7.0
06B7D,0607,78,1067,Sonstige,6.2,5.9,6.3
06B7E,0607,78,1076,CDU,34.9,34.0,35.0
06B7E,0607,78,1076,SPD,14.8,14.5,15.0
06B7E,0607,78,1076,AFD,11.0,10.6,11.3
06B7E,0607,78,1076,GRUENE,10.7,10.5,10.9
06B7E,0607,78,1076,FDP,7.3,6.9,8.0
06B7E,0607,78,1076,Sonstige,6.1,5.8,6.3
06B7E,0607,78,1076,LINKE,6.0,5.8,6.1
06B7F,0607,78,1264,CDU,30.6,29.1,30.7
06B7F,0607,78,1264,GRUENE,14.7,14.5,14.8
06B7F,0607,78,1264,SPD,14.0,13.6,14.1
06B7F,0607,78,1264,AFD,11.5,11.1,11.8
06B7F,0607,78,1264,Sonstige,7.7,7.4,8.0
06B7F,0607,78,1264,LINKE,7.1,6.9,7.2
06B7F,0607,78,1264,FDP,6.5,6.3,7.1
06B7G,0607,78,1072,CDU,28.5,27.9,28.8
06B7G,0607,78,1072,GRUENE,16.5,16.2,16.6
06B7G,0607,78,1072,SPD,15.1,14.8,15.3
06B7G,0607,78,1072,AFD,10.4,10.1,10.7
06B7G,0607,78,1072,LINKE,8.3,8.2,8.5
06B7G,0607,78,1072,FDP,6.7,6.3,7.4
06B7G,0607,78,1072,Sonstige,6.0,5.8,6.1
06B7H,0607,78,1043,CDU,31.8,31.0,32.1
06B7H,0607,78,1043,GRUENE,15.4,15.2,15.6
06B7H,0607,78,1043,SPD,13.8,13.5,13.9
06B7H,0607,78,1043,AFD,10.4,10.0,10.8
06B7H,0607,78,1043,LINKE,8.8,8.7,8.9
06B7H,0607,78,1043,Sonstige,7.5,7.2,7.8
06B7H,0607,78,1043,FDP,5.9,5.7,6.4
06B7J,0607,78,1075,CDU,33.4,32.3,33.6
06B7J,0607,78,1075,GRUENE,16.6,16.4,16.8
06B7J,0607,78,1075,SPD,13.3,13.1,13.5
06B7J,0607,78,1075,AFD,8.6,8.4,8.9
06B7J,0607,78,1075,LINKE,7.4,7.3,7.6
06B7J,0607,78,1075,FDP,6.4,6.1,7.0
06B7J,0607,78,1075,Sonstige,5.9,5.7,6.1
06B7K,0607,78,1068,CDU,31.9,31.3,32.1
06B7K,0607,78,1068,GRUENE,17.0,16.8,17.2
06B7K,0607,78,1068,SPD,14.4,14.1,14.6
06B7K,0607,78,1068,AFD,8.0,7.7,8.3
06B7K,0607,78,1068,LINKE,7.7,7.5,7.8
06B7K,0607,78,1068,FDP,6.6,6.3,7.2
06B7K,0607,78,1068,Sonstige,5.0,4.8,5.2
06B7L,0607,78,1074,CDU,30.9,30.1,31.0
06B7L,0607,78,1074,GRUENE,17.0,16.7,17.2
06B7L,0607,78,1074,SPD,15.0,14.7,15.2
06B7L,0607,78,1074,LINKE,7.5,7.3,7.6
06B7L,0607,78,1074,AFD,7.3,7.0,7.6
06B7L,0607,78,1074,FDP,7.1,6.8,7.7
06B7L,0607,78,1074,Sonstige,4.1,3.9,4.3
06B7M,0607,78,1004,CDU,31.2,30.2,31.3
06B7M,0607,78,1004,SPD,15.5,15.2,15.7
06B7M,0607,78,1004,GRUENE,15.3,15.2,15.5
06B7M,0607,78,1004,AFD,9.9,9.6,10.2
06B7M,0607,78,1004,LINKE,8.2,8.1,8.4
06B7M,0607,78,1004,FDP,6.5,6.2,7.1
06B7M,0607,78,1004,Sonstige,4.8,4.6,4.9
06B7N,0607,78,984,CDU,31.6,30.8,31.7
06B7N,0607,78,984,GRUENE,17.0,16.8,17.2
06B7N,0607,78,984,SPD,15.0,14.7,15.2
06B7N,0607,78,984,AFD,7.7,7.4,7.9
06B7N,0607,78,984,LINKE,7.5,7.4,7.7
06B7N,0607,78,984,FDP,5.9,5.7,6.4
06B7N,0607,78,984,Sonstige,5.5,5.2,5.6
06B7P,0607,78,1047,CDU,33.2,32.1,33.3
06B7P,0607,78,1047,GRUENE,16.1,16.0,16.2
06B7P,0607,78,1047,SPD,13.9,13.6,14.1
06B7P,0607,78,1047,AFD,9.5,9.2,9.8
06B7P,0607,78,1047,LINKE,7.2,7.1,7.3
06B7P,0607,78,1047,FDP,6.4,6.2,7.0
06B7P,0607,78,1047,Sonstige,5.8,5.6,5.9
06B7Q,0607,78,1065,CDU,30.0,28.6,30.1
06B7Q,0607,78,1065,SPD,16.8,16.4,17.0
06B7Q,0607,78,1065,GRUENE,14.6,14.4,14.8
06B7Q,0607,78,1065,AFD,9.1,8.9,9.4
06B7Q,0607,78,1065,LINKE,8.3,8.2,8.5
06B7Q,0607,78,1065,Sonstige,6.7,6.4,6.8
06B7Q,0607,78,1065,FDP,5.7,5.5,6.2
06B7R,0607,78,1052,CDU,30.6,29.1,30.7
06B7R,0607,78,1052,GRUENE,16.8,16.6,17.1
06B7R,0607,78,1052,SPD,13.8,13.5,14.0
06B7R,0607,78,1052,LINKE,9.5,9.3,9.6
06B7R,0607,78,1052,AFD,9.4,9.1,9.7
06B7R,0607,78,1052,FDP,6.5,6.2,7.2
06B7R,0607,78,1052,Sonstige,5.5,5.3,5.7
06B7S,0607,78,1074,CDU,34.1,32.8,34.2
06B7S,0607,78,1074,GRUENE,15.6,15.4,15.9
06B7S,0607,78,1074,SPD,14.1,13.8,14.3
06B7S,0607,78,1074,AFD,8.6,8.3,8.9
06B7S,0607,78,1074,LINKE,6.7,6.5,6.8
06B7S,0607,78,1074,FDP,6.4,6.2,6.9
06B7S,0607,78,1074,Sonstige,5.7,5.5,5.9
06B7T,0607,78,1073,CDU,32.7,31.5,32.9
06B7T,0607,78,1073,GRUENE,15.9,15.7,16.1
06B7T,0607,78,1073,SPD,14.7,14.4,14.8
06B7T,0607,78,1073,AFD,9.5,9.3,9.8
06B7T,0607,78,1073,LINKE,7.6,7.5,7.7
06B7T,0607,78,1073,FDP,6.7,6.4,7.3
06B7T,0607,78,1073,Sonstige,5.1,4.9,5.2
06B7U,0607,78,1074,CDU,31.0,30.0,31.1
06B7U,0607,78,1074,GRUENE,15.5,15.3,15.8
06B7U,0607,78,1074,SPD,15.5,15.2,15.7
06B7U,0607,78,1074,AFD,9.2,8.9,9.5
06B7U,0607,78,1074,LINKE,7.4,7.3,7.6
06B7U,0607,78,1074,FDP,6.5,6.3,7.2
06B7U,0607,78,1074,Sonstige,5.6,5.4,5.8
06B7V,0607,78,947,CDU,31.5,30.4,31.6
06B7V,0607,78,947,SPD,15.9,15.6,16.0
06B7V,0607,78,947,GRUENE,12.7,12.5,12.8
06B7V,0607,78,947,AFD,10.9,10.5,11.1
06B7V,0607,78,947,LINKE,7.4,7.3,7.6
06B7V,0607,78,947,Sonstige,6.1,5.9,6.3
06B7V,0607,78,947,FDP,5.9,5.7,6.5
06B7W,0607,78,905,CDU,28.4,27.6,28.6
06B7W,0607,78,905,GRUENE,17.6,17.4,17.7
06B7W,0607,78,905,SPD,15.8,15.5,16.0
06B7W,0607,78,905,LINKE,9.6,9.5,9.8
06B7W,0607,78,905,AFD,9.4,9.1,9.6
06B7W,0607,78,905,Sonstige,6.6,6.3,6.7
06B7W,0607,78,905,FDP,5.1,5.0,5.6
06B7X,0607,78,899,CDU,25.7,24.2,25.9
06B7X,0607,78,899,GRUENE,19.4,19.2,19.6
06B7X,0607,78,899,SPD,15.1,14.8,15.3
06B7X,0607,78,899,LINKE,12.3,12.2,12.5
06B7X,0607,78,899,AFD,8.6,8.3,9.0
06B7X,0607,78,899,Sonstige,7.0,6.7,7.4
06B7X,0607,78,899,FDP,4.7,4.6,5.2
06B7Y,0607,78,965,CDU,31.8,30.3,32.0
06B7Y,0607,78,965,GRUENE,15.6,15.4,15.8
06B7Y,0607,78,965,SPD,14.4,14.1,14.5
06B7Y,0607,78,965,AFD,11.2,10.9,11.5
06B7Y,0607,78,965,LINKE,9.7,9.6,9.9
06B7Y,0607,78,965,Sonstige,8.4,8.1,8.5
06B7Y,0607,78,965,FDP,4.3,4.1,4.7
06B7Z,0607,78,1047,CDU,36.6,35.6,36.7
06B7Z,0607,78,1047,SPD,14.5,14.2,14.6
06B7Z,0607,78,1047,GRUENE,12.6,12.4,12.8
06B7Z,0607,78,1047,AFD,10.2,9.9,10.5
06B7Z,0607,78,1047,Sonstige,7.1,6.9,7.3
06B7Z,0607,78,1047,LINKE,6.8,6.6,6.9
06B7Z,0607,78,1047,FDP,5.3,5.1,5.9
06B7ZA,0607,78,1073,CDU,29.0,27.9,29.2
06B7ZA,0607,78,1073,GRUENE,18.7,18.5,18.9
06B7ZA,0607,78,1073,SPD,13.4,13.1,13.6
06B7ZA,0607,78,1073,LINKE,11.0,10.9,11.3
06B7ZA,0607,78,1073,AFD,10.2,9.8,10.7
06B7ZA,0607,78,1073,Sonstige,7.9,7.6,8.0
06B7ZA,0607,78,1073,FDP,5.0,4.8,5.7
06B7ZB,0607,78,1153,CDU,27.9,26.9,28.0
06B7ZB,0607,78,1153,SPD,15.6,15.3,15.8
06B7ZB,0607,78,1153,GRUENE,15.5,15.3,15.6
06B7ZB,0607,78,1153,LINKE,11.1,11.0,11.3
06B7ZB,0607,78,1153,AFD,10.1,9.8,10.3
06B7ZB,0607,78,1153,Sonstige,7.0,6.7,7.2
06B7ZB,0607,78,1153,FDP,5.3,5.1,5.7
06B7ZC,0607,78,1059,CDU,31.4,30.7,31.6
06B7ZC,0607,78,1059,SPD,15.6,15.3,15.7
06B7ZC,0607,78,1059,GRUENE,12.2,12.1,12.4
06B7ZC,0607,78,1059,AFD,12.0,11.8,12.3
06B7ZC,0607,78,1059,LINKE,8.9,8.8,9.0
06B7ZC,0607,78,1059,Sonstige,8.6,8.3,8.8
06B7ZC,0607,78,1059,FDP,4.5,4.3,4.9
06B7ZD,0607,78,1058,CDU,36.4,35.6,36.6
06B7ZD,0607,78,1058,SPD,15.2,14.9,15.4
06B7ZD,0607,78,1058,GRUENE,11.8,11.6,11.9
06B7ZD,0607,78,1058,AFD,11.0,10.6,11.2
06B7ZD,0607,78,1058,LINKE,7.0,6.9,7.2
06B7ZD,0607,78,1058,FDP,5.8,5.6,6.2
06B7ZD,0607,78,1058,Sonstige,5.7,5.5,5.9
07B1A,0701,80,2074,CDU,22.3,21.6,23.5
07B1A,0701,80,2074,GRUENE,20.7,20.4,21.0
07B1A,0701,80,2074,LINKE,15.8,15.6,16.4
07B1A,0701,80,2074,SPD,14.5,14.2,14.7
07B1A,0701,80,2074,AFD,9.1,8.8,9.3
07B1A,0701,80,2074,Sonstige,7.5,7.3,7.8
07B1A,0701,80,2074,FDP,4.6,4.4,5.2
07B1B,0701,80,1692,GRUENE,23.0,22.6,23.3
07B1B,0701,80,1692,CDU,19.2,18.5,20.2
07B1B,0701,80,1692,LINKE,17.7,17.5,18.3
07B1B,0701,80,1692,SPD,13.0,12.7,13.1
07B1B,0701,80,1692,AFD,9.2,8.9,9.5
07B1B,0701,80,1692,Sonstige,8.2,7.9,8.5
07B1B,0701,80,1692,FDP,4.1,3.9,4.6
07B1C,0701,80,1783,GRUENE,27.8,27.4,28.0
07B1C,0701,80,1783,LINKE,19.1,18.9,19.7
07B1C,0701,80,1783,CDU,15.9,15.4,16.9
07B1C,0701,80,1783,SPD,12.6,12.3,12.7
07B1C,0701,80,1783,Sonstige,8.1,7.9,8.4
07B1C,0701,80,1783,AFD,6.5,6.2,6.7
07B1C,0701,80,1783,FDP,3.6,3.5,3.9
07B1D,0701,80,2017,GRUENE,26.4,25.9,26.9
07B1D,0701,80,2017,LINKE,20.5,20.3,21.1
07B1D,0701,80,2017,CDU,13.8,13.1,15.7
07B1D,0701,80,2017,SPD,13.3,13.0,13.4
07B1D,0701,80,2017,Sonstige,9.7,9.4,9.9
07B1D,0701,80,2017,AFD,8.8,8.5,9.2
07B1D,0701,80,2017,FDP,3.3,3.1,3.8
07B1E,0701,80,1094,GRUENE,26.7,26.4,27.0
07B1E,0701,80,1094,LINKE,21.2,21.0,21.8
07B1E,0701,80,1094,CDU,13.4,12.9,14.8
07B1E,0701,80,1094,SPD,12.8,12.5,12.9
07B1E,0701,80,1094,Sonstige,9.8,9.6,10.0
07B1E,0701,80,1094,AFD,8.0,7.8,8.3
07B1E,0701,80,1094,FDP,3.1,3.0,3.3
07B1F,0701,80,1042,GRUENE,28.9,28.6,29.1
07B1F,0701,80,1042,LINKE,25.3,25.2,26.0
07B1F,0701,80,1042,SPD,12.0,11.7,12.1
07B1F,0701,80,1042,CDU,10.6,10.1,11.5
07B1F,0701,80,1042,Sonstige,9.7,9.4,9.9
07B1F,0701,80,1042,AFD,6.3,6.1,6.5
07B1F,0701,80,1042,FDP,2.6,2.3,2.8
07B1G,0701,80,1124,GRUENE,29.8,29.4,30.0
07B1G,0701,80,1124,LINKE,24.9,24.7,25.5
07B1G,0701,80,1124,SPD,11.6,11.3,11.7
07B1G,0701,80,1124,CDU,10.4,9.9,11.0
07B1G,0701,80,1124,Sonstige,10.1,9.7,10.2
07B1G,0701,80,1124,AFD,7.2,6.9,7.8
07B1G,0701,80,1124,FDP,2.4,2.1,2.7
07B1H,0701,80,1947,GRUENE,30.7,30.4,30.9
07B1H,0701,80,1947,LINKE,20.6,20.4,21.2
07B1H,0701,80,1947,CDU,13.0,12.2,13.3
07B1H,0701,80,1947,SPD,12.3,11.9,12.4
07B1H,0701,80,1947,Sonstige,8.3,8.0,8.5
07B1H,0701,80,1947,AFD,6.0,5.8,6.4
07B1H,0701,80,1947,FDP,3.4,3.1,3.5
07B1J,0701,80,1858,GRUENE,29.1,28.8,29.4
07B1J,0701,80,1858,LINKE,18.7,18.6,19.3
07B1J,0701,80,1858,CDU,15.6,15.0,16.7
07B1J,0701,80,1858,SPD,13.3,13.0,13.5
07B1J,0701,80,1858,Sonstige,8.1,7.9,8.4
07B1J,0701,80,1858,AFD,5.7,5.4,6.0
07B1J,0701,80,1858,FDP,3.8,3.7,4.2
07B1K,0701,80,1968,GRUENE,25.4,25.0,25.8
07B1K,0701,80,1968,CDU,20.1,19.5,21.3
07B1K,0701,80,1968,LINKE,16.9,16.7,17.4
07B1K,0701,80,1968,SPD,13.0,12.7,13.1
07B1K,0701,80,1968,AFD,8.2,7.9,8.5
07B1K,0701,80,1968,Sonstige,7.0,6.7,7.5
07B1K,0701,80,1968,FDP,4.1,3.9,4.6
07B1L,0701,80,2032,CDU,23.2,22.5,24.1
07B1L,0701,80,2032,GRUENE,22.7,22.4,23.1
07B1L,0701,80,2032,LINKE,14.5,14.3,15.0
07B1L,0701,80,2032,SPD,14.1,13.8,14.3
07B1L,0701,80,2032,AFD,7.8,7.6,8.0
07B1L,0701,80,2032,Sonstige,5.9,5.8,6.3
07B1L,0701,80,2032,FDP,4.5,4.3,5.1
07B1M,0701,80,1900,GRUENE,23.2,23.0,23.4
07B1M,0701,80,1900,CDU,20.4,20.0,20.9
07B1M,0701,80,1900,LINKE,16.7,16.6,17.3
07B1M,0701,80,1900,SPD,14.6,14.2,14.7
07B1M,0701,80,1900,AFD,8.2,7.9,8.4
07B1M,0701,80,1900,Sonstige,7.0,6.7,7.2
07B1M,0701,80,1900,FDP,4.4,4.2,4.6
07B1N,0701,80,2058,GRUENE,27.0,26.8,27.3
07B1N,0701,80,2058,CDU,19.5,19.0,19.9
07B1N,0701,80,2058,LINKE,16.3,16.1,16.8
07B1N,0701,80,2058,SPD,13.8,13.5,13.9
07B1N,0701,80,2058,Sonstige,7.4,7.2,7.7
07B1N,0701,80,2058,AFD,6.2,6.0,6.5
07B1N,0701,80,2058,FDP,4.0,3.9,4.1
07B1P,0701,80,1978,GRUENE,26.7,26.4,27.0
07B1P,0701,80,1978,LINKE,18.8,18.7,19.4
07B1P,0701,80,1978,CDU,16.3,15.8,16.5
07B1P,0701,80,1978,SPD,13.8,13.5,13.9
07B1P,0701,80,1978,Sonstige,7.9,7.7,8.1
07B1P,0701,80,1978,AFD,6.5,6.3,6.7
07B1P,0701,80,1978,FDP,4.1,3.9,4.1
07B1Q,0701,80,2087,GRUENE,29.5,29.3,29.8
07B1Q,0701,80,2087,LINKE,19.2,19.1,19.8
07B1Q,0701,80,2087,CDU,15.4,14.8,15.7
07B1Q,0701,80,2087,SPD,12.8,12.5,12.9
07B1Q,0701,80,2087,Sonstige,7.4,7.2,7.8
07B1Q,0701,80,2087,AFD,5.0,4.8,5.2
07B1Q,0701,80,2087,FDP,4.1,3.9,4.1
07B1R,0701,80,1986,GRUENE,33.6,33.3,33.8
07B1R,0701,80,1986,LINKE,20.8,20.7,21.5
07B1R,0701,80,1986,CDU,12.7,12.1,13.0
07B1R,0701,80,1986,SPD,12.6,12.2,12.7
07B1R,0701,80,1986,Sonstige,7.0,6.7,7.3
07B1R,0701,80,1986,AFD,4.4,4.2,4.8
07B1R,0701,80,1986,FDP,3.6,3.4,3.7
07B1S,0701,80,1813,GRUENE,33.6,33.3,34.0
07B1S,0701,80,1813,LINKE,23.2,23.0,23.9
07B1S,0701,80,1813,SPD,11.7,11.4,11.8
07B1S,0701,80,1813,CDU,10.4,9.9,10.8
07B1S,0701,80,1813,Sonstige,8.2,8.0,8.4
07B1S,0701,80,1813,AFD,4.8,4.6,5.0
07B1S,0701,80,1813,FDP,3.0,2.8,3.2
07B1T,0701,80,1065,GRUENE,35.2,35.0,35.5
07B1T,0701,80,1065,LINKE,24.0,23.9,24.7
07B1T,0701,80,1065,SPD,11.0,10.7,11.2
07B1T,0701,80,1065,CDU,9.1,8.5,9.5
07B1T,0701,80,1065,Sonstige,8.5,8.2,8.7
07B1T,0701,80,1065,AFD,4.9,4.6,5.3
07B1T,0701,80,1065,FDP,2.7,2.5,2.9
07B1U,0701,80,2066,GRUENE,31.3,31.1,31.6
07B1U,0701,80,2066,LINKE,27.1,26.9,27.8
07B1U,0701,80,2066,SPD,11.1,10.8,11.2
07B1U,0701,80,2066,CDU,9.3,8.9,9.7
07B1U,0701,80,2066,Sonstige,8.2,8.0,8.5
07B1U,0701,80,2066,AFD,5.8,5.6,6.1
07B1U,0701,80,2066,FDP,3.0,2.8,3.1
07B2A,0702,80,1067,GRUENE,23.9,23.7,24.4
07B2A,0702,80,1067,CDU,20.8,19.7,21.0
07B2A,0702,80,1067,LINKE,17.0,16.8,17.5
07B2A,0702,80,1067,SPD,13.3,13.0,13.4
07B2A,0702,80,1067,Sonstige,7.7,7.5,7.9
07B2A,0702,80,1067,AFD,6.6,6.4,6.8
07B2A,0702,80,1067,FDP,4.0,3.8,4.1
07B2B,0702,80,1076,GRUENE,23.9,23.7,24.3
07B2B,0702,80,1076,CDU,19.7,18.7,19.9
07B2B,0702,80,1076,LINKE,18.1,18.0,18.7
07B2B,0702,80,1076,SPD,13.7,13.3,13.8
07B2B,0702,80,1076,Sonstige,7.5,7.2,7.7
07B2B,0702,80,1076,AFD,7.4,7.1,7.6
07B2B,0702,80,1076,FDP,3.6,3.2,3.8
07B2C,0702,80,2046,GRUENE,25.8,25.6,26.4
07B2C,0702,80,2046,LINKE,19.3,19.2,19.9
07B2C,0702,80,2046,CDU,18.8,17.6,19.1
07B2C,0702,80,2046,SPD,14.3,14.0,14.5
07B2C,0702,80,2046,AFD,6.2,6.0,6.4
07B2C,0702,80,2046,Sonstige,6.0,5.8,6.3
07B2C,0702,80,2046,FDP,4.0,3.9,4.1
07B2D,0702,80,1732,GRUENE,33.6,33.3,33.9
07B2D,0702,80,1732,LINKE,19.8,19.6,20.4
07B2D,0702,80,1732,CDU,12.5,10.9,12.7
07B2D,0702,80,1732,SPD,12.4,12.1,12.6
07B2D,0702,80,1732,Sonstige,7.0,6.8,7.3
07B2D,0702,80,1732,AFD,4.8,4.5,5.1
07B2D,0702,80,1732,FDP,3.3,2.9,3.5
07B2E,0702,80,1947,GRUENE,31.7,31.4,32.0
07B2E,0702,80,1947,LINKE,20.6,20.5,21.3
07B2E,0702,80,1947,SPD,13.2,12.9,13.3
07B2E,0702,80,1947,CDU,12.1,10.8,12.3
07B2E,0702,80,1947,Sonstige,7.9,7.7,8.1
07B2E,0702,80,1947,AFD,5.7,5.4,6.0
07B2E,0702,80,1947,FDP,3.2,2.9,3.3
07B2F,0702,80,1864,GRUENE,24.7,24.5,25.1
07B2F,0702,80,1864,LINKE,18.3,18.2,18.9
07B2F,0702,80,1864,CDU,18.3,17.1,18.5
07B2F,0702,80,1864,SPD,14.0,13.7,14.1
07B2F,0702,80,1864,AFD,8.1,7.8,8.4
07B2F,0702,80,1864,Sonstige,7.8,7.6,8.0
07B2F,0702,80,1864,FDP,3.5,3.3,3.6
07B2G,0702,80,1852,GRUENE,28.5,28.3,28.9
07B2G,0702,80,1852,LINKE,21.1,20.9,21.7
07B2G,0702,80,1852,CDU,13.4,12.1,13.6
07B2G,0702,80,1852,SPD,12.6,12.3,12.7
07B2G,0702,80,1852,Sonstige,8.8,8.6,9.0
07B2G,0702,80,1852,AFD,6.0,5.8,6.2
07B2G,0702,80,1852,FDP,3.2,3.0,3.4
07B2H,0702,80,1099,GRUENE,26.8,26.5,27.1
07B2H,0702,80,1099,LINKE,21.0,20.7,21.5
07B2H,0702,80,1099,SPD,13.8,13.5,13.9
07B2H,0702,80,1099,CDU,12.5,11.1,12.7
07B2H,0702,80,1099,Sonstige,10.5,10.2,10.7
07B2H,0702,80,1099,AFD,8.0,7.8,8.4
07B2H,0702,80,1099,FDP,2.9,2.6,3.1
07B2J,0702,80,1124,GRUENE,28.9,28.7,29.4
07B2J,0702,80,1124,LINKE,22.4,22.3,23.0
07B2J,0702,80,1124,CDU,12.2,10.8,12.5
07B2J,0702,80,1124,SPD,11.6,11.3,11.7
07B2J,0702,80,1124,Sonstige,10.1,9.9,10.3
07B2J,0702,80,1124,AFD,5.7,5.5,5.9
07B2J,0702,80,1124,FDP,2.8,2.3,3.0
07B2K,0702,80,1822,GRUENE,32.9,32.7,33.3
07B2K,0702,80,1822,LINKE,21.4,21.3,22.0
07B2K,0702,80,1822,SPD,11.5,11.2,11.6
07B2K,0702,80,1822,CDU,11.2,9.9,11.5
07B2K,0702,80,1822,Sonstige,8.7,8.5,8.9
07B2K,0702,80,1822,AFD,5.0,4.8,5.4
07B2K,0702,80,1822,FDP,3.0,2.7,3.2
07B2L,0702,80,1112,GRUENE,32.9,32.7,33.4
07B2L,0702,80,1112,LINKE,23.7,23.5,24.3
07B2L,0702,80,1112,SPD,11.3,11.1,11.5
07B2L,0702,80,1112,CDU,10.1,8.9,10.4
07B2L,0702,80,1112,Sonstige,9.1,8.9,9.3
07B2L,0702,80,1112,AFD,4.5,4.3,4.8
07B2L,0702,80,1112,FDP,2.8,2.5,3.1
07B2M,0702,80,1959,GRUENE,35.2,34.9,35.8
07B2M,0702,80,1959,LINKE,24.4,24.3,25.1
07B2M,0702,80,1959,SPD,11.1,10.9,11.2
07B2M,0702,80,1959,Sonstige,8.6,8.4,9.0
07B2M,0702,80,1959,CDU,8.5,7.5,8.9
07B2M,0702,80,1959,AFD,3.8,3.5,4.1
07B2M,0702,80,1959,FDP,2.8,2.5,3.1
07B2N,0702,80,1898,GRUENE,35.1,34.8,35.6
07B2N,0702,80,1898,LINKE,23.1,23.0,23.8
07B2N,0702,80,1898,SPD,11.2,11.0,11.3
07B2N,0702,80,1898,CDU,9.0,7.9,9.3
07B2N,0702,80,1898,Sonstige,9.0,8.8,9.2
07B2N,0702,80,1898,AFD,4.3,4.1,4.7
07B2N,0702,80,1898,FDP,2.9,2.7,3.1
07B2P,0702,80,2082,CDU,20.3,19.0,20.5
07B2P,0702,80,2082,GRUENE,18.0,17.8,18.4
07B2P,0702,80,2082,LINKE,16.4,16.2,16.9
07B2P,0702,80,2082,SPD,14.5,14.2,14.6
07B2P,0702,80,2082,AFD,11.0,10.8,11.2
07B2P,0702,80,2082,Sonstige,10.7,10.5,11.1
07B2P,0702,80,2082,FDP,3.9,3.7,3.9
07B2Q,0702,80,1084,GRUENE,27.5,27.3,27.9
07B2Q,0702,80,1084,LINKE,18.1,17.9,18.5
07B2Q,0702,80,1084,CDU,15.4,14.3,16.1
07B2Q,0702,80,1084,SPD,12.4,12.1,12.5
07B2Q,0702,80,1084,Sonstige,11.1,10.8,11.2
07B2Q,0702,80,1084,AFD,7.6,7.4,7.9
07B2Q,0702,80,1084,FDP,3.1,2.9,3.2
07B2R,0702,80,1910,GRUENE,34.4,34.1,35.0
07B2R,0702,80,1910,LINKE,23.7,23.5,24.3
07B2R,0702,80,1910,SPD,11.0,10.8,11.2
07B2R,0702,80,1910,Sonstige,9.9,9.8,10.2
07B2R,0702,80,1910,CDU,9.4,8.3,9.6
07B2R,0702,80,1910,AFD,3.9,3.7,4.2
07B2R,0702,80,1910,FDP,2.5,2.0,2.8
07B2S,0702,80,1988,GRUENE,33.9,33.6,34.4
07B2S,0702,80,1988,LINKE,22.3,22.2,22.9
07B2S,0702,80,1988,SPD,11.6,11.3,11.7
07B2S,0702,80,1988,CDU,10.2,9.0,10.4
07B2S,0702,80,1988,Sonstige,9.0,8.8,9.3
07B2S,0702,80,1988,AFD,4.2,4.0,4.4
07B2S,0702,80,1988,FDP,2.9,2.7,3.1
07B2T,0702,80,1846,GRUENE,33.6,33.3,34.2
07B2T,0702,80,1846,LINKE,22.0,21.8,22.6
07B2T,0702,80,1846,SPD,11.7,11.4,11.8
07B2T,0702,80,1846,CDU,10.2,8.9,10.4
07B2T,0702,80,1846,Sonstige,9.1,8.9,9.3
07B2T,0702,80,1846,AFD,4.4,4.2,4.6
07B2T,0702,80,1846,FDP,2.9,2.7,3.1
07B2U,0702,80,1369,GRUENE,28.2,28.0,28.6
07B2U,0702,80,1369,LINKE,21.7,21.5,22.2
07B2U,0702,80,1369,CDU,13.9,12.9,14.5
07B2U,0702,80,1369,SPD,11.7,11.4,11.8
07B2U,0702,80,1369,Sonstige,10.3,10.1,10.6
07B2U,0702,80,1369,AFD,6.4,6.2,6.7
07B2U,0702,80,1369,FDP,2.9,2.6,3.2
07B2V,0702,80,1672,GRUENE,26.7,26.4,27.2
07B2V,0702,80,1672,LINKE,24.1,24.0,24.8
07B2V,0702,80,1672,CDU,14.2,13.1,14.4
07B2V,0702,80,1672,SPD,12.6,12.4,12.8
07B2V,0702,80,1672,Sonstige,8.4,8.2,8.6
07B2V,0702,80,1672,AFD,6.7,6.5,6.9
07B2V,0702,80,1672,FDP,3.2,3.0,3.3
07B3A,0703,80,2037,GRUENE,27.4,27.1,28.0
07B3A,0703,80,2037,LINKE,18.7,18.6,19.1
07B3A,0703,80,2037,CDU,16.7,15.4,17.2
07B3A,0703,80,2037,SPD,14.0,13.7,14.1
07B3A,0703,80,2037,Sonstige,7.0,6.8,7.2
07B3A,0703,80,2037,AFD,6.2,5.9,6.5
07B3A,0703,80,2037,FDP,4.0,3.7,4.1
07B3B,0703,80,1049,GRUENE,27.7,27.4,28.3
07B3B,0703,80,1049,LINKE,17.4,17.2,17.7
07B3B,0703,80,1049,CDU,16.9,15.6,17.5
07B3B,0703,80,1049,SPD,14.3,14.0,14.4
07B3B,0703,80,1049,Sonstige,6.6,6.3,6.7
07B3B,0703,80,1049,AFD,6.4,6.2,6.7
07B3B,0703,80,1049,FDP,4.2,4.1,4.3
07B3C,0703,80,1978,GRUENE,26.2,25.8,26.9
07B3C,0703,80,1978,CDU,18.4,16.9,18.9
07B3C,0703,80,1978,SPD,15.3,15.0,15.4
07B3C,0703,80,1978,LINKE,15.1,15.0,15.5
07B3C,0703,80,1978,AFD,6.7,6.5,6.9
07B3C,0703,80,1978,Sonstige,6.4,6.1,6.5
07B3C,0703,80,1978,FDP,4.3,4.2,4.4
07B3D,0703,80,1962,GRUENE,27.2,26.8,28.1
07B3D,0703,80,1962,LINKE,17.9,17.8,18.3
07B3D,0703,80,1962,CDU,16.2,15.0,16.7
07B3D,0703,80,1962,SPD,14.5,14.2,14.6
07B3D,0703,80,1962,Sonstige,7.9,7.6,8.1
07B3D,0703,80,1962,AFD,5.4,5.1,5.7
07B3D,0703,80,1962,FDP,3.7,3.4,3.8
07B3E,0703,80,1011,GRUENE,27.1,26.8,27.8
07B3E,0703,80,1011,CDU,17.8,16.8,18.4
07B3E,0703,80,1011,LINKE,16.2,16.0,16.5
07B3E,0703,80,1011,SPD,14.1,13.8,14.2
07B3E,0703,80,1011,Sonstige,8.8,8.6,9.0
07B3E,0703,80,1011,AFD,6.5,6.3,6.7
07B3E,0703,80,1011,FDP,3.5,3.1,3.6
07B3F,0703,80,1086,GRUENE,26.2,25.8,27.1
07B3F,0703,80,1086,CDU,17.2,16.1,17.7
07B3F,0703,80,1086,LINKE,15.7,15.6,15.9
07B3F,0703,80,1086,SPD,14.6,14.3,14.7
07B3F,0703,80,1086,Sonstige,8.8,8.6,9.0
07B3F,0703,80,1086,AFD,5.5,5.2,5.7
07B3F,0703,80,1086,FDP,4.1,3.8,4.2
07B3G,0703,80,1995,GRUENE,26.6,26.3,27.2
07B3G,0703,80,1995,CDU,19.8,18.5,20.3
07B3G,0703,80,1995,SPD,15.3,14.9,15.4
07B3G,0703,80,1995,LINKE,13.0,12.9,13.2
07B3G,0703,80,1995,Sonstige,7.8,7.5,8.0
07B3G,0703,80,1995,AFD,6.5,6.2,6.8
07B3G,0703,80,1995,FDP,4.1,3.9,4.2
07B3H,0703,80,2019,GRUENE,25.6,25.3,26.2
07B3H,0703,80,2019,CDU,18.5,17.1,19.0
07B3H,0703,80,2019,LINKE,17.2,17.1,17.5
07B3H,0703,80,2019,SPD,14.5,14.2,14.6
07B3H,0703,80,2019,AFD,7.0,6.8,7.2
07B3H,0703,80,2019,Sonstige,6.7,6.4,6.8
07B3H,0703,80,2019,FDP,4.3,4.1,4.3
07B3J,0703,80,1940,GRUENE,27.1,26.8,27.8
07B3J,0703,80,1940,CDU,17.9,16.3,18.4
07B3J,0703,80,1940,LINKE,14.6,14.5,14.8
07B3J,0703,80,1940,SPD,14.5,14.2,14.6
07B3J,0703,80,1940,Sonstige,8.1,7.8,8.3
07B3J,0703,80,1940,AFD,6.4,6.1,6.7
07B3J,0703,80,1940,FDP,4.2,4.0,4.3
07B3K,0703,80,1789,GRUENE,28.0,27.6,28.7
07B3K,0703,80,1789,CDU,17.0,15.5,17.6
07B3K,0703,80,1789,LINKE,16.7,16.6,17.1
07B3K,0703,80,1789,SPD,13.9,13.5,13.9
07B3K,0703,80,1789,Sonstige,7.1,6.9,7.3
07B3K,0703,80,1789,AFD,6.3,6.0,6.5
07B3K,0703,80,1789,FDP,4.2,3.9,4.3
07B3L,0703,80,1102,GRUENE,25.9,25.5,26.7
07B3L,0703,80,1102,CDU,19.4,18.2,19.9
07B3L,0703,80,1102,SPD,14.8,14.5,14.9
07B3L,0703,80,1102,LINKE,14.5,14.4,14.8
07B3L,0703,80,1102,Sonstige,7.9,7.6,8.1
07B3L,0703,80,1102,AFD,6.1,5.9,6.3
07B3L,0703,80,1102,FDP,4.2,4.0,4.2
07B3M,0703,80,2017,GRUENE,26.1,25.8,26.8
07B3M,0703,80,2017,LINKE,17.8,17.7,18.2
07B3M,0703,80,2017,CDU,17.5,16.2,18.1
07B3M,0703,80,2017,SPD,14.4,14.1,14.5
07B3M,0703,80,2017,Sonstige,7.7,7.5,7.9
07B3M,0703,80,2017,AFD,7.0,6.7,7.3
07B3M,0703,80,2017,FDP,4.0,3.9,4.1
07B3N,0703,80,1989,GRUENE,27.6,27.3,28.2
07B3N,0703,80,1989,CDU,18.3,17.1,18.8
07B3N,0703,80,1989,LINKE,15.6,15.5,15.9
07B3N,0703,80,1989,SPD,13.6,13.3,13.6
07B3N,0703,80,1989,Sonstige,7.7,7.5,7.9
07B3N,0703,80,1989,AFD,6.3,6.0,6.6
07B3N,0703,80,1989,FDP,4.0,3.8,4.1
07B3P,0703,80,1074,GRUENE,28.5,28.1,29.3
07B3P,0703,80,1074,CDU,18.7,17.5,19.2
07B3P,0703,80,1074,LINKE,14.9,14.7,15.1
07B3P,0703,80,1074,SPD,13.6,13.2,13.7
07B3P,0703,80,1074,Sonstige,8.0,7.7,8.1
07B3P,0703,80,1074,AFD,5.4,5.2,5.7
07B3P,0703,80,1074,FDP,4.1,3.8,4.2
07B3Q,0703,80,1902,GRUENE,27.9,27.5,28.5
07B3Q,0703,80,1902,LINKE,17.9,17.8,18.2
07B3Q,0703,80,1902,CDU,15.7,14.4,16.2
07B3Q,0703,80,1902,SPD,13.9,13.5,13.9
07B3Q,0703,80,1902,Sonstige,8.4,8.2,8.6
07B3Q,0703,80,1902,AFD,6.8,6.5,7.0
07B3Q,0703,80,1902,FDP,3.5,3.2,3.6
07B3R,0703,80,1882,GRUENE,26.8,26.6,27.3
07B3R,0703,80,1882,LINKE,19.8,19.7,20.2
07B3R,0703,80,1882,SPD,14.1,13.7,14.1
07B3R,0703,80,1882,CDU,14.0,12.7,14.6
07B3R,0703,80,1882,Sonstige,8.6,8.4,8.8
07B3R,0703,80,1882,AFD,7.5,7.3,7.8
07B3R,0703,80,1882,FDP,3.2,2.9,3.3
07B3S,0703,80,1084,GRUENE,27.0,26.7,27.6
07B3S,0703,80,1084,LINKE,19.4,19.3,19.7
07B3S,0703,80,1084,SPD,14.5,14.2,14.5
07B3S,0703,80,1084,CDU,14.3,13.1,14.9
07B3S,0703,80,1084,Sonstige,7.8,7.6,8.1
07B3S,0703,80,1084,AFD,6.8,6.6,7.0
07B3S,0703,80,1084,FDP,3.4,3.1,3.5
07B3T,0703,80,1899,GRUENE,20.7,20.5,21.3
07B3T,0703,80,1899,CDU,18.0,16.9,18.5
07B3T,0703,80,1899,LINKE,17.9,17.8,18.2
07B3T,0703,80,1899,SPD,13.7,13.4,13.7
07B3T,0703,80,1899,Sonstige,11.7,11.4,11.9
07B3T,0703,80,1899,AFD,10.2,10.0,10.5
07B3T,0703,80,1899,FDP,3.3,3.2,3.4
07B3U,0703,80,1981,CDU,23.1,21.9,23.5
07B3U,0703,80,1981,GRUENE,17.6,17.4,18.2
07B3U,0703,80,1981,LINKE,14.9,14.8,15.2
07B3U,0703,80,1981,SPD,13.9,13.6,14.0
07B3U,0703,80,1981,Sonstige,11.0,10.7,11.2
07B3U,0703,80,1981,AFD,10.8,10.4,11.0
07B3U,0703,80,1981,FDP,3.7,3.4,3.8
07B3V,0703,80,1893,CDU,31.4,30.3,31.9
07B3V,0703,80,1893,SPD,15.6,15.3,15.7
07B3V,0703,80,1893,GRUENE,14.1,13.7,14.7
07B3V,0703,80,1893,LINKE,10.7,10.6,10.9
07B3V,0703,80,1893,AFD,10.5,10.2,10.8
07B3V,0703,80,1893,Sonstige,7.7,7.5,7.9
07B3V,0703,80,1893,FDP,4.1,3.7,4.3
07B4A,0704,80,1163,GRUENE,26.6,26.2,26.9
07B4A,0704,80,1163,LINKE,20.5,20.3,20.8
07B4A,0704,80,1163,CDU,18.6,17.6,18.8
07B4A,0704,80,1163,SPD,11.9,11.6,12.0
07B4A,0704,80,1163,Sonstige,8.6,8.4,8.9
07B4A,0704,80,1163,AFD,5.4,5.1,6.0
07B4A,0704,80,1163,FDP,3.7,3.6,3.8
07B4B,0704,80,1988,GRUENE,26.8,26.5,26.9
07B4B,0704,80,1988,LINKE,18.9,18.8,19.3
07B4B,0704,80,1988,CDU,18.9,17.7,19.0
07B4B,0704,80,1988,SPD,11.9,11.7,12.0
07B4B,0704,80,1988,Sonstige,8.4,8.2,8.7
07B4B,0704,80,1988,AFD,7.4,7.1,7.9
07B4B,0704,80,1988,FDP,3.6,3.4,3.7
07B4C,0704,80,2012,GRUENE,24.9,24.6,25.1
07B4C,0704,80,2012,CDU,21.4,20.1,21.6
07B4C,0704,80,2012,LINKE,16.1,15.9,16.3
07B4C,0704,80,2012,SPD,12.9,12.6,13.1
07B4C,0704,80,2012,Sonstige,8.3,8.0,8.4
07B4C,0704,80,2012,AFD,7.2,6.9,7.5
07B4C,0704,80,2012,FDP,3.6,3.3,3.8
07B4D,0704,80,2120,CDU,21.8,20.7,21.9
07B4D,0704,80,2120,GRUENE,20.7,20.5,20.8
07B4D,0704,80,2120,LINKE,18.3,18.1,18.6
07B4D,0704,80,2120,SPD,13.2,13.0,13.3
07B4D,0704,80,2120,AFD,9.8,9.5,10.0
07B4D,0704,80,2120,Sonstige,9.8,9.5,9.9
07B4D,0704,80,2120,FDP,3.5,3.2,3.6
07B4E,0704,80,1962,CDU,21.9,20.8,22.0
07B4E,0704,80,1962,GRUENE,20.0,19.8,20.1
07B4E,0704,80,1962,LINKE,18.7,18.6,19.0
07B4E,0704,80,1962,SPD,13.1,12.8,13.2
07B4E,0704,80,1962,AFD,9.7,9.4,10.0
07B4E,0704,80,1962,Sonstige,9.4,9.2,9.6
07B4E,0704,80,1962,FDP,3.6,3.4,3.8
07B4F,0704,80,1900,CDU,22.7,21.8,22.8
07B4F,0704,80,1900,GRUENE,17.2,17.0,17.4
07B4F,0704,80,1900,LINKE,17.0,16.9,17.4
07B4F,0704,80,1900,SPD,13.6,13.3,13.7
07B4F,0704,80,1900,Sonstige,10.7,10.5,11.0
07B4F,0704,80,1900,AFD,10.4,10.1,10.6
07B4F,0704,80,1900,FDP,3.4,3.2,3.6
07B4G,0704,80,1115,CDU,21.3,20.5,21.5
07B4G,0704,80,1115,LINKE,18.6,18.5,19.0
07B4G,0704,80,1115,GRUENE,17.9,17.6,18.0
07B4G,0704,80,1115,SPD,14.0,13.7,14.1
07B4G,0704,80,1115,Sonstige,10.5,10.2,10.7
07B4G,0704,80,1115,AFD,9.2,9.0,9.5
07B4G,0704,80,1115,FDP,3.5,3.3,3.5
07B4H,0704,80,1815,CDU,23.7,22.5,23.8
07B4H,0704,80,1815,LINKE,17.8,17.7,18.1
07B4H,0704,80,1815,GRUENE,17.1,16.9,17.2
07B4H,0704,80,1815,SPD,14.0,13.8,14.1
07B4H,0704,80,1815,AFD,10.3,10.1,10.6
07B4H,0704,80,1815,Sonstige,10.0,9.7,10.2
07B4H,0704,80,1815,FDP,3.6,3.3,3.7
07B4J,0704,80,1872,CDU,21.5,20.8,21.7
07B4J,0704,80,1872,GRUENE,19.4,19.1,19.5
07B4J,0704,80,1872,LINKE,16.7,16.5,17.0
07B4J,0704,80,1872,SPD,14.4,14.1,14.5
07B4J,0704,80,1872,AFD,10.6,10.3,11.0
07B4J,0704,80,1872,Sonstige,10.1,9.9,10.4
07B4J,0704,80,1872,FDP,3.6,3.5,3.7
07B4K,0704,80,1083,GRUENE,23.8,23.5,24.0
07B4K,0704,80,1083,CDU,18.8,17.4,18.9
07B4K,0704,80,1083,LINKE,18.1,17.9,18.5
07B4K,0704,80,1083,SPD,13.0,12.7,13.1
07B4K,0704,80,1083,Sonstige,9.7,9.5,10.0
07B4K,0704,80,1083,AFD,8.3,8.0,8.6
07B4K,0704,80,1083,FDP,3.0,2.6,3.2
07B4L,0704,80,1088,GRUENE,25.0,24.8,25.2
07B4L,0704,80,1088,LINKE,20.1,20.0,20.6
07B4L,0704,80,1088,CDU,14.7,13.6,14.9
07B4L,0704,80,1088,SPD,13.7,13.4,13.8
07B4L,0704,80,1088,Sonstige,10.8,10.6,11.0
07B4L,0704,80,1088,AFD,8.1,7.9,8.4
07B4L,0704,80,1088,FDP,3.1,2.8,3.2
07B4M,0704,80,1929,GRUENE,22.4,22.2,22.6
07B4M,0704,80,1929,CDU,19.9,18.7,20.0
07B4M,0704,80,1929,LINKE,17.7,17.6,18.0
07B4M,0704,80,1929,SPD,13.2,12.9,13.3
07B4M,0704,80,1929,Sonstige,10.2,9.9,10.4
07B4M,0704,80,1929,AFD,7.9,7.6,8.1
07B4M,0704,80,1929,FDP,3.6,3.4,3.8
07B4N,0704,80,1101,CDU,22.5,21.5,22.7
07B4N,0704,80,1101,GRUENE,21.6,21.4,21.8
07B4N,0704,80,1101,LINKE,16.2,16.1,16.5
07B4N,0704,80,1101,SPD,13.1,12.9,13.2
07B4N,0704,80,1101,Sonstige,8.8,8.5,9.0
07B4N,0704,80,1101,AFD,7.3,7.1,7.6
07B4N,0704,80,1101,FDP,3.8,3.4,4.0
07B4P,0704,80,1151,CDU,23.1,22.2,23.2
07B4P,0704,80,1151,LINKE,17.1,16.9,17.4
07B4P,0704,80,1151,GRUENE,15.8,15.6,16.0
07B4P,0704,80,1151,SPD,14.1,13.8,14.1
07B4P,0704,80,1151,AFD,11.3,11.0,11.5
07B4P,0704,80,1151,Sonstige,11.3,11.0,11.5
07B4P,0704,80,1151,FDP,3.3,3.0,3.5
07B4Q,0704,80,2009,GRUENE,21.4,21.2,21.6
07B4Q,0704,80,2009,CDU,19.5,18.7,19.6
07B4Q,0704,80,2009,LINKE,18.5,18.4,18.8
07B4Q,0704,80,2009,SPD,13.5,13.2,13.5
07B4Q,0704,80,2009,Sonstige,11.0,10.7,11.2
07B4Q,0704,80,2009,AFD,8.6,8.3,8.9
07B4Q,0704,80,2009,FDP,3.1,2.8,3.3
07B4R,0704,80,2037,CDU,24.6,23.9,24.8
07B4R,0704,80,2037,LINKE,15.5,15.3,15.7
07B4R,0704,80,2037,SPD,14.8,14.5,14.9
07B4R,0704,80,2037,GRUENE,14.4,14.3,14.6
07B4R,0704,80,2037,Sonstige,11.8,11.6,12.0
07B4R,0704,80,2037,AFD,11.7,11.4,12.0
07B4R,0704,80,2037,FDP,3.2,2.9,3.4
07B4S,0704,80,1933,GRUENE,21.4,21.3,21.6
07B4S,0704,80,1933,CDU,19.4,18.5,19.6
07B4S,0704,80,1933,LINKE,18.1,18.0,18.5
07B4S,0704,80,1933,SPD,13.7,13.4,13.7
07B4S,0704,80,1933,Sonstige,10.1,9.9,10.3
07B4S,0704,80,1933,AFD,9.1,8.8,9.5
07B4S,0704,80,1933,FDP,3.5,3.2,3.7
07B4T,0704,80,2007,CDU,26.5,25.3,26.6
07B4T,0704,80,2007,SPD,15.0,14.6,15.1
07B4T,0704,80,2007,LINKE,14.6,14.4,14.9
07B4T,0704,80,2007,GRUENE,13.4,13.1,13.6
07B4T,0704,80,2007,AFD,11.6,11.4,11.8
07B4T,0704,80,2007,Sonstige,10.9,10.6,11.1
07B4T,0704,80,2007,FDP,3.6,3.3,3.8
07B4U,0704,80,1976,GRUENE,21.9,21.6,22.0
07B4U,0704,80,1976,CDU,19.5,18.2,19.7
07B4U,0704,80,1976,LINKE,17.9,17.7,18.3
07B4U,0704,80,1976,SPD,13.6,13.3,13.7
07B4U,0704,80,1976,Sonstige,10.0,9.8,10.2
07B4U,0704,80,1976,AFD,9.3,9.0,9.6
07B4U,0704,80,1976,FDP,3.4,3.2,3.6
07B5A,0705,80,1955,LINKE,26.4,26.2,27.0
07B5A,0705,80,1955,GRUENE,20.0,19.7,20.3
07B5A,0705,80,1955,CDU,14.5,14.2,16.1
07B5A,0705,80,1955,Sonstige,13.2,13.0,13.5
07B5A,0705,80,1955,AFD,12.0,11.7,12.6
07B5A,0705,80,1955,SPD,10.4,10.1,10.5
07B5A,0705,80,1955,FDP,2.8,2.6,2.8
07B5B,0705,80,1787,CDU,32.5,32.1,33.4
07B5B,0705,80,1787,SPD,13.8,13.5,13.9
07B5B,0705,80,1787,AFD,13.5,13.3,14.0
07B5B,0705,80,1787,Sonstige,10.8,10.5,11.0
07B5B,0705,80,1787,GRUENE,10.6,10.3,10.8
07B5B,0705,80,1787,LINKE,10.3,10.1,10.4
07B5B,0705,80,1787,FDP,4.4,4.2,4.5
07B5C,0705,80,1715,CDU,30.3,30.0,31.9
07B5C,0705,80,1715,SPD,15.0,14.7,15.2
07B5C,0705,80,1715,AFD,13.5,13.3,13.7
07B5C,0705,80,1715,LINKE,12.5,12.4,12.7
07B5C,0705,80,1715,GRUENE,10.9,10.7,11.1
07B5C,0705,80,1715,Sonstige,10.1,9.8,10.3
07B5C,0705,80,1715,FDP,4.0,3.9,4.1
07B5D,0705,80,1954,CDU,26.4,26.1,27.9
07B5D,0705,80,1954,LINKE,15.3,15.2,15.6
07B5D,0705,80,1954,SPD,14.8,14.5,14.9
07B5D,0705,80,1954,GRUENE,13.5,13.2,13.6
07B5D,0705,80,1954,AFD,11.9,11.7,12.1
07B5D,0705,80,1954,Sonstige,9.8,9.6,10.0
07B5D,0705,80,1954,FDP,3.9,3.8,4.0
07B5E,0705,80,1205,CDU,20.8,20.7,22.5
07B5E,0705,80,1205,GRUENE,20.1,19.9,20.3
07B5E,0705,80,1205,LINKE,16.4,16.2,16.8
07B5E,0705,80,1205,SPD,12.9,12.6,13.0
07B5E,0705,80,1205,Sonstige,12.3,12.1,12.6
07B5E,0705,80,1205,AFD,9.9,9.7,10.4
07B5E,0705,80,1205,FDP,3.2,2.9,3.3
07B5F,0705,80,1976,CDU,27.4,27.1,28.8
07B5F,0705,80,1976,SPD,15.4,15.0,15.4
07B5F,0705,80,1976,LINKE,14.4,14.3,14.7
07B5F,0705,80,1976,GRUENE,13.2,13.1,13.3
07B5F,0705,80,1976,AFD,11.9,11.7,12.2
07B5F,0705,80,1976,Sonstige,9.9,9.7,10.1
07B5F,0705,80,1976,FDP,4.0,3.9,4.1
07B5G,0705,80,1973,CDU,27.8,27.5,28.9
07B5G,0705,80,1973,SPD,15.1,14.7,15.2
07B5G,0705,80,1973,LINKE,13.4,13.3,13.7
07B5G,0705,80,1973,GRUENE,12.8,12.5,12.9
07B5G,0705,80,1973,AFD,12.4,12.2,12.7
07B5G,0705,80,1973,Sonstige,9.7,9.5,9.9
07B5G,0705,80,1973,FDP,4.0,3.8,4.0
07B5H,0705,80,1053,CDU,28.1,27.8,29.5
07B5H,0705,80,1053,SPD,16.0,15.7,16.1
07B5H,0705,80,1053,LINKE,14.3,14.1,14.6
07B5H,0705,80,1053,GRUENE,12.7,12.5,12.9
07B5H,0705,80,1053,AFD,11.4,11.2,12.0
07B5H,0705,80,1053,Sonstige,8.4,8.2,8.6
07B5H,0705,80,1053,FDP,4.2,4.1,4.3
07B5J,0705,80,1295,CDU,29.7,29.3,31.9
07B5J,0705,80,1295,SPD,15.5,15.2,15.6
07B5J,0705,80,1295,GRUENE,11.6,11.3,11.9
07B5J,0705,80,1295,LINKE,11.4,11.2,11.7
07B5J,0705,80,1295,AFD,11.4,11.1,11.9
07B5J,0705,80,1295,Sonstige,10.3,10.0,10.6
07B5J,0705,80,1295,FDP,3.7,3.5,3.8
07B5K,0705,80,1042,CDU,27.8,27.5,28.6
07B5K,0705,80,1042,LINKE,15.2,15.1,15.5
07B5K,0705,80,1042,SPD,15.1,14.8,15.2
07B5K,0705,80,1042,AFD,12.3,12.1,12.7
07B5K,0705,80,1042,GRUENE,12.1,12.0,12.3
07B5K,0705,80,1042,Sonstige,8.8,8.5,9.0
07B5K,0705,80,1042,FDP,4.1,3.9,4.2
07B5L,0705,80,1866,CDU,28.5,28.2,30.0
07B5L,0705,80,1866,SPD,14.1,13.8,14.2
07B5L,0705,80,1866,LINKE,14.0,13.8,14.3
07B5L,0705,80,1866,AFD,12.7,12.5,13.0
07B5L,0705,80,1866,GRUENE,12.2,11.9,12.4
07B5L,0705,80,1866,Sonstige,9.4,9.2,9.7
07B5L,0705,80,1866,FDP,4.2,4.0,4.2
07B5M,0705,80,1705,CDU,27.6,27.3,29.3
07B5M,0705,80,1705,SPD,14.0,13.7,14.1
07B5M,0705,80,1705,GRUENE,12.8,12.7,13.0
07B5M,0705,80,1705,LINKE,12.3,12.2,12.6
07B5M,0705,80,1705,AFD,12.2,12.0,12.4
07B5M,0705,80,1705,Sonstige,10.8,10.6,11.0
07B5M,0705,80,1705,FDP,4.3,4.2,4.4
07B5N,0705,80,1792,CDU,29.0,28.7,30.4
07B5N,0705,80,1792,SPD,14.5,14.2,14.6
07B5N,0705,80,1792,AFD,13.3,13.0,13.8
07B5N,0705,80,1792,GRUENE,12.0,11.7,12.2
07B5N,0705,80,1792,LINKE,11.6,11.5,11.8
07B5N,0705,80,1792,Sonstige,10.5,10.2,10.7
07B5N,0705,80,1792,FDP,4.0,3.9,4.1
07B5P,0705,80,1905,CDU,29.0,28.6,29.6
07B5P,0705,80,1905,SPD,15.4,15.1,15.5
07B5P,0705,80,1905,AFD,14.1,13.8,14.4
07B5P,0705,80,1905,LINKE,12.4,12.3,12.7
07B5P,0705,80,1905,GRUENE,11.2,10.8,11.4
07B5P,0705,80,1905,Sonstige,9.6,9.3,9.9
07B5P,0705,80,1905,FDP,4.0,3.9,4.1
07B5Q,0705,80,1852,CDU,30.0,29.7,31.5
07B5Q,0705,80,1852,SPD,15.5,15.2,15.6
07B5Q,0705,80,1852,AFD,13.6,13.4,14.0
07B5Q,0705,80,1852,LINKE,12.5,12.3,12.8
07B5Q,0705,80,1852,GRUENE,11.0,10.7,11.3
07B5Q,0705,80,1852,Sonstige,9.5,9.3,9.8
07B5Q,0705,80,1852,FDP,4.0,3.9,4.0
07B5R,0705,80,1933,CDU,32.3,31.9,33.4
07B5R,0705,80,1933,SPD,13.2,13.0,13.4
07B5R,0705,80,1933,AFD,12.8,12.6,13.0
07B5R,0705,80,1933,GRUENE,11.0,10.7,11.2
07B5R,0705,80,1933,LINKE,10.9,10.7,11.1
07B5R,0705,80,1933,Sonstige,10.4,10.2,10.7
07B5R,0705,80,1933,FDP,4.3,4.2,4.4
07B5S,0705,80,2023,CDU,35.1,34.8,36.4
07B5S,0705,80,2023,SPD,14.6,14.3,14.7
07B5S,0705,80,2023,AFD,12.1,11.8,12.6
07B5S,0705,80,2023,GRUENE,10.0,9.7,10.2
07B5S,0705,80,2023,LINKE,9.4,9.3,9.6
07B5S,0705,80,2023,Sonstige,8.2,7.9,8.4
07B5S,0705,80,2023,FDP,4.7,4.6,4.8
07B5T,0705,80,1786,CDU,36.0,35.7,37.1
07B5T,0705,80,1786,SPD,15.4,15.1,15.5
07B5T,0705,80,1786,AFD,12.4,12.2,12.7
07B5T,0705,80,1786,LINKE,9.4,9.2,9.6
07B5T,0705,80,1786,GRUENE,9.1,8.9,9.2
07B5T,0705,80,1786,Sonstige,7.4,7.2,7.7
07B5T,0705,80,1786,FDP,4.6,4.4,4.7
07B5U,0705,80,1718,CDU,37.0,36.6,38.0
07B5U,0705,80,1718,SPD,16.7,16.2,17.0
07B5U,0705,80,1718,AFD,11.8,11.6,12.2
07B5U,0705,80,1718,LINKE,8.9,8.7,9.1
07B5U,0705,80,1718,GRUENE,7.5,7.2,7.8
07B5U,0705,80,1718,Sonstige,7.3,7.0,7.6
07B5U,0705,80,1718,FDP,4.8,4.6,4.9
07B6A,0706,80,1144,CDU,36.2,35.4,39.6
07B6A,0706,80,1144,SPD,19.0,18.2,19.6
07B6A,0706,80,1144,AFD,11.6,11.1,12.0
07B6A,0706,80,1144,LINKE,8.5,8.4,8.8
07B6A,0706,80,1144,GRUENE,6.7,6.2,7.2
07B6A,0706,80,1144,Sonstige,6.6,6.2,6.9
07B6A,0706,80,1144,FDP,4.7,4.4,4.9
07B6B,0706,80,1920,CDU,35.9,35.3,38.4
07B6B,0706,80,1920,SPD,14.4,14.1,14.5
07B6B,0706,80,1920,AFD,12.4,12.2,12.6
07B6B,0706,80,1920,GRUENE,12.2,12.0,12.4
07B6B,0706,80,1920,Sonstige,7.8,7.5,8.0
07B6B,0706,80,1920,LINKE,6.4,6.2,6.5
07B6B,0706,80,1920,FDP,4.7,4.5,4.8
07B6C,0706,80,2043,CDU,36.7,36.2,39.8
07B6C,0706,80,2043,SPD,14.3,14.0,14.4
07B6C,0706,80,2043,AFD,14.3,14.0,14.5
07B6C,0706,80,2043,LINKE,9.1,8.9,9.3
07B6C,0706,80,2043,Sonstige,8.7,8.4,8.9
07B6C,0706,80,2043,GRUENE,8.2,7.9,8.5
07B6C,0706,80,2043,FDP,4.4,4.3,4.5
07B6D,0706,80,1118,CDU,37.6,37.1,40.5
07B6D,0706,80,1118,SPD,16.0,15.6,16.1
07B6D,0706,80,1118,AFD,12.1,11.9,12.3
07B6D,0706,80,1118,GRUENE,10.0,9.9,10.2
07B6D,0706,80,1118,LINKE,7.0,6.9,7.2
07B6D,0706,80,1118,Sonstige,6.2,5.9,6.4
07B6D,0706,80,1118,FDP,5.1,4.9,5.1
07B6E,0706,80,1886,CDU,38.7,38.1,41.7
07B6E,0706,80,1886,SPD,14.7,14.4,14.8
07B6E,0706,80,1886,AFD,14.0,13.8,14.4
07B6E,0706,80,1886,LINKE,8.5,8.4,8.7
07B6E,0706,80,1886,Sonstige,7.8,7.5,8.0
07B6E,0706,80,1886,GRUENE,7.1,6.7,7.4
07B6E,0706,80,1886,FDP,4.6,4.5,4.7
07B6F,0706,80,2003,CDU,33.3,32.8,36.3
07B6F,0706,80,2003,SPD,14.4,14.0,14.5
07B6F,0706,80,2003,AFD,12.7,12.4,13.0
07B6F,0706,80,2003,GRUENE,12.0,11.7,12.2
07B6F,0706,80,2003,LINKE,9.7,9.6,9.9
07B6F,0706,80,2003,Sonstige,8.5,8.2,8.7
07B6F,0706,80,2003,FDP,4.6,4.5,4.7
07B6G,0706,80,1998,CDU,35.0,34.5,37.3
07B6G,0706,80,1998,AFD,15.0,14.6,15.4
07B6G,0706,80,1998,SPD,14.2,13.9,14.3
07B6G,0706,80,1998,LINKE,10.0,9.9,10.2
07B6G,0706,80,1998,GRUENE,9.9,9.3,10.2
07B6G,0706,80,1998,Sonstige,8.8,8.5,9.1
07B6G,0706,80,1998,FDP,4.5,4.3,4.6
07B6H,0706,80,1854,CDU,39.8,39.2,42.6
07B6H,0706,80,1854,SPD,14.0,13.7,14.2
07B6H,0706,80,1854,AFD,12.1,11.8,12.5
07B6H,0706,80,1854,GRUENE,11.2,11.0,11.4
07B6H,0706,80,1854,LINKE,7.5,7.4,7.7
07B6H,0706,80,1854,Sonstige,5.9,5.7,6.1
07B6H,0706,80,1854,FDP,4.9,4.8,5.0
07B6J,0706,80,1945,CDU,35.6,35.1,38.8
07B6J,0706,80,1945,AFD,14.2,13.9,14.6
07B6J,0706,80,1945,SPD,13.8,13.5,14.0
07B6J,0706,80,1945,LINKE,9.9,9.8,10.1
07B6J,0706,80,1945,Sonstige,9.7,9.4,10.0
07B6J,0706,80,1945,GRUENE,9.0,8.5,9.3
07B6J,0706,80,1945,FDP,4.3,4.1,4.5
07B6K,0706,80,1931,CDU,37.5,37.0,40.8
07B6K,0706,80,1931,SPD,16.2,15.9,16.3
07B6K,0706,80,1931,AFD,14.7,14.4,15.0
07B6K,0706,80,1931,Sonstige,9.8,9.6,10.1
07B6K,0706,80,1931,LINKE,8.0,7.8,8.2
07B6K,0706,80,1931,GRUENE,6.5,6.1,6.9
07B6K,0706,80,1931,FDP,3.9,3.7,4.0
07B6L,0706,80,1860,CDU,34.0,33.5,37.2
07B6L,0706,80,1860,SPD,16.1,15.8,16.2
07B6L,0706,80,1860,AFD,15.3,15.0,15.6
07B6L,0706,80,1860,Sonstige,10.7,10.4,10.9
07B6L,0706,80,1860,LINKE,9.6,9.4,9.8
07B6L,0706,80,1860,GRUENE,6.7,6.3,7.0
07B6L,0706,80,1860,FDP,4.1,3.9,4.2
07B6M,0706,80,1913,CDU,31.9,31.5,35.1
07B6M,0706,80,1913,SPD,16.7,16.4,16.9
07B6M,0706,80,1913,AFD,15.7,15.4,16.0
07B6M,0706,80,1913,Sonstige,11.0,10.8,11.2
07B6M,0706,80,1913,LINKE,10.7,10.5,10.9
07B6M,0706,80,1913,GRUENE,6.0,5.7,6.2
07B6M,0706,80,1913,FDP,4.4,4.2,4.4
07B6N,0706,80,1959,CDU,33.0,32.5,36.3
07B6N,0706,80,1959,SPD,16.0,15.7,16.1
07B6N,0706,80,1959,AFD,15.6,15.3,15.9
07B6N,0706,80,1959,Sonstige,11.7,11.4,11.9
07B6N,0706,80,1959,LINKE,10.0,9.8,10.2
07B6N,0706,80,1959,GRUENE,6.3,6.0,6.6
07B6N,0706,80,1959,FDP,4.0,3.8,4.2
07B6P,0706,80,1945,CDU,33.7,33.2,37.4
07B6P,0706,80,1945,SPD,16.2,15.9,16.3
07B6P,0706,80,1945,AFD,15.2,14.9,15.6
07B6P,0706,80,1945,Sonstige,10.3,10.0,10.6
07B6P,0706,80,1945,LINKE,10.1,9.9,10.3
07B6P,0706,80,1945,GRUENE,6.9,6.4,7.3
07B6P,0706,80,1945,FDP,4.1,3.9,4.3
07B6Q,0706,80,1925,CDU,35.8,35.2,39.4
07B6Q,0706,80,1925,SPD,15.5,15.2,15.7
07B6Q,0706,80,1925,AFD,14.9,14.6,15.2
07B6Q,0706,80,1925,LINKE,9.1,8.9,9.2
07B6Q,0706,80,1925,Sonstige,9.0,8.8,9.3
07B6Q,0706,80,1925,GRUENE,6.9,6.6,7.1
07B6Q,0706,80,1925,FDP,4.4,4.3,4.5
07B6R,0706,80,1920,CDU,38.8,38.2,42.0
07B6R,0706,80,1920,SPD,14.3,14.0,14.5
07B6R,0706,80,1920,AFD,12.1,11.8,12.4
07B6R,0706,80,1920,GRUENE,12.0,11.8,12.1
07B6R,0706,80,1920,Sonstige,7.5,7.3,7.9
07B6R,0706,80,1920,LINKE,6.2,6.0,6.4
07B6R,0706,80,1920,FDP,4.4,4.2,4.5
07B6S,0706,80,1134,CDU,40.7,40.1,43.8
07B6S,0706,80,1134,SPD,14.4,14.1,14.5
07B6S,0706,80,1134,AFD,12.1,11.8,12.4
07B6S,0706,80,1134,GRUENE,9.4,9.1,9.5
07B6S,0706,80,1134,LINKE,6.8,6.6,7.0
07B6S,0706,80,1134,Sonstige,5.8,5.6,6.1
07B6S,0706,80,1134,FDP,4.8,4.5,4.9
07B6T,0706,80,1021,CDU,39.0,38.5,42.3
07B6T,0706,80,1021,SPD,16.2,15.9,16.4
07B6T,0706,80,1021,AFD,12.0,11.8,12.3
07B6T,0706,80,1021,GRUENE,10.2,9.9,10.3
07B6T,0706,80,1021,LINKE,6.6,6.5,6.8
07B6T,0706,80,1021,Sonstige,6.4,6.1,6.6
07B6T,0706,80,1021,FDP,4.6,4.4,4.7
07B7A,0707,80,1786,CDU,39.1,38.2,42.3
07B7A,0707,80,1786,SPD,14.8,14.5,14.9
07B7A,0707,80,1786,AFD,12.5,12.2,12.8
07B7A,0707,80,1786,GRUENE,10.4,10.1,10.6
07B7A,0707,80,1786,LINKE,8.2,8.0,8.3
07B7A,0707,80,1786,Sonstige,6.2,6.0,6.5
07B7A,0707,80,1786,FDP,4.6,4.4,4.7
07B7B,0707,80,1897,CDU,38.0,37.1,41.2
07B7B,0707,80,1897,SPD,14.9,14.6,15.0
07B7B,0707,80,1897,AFD,14.0,13.8,14.3
07B7B,0707,80,1897,GRUENE,8.5,8.1,8.8
07B7B,0707,80,1897,Sonstige,7.6,7.3,7.8
07B7B,0707,80,1897,LINKE,7.4,7.2,7.6
07B7B,0707,80,1897,FDP,4.7,4.5,4.7
07B7C,0707,80,2008,CDU,38.8,38.0,42.4
07B7C,0707,80,2008,SPD,15.4,15.1,15.6
07B7C,0707,80,2008,AFD,14.1,13.8,14.4
07B7C,0707,80,2008,GRUENE,8.4,8.0,8.6
07B7C,0707,80,2008,Sonstige,7.2,6.9,7.4
07B7C,0707,80,2008,LINKE,6.6,6.5,6.8
07B7C,0707,80,2008,FDP,4.8,4.7,4.9
07B7D,0707,80,2063,CDU,39.0,38.2,42.5
07B7D,0707,80,2063,SPD,14.5,14.2,14.6
07B7D,0707,80,2063,AFD,13.5,13.3,13.7
07B7D,0707,80,2063,LINKE,8.9,8.8,9.1
07B7D,0707,80,2063,GRUENE,8.3,8.0,8.5
07B7D,0707,80,2063,Sonstige,8.3,8.0,8.5
07B7D,0707,80,2063,FDP,4.5,4.4,4.6
07B7E,0707,80,1054,CDU,39.1,38.3,42.4
07B7E,0707,80,1054,SPD,13.6,13.3,13.8
07B7E,0707,80,1054,AFD,12.9,12.7,13.2
07B7E,0707,80,1054,GRUENE,9.7,9.5,9.9
07B7E,0707,80,1054,Sonstige,7.7,7.5,8.0
07B7E,0707,80,1054,LINKE,7.3,7.1,7.5
07B7E,0707,80,1054,FDP,4.7,4.6,4.8
07B7F,0707,80,1093,CDU,39.8,38.9,42.7
07B7F,0707,80,1093,SPD,14.5,14.2,14.6
07B7F,0707,80,1093,AFD,13.2,13.0,13.5
07B7F,0707,80,1093,GRUENE,9.5,9.1,9.8
07B7F,0707,80,1093,Sonstige,8.0,7.7,8.3
07B7F,0707,80,1093,LINKE,7.0,6.8,7.1
07B7F,0707,80,1093,FDP,4.7,4.5,4.8
07B7G,0707,80,2040,CDU,38.4,37.5,41.5
07B7G,0707,80,2040,SPD,14.9,14.6,15.0
07B7G,0707,80,2040,AFD,13.7,13.5,14.0
07B7G,0707,80,2040,GRUENE,8.8,8.5,9.0
07B7G,0707,80,2040,Sonstige,8.4,8.1,8.6
07B7G,0707,80,2040,LINKE,7.5,7.3,7.6
07B7G,0707,80,2040,FDP,4.6,4.4,4.7
07B7H,0707,80,2065,CDU,35.7,34.9,39.0
07B7H,0707,80,2065,SPD,15.5,15.2,15.6
07B7H,0707,80,2065,AFD,15.4,15.0,15.8
07B7H,0707,80,2065,LINKE,9.2,9.0,9.4
07B7H,0707,80,2065,Sonstige,9.2,8.9,9.3
07B7H,0707,80,2065,GRUENE,7.7,7.1,8.0
07B7H,0707,80,2065,FDP,4.3,4.2,4.4
07B7J,0707,80,2011,CDU,36.9,36.1,40.2
07B7J,0707,80,2011,AFD,15.5,15.2,15.9
07B7J,0707,80,2011,SPD,14.5,14.1,14.6
07B7J,0707,80,2011,Sonstige,9.8,9.5,10.0
07B7J,0707,80,2011,LINKE,9.3,9.2,9.5
07B7J,0707,80,2011,GRUENE,7.2,6.7,7.5
07B7J,0707,80,2011,FDP,4.3,4.1,4.3
07B7K,0707,80,2023,CDU,36.2,35.5,40.1
07B7K,0707,80,2023,SPD,15.6,15.3,15.8
07B7K,0707,80,2023,AFD,14.4,14.1,14.8
07B7K,0707,80,2023,LINKE,10.2,10.0,10.4
07B7K,0707,80,2023,Sonstige,8.5,8.2,8.7
07B7K,0707,80,2023,GRUENE,7.3,6.8,7.6
07B7K,0707,80,2023,FDP,4.5,4.4,4.6
07B7L,0707,80,2090,CDU,34.7,34.0,38.1
07B7L,0707,80,2090,SPD,16.0,15.6,16.2
07B7L,0707,80,2090,AFD,15.2,14.9,15.5
07B7L,0707,80,2090,LINKE,10.3,10.2,10.6
07B7L,0707,80,2090,Sonstige,9.2,8.9,9.4
07B7L,0707,80,2090,GRUENE,6.6,6.3,6.9
07B7L,0707,80,2090,FDP,4.8,4.6,4.9
07B7M,0707,80,1285,CDU,31.4,30.6,35.2
07B7M,0707,80,1285,SPD,15.1,14.8,15.3
07B7M,0707,80,1285,AFD,14.5,14.3,14.8
07B7M,0707,80,1285,Sonstige,11.5,11.2,11.7
07B7M,0707,80,1285,LINKE,11.3,11.2,11.6
07B7M,0707,80,1285,GRUENE,8.0,7.7,8.3
07B7M,0707,80,1285,FDP,4.4,4.2,4.5
07B7N,0707,80,1885,CDU,38.0,37.1,41.1
07B7N,0707,80,1885,SPD,15.1,14.8,15.2
07B7N,0707,80,1885,AFD,12.5,12.2,12.7
07B7N,0707,80,1885,GRUENE,10.7,10.3,10.8
07B7N,0707,80,1885,LINKE,7.6,7.5,7.8
07B7N,0707,80,1885,Sonstige,6.8,6.6,7.1
07B7N,0707,80,1885,FDP,4.7,4.6,4.8
07B7P,0707,80,1930,CDU,37.8,37.0,41.3
07B7P,0707,80,1930,SPD,14.0,13.7,14.1
07B7P,0707,80,1930,AFD,13.0,12.8,13.4
07B7P,0707,80,1930,LINKE,9.2,9.0,9.6
07B7P,0707,80,1930,GRUENE,9.2,8.8,9.4
07B7P,0707,80,1930,Sonstige,7.2,6.9,7.4
07B7P,0707,80,1930,FDP,4.7,4.6,4.8
07B7Q,0707,80,1897,CDU,34.2,33.4,37.6
07B7Q,0707,80,1897,SPD,14.8,14.5,14.9
07B7Q,0707,80,1897,AFD,12.8,12.5,13.1
07B7Q,0707,80,1897,GRUENE,12.5,12.2,12.6
07B7Q,0707,80,1897,LINKE,9.5,9.3,9.7
07B7Q,0707,80,1897,Sonstige,7.6,7.3,7.8
07B7Q,0707,80,1897,FDP,4.3,4.1,4.4
07B7R,0707,80,1566,CDU,38.8,38.0,42.1
07B7R,0707,80,1566,SPD,14.3,14.0,14.4
07B7R,0707,80,1566,AFD,11.6,11.4,11.9
07B7R,0707,80,1566,GRUENE,11.3,11.0,11.4
07B7R,0707,80,1566,LINKE,7.8,7.7,8.0
07B7R,0707,80,1566,Sonstige,6.3,6.1,6.6
07B7R,0707,80,1566,FDP,4.9,4.7,5.0
07B7S,0707,80,1945,CDU,40.3,39.5,43.9
07B7S,0707,80,1945,SPD,14.6,14.2,14.7
07B7S,0707,80,1945,AFD,13.4,13.2,13.7
07B7S,0707,80,1945,LINKE,8.6,8.5,8.8
07B7S,0707,80,1945,GRUENE,7.7,7.4,7.8
07B7S,0707,80,1945,Sonstige,7.3,7.0,7.5
07B7S,0707,80,1945,FDP,4.8,4.7,4.9
07B7T,0707,80,1531,CDU,39.3,38.5,42.4
07B7T,0707,80,1531,AFD,14.9,14.6,15.2
07B7T,0707,80,1531,SPD,14.1,13.8,14.2
07B7T,0707,80,1531,LINKE,8.9,8.8,9.1
07B7T,0707,80,1531,Sonstige,7.7,7.4,7.9
07B7T,0707,80,1531,GRUENE,7.5,7.2,7.7
07B7T,0707,80,1531,FDP,4.7,4.5,4.8
08B1A,0801,81,1053,GRUENE,34.1,33.6,34.5
08B1A,0801,81,1053,LINKE,32.3,32.1,33.2
08B1A,0801,81,1053,SPD,11.7,11.4,11.9
08B1A,0801,81,1053,Sonstige,7.6,7.3,8.0
08B1A,0801,81,1053,CDU,4.0,2.7,4.3
08B1A,0801,81,1053,AFD,3.2,2.3,3.5
08B1A,0801,81,1053,FDP,2.1,1.6,2.3
08B1B,0801,81,1040,GRUENE,37.6,37.3,38.0
08B1B,0801,81,1040,LINKE,28.3,28.1,29.0
08B1B,0801,81,1040,Sonstige,10.5,10.2,10.8
08B1B,0801,81,1040,SPD,8.7,8.5,8.9
08B1B,0801,81,1040,CDU,4.7,3.3,5.0
08B1B,0801,81,1040,FDP,2.6,2.2,2.9
08B1B,0801,81,1040,AFD,2.1,1.4,2.5
08B1C,0801,81,1976,GRUENE,35.9,35.5,36.3
08B1C,0801,81,1976,LINKE,32.8,32.6,33.6
08B1C,0801,81,1976,SPD,9.9,9.6,10.1
08B1C,0801,81,1976,Sonstige,9.1,8.8,9.5
08B1C,0801,81,1976,CDU,3.3,2.1,3.7
08B1C,0801,81,1976,AFD,3.1,2.5,3.4
08B1C,0801,81,1976,FDP,2.3,2.1,2.5
08B1D,0801,81,2023,GRUENE,36.1,35.8,36.4
08B1D,0801,81,2023,LINKE,33.6,33.4,34.4
08B1D,0801,81,2023,SPD,8.5,8.3,8.7
08B1D,0801,81,2023,Sonstige,8.3,8.0,8.7
08B1D,0801,81,2023,CDU,4.3,3.0,4.7
08B1D,0801,81,2023,AFD,4.2,3.7,4.4
08B1D,0801,81,2023,FDP,2.4,2.0,2.7
08B1E,0801,81,2014,GRUENE,37.9,37.6,38.2
08B1E,0801,81,2014,LINKE,28.8,28.6,29.5
08B1E,0801,81,2014,SPD,10.0,9.8,10.2
08B1E,0801,81,2014,Sonstige,8.2,7.9,8.5
08B1E,0801,81,2014,CDU,4.8,3.2,5.1
08B1E,0801,81,2014,AFD,3.0,2.5,3.3
08B1E,0801,81,2014,FDP,2.6,2.2,2.8
08B1F,0801,81,2008,GRUENE,36.6,36.3,36.9
08B1F,0801,81,2008,LINKE,29.9,29.8,30.7
08B1F,0801,81,2008,Sonstige,9.1,8.8,9.5
08B1F,0801,81,2008,SPD,9.1,8.9,9.3
08B1F,0801,81,2008,CDU,4.8,3.3,5.2
08B1F,0801,81,2008,AFD,3.9,3.5,4.2
08B1F,0801,81,2008,FDP,2.3,1.8,2.5
08B1G,0801,81,1906,GRUENE,33.8,33.5,34.1
08B1G,0801,81,1906,LINKE,30.5,30.3,31.4
08B1G,0801,81,1906,SPD,10.2,10.0,10.4
08B1G,0801,81,1906,Sonstige,7.5,7.2,7.8
08B1G,0801,81,1906,CDU,6.4,5.4,6.8
08B1G,0801,81,1906,AFD,4.9,4.3,5.2
08B1G,0801,81,1906,FDP,2.5,2.3,2.7
08B1H,0801,81,1946,LINKE,33.3,33.1,34.1
08B1H,0801,81,1946,GRUENE,31.3,30.9,31.6
08B1H,0801,81,1946,SPD,10.1,9.8,10.2
08B1H,0801,81,1946,Sonstige,9.2,8.9,9.6
08B1H,0801,81,1946,CDU,5.9,4.9,6.3
08B1H,0801,81,1946,AFD,5.3,4.7,5.6
08B1H,0801,81,1946,FDP,2.2,2.0,2.4
08B1J,0801,81,2197,LINKE,31.0,30.8,31.8
08B1J,0801,81,2197,GRUENE,27.2,26.8,27.5
08B1J,0801,81,2197,SPD,11.0,10.7,11.1
08B1J,0801,81,2197,Sonstige,9.6,9.4,10.0
08B1J,0801,81,2197,CDU,8.6,7.4,9.0
08B1J,0801,81,2197,AFD,7.1,6.5,7.4
08B1J,0801,81,2197,FDP,2.4,1.9,2.7
08B1K,0801,81,1913,LINKE,32.8,32.6,33.7
08B1K,0801,81,1913,GRUENE,28.8,28.4,29.2
08B1K,0801,81,1913,SPD,9.3,9.0,9.5
08B1K,0801,81,1913,CDU,8.8,7.3,9.1
08B1K,0801,81,1913,Sonstige,8.7,8.4,9.1
08B1K,0801,81,1913,AFD,5.9,5.3,6.1
08B1K,0801,81,1913,FDP,2.4,1.9,2.6
08B1L,0801,81,1872,LINKE,33.9,33.6,34.8
08B1L,0801,81,1872,GRUENE,25.9,25.5,26.3
08B1L,0801,81,1872,SPD,10.1,9.9,10.3
08B1L,0801,81,1872,Sonstige,8.9,8.5,9.3
08B1L,0801,81,1872,CDU,8.6,7.8,8.9
08B1L,0801,81,1872,AFD,8.1,7.5,8.4
08B1L,0801,81,1872,FDP,2.5,2.2,2.7
08B1M,0801,81,1928,LINKE,33.7,33.4,34.6
08B1M,0801,81,1928,GRUENE,26.0,25.5,26.2
08B1M,0801,81,1928,SPD,11.1,10.9,11.3
08B1M,0801,81,1928,AFD,9.1,8.7,9.4
08B1M,0801,81,1928,CDU,8.7,7.3,9.1
08B1M,0801,81,1928,Sonstige,7.8,7.4,8.2
08B1M,0801,81,1928,FDP,2.5,2.2,2.7
08B1N,0801,81,2002,LINKE,31.9,31.7,32.8
08B1N,0801,81,2002,GRUENE,30.5,30.1,30.8
08B1N,0801,81,2002,SPD,9.9,9.6,10.1
08B1N,0801,81,2002,Sonstige,9.4,9.1,9.8
08B1N,0801,81,2002,CDU,7.3,5.7,7.6
08B1N,0801,81,2002,AFD,6.3,5.8,6.6
08B1N,0801,81,2002,FDP,2.2,1.7,2.5
08B1P,0801,81,1086,GRUENE,35.4,35.0,35.8
08B1P,0801,81,1086,LINKE,34.2,34.0,35.2
08B1P,0801,81,1086,SPD,8.9,8.6,9.1
08B1P,0801,81,1086,Sonstige,7.1,6.8,7.5
08B1P,0801,81,1086,CDU,4.4,2.9,4.8
08B1P,0801,81,1086,AFD,4.3,3.8,4.5
08B1P,0801,81,1086,FDP,2.2,1.8,2.5
08B1Q,0801,81,1150,LINKE,32.1,31.9,32.9
08B1Q,0801,81,1150,GRUENE,22.4,22.0,22.9
08B1Q,0801,81,1150,SPD,12.0,11.8,12.2
08B1Q,0801,81,1150,CDU,10.3,9.7,10.5
08B1Q,0801,81,1150,Sonstige,9.9,9.6,10.3
08B1Q,0801,81,1150,AFD,8.4,7.5,8.7
08B1Q,0801,81,1150,FDP,2.4,2.2,2.6
08B1R,0801,81,1076,LINKE,35.0,34.7,35.8
08B1R,0801,81,1076,GRUENE,33.3,32.9,33.7
08B1R,0801,81,1076,Sonstige,11.0,10.7,11.4
08B1R,0801,81,1076,SPD,8.8,8.6,9.1
08B1R,0801,81,1076,AFD,5.1,4.6,5.3
08B1R,0801,81,1076,CDU,3.2,2.2,3.6
08B1R,0801,81,1076,FDP,1.5,1.1,1.8
08B1S,0801,81,1037,GRUENE,34.1,33.7,34.4
08B1S,0801,81,1037,LINKE,33.3,33.1,34.1
08B1S,0801,81,1037,SPD,9.3,9.0,9.5
08B1S,0801,81,1037,Sonstige,8.6,8.3,9.1
08B1S,0801,81,1037,CDU,4.8,4.2,5.1
08B1S,0801,81,1037,AFD,3.7,3.2,4.0
08B1S,0801,81,1037,FDP,2.1,1.6,2.4
08B1T,0801,81,1145,LINKE,33.5,33.3,34.3
08B1T,0801,81,1145,GRUENE,30.2,29.8,30.8
08B1T,0801,81,1145,SPD,9.9,9.6,10.1
08B1T,0801,81,1145,Sonstige,9.1,8.8,9.6
08B1T,0801,81,1145,CDU,7.4,6.9,7.6
08B1T,0801,81,1145,AFD,4.3,3.6,4.5
08B1T,0801,81,1145,FDP,1.9,1.4,2.2
08B1U,0801,81,1049,LINKE,22.5,22.3,23.0
08B1U,0801,81,1049,CDU,18.2,17.7,18.5
08B1U,0801,81,1049,GRUENE,16.4,16.0,16.9
08B1U,0801,81,1049,SPD,13.5,13.2,13.7
08B1U,0801,81,1049,Sonstige,12.8,12.4,13.2
08B1U,0801,81,1049,AFD,10.3,9.1,10.9
08B1U,0801,81,1049,FDP,2.8,2.5,3.0
08B1V,0801,81,926,LINKE,33.3,33.1,34.2
08B1V,0801,81,926,GRUENE,32.6,32.1,33.0
08B1V,0801,81,926,Sonstige,8.8,8.6,9.3
08B1V,0801,81,926,SPD,8.3,8.0,8.5
08B1V,0801,81,926,CDU,5.9,5.0,6.2
08B1V,0801,81,926,AFD,5.1,4.6,5.3
08B1V,0801,81,926,FDP,2.4,2.1,2.6
08B2A,0802,81,1926,LINKE,33.9,33.6,34.8
08B2A,0802,81,1926,GRUENE,31.7,31.4,32.2
08B2A,0802,81,1926,Sonstige,11.4,10.9,12.0
08B2A,0802,81,1926,SPD,9.1,8.9,9.3
08B2A,0802,81,1926,AFD,5.0,4.3,5.5
08B2A,0802,81,1926,CDU,3.8,2.6,4.3
08B2A,0802,81,1926,FDP,2.4,2.1,2.6
08B2B,0802,81,1984,GRUENE,35.5,35.2,35.9
08B2B,0802,81,1984,LINKE,32.5,32.3,33.5
08B2B,0802,81,1984,SPD,9.5,9.2,9.7
08B2B,0802,81,1984,Sonstige,8.4,7.9,8.8
08B2B,0802,81,1984,CDU,3.8,2.3,4.2
08B2B,0802,81,1984,AFD,3.6,3.0,4.0
08B2B,0802,81,1984,FDP,2.1,1.7,2.3
08B2C,0802,81,1127,GRUENE,35.2,34.8,35.7
08B2C,0802,81,1127,LINKE,29.5,29.4,30.5
08B2C,0802,81,1127,SPD,9.9,9.6,10.0
08B2C,0802,81,1127,Sonstige,8.2,7.7,8.6
08B2C,0802,81,1127,CDU,6.9,5.8,7.1
08B2C,0802,81,1127,AFD,3.0,2.4,3.6
08B2C,0802,81,1127,FDP,2.2,1.7,2.6
08B2D,0802,81,1126,GRUENE,31.6,31.3,32.1
08B2D,0802,81,1126,LINKE,31.5,31.3,32.5
08B2D,0802,81,1126,SPD,10.4,10.2,10.6
08B2D,0802,81,1126,Sonstige,8.4,7.9,8.9
08B2D,0802,81,1126,CDU,7.0,5.9,7.3
08B2D,0802,81,1126,AFD,4.0,3.4,4.5
08B2D,0802,81,1126,FDP,2.2,1.8,2.5
08B2E,0802,81,2143,LINKE,33.3,33.0,34.3
08B2E,0802,81,2143,GRUENE,27.2,26.9,27.7
08B2E,0802,81,2143,SPD,11.4,11.2,11.6
08B2E,0802,81,2143,Sonstige,9.6,9.1,10.2
08B2E,0802,81,2143,AFD,7.9,7.3,8.4
08B2E,0802,81,2143,CDU,6.4,4.9,6.8
08B2E,0802,81,2143,FDP,2.2,1.9,2.3
08B2F,0802,81,1873,GRUENE,35.0,34.7,35.5
08B2F,0802,81,1873,LINKE,31.6,31.5,32.7
08B2F,0802,81,1873,SPD,8.9,8.7,9.1
08B2F,0802,81,1873,Sonstige,8.6,8.1,9.1
08B2F,0802,81,1873,CDU,5.8,3.5,6.2
08B2F,0802,81,1873,AFD,3.8,3.1,4.4
08B2F,0802,81,1873,FDP,2.3,2.0,2.5
08B2G,0802,81,1121,GRUENE,31.3,31.0,31.8
08B2G,0802,81,1121,LINKE,28.6,28.4,29.4
08B2G,0802,81,1121,Sonstige,13.0,12.5,13.5
08B2G,0802,81,1121,SPD,10.3,10.0,10.4
08B2G,0802,81,1121,CDU,6.1,5.2,6.4
08B2G,0802,81,1121,AFD,4.6,3.9,5.1
08B2G,0802,81,1121,FDP,1.9,1.4,2.3
08B2H,0802,81,1055,LINKE,36.4,36.2,37.6
08B2H,0802,81,1055,GRUENE,36.2,35.8,36.6
08B2H,0802,81,1055,SPD,7.6,7.3,7.8
08B2H,0802,81,1055,Sonstige,7.4,6.8,7.9
08B2H,0802,81,1055,AFD,3.4,3.1,3.8
08B2H,0802,81,1055,CDU,2.4,0.7,2.9
08B2H,0802,81,1055,FDP,2.3,1.9,2.6
08B2J,0802,81,1048,LINKE,31.4,31.2,32.5
08B2J,0802,81,1048,GRUENE,31.0,30.7,31.4
08B2J,0802,81,1048,SPD,9.9,9.6,10.1
08B2J,0802,81,1048,CDU,8.3,6.6,8.6
08B2J,0802,81,1048,Sonstige,6.8,6.3,7.3
08B2J,0802,81,1048,AFD,4.8,4.1,5.3
08B2J,0802,81,1048,FDP,2.5,2.1,2.7
08B2K,0802,81,1143,GRUENE,30.4,30.1,30.8
08B2K,0802,81,1143,LINKE,30.3,30.1,31.2
08B2K,0802,81,1143,SPD,10.9,10.7,11.1
08B2K,0802,81,1143,CDU,8.6,7.1,8.9
08B2K,0802,81,1143,Sonstige,8.3,7.8,8.7
08B2K,0802,81,1143,AFD,5.0,4.3,5.4
08B2K,0802,81,1143,FDP,2.2,1.8,2.5
08B2L,0802,81,2066,GRUENE,37.5,37.1,37.8
08B2L,0802,81,2066,LINKE,32.2,32.0,33.3
08B2L,0802,81,2066,SPD,8.6,8.3,8.8
08B2L,0802,81,2066,Sonstige,7.7,7.2,8.2
08B2L,0802,81,2066,AFD,3.9,3.4,4.2
08B2L,0802,81,2066,CDU,3.6,1.9,4.0
08B2L,0802,81,2066,FDP,2.3,2.0,2.6
08B2M,0802,81,2009,LINKE,32.8,32.6,33.8
08B2M,0802,81,2009,GRUENE,30.4,29.9,31.0
08B2M,0802,81,2009,Sonstige,11.0,10.5,11.6
08B2M,0802,81,2009,SPD,9.2,9.0,9.4
08B2M,0802,81,2009,CDU,5.4,4.5,5.8
08B2M,0802,81,2009,AFD,5.0,4.2,5.5
08B2M,0802,81,2009,FDP,2.5,2.2,2.7
08B2N,0802,81,1088,GRUENE,33.4,33.1,33.8
08B2N,0802,81,1088,LINKE,29.3,29.1,30.4
08B2N,0802,81,1088,SPD,9.4,9.1,9.7
08B2N,0802,81,1088,Sonstige,8.3,7.8,8.7
08B2N,0802,81,1088,CDU,7.2,5.6,7.5
08B2N,0802,81,1088,AFD,5.3,4.7,5.8
08B2N,0802,81,1088,FDP,2.2,1.8,2.4
08B2P,0802,81,1989,LINKE,35.9,35.6,37.0
08B2P,0802,81,1989,GRUENE,26.4,26.0,26.9
08B2P,0802,81,1989,SPD,10.2,9.9,10.4
08B2P,0802,81,1989,Sonstige,10.0,9.5,10.6
08B2P,0802,81,1989,AFD,7.3,6.6,7.8
08B2P,0802,81,1989,CDU,5.8,4.4,6.1
08B2P,0802,81,1989,FDP,2.3,2.0,2.4
08B2Q,0802,81,2047,LINKE,32.4,32.1,33.3
08B2Q,0802,81,2047,GRUENE,27.3,27.0,27.8
08B2Q,0802,81,2047,SPD,10.7,10.4,10.8
08B2Q,0802,81,2047,Sonstige,8.9,8.4,9.4
08B2Q,0802,81,2047,CDU,8.6,7.3,8.9
08B2Q,0802,81,2047,AFD,5.9,5.3,6.4
08B2Q,0802,81,2047,FDP,2.5,2.2,2.7
08B2R,0802,81,1950,LINKE,34.0,33.8,35.2
08B2R,0802,81,1950,GRUENE,28.9,28.6,29.3
08B2R,0802,81,1950,SPD,10.4,10.1,10.5
08B2R,0802,81,1950,Sonstige,8.2,7.6,8.7
08B2R,0802,81,1950,AFD,7.1,6.4,7.5
08B2R,0802,81,1950,CDU,6.4,4.8,6.8
08B2R,0802,81,1950,FDP,2.1,1.7,2.4
08B2S,0802,81,1825,GRUENE,35.9,35.4,36.3
08B2S,0802,81,1825,LINKE,33.7,33.5,34.9
08B2S,0802,81,1825,SPD,8.8,8.5,9.0
08B2S,0802,81,1825,Sonstige,6.9,6.4,7.3
08B2S,0802,81,1825,CDU,4.1,2.2,4.6
08B2S,0802,81,1825,AFD,3.5,3.0,3.9
08B2S,0802,81,1825,FDP,2.2,1.9,2.5
08B2T,0802,81,2105,LINKE,32.2,31.9,33.2
08B2T,0802,81,2105,GRUENE,30.4,30.0,30.8
08B2T,0802,81,2105,Sonstige,10.3,9.9,10.9
08B2T,0802,81,2105,SPD,8.9,8.7,9.1
08B2T,0802,81,2105,CDU,6.7,5.3,7.0
08B2T,0802,81,2105,AFD,6.1,5.6,6.6
08B2T,0802,81,2105,FDP,2.2,1.7,2.5
08B2U,0802,81,1776,LINKE,37.8,37.5,38.9
08B2U,0802,81,1776,GRUENE,33.6,33.1,34.1
08B2U,0802,81,1776,Sonstige,8.9,8.4,9.5
08B2U,0802,81,1776,SPD,8.2,8.0,8.5
08B2U,0802,81,1776,AFD,4.1,3.8,4.5
08B2U,0802,81,1776,CDU,2.3,0.4,2.8
08B2U,0802,81,1776,FDP,2.1,1.7,2.4
08B3A,0803,81,1783,GRUENE,32.4,32.1,32.7
08B3A,0803,81,1783,LINKE,29.6,29.4,30.3
08B3A,0803,81,1783,SPD,10.2,10.0,10.4
08B3A,0803,81,1783,Sonstige,9.1,8.7,9.5
08B3A,0803,81,1783,CDU,7.3,5.6,7.7
08B3A,0803,81,1783,AFD,5.0,4.5,5.4
08B3A,0803,81,1783,FDP,2.1,1.6,2.4
08B3B,0803,81,1936,GRUENE,35.5,35.1,35.9
08B3B,0803,81,1936,LINKE,32.5,32.3,33.2
08B3B,0803,81,1936,Sonstige,9.9,9.4,10.3
08B3B,0803,81,1936,SPD,9.2,8.9,9.4
08B3B,0803,81,1936,AFD,4.7,4.2,5.1
08B3B,0803,81,1936,CDU,3.1,1.7,3.5
08B3B,0803,81,1936,FDP,1.9,1.3,2.3
08B3C,0803,81,1915,LINKE,32.8,32.5,33.5
08B3C,0803,81,1915,GRUENE,30.9,30.5,31.2
08B3C,0803,81,1915,Sonstige,10.6,10.1,11.1
08B3C,0803,81,1915,SPD,8.9,8.7,9.2
08B3C,0803,81,1915,CDU,6.4,4.5,6.8
08B3C,0803,81,1915,AFD,5.4,5.0,5.8
08B3C,0803,81,1915,FDP,2.0,1.6,2.3
08B3D,0803,81,1966,LINKE,32.7,32.5,33.5
08B3D,0803,81,1966,GRUENE,31.2,30.8,31.5
08B3D,0803,81,1966,SPD,10.1,9.9,10.4
08B3D,0803,81,1966,Sonstige,9.4,8.9,9.8
08B3D,0803,81,1966,AFD,6.1,5.6,6.5
08B3D,0803,81,1966,CDU,4.7,3.2,5.1
08B3D,0803,81,1966,FDP,2.2,1.8,2.4
08B3E,0803,81,2845,CDU,21.4,20.3,21.6
08B3E,0803,81,2845,LINKE,20.5,20.3,20.9
08B3E,0803,81,2845,SPD,14.5,14.2,14.6
08B3E,0803,81,2845,AFD,13.4,12.7,13.9
08B3E,0803,81,2845,GRUENE,12.6,12.3,12.9
08B3E,0803,81,2845,Sonstige,11.8,11.3,12.1
08B3E,0803,81,2845,FDP,2.8,2.6,3.0
08B3F,0803,81,1597,CDU,24.0,22.3,24.2
08B3F,0803,81,1597,LINKE,18.1,17.9,18.4
08B3F,0803,81,1597,SPD,15.4,15.2,15.5
08B3F,0803,81,1597,AFD,13.8,12.9,14.3
08B3F,0803,81,1597,Sonstige,11.4,11.0,11.7
08B3F,0803,81,1597,GRUENE,11.0,10.8,11.2
08B3F,0803,81,1597,FDP,3.3,3.2,3.4
08B3G,0803,81,3411,CDU,22.0,20.6,22.3
08B3G,0803,81,3411,LINKE,17.5,17.4,17.9
08B3G,0803,81,3411,SPD,17.5,17.2,17.6
08B3G,0803,81,3411,AFD,15.4,14.8,16.0
08B3G,0803,81,3411,Sonstige,12.7,12.1,13.1
08B3G,0803,81,3411,GRUENE,8.5,8.2,9.0
08B3G,0803,81,3411,FDP,2.9,2.7,3.0
08B3H,0803,81,2096,LINKE,27.3,27.1,27.9
08B3H,0803,81,2096,GRUENE,25.1,24.7,25.4
08B3H,0803,81,2096,SPD,12.7,12.4,12.8
08B3H,0803,81,2096,CDU,11.0,9.6,11.2
08B3H,0803,81,2096,Sonstige,10.6,10.0,11.0
08B3H,0803,81,2096,AFD,7.1,6.6,7.6
08B3H,0803,81,2096,FDP,2.1,1.7,2.4
08B3J,0803,81,2286,LINKE,25.1,24.9,25.6
08B3J,0803,81,2286,GRUENE,18.8,18.5,19.1
08B3J,0803,81,2286,CDU,17.0,15.7,17.2
08B3J,0803,81,2286,SPD,13.0,12.7,13.1
08B3J,0803,81,2286,Sonstige,10.3,9.8,10.6
08B3J,0803,81,2286,AFD,9.6,8.9,10.0
08B3J,0803,81,2286,FDP,2.7,2.5,2.9
08B3K,0803,81,2364,CDU,22.4,20.9,22.6
08B3K,0803,81,2364,LINKE,19.2,19.1,19.6
08B3K,0803,81,2364,SPD,14.5,14.2,14.6
08B3K,0803,81,2364,GRUENE,12.9,12.7,13.1
08B3K,0803,81,2364,AFD,12.7,11.8,13.1
08B3K,0803,81,2364,Sonstige,11.1,10.7,11.4
08B3K,0803,81,2364,FDP,3.4,3.3,3.5
08B3L,0803,81,2155,LINKE,29.3,29.1,29.8
08B3L,0803,81,2155,GRUENE,22.3,22.0,22.6
08B3L,0803,81,2155,SPD,12.0,11.8,12.1
08B3L,0803,81,2155,Sonstige,11.3,10.9,11.7
08B3L,0803,81,2155,CDU,11.0,9.4,11.3
08B3L,0803,81,2155,AFD,9.1,8.5,9.5
08B3L,0803,81,2155,FDP,2.7,2.5,2.9
08B3M,0803,81,2080,LINKE,31.2,31.0,31.8
08B3M,0803,81,2080,GRUENE,23.1,22.8,23.5
08B3M,0803,81,2080,Sonstige,12.6,12.1,13.0
08B3M,0803,81,2080,SPD,10.7,10.5,10.9
08B3M,0803,81,2080,CDU,9.5,8.0,9.8
08B3M,0803,81,2080,AFD,8.9,8.2,9.4
08B3M,0803,81,2080,FDP,2.5,2.2,2.7
08B3N,0803,81,2089,LINKE,20.7,20.6,21.2
08B3N,0803,81,2089,CDU,19.8,18.6,20.0
08B3N,0803,81,2089,SPD,15.5,15.2,15.6
08B3N,0803,81,2089,GRUENE,14.4,14.1,14.6
08B3N,0803,81,2089,AFD,12.0,11.2,12.4
08B3N,0803,81,2089,Sonstige,11.0,10.6,11.3
08B3N,0803,81,2089,FDP,3.0,2.9,3.1
08B3P,0803,81,1933,CDU,22.5,21.1,22.6
08B3P,0803,81,1933,LINKE,16.7,16.6,17.0
08B3P,0803,81,1933,SPD,15.1,14.9,15.2
08B3P,0803,81,1933,GRUENE,15.1,14.9,15.4
08B3P,0803,81,1933,Sonstige,12.0,11.6,12.3
08B3P,0803,81,1933,AFD,11.3,10.3,11.7
08B3P,0803,81,1933,FDP,3.0,2.7,3.1
08B3Q,0803,81,2310,CDU,26.0,24.4,26.1
08B3Q,0803,81,2310,SPD,16.6,16.3,16.7
08B3Q,0803,81,2310,AFD,13.9,13.0,14.4
08B3Q,0803,81,2310,LINKE,13.8,13.7,14.1
08B3Q,0803,81,2310,Sonstige,12.0,11.6,12.3
08B3Q,0803,81,2310,GRUENE,9.9,9.7,10.1
08B3Q,0803,81,2310,FDP,3.4,3.3,3.5
08B4A,0804,81,2243,CDU,35.8,35.1,35.9
08B4A,0804,81,2243,SPD,18.4,18.0,18.8
08B4A,0804,81,2243,AFD,16.2,15.5,16.7
08B4A,0804,81,2243,LINKE,8.7,8.5,9.0
08B4A,0804,81,2243,Sonstige,7.1,6.8,7.3
08B4A,0804,81,2243,GRUENE,4.7,4.0,5.3
08B4A,0804,81,2243,FDP,4.0,3.8,4.1
08B4B,0804,81,2069,CDU,35.5,34.8,35.6
08B4B,0804,81,2069,SPD,16.7,16.4,17.1
08B4B,0804,81,2069,AFD,14.5,13.8,15.0
08B4B,0804,81,2069,LINKE,10.3,10.1,10.4
08B4B,0804,81,2069,Sonstige,7.5,7.3,7.7
08B4B,0804,81,2069,GRUENE,7.0,6.5,7.5
08B4B,0804,81,2069,FDP,4.3,4.1,4.3
08B4C,0804,81,1936,CDU,38.6,37.7,38.7
08B4C,0804,81,1936,SPD,15.3,15.1,15.7
08B4C,0804,81,1936,AFD,15.2,14.5,15.7
08B4C,0804,81,1936,Sonstige,7.9,7.7,8.1
08B4C,0804,81,1936,LINKE,7.8,7.6,7.9
08B4C,0804,81,1936,GRUENE,6.3,5.7,6.8
08B4C,0804,81,1936,FDP,4.5,4.3,4.6
08B4D,0804,81,938,CDU,34.4,33.3,34.5
08B4D,0804,81,938,AFD,15.4,14.8,16.0
08B4D,0804,81,938,SPD,14.9,14.6,15.3
08B4D,0804,81,938,LINKE,10.1,9.9,10.3
08B4D,0804,81,938,Sonstige,9.2,8.9,9.5
08B4D,0804,81,938,GRUENE,7.1,6.3,7.7
08B4D,0804,81,938,FDP,4.1,4.0,4.2
08B4E,0804,81,1101,CDU,28.5,27.9,28.6
08B4E,0804,81,1101,SPD,16.2,15.9,16.6
08B4E,0804,81,1101,AFD,13.8,13.2,14.4
08B4E,0804,81,1101,Sonstige,11.2,11.1,11.4
08B4E,0804,81,1101,LINKE,10.9,10.7,11.0
08B4E,0804,81,1101,GRUENE,9.6,9.1,10.0
08B4E,0804,81,1101,FDP,4.2,4.0,4.3
08B4F,0804,81,2191,CDU,33.5,33.0,33.6
08B4F,0804,81,2191,SPD,17.6,17.3,18.1
08B4F,0804,81,2191,AFD,14.7,14.1,15.2
08B4F,0804,81,2191,LINKE,10.1,10.0,10.3
08B4F,0804,81,2191,Sonstige,8.3,8.1,8.4
08B4F,0804,81,2191,GRUENE,6.5,5.9,7.0
08B4F,0804,81,2191,FDP,4.2,4.1,4.3
08B4G,0804,81,2162,CDU,25.7,25.0,25.9
08B4G,0804,81,2162,SPD,16.4,16.0,16.8
08B4G,0804,81,2162,AFD,15.8,15.1,16.4
08B4G,0804,81,2162,LINKE,14.4,14.2,14.7
08B4G,0804,81,2162,GRUENE,10.6,9.8,11.1
08B4G,0804,81,2162,Sonstige,10.3,10.1,10.4
08B4G,0804,81,2162,FDP,3.8,3.7,3.9
08B4H,0804,81,2120,CDU,30.7,30.3,31.1
08B4H,0804,81,2120,SPD,19.6,19.3,20.0
08B4H,0804,81,2120,AFD,16.2,15.5,16.7
08B4H,0804,81,2120,LINKE,12.2,12.1,12.5
08B4H,0804,81,2120,Sonstige,10.0,9.8,10.1
08B4H,0804,81,2120,GRUENE,4.7,4.0,5.3
08B4H,0804,81,2120,FDP,3.4,3.3,3.5
08B4J,0804,81,2127,CDU,28.6,28.2,29.1
08B4J,0804,81,2127,SPD,20.5,20.1,20.8
08B4J,0804,81,2127,AFD,17.7,17.1,18.2
08B4J,0804,81,2127,Sonstige,11.2,10.9,11.4
08B4J,0804,81,2127,LINKE,10.1,10.0,10.3
08B4J,0804,81,2127,GRUENE,3.7,3.1,4.3
08B4J,0804,81,2127,FDP,3.5,3.4,3.5
08B4K,0804,81,3190,CDU,31.7,31.2,32.1
08B4K,0804,81,3190,SPD,19.3,18.9,19.7
08B4K,0804,81,3190,AFD,16.2,15.5,16.8
08B4K,0804,81,3190,LINKE,11.3,11.1,11.7
08B4K,0804,81,3190,Sonstige,8.8,8.6,9.1
08B4K,0804,81,3190,GRUENE,5.5,4.7,6.2
08B4K,0804,81,3190,FDP,3.4,3.3,3.5
08B4L,0804,81,2874,CDU,29.2,28.8,29.5
08B4L,0804,81,2874,SPD,19.6,19.2,20.0
08B4L,0804,81,2874,AFD,16.7,16.1,17.2
08B4L,0804,81,2874,Sonstige,11.4,11.2,11.5
08B4L,0804,81,2874,LINKE,10.7,10.5,10.9
08B4L,0804,81,2874,GRUENE,4.7,4.0,5.2
08B4L,0804,81,2874,FDP,3.4,3.3,3.5
08B4M,0804,81,2000,CDU,31.5,30.9,31.6
08B4M,0804,81,2000,SPD,19.3,19.0,19.7
08B4M,0804,81,2000,AFD,15.4,14.7,15.9
08B4M,0804,81,2000,Sonstige,10.0,9.8,10.1
08B4M,0804,81,2000,LINKE,8.7,8.5,8.9
08B4M,0804,81,2000,GRUENE,6.1,5.5,6.6
08B4M,0804,81,2000,FDP,4.0,3.8,4.0
08B4N,0804,81,2398,CDU,35.5,34.5,35.6
08B4N,0804,81,2398,SPD,17.1,16.8,17.6
08B4N,0804,81,2398,AFD,16.4,15.8,17.0
08B4N,0804,81,2398,LINKE,10.4,10.2,10.7
08B4N,0804,81,2398,Sonstige,8.2,8.0,8.4
08B4N,0804,81,2398,GRUENE,5.3,4.5,5.9
08B4N,0804,81,2398,FDP,4.0,3.9,4.1
08B4P,0804,81,2170,CDU,30.3,29.8,30.6
08B4P,0804,81,2170,AFD,17.3,16.6,17.9
08B4P,0804,81,2170,SPD,16.7,16.3,17.0
08B4P,0804,81,2170,Sonstige,11.2,11.0,11.4
08B4P,0804,81,2170,LINKE,11.1,11.0,11.4
08B4P,0804,81,2170,GRUENE,5.9,5.1,6.5
08B4P,0804,81,2170,FDP,3.8,3.6,3.9
08B4Q,0804,81,2930,CDU,30.1,29.6,30.8
08B4Q,0804,81,2930,SPD,20.0,19.6,20.4
08B4Q,0804,81,2930,AFD,16.7,16.0,17.2
08B4Q,0804,81,2930,Sonstige,10.8,10.5,11.0
08B4Q,0804,81,2930,LINKE,9.6,9.4,9.8
08B4Q,0804,81,2930,GRUENE,4.7,4.0,5.3
08B4Q,0804,81,2930,FDP,3.5,3.3,3.6
08B5A,0805,81,2151,CDU,30.9,30.5,31.9
08B5A,0805,81,2151,SPD,15.3,15.0,15.5
08B5A,0805,81,2151,AFD,13.7,13.1,14.3
08B5A,0805,81,2151,LINKE,12.1,12.0,12.3
08B5A,0805,81,2151,GRUENE,11.3,10.7,11.5
08B5A,0805,81,2151,Sonstige,8.7,8.6,8.8
08B5A,0805,81,2151,FDP,3.9,3.8,4.0
08B5B,0805,81,1045,CDU,34.8,34.4,35.4
08B5B,0805,81,1045,SPD,16.7,16.4,16.9
08B5B,0805,81,1045,GRUENE,13.2,12.7,13.3
08B5B,0805,81,1045,AFD,10.2,9.6,10.7
08B5B,0805,81,1045,LINKE,6.3,6.1,6.5
08B5B,0805,81,1045,Sonstige,5.1,4.7,5.3
08B5B,0805,81,1045,FDP,4.7,4.5,4.9
08B5C,0805,81,1013,CDU,31.1,30.7,32.6
08B5C,0805,81,1013,SPD,18.3,18.0,18.5
08B5C,0805,81,1013,AFD,15.5,14.8,16.1
08B5C,0805,81,1013,Sonstige,10.1,9.8,10.3
08B5C,0805,81,1013,LINKE,8.0,7.9,8.1
08B5C,0805,81,1013,GRUENE,7.0,6.5,7.1
08B5C,0805,81,1013,FDP,4.0,3.8,4.1
08B5D,0805,81,1815,CDU,23.2,23.0,23.9
08B5D,0805,81,1815,SPD,17.4,17.1,17.6
08B5D,0805,81,1815,GRUENE,16.0,15.4,16.1
08B5D,0805,81,1815,LINKE,12.8,12.7,13.0
08B5D,0805,81,1815,AFD,11.5,10.9,12.0
08B5D,0805,81,1815,Sonstige,8.2,8.1,8.3
08B5D,0805,81,1815,FDP,3.9,3.7,4.1
08B5E,0805,81,907,CDU,21.4,21.1,22.2
08B5E,0805,81,907,SPD,19.2,18.8,19.3
08B5E,0805,81,907,GRUENE,17.0,16.5,17.1
08B5E,0805,81,907,LINKE,14.1,13.9,14.4
08B5E,0805,81,907,AFD,11.0,10.4,11.5
08B5E,0805,81,907,Sonstige,8.0,7.8,8.1
08B5E,0805,81,907,FDP,3.1,2.8,3.2
08B5F,0805,81,2207,CDU,28.6,28.3,29.9
08B5F,0805,81,2207,SPD,19.1,18.7,19.3
08B5F,0805,81,2207,AFD,15.0,14.3,15.5
08B5F,0805,81,2207,LINKE,11.5,11.4,11.8
08B5F,0805,81,2207,Sonstige,9.9,9.7,10.0
08B5F,0805,81,2207,GRUENE,8.0,7.6,8.2
08B5F,0805,81,2207,FDP,3.5,3.3,3.6
08B5G,0805,81,1968,CDU,27.2,26.9,28.0
08B5G,0805,81,1968,SPD,17.3,16.9,17.5
08B5G,0805,81,1968,AFD,14.0,13.3,14.5
08B5G,0805,81,1968,LINKE,13.4,13.3,13.7
08B5G,0805,81,1968,GRUENE,11.2,10.7,11.4
08B5G,0805,81,1968,Sonstige,9.1,8.9,9.2
08B5G,0805,81,1968,FDP,3.8,3.5,3.9
08B5H,0805,81,1957,CDU,34.7,34.3,35.4
08B5H,0805,81,1957,SPD,17.4,17.0,17.6
08B5H,0805,81,1957,AFD,16.2,15.4,16.7
08B5H,0805,81,1957,LINKE,9.1,9.0,9.3
08B5H,0805,81,1957,Sonstige,9.1,8.9,9.2
08B5H,0805,81,1957,GRUENE,5.8,5.2,6.0
08B5H,0805,81,1957,FDP,4.1,4.0,4.2
08B5J,0805,81,2011,CDU,38.4,38.1,39.3
08B5J,0805,81,2011,SPD,16.7,16.4,16.9
08B5J,0805,81,2011,AFD,15.0,14.3,15.5
08B5J,0805,81,2011,LINKE,7.7,7.5,7.8
08B5J,0805,81,2011,Sonstige,7.0,6.8,7.2
08B5J,0805,81,2011,GRUENE,5.7,5.1,5.9
08B5J,0805,81,2011,FDP,4.6,4.4,4.8
08B5K,0805,81,2585,CDU,33.7,33.3,34.6
08B5K,0805,81,2585,SPD,15.8,15.5,16.0
08B5K,0805,81,2585,AFD,15.4,14.8,15.9
08B5K,0805,81,2585,LINKE,9.5,9.4,9.7
08B5K,0805,81,2585,Sonstige,9.0,8.8,9.2
08B5K,0805,81,2585,GRUENE,7.6,7.0,7.8
08B5K,0805,81,2585,FDP,4.3,4.1,4.3
08B5L,0805,81,1791,CDU,36.4,35.9,37.2
08B5L,0805,81,1791,SPD,16.4,16.1,16.6
08B5L,0805,81,1791,AFD,15.2,14.4,15.7
08B5L,0805,81,1791,Sonstige,8.8,8.6,9.0
08B5L,0805,81,1791,LINKE,8.0,7.8,8.2
08B5L,0805,81,1791,GRUENE,7.0,6.3,7.3
08B5L,0805,81,1791,FDP,4.2,4.0,4.2
08B5M,0805,81,1858,CDU,35.4,34.9,36.3
08B5M,0805,81,1858,SPD,15.9,15.6,16.1
08B5M,0805,81,1858,AFD,15.4,14.6,15.9
08B5M,0805,81,1858,Sonstige,9.7,9.5,9.9
08B5M,0805,81,1858,LINKE,7.5,7.3,7.7
08B5M,0805,81,1858,GRUENE,6.3,5.8,6.5
08B5M,0805,81,1858,FDP,4.3,4.2,4.4
08B5N,0805,81,1767,CDU,37.1,36.6,37.4
08B5N,0805,81,1767,SPD,15.9,15.6,16.1
08B5N,0805,81,1767,AFD,14.5,13.8,15.1
08B5N,0805,81,1767,GRUENE,8.0,7.3,8.2
08B5N,0805,81,1767,Sonstige,7.8,7.6,8.0
08B5N,0805,81,1767,LINKE,7.1,6.9,7.3
08B5N,0805,81,1767,FDP,4.6,4.4,4.7
08B5P,0805,81,1598,CDU,30.5,30.1,31.6
08B5P,0805,81,1598,SPD,18.2,17.9,18.4
08B5P,0805,81,1598,AFD,15.6,14.8,16.2
08B5P,0805,81,1598,Sonstige,10.1,9.9,10.3
08B5P,0805,81,1598,LINKE,9.4,9.2,9.6
08B5P,0805,81,1598,GRUENE,7.1,6.5,7.4
08B5P,0805,81,1598,FDP,3.5,3.3,3.5
08B5Q,0805,81,1726,CDU,33.9,33.5,34.3
08B5Q,0805,81,1726,SPD,17.0,16.7,17.2
08B5Q,0805,81,1726,AFD,15.0,14.3,15.5
08B5Q,0805,81,1726,Sonstige,8.6,8.4,8.8
08B5Q,0805,81,1726,LINKE,8.0,7.8,8.1
08B5Q,0805,81,1726,GRUENE,7.5,7.0,7.7
08B5Q,0805,81,1726,FDP,4.3,4.1,4.4
08B5R,0805,81,2678,CDU,33.9,33.4,34.9
08B5R,0805,81,2678,SPD,17.4,17.1,17.6
08B5R,0805,81,2678,AFD,15.8,15.1,16.4
08B5R,0805,81,2678,Sonstige,9.3,9.0,9.5
08B5R,0805,81,2678,LINKE,9.1,8.9,9.3
08B5R,0805,81,2678,GRUENE,6.2,5.6,6.5
08B5R,0805,81,2678,FDP,3.8,3.6,3.9
08B5S,0805,81,1848,CDU,35.3,34.9,36.1
08B5S,0805,81,1848,AFD,15.9,15.1,16.4
08B5S,0805,81,1848,SPD,15.6,15.4,15.8
08B5S,0805,81,1848,Sonstige,10.0,9.9,10.2
08B5S,0805,81,1848,LINKE,8.6,8.4,8.7
08B5S,0805,81,1848,GRUENE,6.2,5.7,6.4
08B5S,0805,81,1848,FDP,4.1,3.9,4.2
08B5T,0805,81,1773,CDU,35.4,34.8,35.9
08B5T,0805,81,1773,SPD,16.2,15.9,16.4
08B5T,0805,81,1773,AFD,15.6,14.8,16.1
08B5T,0805,81,1773,LINKE,9.3,9.1,9.6
08B5T,0805,81,1773,Sonstige,8.6,8.3,8.8
08B5T,0805,81,1773,GRUENE,6.7,6.0,7.1
08B5T,0805,81,1773,FDP,3.8,3.6,3.8
08B6A,0806,81,3051,CDU,29.0,28.7,31.4
08B6A,0806,81,3051,SPD,17.4,17.0,17.5
08B6A,0806,81,3051,AFD,17.2,16.4,17.7
08B6A,0806,81,3051,Sonstige,12.2,11.9,12.4
08B6A,0806,81,3051,LINKE,10.5,10.3,10.7
08B6A,0806,81,3051,GRUENE,5.9,5.2,6.4
08B6A,0806,81,3051,FDP,3.5,3.4,3.6
08B6B,0806,81,2033,CDU,29.9,29.4,31.7
08B6B,0806,81,2033,AFD,17.1,16.5,17.6
08B6B,0806,81,2033,SPD,15.3,15.0,15.5
08B6B,0806,81,2033,LINKE,12.6,12.4,12.9
08B6B,0806,81,2033,Sonstige,11.8,11.6,12.1
08B6B,0806,81,2033,GRUENE,6.8,6.0,7.5
08B6B,0806,81,2033,FDP,3.4,3.2,3.4
08B6C,0806,81,1940,CDU,36.9,36.6,38.2
08B6C,0806,81,1940,SPD,16.3,16.0,16.4
08B6C,0806,81,1940,AFD,14.3,13.7,14.8
08B6C,0806,81,1940,LINKE,8.7,8.5,8.9
08B6C,0806,81,1940,Sonstige,7.5,7.2,7.7
08B6C,0806,81,1940,GRUENE,6.7,6.2,7.1
08B6C,0806,81,1940,FDP,4.4,4.2,4.5
08B6D,0806,81,862,CDU,43.1,42.7,44.0
08B6D,0806,81,862,SPD,16.4,16.1,16.6
08B6D,0806,81,862,AFD,15.0,14.4,15.5
08B6D,0806,81,862,LINKE,7.0,6.8,7.2
08B6D,0806,81,862,Sonstige,6.1,5.9,6.4
08B6D,0806,81,862,FDP,4.9,4.7,5.0
08B6D,0806,81,862,GRUENE,4.2,3.6,4.7
08B6E,0806,81,1824,CDU,36.7,36.3,37.8
08B6E,0806,81,1824,SPD,17.5,17.1,17.6
08B6E,0806,81,1824,AFD,15.3,14.7,15.8
08B6E,0806,81,1824,Sonstige,8.8,8.6,9.0
08B6E,0806,81,1824,LINKE,6.9,6.7,7.1
08B6E,0806,81,1824,GRUENE,5.5,4.9,6.0
08B6E,0806,81,1824,FDP,4.3,4.2,4.4
08B6F,0806,81,2627,CDU,34.2,33.8,35.5
08B6F,0806,81,2627,SPD,17.0,16.7,17.2
08B6F,0806,81,2627,AFD,15.8,15.2,16.4
08B6F,0806,81,2627,Sonstige,9.8,9.6,10.0
08B6F,0806,81,2627,LINKE,8.1,7.9,8.2
08B6F,0806,81,2627,GRUENE,5.9,5.2,6.4
08B6F,0806,81,2627,FDP,4.1,4.0,4.2
08B6G,0806,81,1717,CDU,35.3,34.9,36.6
08B6G,0806,81,1717,SPD,16.9,16.6,17.0
08B6G,0806,81,1717,AFD,15.1,14.5,15.6
08B6G,0806,81,1717,Sonstige,8.1,7.9,8.3
08B6G,0806,81,1717,GRUENE,7.7,7.2,8.2
08B6G,0806,81,1717,LINKE,7.5,7.4,7.7
08B6G,0806,81,1717,FDP,4.4,4.2,4.5
08B6H,0806,81,1911,CDU,32.2,31.9,34.1
08B6H,0806,81,1911,SPD,19.2,18.8,19.4
08B6H,0806,81,1911,AFD,15.8,15.1,16.3
08B6H,0806,81,1911,Sonstige,8.9,8.8,9.1
08B6H,0806,81,1911,LINKE,8.9,8.8,9.1
08B6H,0806,81,1911,GRUENE,5.3,4.8,5.7
08B6H,0806,81,1911,FDP,4.3,4.1,4.3
08B6J,0806,81,1795,CDU,38.2,37.8,40.0
08B6J,0806,81,1795,SPD,16.0,15.7,16.1
08B6J,0806,81,1795,AFD,13.9,13.4,14.5
08B6J,0806,81,1795,GRUENE,7.4,6.9,7.9
08B6J,0806,81,1795,Sonstige,7.2,7.0,7.6
08B6J,0806,81,1795,LINKE,7.1,6.9,7.2
08B6J,0806,81,1795,FDP,4.4,4.2,4.4
08B6K,0806,81,1640,CDU,39.5,39.0,40.3
08B6K,0806,81,1640,SPD,15.1,14.8,15.2
08B6K,0806,81,1640,AFD,13.7,13.2,14.3
08B6K,0806,81,1640,Sonstige,8.1,7.9,8.3
08B6K,0806,81,1640,LINKE,7.6,7.4,7.7
08B6K,0806,81,1640,GRUENE,7.5,7.0,8.1
08B6K,0806,81,1640,FDP,4.4,4.2,4.4
08B6L,0806,81,2562,CDU,35.2,34.8,36.6
08B6L,0806,81,2562,SPD,16.5,16.2,16.6
08B6L,0806,81,2562,AFD,15.4,14.9,15.9
08B6L,0806,81,2562,LINKE,8.9,8.7,9.1
08B6L,0806,81,2562,Sonstige,8.9,8.7,9.1
08B6L,0806,81,2562,GRUENE,6.5,5.9,7.0
08B6L,0806,81,2562,FDP,4.1,4.0,4.2
08B6M,0806,81,1988,CDU,33.2,32.8,34.0
08B6M,0806,81,1988,SPD,17.2,16.9,17.3
08B6M,0806,81,1988,AFD,15.7,15.2,16.2
08B6M,0806,81,1988,Sonstige,9.8,9.6,9.9
08B6M,0806,81,1988,LINKE,8.7,8.6,8.9
08B6M,0806,81,1988,GRUENE,6.4,5.8,6.9
08B6M,0806,81,1988,FDP,4.1,3.9,4.1
08B6N,0806,81,2743,CDU,33.1,32.7,34.3
08B6N,0806,81,2743,AFD,16.5,15.9,16.9
08B6N,0806,81,2743,SPD,16.1,15.7,16.2
08B6N,0806,81,2743,Sonstige,9.9,9.7,10.1
08B6N,0806,81,2743,LINKE,8.6,8.5,8.9
08B6N,0806,81,2743,GRUENE,7.2,6.5,7.8
08B6N,0806,81,2743,FDP,4.1,4.0,4.2
08B6P,0806,81,1825,CDU,36.0,35.6,37.3
08B6P,0806,81,1825,SPD,16.3,16.0,16.5
08B6P,0806,81,1825,AFD,15.6,15.0,16.0
08B6P,0806,81,1825,LINKE,8.8,8.7,9.0
08B6P,0806,81,1825,Sonstige,8.0,7.8,8.3
08B6P,0806,81,1825,GRUENE,5.8,5.3,6.3
08B6P,0806,81,1825,FDP,4.3,4.1,4.3
08B6Q,0806,81,918,CDU,36.6,36.3,38.3
08B6Q,0806,81,918,SPD,16.6,16.3,16.8
08B6Q,0806,81,918,AFD,14.3,13.8,14.9
08B6Q,0806,81,918,LINKE,8.3,8.1,8.5
08B6Q,0806,81,918,Sonstige,7.6,7.4,7.9
08B6Q,0806,81,918,GRUENE,6.7,6.2,7.2
08B6Q,0806,81,918,FDP,4.3,4.2,4.4
08B6R,0806,81,1072,CDU,37.1,36.8,37.9
08B6R,0806,81,1072,SPD,16.7,16.3,16.8
08B6R,0806,81,1072,AFD,15.2,14.7,15.7
08B6R,0806,81,1072,Sonstige,8.9,8.6,9.1
08B6R,0806,81,1072,LINKE,7.4,7.2,7.5
08B6R,0806,81,1072,GRUENE,5.8,5.3,6.4
08B6R,0806,81,1072,FDP,4.3,4.2,4.4
08B6S,0806,81,1942,CDU,37.2,36.8,38.6
08B6S,0806,81,1942,SPD,15.0,14.8,15.2
08B6S,0806,81,1942,AFD,13.6,13.1,14.1
08B6S,0806,81,1942,GRUENE,8.3,7.7,8.8
08B6S,0806,81,1942,LINKE,7.7,7.5,7.9
08B6S,0806,81,1942,Sonstige,7.0,6.8,7.3
08B6S,0806,81,1942,FDP,4.8,4.7,4.9
09B1A,0901,83,1910,LINKE,31.0,30.8,31.8
09B1A,0901,83,1910,GRUENE,30.5,30.1,30.7
09B1A,0901,83,1910,Sonstige,9.8,9.6,10.1
09B1A,0901,83,1910,SPD,9.3,9.1,9.5
09B1A,0901,83,1910,CDU,8.9,6.3,9.2
09B1A,0901,83,1910,AFD,6.7,6.4,7.0
09B1A,0901,83,1910,FDP,2.5,2.2,2.7
09B1B,0901,83,1865,LINKE,30.6,30.4,31.2
09B1B,0901,83,1865,GRUENE,26.8,26.4,27.0
09B1B,0901,83,1865,Sonstige,11.8,11.5,12.0
09B1B,0901,83,1865,SPD,10.4,10.2,10.5
09B1B,0901,83,1865,CDU,9.2,6.6,9.5
09B1B,0901,83,1865,AFD,8.6,8.3,8.8
09B1B,0901,83,1865,FDP,2.5,2.2,2.7
09B1C,0901,83,1955,LINKE,29.9,29.7,30.5
09B1C,0901,83,1955,GRUENE,28.6,28.2,28.9
09B1C,0901,83,1955,Sonstige,10.1,9.8,10.5
09B1C,0901,83,1955,CDU,9.8,7.2,10.2
09B1C,0901,83,1955,SPD,9.7,9.5,9.8
09B1C,0901,83,1955,AFD,8.0,7.7,8.2
09B1C,0901,83,1955,FDP,2.8,2.5,3.0
09B1D,0901,83,1060,GRUENE,27.8,27.3,28.1
09B1D,0901,83,1060,LINKE,26.9,26.8,27.4
09B1D,0901,83,1060,CDU,13.4,11.5,13.6
09B1D,0901,83,1060,Sonstige,10.9,10.6,11.1
09B1D,0901,83,1060,SPD,10.6,10.3,10.7
09B1D,0901,83,1060,AFD,7.6,7.4,7.9
09B1D,0901,83,1060,FDP,2.8,2.6,2.9
09B1E,0901,83,1566,LINKE,32.1,31.9,32.8
09B1E,0901,83,1566,GRUENE,28.5,28.2,28.7
09B1E,0901,83,1566,Sonstige,10.7,10.4,11.1
09B1E,0901,83,1566,SPD,9.2,9.0,9.3
09B1E,0901,83,1566,CDU,8.7,6.7,9.0
09B1E,0901,83,1566,AFD,7.3,7.1,7.7
09B1E,0901,83,1566,FDP,2.5,2.3,2.7
09B1F,0901,83,1733,LINKE,29.6,29.5,30.2
09B1F,0901,83,1733,GRUENE,26.4,26.1,26.7
09B1F,0901,83,1733,CDU,12.0,10.2,12.2
09B1F,0901,83,1733,SPD,10.1,9.9,10.2
09B1F,0901,83,1733,Sonstige,10.1,9.8,10.4
09B1F,0901,83,1733,AFD,6.7,6.4,7.0
09B1F,0901,83,1733,FDP,2.9,2.6,3.2
09B1G,0901,83,1796,LINKE,27.6,27.4,28.1
09B1G,0901,83,1796,CDU,17.7,16.0,17.9
09B1G,0901,83,1796,GRUENE,13.9,13.7,14.2
09B1G,0901,83,1796,AFD,13.6,13.0,13.9
09B1G,0901,83,1796,Sonstige,12.8,12.6,13.0
09B1G,0901,83,1796,SPD,12.7,12.5,12.8
09B1G,0901,83,1796,FDP,2.4,2.2,2.6
09B1H,0901,83,1861,LINKE,28.1,27.9,28.7
09B1H,0901,83,1861,CDU,15.8,13.6,16.0
09B1H,0901,83,1861,Sonstige,14.3,14.1,14.5
09B1H,0901,83,1861,GRUENE,14.1,13.7,14.3
09B1H,0901,83,1861,AFD,13.8,13.4,14.1
09B1H,0901,83,1861,SPD,13.0,12.7,13.1
09B1H,0901,83,1861,FDP,2.3,2.0,2.5
09B1J,0901,83,1824,LINKE,29.4,29.2,29.9
09B1J,0901,83,1824,GRUENE,15.9,15.6,16.0
09B1J,0901,83,1824,CDU,13.9,12.0,14.1
09B1J,0901,83,1824,Sonstige,13.9,13.6,14.1
09B1J,0901,83,1824,SPD,12.6,12.3,12.7
09B1J,0901,83,1824,AFD,12.5,12.2,12.8
09B1J,0901,83,1824,FDP,2.6,2.5,2.7
09B1K,0901,83,1807,LINKE,28.5,28.3,29.1
09B1K,0901,83,1807,CDU,17.6,15.2,17.8
09B1K,0901,83,1807,AFD,16.2,15.7,16.6
09B1K,0901,83,1807,SPD,14.5,14.1,14.6
09B1K,0901,83,1807,Sonstige,13.0,12.8,13.3
09B1K,0901,83,1807,GRUENE,8.7,8.4,9.0
09B1K,0901,83,1807,FDP,2.7,2.4,2.8
09B1L,0901,83,1927,LINKE,31.3,31.2,31.9
09B1L,0901,83,1927,GRUENE,19.9,19.6,20.1
09B1L,0901,83,1927,CDU,12.2,10.2,12.4
09B1L,0901,83,1927,Sonstige,12.1,11.8,12.3
09B1L,0901,83,1927,SPD,11.2,10.9,11.3
09B1L,0901,83,1927,AFD,10.6,10.4,10.9
09B1L,0901,83,1927,FDP,2.5,2.2,2.7
09B1M,0901,83,1916,LINKE,31.7,31.5,32.2
09B1M,0901,83,1916,GRUENE,22.7,22.5,22.9
09B1M,0901,83,1916,Sonstige,12.7,12.5,13.0
09B1M,0901,83,1916,SPD,10.5,10.3,10.7
09B1M,0901,83,1916,CDU,10.2,8.0,10.4
09B1M,0901,83,1916,AFD,9.4,9.1,9.7
09B1M,0901,83,1916,FDP,2.7,2.5,2.9
09B1N,0901,83,1054,LINKE,29.0,28.8,29.5
09B1N,0901,83,1054,CDU,20.3,18.5,20.5
09B1N,0901,83,1054,SPD,13.9,13.6,14.1
09B1N,0901,83,1054,AFD,13.9,13.4,14.2
09B1N,0901,83,1054,Sonstige,12.1,11.8,12.4
09B1N,0901,83,1054,GRUENE,8.2,8.0,8.4
09B1N,0901,83,1054,FDP,2.8,2.6,2.9
09B1P,0901,83,2018,LINKE,30.3,30.1,30.9
09B1P,0901,83,2018,CDU,17.1,14.7,17.3
09B1P,0901,83,2018,SPD,14.8,14.5,15.0
09B1P,0901,83,2018,AFD,14.1,13.7,14.4
09B1P,0901,83,2018,Sonstige,11.7,11.5,11.9
09B1P,0901,83,2018,GRUENE,10.4,10.0,10.6
09B1P,0901,83,2018,FDP,2.8,2.6,2.9
09B1Q,0901,83,1913,LINKE,30.5,30.3,31.1
09B1Q,0901,83,1913,CDU,17.0,14.7,17.2
09B1Q,0901,83,1913,GRUENE,13.8,13.6,14.1
09B1Q,0901,83,1913,AFD,12.8,12.4,13.1
09B1Q,0901,83,1913,SPD,12.7,12.4,12.8
09B1Q,0901,83,1913,Sonstige,11.9,11.7,12.2
09B1Q,0901,83,1913,FDP,2.8,2.6,2.9
09B1R,0901,83,1940,LINKE,28.8,28.6,29.3
09B1R,0901,83,1940,CDU,16.6,14.4,16.7
09B1R,0901,83,1940,GRUENE,14.6,14.4,14.9
09B1R,0901,83,1940,SPD,13.2,12.9,13.3
09B1R,0901,83,1940,AFD,12.0,11.7,12.2
09B1R,0901,83,1940,Sonstige,11.5,11.3,11.7
09B1R,0901,83,1940,FDP,2.9,2.8,3.0
09B2A,0902,83,1833,LINKE,26.3,26.1,26.8
09B2A,0902,83,1833,Sonstige,17.1,16.8,17.4
09B2A,0902,83,1833,GRUENE,16.7,16.4,16.9
09B2A,0902,83,1833,CDU,13.9,13.3,14.1
09B2A,0902,83,1833,AFD,12.7,12.5,13.0
09B2A,0902,83,1833,SPD,11.5,11.3,11.6
09B2A,0902,83,1833,FDP,2.4,2.1,2.6
09B2B,0902,83,1853,LINKE,26.8,26.6,27.3
09B2B,0902,83,1853,GRUENE,18.4,18.2,18.6
09B2B,0902,83,1853,Sonstige,17.4,17.1,17.7
09B2B,0902,83,1853,AFD,11.9,11.6,12.2
09B2B,0902,83,1853,CDU,11.9,10.4,12.2
09B2B,0902,83,1853,SPD,10.5,10.3,10.7
09B2B,0902,83,1853,FDP,2.4,2.2,2.6
09B2C,0902,83,1837,LINKE,25.7,25.5,26.2
09B2C,0902,83,1837,GRUENE,15.8,15.6,16.0
09B2C,0902,83,1837,Sonstige,15.1,14.9,15.4
09B2C,0902,83,1837,CDU,14.2,13.5,14.5
09B2C,0902,83,1837,SPD,13.0,12.8,13.2
09B2C,0902,83,1837,AFD,12.8,12.4,13.1
09B2C,0902,83,1837,FDP,2.9,2.7,3.1
09B2D,0902,83,1856,LINKE,27.0,26.9,27.5
09B2D,0902,83,1856,GRUENE,17.7,17.5,17.9
09B2D,0902,83,1856,Sonstige,16.2,15.9,16.4
09B2D,0902,83,1856,SPD,12.9,12.7,13.0
09B2D,0902,83,1856,CDU,12.1,11.2,12.4
09B2D,0902,83,1856,AFD,12.1,11.8,12.3
09B2D,0902,83,1856,FDP,2.6,2.3,2.7
09B2E,0902,83,1832,LINKE,29.0,28.8,29.6
09B2E,0902,83,1832,GRUENE,18.8,18.6,19.0
09B2E,0902,83,1832,Sonstige,15.6,15.3,15.9
09B2E,0902,83,1832,AFD,12.7,12.4,13.0
09B2E,0902,83,1832,SPD,12.1,11.8,12.2
09B2E,0902,83,1832,CDU,10.8,9.7,11.1
09B2E,0902,83,1832,FDP,2.5,2.2,2.6
09B2F,0902,83,1723,LINKE,28.9,28.7,29.5
09B2F,0902,83,1723,GRUENE,20.6,20.3,20.8
09B2F,0902,83,1723,Sonstige,14.7,14.4,15.0
09B2F,0902,83,1723,AFD,11.6,11.4,11.9
09B2F,0902,83,1723,CDU,11.3,10.1,11.6
09B2F,0902,83,1723,SPD,10.4,10.1,10.6
09B2F,0902,83,1723,FDP,2.6,2.4,2.8
09B2G,0902,83,1836,LINKE,25.2,25.0,25.7
09B2G,0902,83,1836,Sonstige,16.5,16.3,16.8
09B2G,0902,83,1836,CDU,15.5,14.3,15.8
09B2G,0902,83,1836,GRUENE,14.8,14.6,15.0
09B2G,0902,83,1836,AFD,14.0,13.8,14.3
09B2G,0902,83,1836,SPD,12.7,12.5,12.8
09B2G,0902,83,1836,FDP,2.4,2.1,2.5
09B2H,0902,83,1750,LINKE,29.4,29.2,30.0
09B2H,0902,83,1750,GRUENE,16.3,16.1,16.5
09B2H,0902,83,1750,Sonstige,13.7,13.3,14.0
09B2H,0902,83,1750,SPD,12.7,12.4,12.9
09B2H,0902,83,1750,CDU,12.6,11.0,12.9
09B2H,0902,83,1750,AFD,12.5,12.4,12.8
09B2H,0902,83,1750,FDP,3.1,2.9,3.1
09B2J,0902,83,1848,LINKE,22.7,22.5,23.1
09B2J,0902,83,1848,CDU,19.5,16.7,19.6
09B2J,0902,83,1848,GRUENE,15.3,15.1,15.4
09B2J,0902,83,1848,SPD,13.1,12.8,13.2
09B2J,0902,83,1848,Sonstige,12.8,12.5,13.1
09B2J,0902,83,1848,AFD,12.4,12.3,12.7
09B2J,0902,83,1848,FDP,3.2,2.9,3.4
09B2K,0902,83,1975,LINKE,24.9,24.7,25.4
09B2K,0902,83,1975,CDU,18.0,15.0,18.2
09B2K,0902,83,1975,GRUENE,15.5,15.2,15.7
09B2K,0902,83,1975,AFD,13.5,13.3,13.8
09B2K,0902,83,1975,Sonstige,12.8,12.5,13.0
09B2K,0902,83,1975,SPD,12.4,12.1,12.5
09B2K,0902,83,1975,FDP,3.2,3.0,3.3
09B2L,0902,83,1947,LINKE,25.6,25.5,26.2
09B2L,0902,83,1947,CDU,20.3,17.6,20.5
09B2L,0902,83,1947,AFD,14.2,14.0,14.4
09B2L,0902,83,1947,SPD,13.3,13.0,13.4
09B2L,0902,83,1947,GRUENE,13.2,12.9,13.4
09B2L,0902,83,1947,Sonstige,10.7,10.5,10.9
09B2L,0902,83,1947,FDP,3.3,3.0,3.4
09B2M,0902,83,1704,LINKE,29.9,29.7,30.6
09B2M,0902,83,1704,CDU,15.7,13.3,15.9
09B2M,0902,83,1704,AFD,14.0,13.7,14.3
09B2M,0902,83,1704,GRUENE,13.2,12.9,13.5
09B2M,0902,83,1704,Sonstige,12.9,12.6,13.2
09B2M,0902,83,1704,SPD,12.1,11.8,12.3
09B2M,0902,83,1704,FDP,3.0,2.9,3.1
09B2N,0902,83,1664,LINKE,24.5,24.4,25.0
09B2N,0902,83,1664,CDU,22.6,19.9,22.7
09B2N,0902,83,1664,AFD,15.8,15.6,16.0
09B2N,0902,83,1664,SPD,13.9,13.6,14.0
09B2N,0902,83,1664,Sonstige,11.7,11.5,12.0
09B2N,0902,83,1664,GRUENE,10.1,9.9,10.3
09B2N,0902,83,1664,FDP,3.1,2.9,3.2
09B2P,0902,83,1762,LINKE,26.1,26.0,26.7
09B2P,0902,83,1762,CDU,18.9,16.0,19.0
09B2P,0902,83,1762,AFD,15.9,15.7,16.2
09B2P,0902,83,1762,SPD,12.8,12.5,12.9
09B2P,0902,83,1762,Sonstige,12.3,12.1,12.6
09B2P,0902,83,1762,GRUENE,12.0,11.6,12.2
09B2P,0902,83,1762,FDP,3.3,3.0,3.3
09B2Q,0902,83,1714,CDU,24.6,22.0,24.7
09B2Q,0902,83,1714,LINKE,24.4,24.3,24.9
09B2Q,0902,83,1714,AFD,16.1,15.9,16.3
09B2Q,0902,83,1714,SPD,13.6,13.3,13.7
09B2Q,0902,83,1714,Sonstige,11.8,11.6,12.0
09B2Q,0902,83,1714,GRUENE,8.7,8.3,8.9
09B2Q,0902,83,1714,FDP,2.9,2.6,3.1
09B3A,0903,83,2035,CDU,30.0,28.6,30.3
09B3A,0903,83,2035,LINKE,17.6,17.4,17.9
09B3A,0903,83,2035,SPD,14.0,13.8,14.2
09B3A,0903,83,2035,AFD,14.0,13.7,14.4
09B3A,0903,83,2035,Sonstige,10.4,10.2,10.8
09B3A,0903,83,2035,GRUENE,8.9,8.6,9.1
09B3A,0903,83,2035,FDP,3.5,3.2,3.6
09B3B,0903,83,2040,CDU,23.4,22.4,23.7
09B3B,0903,83,2040,LINKE,22.8,22.7,23.3
09B3B,0903,83,2040,AFD,16.4,16.1,16.7
09B3B,0903,83,2040,SPD,16.0,15.7,16.1
09B3B,0903,83,2040,Sonstige,11.4,11.3,11.6
09B3B,0903,83,2040,GRUENE,7.7,7.6,7.9
09B3B,0903,83,2040,FDP,2.9,2.7,3.0
09B3C,0903,83,1817,LINKE,22.4,22.2,22.8
09B3C,0903,83,1817,CDU,20.5,19.2,20.7
09B3C,0903,83,1817,SPD,15.5,15.2,15.6
09B3C,0903,83,1817,AFD,15.1,14.8,15.3
09B3C,0903,83,1817,Sonstige,11.7,11.5,11.9
09B3C,0903,83,1817,GRUENE,10.8,10.7,11.0
09B3C,0903,83,1817,FDP,3.1,2.8,3.2
09B3D,0903,83,1753,LINKE,25.3,25.1,25.7
09B3D,0903,83,1753,CDU,20.6,19.4,20.8
09B3D,0903,83,1753,AFD,17.7,17.4,18.0
09B3D,0903,83,1753,SPD,17.5,17.1,17.7
09B3D,0903,83,1753,Sonstige,12.8,12.5,13.1
09B3D,0903,83,1753,GRUENE,4.2,4.0,4.5
09B3D,0903,83,1753,FDP,2.6,2.4,2.7
09B3E,0903,83,1844,CDU,27.4,26.1,27.6
09B3E,0903,83,1844,LINKE,17.3,17.1,17.6
09B3E,0903,83,1844,SPD,14.3,14.1,14.5
09B3E,0903,83,1844,AFD,14.2,13.9,14.6
09B3E,0903,83,1844,Sonstige,11.7,11.3,12.0
09B3E,0903,83,1844,GRUENE,9.9,9.7,10.1
09B3E,0903,83,1844,FDP,3.4,3.1,3.5
09B3F,0903,83,1040,CDU,28.0,26.7,28.2
09B3F,0903,83,1040,LINKE,16.7,16.6,17.0
09B3F,0903,83,1040,SPD,15.2,14.9,15.4
09B3F,0903,83,1040,AFD,13.8,13.5,14.1
09B3F,0903,83,1040,Sonstige,10.7,10.3,10.9
09B3F,0903,83,1040,GRUENE,10.0,9.8,10.3
09B3F,0903,83,1040,FDP,3.8,3.6,3.8
09B3G,0903,83,1718,LINKE,23.9,23.7,24.3
09B3G,0903,83,1718,CDU,18.4,17.1,18.6
09B3G,0903,83,1718,Sonstige,14.3,14.1,14.4
09B3G,0903,83,1718,AFD,13.7,13.4,14.0
09B3G,0903,83,1718,SPD,13.7,13.4,13.8
09B3G,0903,83,1718,GRUENE,12.2,12.1,12.4
09B3G,0903,83,1718,FDP,2.9,2.7,3.0
09B3H,0903,83,1892,LINKE,23.1,23.0,23.5
09B3H,0903,83,1892,CDU,20.6,18.9,20.7
09B3H,0903,83,1892,SPD,15.7,15.3,15.8
09B3H,0903,83,1892,AFD,14.9,14.6,15.2
09B3H,0903,83,1892,Sonstige,12.7,12.5,12.9
09B3H,0903,83,1892,GRUENE,10.1,10.0,10.3
09B3H,0903,83,1892,FDP,3.0,2.8,3.1
09B3J,0903,83,1723,LINKE,24.1,24.0,24.6
09B3J,0903,83,1723,CDU,20.0,18.7,20.2
09B3J,0903,83,1723,SPD,15.0,14.7,15.1
09B3J,0903,83,1723,AFD,14.7,14.4,15.1
09B3J,0903,83,1723,Sonstige,12.7,12.5,12.9
09B3J,0903,83,1723,GRUENE,10.3,10.1,10.5
09B3J,0903,83,1723,FDP,2.8,2.6,2.9
09B3K,0903,83,1868,LINKE,22.2,22.0,22.6
09B3K,0903,83,1868,CDU,21.8,20.6,22.1
09B3K,0903,83,1868,AFD,15.3,15.1,15.6
09B3K,0903,83,1868,SPD,13.5,13.3,13.6
09B3K,0903,83,1868,Sonstige,12.6,12.3,12.7
09B3K,0903,83,1868,GRUENE,11.6,11.4,11.8
09B3K,0903,83,1868,FDP,3.3,3.1,3.4
09B3L,0903,83,2074,LINKE,26.0,25.8,26.6
09B3L,0903,83,2074,GRUENE,19.6,19.3,19.8
09B3L,0903,83,2074,CDU,15.5,14.2,15.7
09B3L,0903,83,2074,Sonstige,14.0,13.7,14.3
09B3L,0903,83,2074,AFD,10.9,10.7,11.6
09B3L,0903,83,2074,SPD,10.4,10.2,10.6
09B3L,0903,83,2074,FDP,2.9,2.6,3.0
09B3M,0903,83,1018,LINKE,25.4,25.2,25.9
09B3M,0903,83,1018,GRUENE,19.6,19.4,19.8
09B3M,0903,83,1018,CDU,16.2,14.4,16.4
09B3M,0903,83,1018,Sonstige,13.2,13.0,13.4
09B3M,0903,83,1018,AFD,10.7,10.5,11.2
09B3M,0903,83,1018,SPD,10.6,10.4,10.8
09B3M,0903,83,1018,FDP,3.0,2.9,3.1
09B3N,0903,83,1942,LINKE,22.6,22.4,23.0
09B3N,0903,83,1942,CDU,18.0,16.7,18.2
09B3N,0903,83,1942,Sonstige,14.8,14.6,15.0
09B3N,0903,83,1942,AFD,14.8,14.6,15.2
09B3N,0903,83,1942,GRUENE,13.5,13.3,13.6
09B3N,0903,83,1942,SPD,13.2,12.9,13.3
09B3N,0903,83,1942,FDP,2.9,2.7,3.0
09B3P,0903,83,1965,LINKE,25.8,25.6,26.3
09B3P,0903,83,1965,CDU,18.9,17.7,19.0
09B3P,0903,83,1965,AFD,15.9,15.6,16.3
09B3P,0903,83,1965,SPD,14.8,14.5,14.9
09B3P,0903,83,1965,Sonstige,13.3,13.0,13.6
09B3P,0903,83,1965,GRUENE,9.7,9.4,9.9
09B3P,0903,83,1965,FDP,2.7,2.4,2.8
09B3Q,0903,83,1960,LINKE,27.7,27.5,28.2
09B3Q,0903,83,1960,CDU,22.2,21.0,22.4
09B3Q,0903,83,1960,AFD,17.0,16.8,17.4
09B3Q,0903,83,1960,SPD,14.7,14.4,14.8
09B3Q,0903,83,1960,Sonstige,10.7,10.5,10.9
09B3Q,0903,83,1960,GRUENE,7.6,7.3,7.9
09B3Q,0903,83,1960,FDP,2.6,2.2,2.7
09B3R,0903,83,2058,CDU,21.9,19.7,22.0
09B3R,0903,83,2058,GRUENE,19.7,19.4,19.9
09B3R,0903,83,2058,LINKE,19.3,19.1,19.9
09B3R,0903,83,2058,Sonstige,12.7,12.3,13.0
09B3R,0903,83,2058,SPD,11.0,10.7,11.1
09B3R,0903,83,2058,AFD,10.1,9.8,11.1
09B3R,0903,83,2058,FDP,3.2,2.8,3.4
09B4A,0904,83,1955,CDU,28.6,27.4,28.7
09B4A,0904,83,1955,AFD,18.6,17.8,19.7
09B4A,0904,83,1955,LINKE,17.2,17.0,17.5
09B4A,0904,83,1955,Sonstige,13.1,12.8,13.3
09B4A,0904,83,1955,SPD,12.8,12.5,12.9
09B4A,0904,83,1955,GRUENE,9.0,8.6,9.2
09B4A,0904,83,1955,FDP,3.2,3.0,3.3
09B4B,0904,83,1953,CDU,30.3,28.4,30.5
09B4B,0904,83,1953,AFD,19.8,19.0,20.8
09B4B,0904,83,1953,LINKE,18.3,18.2,18.6
09B4B,0904,83,1953,SPD,13.0,12.8,13.1
09B4B,0904,83,1953,Sonstige,12.2,11.9,12.4
09B4B,0904,83,1953,GRUENE,6.8,6.4,7.0
09B4B,0904,83,1953,FDP,3.5,3.3,3.6
09B4C,0904,83,1955,CDU,31.5,29.5,31.6
09B4C,0904,83,1955,AFD,18.5,17.7,19.6
09B4C,0904,83,1955,LINKE,17.0,16.8,17.3
09B4C,0904,83,1955,SPD,13.1,12.9,13.3
09B4C,0904,83,1955,Sonstige,11.0,10.7,11.3
09B4C,0904,83,1955,GRUENE,9.1,8.6,9.4
09B4C,0904,83,1955,FDP,3.4,3.2,3.5
09B4D,0904,83,1848,CDU,27.0,26.0,27.1
09B4D,0904,83,1848,LINKE,20.1,19.9,20.4
09B4D,0904,83,1848,AFD,19.1,18.4,20.2
09B4D,0904,83,1848,SPD,13.7,13.5,13.8
09B4D,0904,83,1848,Sonstige,12.2,12.0,12.4
09B4D,0904,83,1848,GRUENE,6.8,6.6,7.0
09B4D,0904,83,1848,FDP,3.6,3.4,3.7
09B4E,0904,83,1842,CDU,33.2,31.8,33.4
09B4E,0904,83,1842,AFD,19.4,18.5,20.5
09B4E,0904,83,1842,LINKE,17.5,17.3,17.9
09B4E,0904,83,1842,SPD,12.1,11.8,12.2
09B4E,0904,83,1842,Sonstige,11.5,11.2,11.7
09B4E,0904,83,1842,GRUENE,6.9,6.5,7.3
09B4E,0904,83,1842,FDP,3.1,2.9,3.2
09B4F,0904,83,1847,CDU,27.4,25.6,27.7
09B4F,0904,83,1847,AFD,22.1,21.3,23.2
09B4F,0904,83,1847,LINKE,20.3,20.2,20.7
09B4F,0904,83,1847,Sonstige,13.5,13.3,13.7
09B4F,0904,83,1847,SPD,12.9,12.6,13.1
09B4F,0904,83,1847,GRUENE,4.3,3.9,4.6
09B4F,0904,83,1847,FDP,3.4,3.2,3.4
09B4G,0904,83,1843,CDU,25.1,23.7,25.3
09B4G,0904,83,1843,AFD,23.4,22.5,24.5
09B4G,0904,83,1843,LINKE,18.9,18.7,19.3
09B4G,0904,83,1843,Sonstige,16.4,16.1,16.6
09B4G,0904,83,1843,SPD,13.2,12.9,13.4
09B4G,0904,83,1843,GRUENE,4.6,4.1,5.1
09B4G,0904,83,1843,FDP,3.0,2.8,3.0
09B4H,0904,83,1818,CDU,31.0,29.3,31.2
09B4H,0904,83,1818,AFD,20.3,19.4,21.4
09B4H,0904,83,1818,LINKE,14.5,14.3,14.8
09B4H,0904,83,1818,Sonstige,12.9,12.6,13.2
09B4H,0904,83,1818,SPD,12.4,12.1,12.5
09B4H,0904,83,1818,GRUENE,7.7,7.2,8.1
09B4H,0904,83,1818,FDP,3.5,3.3,3.6
09B4J,0904,83,1964,CDU,32.1,30.2,32.2
09B4J,0904,83,1964,AFD,19.2,18.3,20.2
09B4J,0904,83,1964,LINKE,17.4,17.3,17.8
09B4J,0904,83,1964,SPD,13.2,13.0,13.3
09B4J,0904,83,1964,Sonstige,10.2,10.0,10.4
09B4J,0904,83,1964,GRUENE,7.9,7.5,8.2
09B4J,0904,83,1964,FDP,3.6,3.5,3.7
09B4K,0904,83,1814,AFD,24.3,23.4,25.2
09B4K,0904,83,1814,CDU,23.2,21.1,23.4
09B4K,0904,83,1814,LINKE,22.3,22.2,22.8
09B4K,0904,83,1814,Sonstige,14.2,13.9,14.4
09B4K,0904,83,1814,SPD,14.0,13.7,14.2
09B4K,0904,83,1814,FDP,3.3,3.2,3.4
09B4K,0904,83,1814,GRUENE,3.0,2.4,3.4
09B4L,0904,83,1924,CDU,28.7,26.8,28.9
09B4L,0904,83,1924,AFD,24.3,23.5,25.5
09B4L,0904,83,1924,LINKE,19.3,19.1,19.7
09B4L,0904,83,1924,Sonstige,13.8,13.5,14.1
09B4L,0904,83,1924,SPD,13.1,12.8,13.3
09B4L,0904,83,1924,FDP,3.3,3.1,3.3
09B4L,0904,83,1924,GRUENE,2.9,2.3,3.4
09B4M,0904,83,1848,CDU,23.7,23.1,23.9
09B4M,0904,83,1848,LINKE,22.4,22.2,22.8
09B4M,0904,83,1848,AFD,20.7,19.9,21.8
09B4M,0904,83,1848,Sonstige,15.0,14.8,15.2
09B4M,0904,83,1848,SPD,13.1,12.8,13.3
09B4M,0904,83,1848,GRUENE,6.5,6.2,6.7
09B4M,0904,83,1848,FDP,3.1,3.0,3.2
09B4N,0904,83,2001,CDU,25.0,24.1,25.1
09B4N,0904,83,2001,LINKE,21.8,21.6,22.1
09B4N,0904,83,2001,AFD,18.0,17.1,19.2
09B4N,0904,83,2001,SPD,13.6,13.4,13.7
09B4N,0904,83,2001,Sonstige,12.2,12.0,12.4
09B4N,0904,83,2001,GRUENE,9.6,9.3,9.9
09B4N,0904,83,2001,FDP,3.1,2.8,3.2
09B4P,0904,83,1943,CDU,29.3,27.6,29.5
09B4P,0904,83,1943,AFD,20.5,19.6,21.6
09B4P,0904,83,1943,LINKE,19.1,18.9,19.4
09B4P,0904,83,1943,SPD,13.1,12.8,13.2
09B4P,0904,83,1943,Sonstige,12.3,12.0,12.5
09B4P,0904,83,1943,GRUENE,5.3,4.9,5.6
09B4P,0904,83,1943,FDP,3.3,3.0,3.5
09B4Q,0904,83,1035,CDU,25.6,24.0,25.7
09B4Q,0904,83,1035,LINKE,19.9,19.7,20.2
09B4Q,0904,83,1035,AFD,18.7,17.9,19.8
09B4Q,0904,83,1035,SPD,14.9,14.6,15.0
09B4Q,0904,83,1035,Sonstige,12.1,11.8,12.3
09B4Q,0904,83,1035,GRUENE,8.7,8.3,9.0
09B4Q,0904,83,1035,FDP,3.0,2.9,3.2
09B4R,0904,83,2003,CDU,28.9,27.3,29.1
09B4R,0904,83,2003,AFD,20.6,19.8,21.7
09B4R,0904,83,2003,LINKE,20.5,20.4,20.9
09B4R,0904,83,2003,SPD,13.2,13.0,13.4
09B4R,0904,83,2003,Sonstige,12.9,12.6,13.1
09B4R,0904,83,2003,GRUENE,5.5,5.1,5.8
09B4R,0904,83,2003,FDP,2.9,2.5,3.1
09B4S,0904,83,1909,CDU,31.2,29.7,31.4
09B4S,0904,83,1909,AFD,20.8,20.0,21.9
09B4S,0904,83,1909,LINKE,17.6,17.4,18.0
09B4S,0904,83,1909,Sonstige,13.4,13.1,13.7
09B4S,0904,83,1909,SPD,13.1,12.8,13.2
09B4S,0904,83,1909,GRUENE,4.1,3.7,4.3
09B4S,0904,83,1909,FDP,3.1,2.7,3.3
09B5A,0905,83,2009,LINKE,23.7,23.5,24.1
09B5A,0905,83,2009,CDU,22.7,20.4,22.7
09B5A,0905,83,2009,AFD,14.2,14.0,14.5
09B5A,0905,83,2009,SPD,13.7,13.4,13.8
09B5A,0905,83,2009,Sonstige,11.9,11.7,12.1
09B5A,0905,83,2009,GRUENE,11.4,11.1,11.6
09B5A,0905,83,2009,FDP,3.0,2.8,3.1
09B5B,0905,83,1963,LINKE,28.6,28.4,29.3
09B5B,0905,83,1963,CDU,15.1,11.7,15.4
09B5B,0905,83,1963,GRUENE,14.8,14.5,15.1
09B5B,0905,83,1963,AFD,14.7,14.4,15.0
09B5B,0905,83,1963,Sonstige,12.7,12.4,13.0
09B5B,0905,83,1963,SPD,12.2,11.9,12.3
09B5B,0905,83,1963,FDP,3.0,2.8,3.1
09B5C,0905,83,1947,LINKE,28.4,28.3,29.1
09B5C,0905,83,1947,AFD,15.8,15.6,16.2
09B5C,0905,83,1947,CDU,14.6,11.3,14.8
09B5C,0905,83,1947,GRUENE,13.9,13.4,14.2
09B5C,0905,83,1947,SPD,13.0,12.7,13.1
09B5C,0905,83,1947,Sonstige,13.0,12.7,13.2
09B5C,0905,83,1947,FDP,2.7,2.4,2.8
09B5D,0905,83,1911,LINKE,22.2,22.1,22.7
09B5D,0905,83,1911,CDU,18.3,15.7,18.5
09B5D,0905,83,1911,AFD,15.2,15.0,15.5
09B5D,0905,83,1911,Sonstige,14.0,13.7,14.1
09B5D,0905,83,1911,SPD,13.7,13.4,13.8
09B5D,0905,83,1911,GRUENE,13.0,12.6,13.2
09B5D,0905,83,1911,FDP,3.0,2.7,3.1
09B5E,0905,83,1905,LINKE,21.9,21.6,22.2
09B5E,0905,83,1905,Sonstige,18.7,18.4,19.0
09B5E,0905,83,1905,CDU,17.3,15.2,17.5
09B5E,0905,83,1905,AFD,16.1,15.9,16.4
09B5E,0905,83,1905,SPD,13.1,12.8,13.2
09B5E,0905,83,1905,GRUENE,11.6,11.3,11.8
09B5E,0905,83,1905,FDP,2.5,2.3,2.6
09B5F,0905,83,1932,LINKE,25.6,25.4,26.1
09B5F,0905,83,1932,CDU,20.5,18.2,20.6
09B5F,0905,83,1932,AFD,16.3,16.1,16.6
09B5F,0905,83,1932,Sonstige,14.5,14.2,14.7
09B5F,0905,83,1932,SPD,13.7,13.4,13.8
09B5F,0905,83,1932,GRUENE,9.3,9.1,9.5
09B5F,0905,83,1932,FDP,2.8,2.6,2.9
09B5G,0905,83,1932,LINKE,24.2,24.0,24.6
09B5G,0905,83,1932,CDU,19.8,17.1,19.9
09B5G,0905,83,1932,AFD,15.5,15.3,15.7
09B5G,0905,83,1932,Sonstige,14.0,13.8,14.2
09B5G,0905,83,1932,SPD,13.7,13.5,13.8
09B5G,0905,83,1932,GRUENE,10.8,10.5,10.9
09B5G,0905,83,1932,FDP,3.0,2.8,3.1
09B5H,0905,83,2016,LINKE,24.7,24.5,25.2
09B5H,0905,83,2016,CDU,18.8,16.0,18.9
09B5H,0905,83,2016,AFD,15.3,15.1,15.7
09B5H,0905,83,2016,Sonstige,15.3,15.1,15.5
09B5H,0905,83,2016,SPD,12.8,12.5,12.9
09B5H,0905,83,2016,GRUENE,11.7,11.4,11.9
09B5H,0905,83,2016,FDP,2.6,2.4,2.7
09B5J,0905,83,1908,LINKE,23.6,23.3,24.0
09B5J,0905,83,1908,CDU,16.5,13.6,16.6
09B5J,0905,83,1908,GRUENE,15.2,15.0,15.4
09B5J,0905,83,1908,Sonstige,14.6,14.4,14.9
09B5J,0905,83,1908,AFD,13.7,13.6,14.0
09B5J,0905,83,1908,SPD,13.0,12.7,13.1
09B5J,0905,83,1908,FDP,3.2,3.0,3.2
09B5K,0905,83,1925,LINKE,25.0,24.8,25.5
09B5K,0905,83,1925,CDU,17.3,14.7,17.5
09B5K,0905,83,1925,Sonstige,15.7,15.5,15.9
09B5K,0905,83,1925,AFD,14.9,14.7,15.2
09B5K,0905,83,1925,SPD,13.1,12.9,13.3
09B5K,0905,83,1925,GRUENE,12.4,12.2,12.6
09B5K,0905,83,1925,FDP,2.9,2.7,3.0
09B5L,0905,83,1825,LINKE,23.0,22.8,23.4
09B5L,0905,83,1825,CDU,21.9,19.5,22.0
09B5L,0905,83,1825,AFD,15.1,14.9,15.4
09B5L,0905,83,1825,SPD,13.8,13.6,13.9
09B5L,0905,83,1825,Sonstige,12.7,12.5,12.9
09B5L,0905,83,1825,GRUENE,11.3,11.1,11.5
09B5L,0905,83,1825,FDP,3.1,3.0,3.2
09B5M,0905,83,2108,CDU,20.5,18.1,20.6
09B5M,0905,83,2108,LINKE,19.9,19.8,20.4
09B5M,0905,83,2108,SPD,14.2,13.9,14.3
09B5M,0905,83,2108,GRUENE,13.8,13.5,14.0
09B5M,0905,83,2108,AFD,13.5,13.2,13.9
09B5M,0905,83,2108,Sonstige,12.2,11.9,12.4
09B5M,0905,83,2108,FDP,3.5,3.2,3.6
09B5N,0905,83,2107,CDU,22.7,19.8,22.8
09B5N,0905,83,2107,LINKE,21.4,21.3,21.9
09B5N,0905,83,2107,AFD,15.2,15.0,15.5
09B5N,0905,83,2107,SPD,14.6,14.3,14.7
09B5N,0905,83,2107,GRUENE,11.3,10.9,11.5
09B5N,0905,83,2107,Sonstige,10.8,10.6,11.0
09B5N,0905,83,2107,FDP,3.5,3.4,3.6
09B5P,0905,83,1859,CDU,25.9,23.6,26.0
09B5P,0905,83,1859,LINKE,20.4,20.2,20.7
09B5P,0905,83,1859,AFD,15.4,15.1,15.7
09B5P,0905,83,1859,SPD,15.1,14.8,15.3
09B5P,0905,83,1859,Sonstige,11.3,11.1,11.5
09B5P,0905,83,1859,GRUENE,9.5,9.2,9.7
09B5P,0905,83,1859,FDP,3.2,2.9,3.3
09B5Q,0905,83,1602,CDU,28.2,25.8,28.3
09B5Q,0905,83,1602,LINKE,19.1,19.0,19.5
09B5Q,0905,83,1602,AFD,16.2,15.9,16.5
09B5Q,0905,83,1602,SPD,14.2,13.9,14.3
09B5Q,0905,83,1602,Sonstige,10.4,10.1,10.5
09B5Q,0905,83,1602,GRUENE,8.4,8.0,8.6
09B5Q,0905,83,1602,FDP,3.6,3.4,3.8
09B5R,0905,83,1099,CDU,27.8,25.6,28.0
09B5R,0905,83,1099,LINKE,20.3,20.1,20.7
09B5R,0905,83,1099,AFD,19.0,18.6,19.3
09B5R,0905,83,1099,SPD,14.4,14.1,14.5
09B5R,0905,83,1099,Sonstige,9.4,9.2,9.7
09B5R,0905,83,1099,GRUENE,6.6,6.1,6.9
09B5R,0905,83,1099,FDP,3.7,3.5,3.8
09B6A,0906,83,1951,LINKE,26.7,26.5,27.2
09B6A,0906,83,1951,CDU,17.9,14.9,18.4
09B6A,0906,83,1951,AFD,17.1,16.7,17.9
09B6A,0906,83,1951,Sonstige,14.1,13.8,14.4
09B6A,0906,83,1951,SPD,14.0,13.7,14.1
09B6A,0906,83,1951,GRUENE,8.8,8.5,9.0
09B6A,0906,83,1951,FDP,3.0,2.7,3.0
09B6B,0906,83,2009,LINKE,24.5,24.3,24.9
09B6B,0906,83,2009,CDU,19.3,16.8,20.0
09B6B,0906,83,2009,AFD,17.4,16.9,18.2
09B6B,0906,83,2009,SPD,16.7,16.3,16.9
09B6B,0906,83,2009,Sonstige,15.3,15.0,15.6
09B6B,0906,83,2009,GRUENE,5.5,5.3,5.8
09B6B,0906,83,2009,FDP,2.5,2.2,2.6
09B6C,0906,83,2007,LINKE,24.9,24.7,25.3
09B6C,0906,83,2007,CDU,20.4,18.0,21.0
09B6C,0906,83,2007,AFD,16.7,16.3,17.5
09B6C,0906,83,2007,SPD,15.4,15.1,15.6
09B6C,0906,83,2007,Sonstige,14.3,14.0,14.6
09B6C,0906,83,2007,GRUENE,6.3,6.0,6.6
09B6C,0906,83,2007,FDP,2.8,2.6,2.9
09B6D,0906,83,1760,LINKE,23.4,23.3,23.9
09B6D,0906,83,1760,CDU,22.0,19.7,22.6
09B6D,0906,83,1760,AFD,18.0,17.6,18.9
09B6D,0906,83,1760,SPD,17.6,17.1,17.8
09B6D,0906,83,1760,Sonstige,14.1,13.8,14.4
09B6D,0906,83,1760,GRUENE,3.7,3.4,4.1
09B6D,0906,83,1760,FDP,2.8,2.6,2.9
09B6E,0906,83,1833,CDU,22.8,20.2,23.3
09B6E,0906,83,1833,LINKE,22.2,22.0,22.6
09B6E,0906,83,1833,AFD,18.0,17.5,18.8
09B6E,0906,83,1833,SPD,14.4,14.1,14.5
09B6E,0906,83,1833,Sonstige,14.3,14.0,14.5
09B6E,0906,83,1833,GRUENE,6.7,6.4,6.9
09B6E,0906,83,1833,FDP,3.0,2.8,3.1
09B6F,0906,83,1903,CDU,24.3,21.1,24.9
09B6F,0906,83,1903,LINKE,21.3,21.1,21.6
09B6F,0906,83,1903,AFD,17.3,16.9,18.1
09B6F,0906,83,1903,SPD,14.4,14.0,14.5
09B6F,0906,83,1903,Sonstige,13.4,13.1,13.7
09B6F,0906,83,1903,GRUENE,7.3,7.0,7.5
09B6F,0906,83,1903,FDP,3.2,3.0,3.3
09B6G,0906,83,1967,LINKE,29.2,29.0,29.8
09B6G,0906,83,1967,AFD,17.5,17.0,18.4
09B6G,0906,83,1967,Sonstige,16.4,16.1,16.8
09B6G,0906,83,1967,CDU,16.3,13.2,16.9
09B6G,0906,83,1967,SPD,11.4,11.2,11.6
09B6G,0906,83,1967,GRUENE,9.8,9.4,10.0
09B6G,0906,83,1967,FDP,2.5,2.2,2.6
09B6H,0906,83,2024,LINKE,23.5,23.4,23.9
09B6H,0906,83,2024,CDU,20.3,17.1,21.0
09B6H,0906,83,2024,AFD,17.4,16.9,18.3
09B6H,0906,83,2024,Sonstige,13.9,13.6,14.3
09B6H,0906,83,2024,SPD,13.4,13.1,13.6
09B6H,0906,83,2024,GRUENE,9.8,9.4,10.1
09B6H,0906,83,2024,FDP,3.1,2.9,3.3
09B6J,0906,83,1793,CDU,24.3,21.5,24.8
09B6J,0906,83,1793,LINKE,23.4,23.3,23.9
09B6J,0906,83,1793,AFD,16.5,16.0,17.4
09B6J,0906,83,1793,SPD,12.6,12.4,12.7
09B6J,0906,83,1793,Sonstige,11.8,11.6,12.1
09B6J,0906,83,1793,GRUENE,8.7,8.5,9.0
09B6J,0906,83,1793,FDP,3.4,3.2,3.5
09B6K,0906,83,2082,CDU,23.4,20.2,23.9
09B6K,0906,83,2082,LINKE,22.4,22.2,22.8
09B6K,0906,83,2082,AFD,18.6,18.1,19.3
09B6K,0906,83,2082,SPD,16.8,16.4,17.0
09B6K,0906,83,2082,Sonstige,13.0,12.7,13.3
09B6K,0906,83,2082,GRUENE,4.8,4.4,5.1
09B6K,0906,83,2082,FDP,2.8,2.6,2.9
09B6L,0906,83,1847,LINKE,22.6,22.5,23.1
09B6L,0906,83,1847,CDU,22.3,19.3,22.8
09B6L,0906,83,1847,AFD,17.6,17.1,18.4
09B6L,0906,83,1847,SPD,14.5,14.1,14.6
09B6L,0906,83,1847,Sonstige,12.8,12.5,13.1
09B6L,0906,83,1847,GRUENE,7.8,7.6,8.1
09B6L,0906,83,1847,FDP,3.8,3.6,3.8
09B6M,0906,83,1909,CDU,25.1,22.5,25.6
09B6M,0906,83,1909,LINKE,20.8,20.6,21.2
09B6M,0906,83,1909,AFD,16.9,16.4,17.7
09B6M,0906,83,1909,SPD,13.6,13.3,13.7
09B6M,0906,83,1909,Sonstige,11.0,10.8,11.3
09B6M,0906,83,1909,GRUENE,8.6,8.2,8.8
09B6M,0906,83,1909,FDP,3.9,3.7,3.9
09B6N,0906,83,1856,CDU,26.7,24.3,27.2
09B6N,0906,83,1856,LINKE,20.4,20.2,20.8
09B6N,0906,83,1856,AFD,18.1,17.6,18.9
09B6N,0906,83,1856,SPD,14.8,14.5,14.9
09B6N,0906,83,1856,Sonstige,12.1,11.8,12.3
09B6N,0906,83,1856,GRUENE,5.9,5.6,6.1
09B6N,0906,83,1856,FDP,3.1,2.9,3.2
09B6P,0906,83,1857,CDU,30.7,28.1,31.2
09B6P,0906,83,1857,AFD,19.1,18.6,19.9
09B6P,0906,83,1857,LINKE,16.0,15.8,16.4
09B6P,0906,83,1857,Sonstige,13.2,12.9,13.5
09B6P,0906,83,1857,SPD,12.5,12.2,12.6
09B6P,0906,83,1857,GRUENE,4.8,4.3,5.1
09B6P,0906,83,1857,FDP,3.5,3.2,3.7
09B6Q,0906,83,1880,CDU,31.8,29.0,32.3
09B6Q,0906,83,1880,AFD,19.4,18.9,20.2
09B6Q,0906,83,1880,LINKE,15.1,14.8,15.3
09B6Q,0906,83,1880,Sonstige,13.3,13.0,13.8
09B6Q,0906,83,1880,SPD,12.7,12.4,12.8
09B6Q,0906,83,1880,GRUENE,4.8,4.4,5.1
09B6Q,0906,83,1880,FDP,3.7,3.5,3.8
09B7A,0907,83,1882,CDU,27.8,26.2,28.0
09B7A,0907,83,1882,LINKE,21.8,21.6,22.2
09B7A,0907,83,1882,AFD,16.2,15.8,16.5
09B7A,0907,83,1882,SPD,14.1,13.8,14.2
09B7A,0907,83,1882,Sonstige,11.7,11.5,11.9
09B7A,0907,83,1882,GRUENE,7.2,7.0,7.4
09B7A,0907,83,1882,FDP,3.1,2.9,3.2
09B7B,0907,83,1867,LINKE,25.9,25.8,26.5
09B7B,0907,83,1867,CDU,21.2,20.0,21.4
09B7B,0907,83,1867,AFD,15.2,14.9,15.4
09B7B,0907,83,1867,SPD,15.0,14.6,15.1
09B7B,0907,83,1867,Sonstige,12.7,12.5,12.9
09B7B,0907,83,1867,GRUENE,9.1,8.8,9.4
09B7B,0907,83,1867,FDP,2.6,2.4,2.8
09B7C,0907,83,1871,CDU,26.7,25.2,26.8
09B7C,0907,83,1871,LINKE,21.3,21.2,21.7
09B7C,0907,83,1871,AFD,15.2,15.0,15.4
09B7C,0907,83,1871,SPD,13.6,13.4,13.7
09B7C,0907,83,1871,Sonstige,11.0,10.7,11.1
09B7C,0907,83,1871,GRUENE,10.4,10.2,10.6
09B7C,0907,83,1871,FDP,3.1,2.9,3.3
09B7D,0907,83,1860,LINKE,26.3,26.2,26.8
09B7D,0907,83,1860,CDU,20.2,19.1,20.4
09B7D,0907,83,1860,AFD,14.9,14.6,15.2
09B7D,0907,83,1860,SPD,14.8,14.5,14.9
09B7D,0907,83,1860,Sonstige,13.1,12.9,13.3
09B7D,0907,83,1860,GRUENE,10.2,10.0,10.4
09B7D,0907,83,1860,FDP,2.5,2.2,2.7
09B7E,0907,83,1928,LINKE,26.0,25.8,26.5
09B7E,0907,83,1928,CDU,21.3,19.9,21.5
09B7E,0907,83,1928,AFD,16.5,16.3,16.8
09B7E,0907,83,1928,SPD,13.5,13.2,13.7
09B7E,0907,83,1928,Sonstige,12.5,12.2,12.6
09B7E,0907,83,1928,GRUENE,10.0,9.6,10.3
09B7E,0907,83,1928,FDP,3.1,2.9,3.1
09B7F,0907,83,1837,CDU,23.7,22.2,24.0
09B7F,0907,83,1837,LINKE,22.4,22.3,22.9
09B7F,0907,83,1837,AFD,15.1,14.8,15.4
09B7F,0907,83,1837,GRUENE,13.9,13.5,14.2
09B7F,0907,83,1837,SPD,12.6,12.4,12.7
09B7F,0907,83,1837,Sonstige,10.8,10.6,10.9
09B7F,0907,83,1837,FDP,3.2,3.0,3.4
09B7G,0907,83,1734,LINKE,26.6,26.4,27.2
09B7G,0907,83,1734,CDU,20.8,19.5,21.0
09B7G,0907,83,1734,AFD,15.7,15.5,16.0
09B7G,0907,83,1734,SPD,13.9,13.6,14.0
09B7G,0907,83,1734,Sonstige,11.4,11.1,11.6
09B7G,0907,83,1734,GRUENE,10.6,10.4,10.9
09B7G,0907,83,1734,FDP,3.3,3.1,3.4
09B7H,0907,83,2044,LINKE,24.9,24.7,25.5
09B7H,0907,83,2044,CDU,23.3,21.3,23.5
09B7H,0907,83,2044,AFD,16.9,16.6,17.3
09B7H,0907,83,2044,SPD,14.6,14.3,14.8
09B7H,0907,83,2044,Sonstige,11.7,11.5,11.9
09B7H,0907,83,2044,GRUENE,8.0,7.6,8.4
09B7H,0907,83,2044,FDP,3.7,3.5,3.7
09B7J,0907,83,1997,CDU,25.6,23.6,25.8
09B7J,0907,83,1997,LINKE,19.8,19.7,20.2
09B7J,0907,83,1997,AFD,14.7,14.4,15.0
09B7J,0907,83,1997,GRUENE,13.2,12.8,13.4
09B7J,0907,83,1997,SPD,12.8,12.6,12.9
09B7J,0907,83,1997,Sonstige,10.7,10.4,10.9
09B7J,0907,83,1997,FDP,4.0,3.8,4.0
09B7K,0907,83,1061,LINKE,23.6,23.4,24.0
09B7K,0907,83,1061,CDU,23.0,20.9,23.2
09B7K,0907,83,1061,AFD,13.7,13.5,14.1
09B7K,0907,83,1061,GRUENE,13.4,13.1,13.7
09B7K,0907,83,1061,SPD,13.3,13.0,13.5
09B7K,0907,83,1061,Sonstige,11.0,10.8,11.2
09B7K,0907,83,1061,FDP,3.5,3.3,3.6
09B7L,0907,83,2004,CDU,23.1,21.5,23.4
09B7L,0907,83,2004,LINKE,22.8,22.6,23.2
09B7L,0907,83,2004,SPD,14.9,14.5,15.1
09B7L,0907,83,2004,AFD,14.4,14.2,14.8
09B7L,0907,83,2004,Sonstige,12.0,11.7,12.2
09B7L,0907,83,2004,GRUENE,11.2,10.9,11.5
09B7L,0907,83,2004,FDP,3.7,3.5,3.7
09B7M,0907,83,1933,LINKE,23.4,23.2,23.9
09B7M,0907,83,1933,CDU,21.3,19.5,21.5
09B7M,0907,83,1933,AFD,14.6,14.3,14.9
09B7M,0907,83,1933,GRUENE,13.8,13.4,14.1
09B7M,0907,83,1933,SPD,13.5,13.2,13.7
09B7M,0907,83,1933,Sonstige,12.2,11.9,12.4
09B7M,0907,83,1933,FDP,3.4,3.2,3.4
09B7N,0907,83,2052,CDU,27.3,25.5,27.5
09B7N,0907,83,2052,LINKE,22.0,21.9,22.4
09B7N,0907,83,2052,AFD,17.0,16.7,17.3
09B7N,0907,83,2052,SPD,13.5,13.2,13.6
09B7N,0907,83,2052,Sonstige,9.9,9.6,10.1
09B7N,0907,83,2052,GRUENE,8.8,8.3,9.0
09B7N,0907,83,2052,FDP,3.8,3.6,3.8
09B7P,0907,83,2072,CDU,29.7,28.5,29.9
09B7P,0907,83,2072,LINKE,19.1,18.9,19.4
09B7P,0907,83,2072,AFD,17.3,17.0,17.7
09B7P,0907,83,2072,SPD,13.4,13.1,13.6
09B7P,0907,83,2072,Sonstige,10.2,9.9,10.4
09B7P,0907,83,2072,GRUENE,8.5,8.1,8.7
09B7P,0907,83,2072,FDP,3.7,3.3,3.8
09B7Q,0907,83,2092,CDU,28.4,27.1,28.5
09B7Q,0907,83,2092,LINKE,20.3,20.1,20.7
09B7Q,0907,83,2092,AFD,16.4,16.2,16.8
09B7Q,0907,83,2092,SPD,13.0,12.7,13.1
09B7Q,0907,83,2092,Sonstige,10.9,10.6,11.0
09B7Q,0907,83,2092,GRUENE,8.9,8.5,9.3
09B7Q,0907,83,2092,FDP,3.4,3.2,3.5
09B7R,0907,83,2110,CDU,28.4,27.1,28.6
09B7R,0907,83,2110,LINKE,20.9,20.8,21.4
09B7R,0907,83,2110,AFD,16.2,15.9,16.5
09B7R,0907,83,2110,SPD,12.7,12.4,12.9
09B7R,0907,83,2110,Sonstige,11.1,10.8,11.3
09B7R,0907,83,2110,GRUENE,8.3,7.7,8.6
09B7R,0907,83,2110,FDP,3.5,3.3,3.7
09B7S,0907,83,1072,CDU,29.6,28.3,29.7
09B7S,0907,83,1072,LINKE,19.9,19.6,20.4
09B7S,0907,83,1072,AFD,16.3,16.0,16.8
09B7S,0907,83,1072,Sonstige,11.7,11.4,11.9
09B7S,0907,83,1072,SPD,11.1,10.8,11.2
09B7S,0907,83,1072,GRUENE,8.5,8.0,8.9
09B7S,0907,83,1072,FDP,3.6,3.3,3.8
10B1A,1001,84,2883,AFD,26.6,25.2,27.7
10B1A,1001,84,2883,CDU,22.1,20.5,22.4
10B1A,1001,84,2883,LINKE,20.6,20.4,21.0
10B1A,1001,84,2883,Sonstige,16.3,15.9,16.7
10B1A,1001,84,2883,SPD,12.2,11.8,12.4
10B1A,1001,84,2883,GRUENE,5.3,4.7,5.8
10B1A,1001,84,2883,FDP,2.7,2.5,2.7
10B1B,1001,84,2808,LINKE,25.5,25.3,26.0
10B1B,1001,84,2808,AFD,25.3,24.0,26.6
10B1B,1001,84,2808,CDU,20.5,18.9,20.8
10B1B,1001,84,2808,Sonstige,15.7,15.4,16.1
10B1B,1001,84,2808,SPD,12.5,12.2,12.7
10B1B,1001,84,2808,GRUENE,5.7,5.1,6.2
10B1B,1001,84,2808,FDP,2.5,2.2,2.5
10B1C,1001,84,2321,AFD,25.9,24.6,27.1
10B1C,1001,84,2321,LINKE,25.6,25.5,26.2
10B1C,1001,84,2321,CDU,19.9,18.6,20.2
10B1C,1001,84,2321,Sonstige,17.4,17.0,17.8
10B1C,1001,84,2321,SPD,12.2,11.8,12.4
10B1C,1001,84,2321,GRUENE,3.9,3.3,4.3
10B1C,1001,84,2321,FDP,2.3,2.0,2.4
10B1D,1001,84,2071,AFD,25.3,24.0,26.5
10B1D,1001,84,2071,LINKE,22.6,22.4,23.0
10B1D,1001,84,2071,CDU,20.4,19.1,20.7
10B1D,1001,84,2071,Sonstige,17.6,17.2,17.9
10B1D,1001,84,2071,SPD,13.9,13.5,14.0
10B1D,1001,84,2071,GRUENE,4.0,3.5,4.4
10B1D,1001,84,2071,FDP,2.4,2.1,2.5
10B1E,1001,84,2179,LINKE,28.6,28.4,29.1
10B1E,1001,84,2179,AFD,25.0,23.7,26.3
10B1E,1001,84,2179,CDU,18.9,17.9,19.1
10B1E,1001,84,2179,Sonstige,17.4,17.0,17.8
10B1E,1001,84,2179,SPD,13.2,12.9,13.4
10B1E,1001,84,2179,GRUENE,4.3,3.8,4.7
10B1E,1001,84,2179,FDP,2.1,1.9,2.2
10B1F,1001,84,2009,LINKE,25.0,24.9,25.4
10B1F,1001,84,2009,AFD,24.2,22.9,25.4
10B1F,1001,84,2009,CDU,19.6,18.5,19.9
10B1F,1001,84,2009,Sonstige,16.7,16.3,17.1
10B1F,1001,84,2009,SPD,12.2,11.9,12.4
10B1F,1001,84,2009,GRUENE,5.5,5.2,5.9
10B1F,1001,84,2009,FDP,2.6,2.4,2.6
10B1G,1001,84,1903,AFD,26.1,24.7,27.3
10B1G,1001,84,1903,LINKE,25.5,25.3,26.0
10B1G,1001,84,1903,CDU,19.1,18.1,19.5
10B1G,1001,84,1903,Sonstige,16.9,16.4,17.3
10B1G,1001,84,1903,SPD,11.4,11.0,11.6
10B1G,1001,84,1903,GRUENE,4.6,4.2,5.0
10B1G,1001,84,1903,FDP,2.7,2.4,2.7
10B1H,1001,84,2678,LINKE,26.5,26.3,27.0
10B1H,1001,84,2678,AFD,24.7,23.3,26.1
10B1H,1001,84,2678,CDU,21.4,20.4,21.7
10B1H,1001,84,2678,Sonstige,16.8,16.4,17.2
10B1H,1001,84,2678,SPD,10.5,10.2,10.7
10B1H,1001,84,2678,GRUENE,5.2,4.9,5.7
10B1H,1001,84,2678,FDP,2.7,2.5,2.7
10B1J,1001,84,2686,AFD,24.9,23.6,26.1
10B1J,1001,84,2686,LINKE,24.8,24.6,25.2
10B1J,1001,84,2686,CDU,22.0,20.7,22.3
10B1J,1001,84,2686,Sonstige,17.5,17.1,17.8
10B1J,1001,84,2686,SPD,12.4,12.1,12.6
10B1J,1001,84,2686,GRUENE,3.0,2.6,3.5
10B1J,1001,84,2686,FDP,2.4,2.2,2.5
10B1K,1001,84,2265,LINKE,27.2,27.0,27.8
10B1K,1001,84,2265,AFD,24.9,23.6,26.1
10B1K,1001,84,2265,CDU,22.7,21.4,22.9
10B1K,1001,84,2265,Sonstige,13.4,13.0,13.7
10B1K,1001,84,2265,SPD,13.4,13.0,13.5
10B1K,1001,84,2265,GRUENE,4.0,3.5,4.5
10B1K,1001,84,2265,FDP,2.4,2.1,2.5
10B1L,1001,84,2120,LINKE,27.5,27.3,28.0
10B1L,1001,84,2120,AFD,24.9,23.5,26.3
10B1L,1001,84,2120,CDU,20.3,19.3,20.5
10B1L,1001,84,2120,Sonstige,15.4,15.0,15.7
10B1L,1001,84,2120,SPD,12.5,12.1,12.6
10B1L,1001,84,2120,GRUENE,4.7,4.2,5.1
10B1L,1001,84,2120,FDP,2.3,2.0,2.4
10B1M,1001,84,2130,LINKE,26.9,26.7,27.4
10B1M,1001,84,2130,AFD,24.8,23.5,26.0
10B1M,1001,84,2130,CDU,20.0,18.3,20.3
10B1M,1001,84,2130,Sonstige,16.0,15.6,16.4
10B1M,1001,84,2130,SPD,12.3,12.0,12.5
10B1M,1001,84,2130,GRUENE,4.5,4.0,5.0
10B1M,1001,84,2130,FDP,2.3,1.9,2.4
10B1N,1001,84,3174,LINKE,27.6,27.5,28.2
10B1N,1001,84,3174,AFD,25.8,24.4,27.1
10B1N,1001,84,3174,CDU,19.4,18.2,19.7
10B1N,1001,84,3174,Sonstige,15.8,15.3,16.1
10B1N,1001,84,3174,SPD,12.1,11.8,12.3
10B1N,1001,84,3174,GRUENE,5.1,4.7,5.5
10B1N,1001,84,3174,FDP,2.4,2.2,2.4
10B2A,1002,84,2202,LINKE,28.0,27.8,28.6
10B2A,1002,84,2202,CDU,21.5,19.2,21.7
10B2A,1002,84,2202,AFD,20.7,19.7,21.9
10B2A,1002,84,2202,Sonstige,14.7,14.3,15.0
10B2A,1002,84,2202,SPD,14.2,13.9,14.4
10B2A,1002,84,2202,GRUENE,3.7,3.3,4.0
10B2A,1002,84,2202,FDP,2.7,2.5,2.8
10B2B,1002,84,2072,LINKE,26.1,25.9,26.6
10B2B,1002,84,2072,CDU,22.4,20.2,22.6
10B2B,1002,84,2072,AFD,19.7,18.8,20.9
10B2B,1002,84,2072,Sonstige,15.6,15.3,15.8
10B2B,1002,84,2072,SPD,14.3,14.0,14.4
10B2B,1002,84,2072,GRUENE,4.7,4.3,5.0
10B2B,1002,84,2072,FDP,2.4,2.2,2.5
10B2C,1002,84,2153,LINKE,27.7,27.5,28.2
10B2C,1002,84,2153,CDU,22.4,20.5,22.6
10B2C,1002,84,2153,AFD,19.9,19.0,21.1
10B2C,1002,84,2153,Sonstige,15.1,14.7,15.4
10B2C,1002,84,2153,SPD,14.0,13.7,14.2
10B2C,1002,84,2153,GRUENE,4.0,3.7,4.4
10B2C,1002,84,2153,FDP,2.5,2.3,2.6
10B2D,1002,84,2107,LINKE,27.3,27.2,27.8
10B2D,1002,84,2107,CDU,20.7,18.2,21.0
10B2D,1002,84,2107,AFD,19.9,18.9,21.1
10B2D,1002,84,2107,Sonstige,16.3,15.9,16.6
10B2D,1002,84,2107,SPD,11.5,11.2,11.7
10B2D,1002,84,2107,GRUENE,6.2,5.9,6.5
10B2D,1002,84,2107,FDP,2.6,2.3,2.7
10B2E,1002,84,2010,CDU,23.8,21.6,24.0
10B2E,1002,84,2010,LINKE,23.7,23.5,24.1
10B2E,1002,84,2010,AFD,19.9,19.0,21.0
10B2E,1002,84,2010,Sonstige,15.6,15.3,16.0
10B2E,1002,84,2010,SPD,13.1,12.8,13.2
10B2E,1002,84,2010,GRUENE,5.1,4.8,5.4
10B2E,1002,84,2010,FDP,2.5,2.2,2.6
10B2F,1002,84,1902,LINKE,25.7,25.5,26.2
10B2F,1002,84,1902,CDU,24.0,21.8,24.2
10B2F,1002,84,1902,AFD,19.9,19.0,21.0
10B2F,1002,84,1902,SPD,14.4,14.0,14.5
10B2F,1002,84,1902,Sonstige,14.0,13.7,14.3
10B2F,1002,84,1902,GRUENE,3.2,2.9,3.6
10B2F,1002,84,1902,FDP,2.5,2.2,2.6
10B2G,1002,84,1793,LINKE,27.0,26.8,27.4
10B2G,1002,84,1793,CDU,23.1,20.6,23.4
10B2G,1002,84,1793,AFD,20.3,19.4,21.6
10B2G,1002,84,1793,Sonstige,14.8,14.4,15.1
10B2G,1002,84,1793,SPD,13.7,13.4,13.8
10B2G,1002,84,1793,GRUENE,3.9,3.6,4.3
10B2G,1002,84,1793,FDP,2.4,2.2,2.5
10B2H,1002,84,1734,LINKE,28.2,28.0,28.7
10B2H,1002,84,1734,CDU,22.1,19.9,22.4
10B2H,1002,84,1734,AFD,21.7,20.8,23.0
10B2H,1002,84,1734,Sonstige,14.8,14.5,15.1
10B2H,1002,84,1734,SPD,13.5,13.2,13.7
10B2H,1002,84,1734,GRUENE,4.1,3.6,4.5
10B2H,1002,84,1734,FDP,2.6,2.5,2.7
10B2J,1002,84,2558,LINKE,28.7,28.5,29.2
10B2J,1002,84,2558,CDU,22.0,19.5,22.2
10B2J,1002,84,2558,AFD,20.8,19.9,22.0
10B2J,1002,84,2558,Sonstige,14.7,14.3,14.9
10B2J,1002,84,2558,SPD,12.5,12.1,12.6
10B2J,1002,84,2558,GRUENE,4.7,4.2,5.1
10B2J,1002,84,2558,FDP,2.5,2.2,2.6
10B2K,1002,84,1928,LINKE,26.3,26.1,26.9
10B2K,1002,84,1928,CDU,23.1,20.6,23.3
10B2K,1002,84,1928,AFD,20.6,19.6,21.8
10B2K,1002,84,1928,SPD,13.9,13.6,14.0
10B2K,1002,84,1928,Sonstige,13.0,12.7,13.3
10B2K,1002,84,1928,GRUENE,4.6,4.2,5.0
10B2K,1002,84,1928,FDP,3.0,2.9,3.1
10B2L,1002,84,1233,CDU,28.3,25.7,28.5
10B2L,1002,84,1233,LINKE,23.1,23.0,23.5
10B2L,1002,84,1233,AFD,20.4,19.4,21.5
10B2L,1002,84,1233,SPD,14.3,14.0,14.5
10B2L,1002,84,1233,Sonstige,11.9,11.5,12.2
10B2L,1002,84,1233,FDP,3.2,3.1,3.3
10B2L,1002,84,1233,GRUENE,3.2,2.7,3.6
10B2M,1002,84,1813,CDU,25.7,23.1,25.9
10B2M,1002,84,1813,LINKE,25.3,25.1,25.7
10B2M,1002,84,1813,AFD,19.4,18.5,20.6
10B2M,1002,84,1813,Sonstige,13.5,13.1,13.7
10B2M,1002,84,1813,SPD,12.9,12.6,13.1
10B2M,1002,84,1813,GRUENE,4.8,4.4,5.1
10B2M,1002,84,1813,FDP,2.8,2.5,3.0
10B2N,1002,84,1879,LINKE,25.0,24.8,25.4
10B2N,1002,84,1879,CDU,24.2,22.0,24.4
10B2N,1002,84,1879,AFD,18.9,18.0,20.0
10B2N,1002,84,1879,SPD,14.0,13.7,14.2
10B2N,1002,84,1879,Sonstige,13.7,13.4,14.0
10B2N,1002,84,1879,GRUENE,5.5,5.2,5.9
10B2N,1002,84,1879,FDP,2.6,2.3,2.8
10B2P,1002,84,1933,LINKE,27.4,27.2,27.9
10B2P,1002,84,1933,CDU,24.3,21.9,24.5
10B2P,1002,84,1933,AFD,19.3,18.4,20.5
10B2P,1002,84,1933,Sonstige,13.4,13.0,13.7
10B2P,1002,84,1933,SPD,13.1,12.8,13.3
10B2P,1002,84,1933,GRUENE,4.4,4.1,4.8
10B2P,1002,84,1933,FDP,2.5,2.2,2.6
10B2Q,1002,84,1776,LINKE,25.6,25.4,26.1
10B2Q,1002,84,1776,CDU,24.8,22.2,25.0
10B2Q,1002,84,1776,AFD,20.9,20.0,22.1
10B2Q,1002,84,1776,SPD,13.6,13.3,13.7
10B2Q,1002,84,1776,Sonstige,13.3,13.0,13.6
10B2Q,1002,84,1776,GRUENE,3.9,3.4,4.3
10B2Q,1002,84,1776,FDP,2.6,2.4,2.7
10B2R,1002,84,2019,LINKE,25.2,25.0,25.7
10B2R,1002,84,2019,CDU,24.6,22.3,24.8
10B2R,1002,84,2019,AFD,20.0,19.0,21.1
10B2R,1002,84,2019,SPD,13.8,13.5,14.0
10B2R,1002,84,2019,Sonstige,13.7,13.4,14.0
10B2R,1002,84,2019,GRUENE,4.1,3.7,4.4
10B2R,1002,84,2019,FDP,2.9,2.7,3.0
10B2S,1002,84,1988,LINKE,27.5,27.3,28.0
10B2S,1002,84,1988,CDU,23.0,20.7,23.1
10B2S,1002,84,1988,AFD,18.5,17.7,19.8
10B2S,1002,84,1988,SPD,14.3,14.0,14.5
10B2S,1002,84,1988,Sonstige,13.4,13.0,13.7
10B2S,1002,84,1988,GRUENE,3.8,3.5,4.1
10B2S,1002,84,1988,FDP,3.0,2.8,3.0
10B3A,1003,84,2254,CDU,27.4,26.1,27.6
10B3A,1003,84,2254,LINKE,22.8,22.6,23.2
10B3A,1003,84,2254,AFD,21.5,20.6,22.4
10B3A,1003,84,2254,Sonstige,14.5,14.2,14.9
10B3A,1003,84,2254,SPD,11.6,11.4,11.8
10B3A,1003,84,2254,GRUENE,6.3,5.7,6.7
10B3A,1003,84,2254,FDP,3.0,2.8,3.1
10B3B,1003,84,1945,AFD,25.3,24.5,26.3
10B3B,1003,84,1945,LINKE,25.1,25.0,25.7
10B3B,1003,84,1945,CDU,19.3,17.9,19.6
10B3B,1003,84,1945,Sonstige,17.0,16.7,17.4
10B3B,1003,84,1945,SPD,12.0,11.6,12.2
10B3B,1003,84,1945,GRUENE,4.1,3.5,4.5
10B3B,1003,84,1945,FDP,3.0,2.8,3.0
10B3C,1003,84,2081,AFD,25.3,24.5,26.3
10B3C,1003,84,2081,LINKE,24.8,24.6,25.3
10B3C,1003,84,2081,CDU,18.9,17.6,19.2
10B3C,1003,84,2081,Sonstige,18.5,18.2,19.0
10B3C,1003,84,2081,SPD,11.3,11.0,11.5
10B3C,1003,84,2081,GRUENE,5.0,4.4,5.3
10B3C,1003,84,2081,FDP,2.7,2.5,2.7
10B3D,1003,84,1869,AFD,24.7,23.9,25.5
10B3D,1003,84,1869,LINKE,23.5,23.3,24.0
10B3D,1003,84,1869,Sonstige,20.5,20.1,21.0
10B3D,1003,84,1869,CDU,16.8,16.0,17.2
10B3D,1003,84,1869,SPD,12.7,12.3,12.9
10B3D,1003,84,1869,GRUENE,5.9,5.4,6.2
10B3D,1003,84,1869,FDP,2.1,1.8,2.2
10B3E,1003,84,2434,AFD,25.7,24.8,26.6
10B3E,1003,84,2434,LINKE,23.5,23.3,24.0
10B3E,1003,84,2434,Sonstige,18.8,18.4,19.2
10B3E,1003,84,2434,CDU,18.6,17.7,18.9
10B3E,1003,84,2434,SPD,11.7,11.3,11.9
10B3E,1003,84,2434,GRUENE,5.8,5.2,6.2
10B3E,1003,84,2434,FDP,2.4,2.2,2.5
10B3F,1003,84,2470,LINKE,24.7,24.5,25.2
10B3F,1003,84,2470,AFD,24.7,23.7,25.7
10B3F,1003,84,2470,CDU,18.3,16.7,18.6
10B3F,1003,84,2470,Sonstige,17.9,17.5,18.2
10B3F,1003,84,2470,SPD,11.1,10.7,11.3
10B3F,1003,84,2470,GRUENE,7.4,6.7,7.8
10B3F,1003,84,2470,FDP,2.6,2.3,2.7
10B3G,1003,84,2099,LINKE,26.7,26.5,27.3
10B3G,1003,84,2099,AFD,24.0,23.0,25.0
10B3G,1003,84,2099,CDU,18.9,17.7,19.1
10B3G,1003,84,2099,Sonstige,16.9,16.6,17.3
10B3G,1003,84,2099,SPD,11.3,11.0,11.5
10B3G,1003,84,2099,GRUENE,7.3,6.6,7.7
10B3G,1003,84,2099,FDP,2.4,2.1,2.5
10B3H,1003,84,2486,LINKE,25.7,25.5,26.3
10B3H,1003,84,2486,AFD,24.7,23.9,25.7
10B3H,1003,84,2486,Sonstige,18.3,17.9,18.7
10B3H,1003,84,2486,CDU,18.0,16.8,18.4
10B3H,1003,84,2486,SPD,11.3,11.0,11.5
10B3H,1003,84,2486,GRUENE,6.7,6.1,7.1
10B3H,1003,84,2486,FDP,2.3,2.1,2.4
10B3J,1003,84,2656,AFD,27.1,26.1,28.2
10B3J,1003,84,2656,LINKE,25.2,25.0,25.8
10B3J,1003,84,2656,CDU,21.5,19.5,21.8
10B3J,1003,84,2656,Sonstige,17.2,16.9,17.6
10B3J,1003,84,2656,SPD,11.8,11.4,12.0
10B3J,1003,84,2656,GRUENE,3.6,2.8,4.1
10B3J,1003,84,2656,FDP,2.4,2.2,2.5
10B3K,1003,84,2567,LINKE,26.6,26.5,27.2
10B3K,1003,84,2567,AFD,25.3,24.5,26.3
10B3K,1003,84,2567,CDU,20.9,19.4,21.2
10B3K,1003,84,2567,Sonstige,15.6,15.4,16.1
10B3K,1003,84,2567,SPD,11.5,11.2,11.7
10B3K,1003,84,2567,GRUENE,4.6,4.0,5.0
10B3K,1003,84,2567,FDP,2.6,2.3,2.7
10B3L,1003,84,3189,LINKE,29.3,29.1,30.0
10B3L,1003,84,3189,AFD,25.3,24.5,26.4
10B3L,1003,84,3189,CDU,17.4,15.6,17.6
10B3L,1003,84,3189,Sonstige,14.7,14.4,15.2
10B3L,1003,84,3189,SPD,13.1,12.8,13.3
10B3L,1003,84,3189,GRUENE,5.5,4.9,5.9
10B3L,1003,84,3189,FDP,2.7,2.6,2.8
10B3M,1003,84,1905,AFD,24.1,23.3,24.9
10B3M,1003,84,1905,LINKE,23.1,22.9,23.5
10B3M,1003,84,1905,CDU,22.1,20.7,22.3
10B3M,1003,84,1905,Sonstige,16.5,16.2,17.0
10B3M,1003,84,1905,SPD,13.7,13.3,13.8
10B3M,1003,84,1905,GRUENE,4.8,4.2,5.1
10B3M,1003,84,1905,FDP,2.5,2.3,2.6
10B3N,1003,84,1799,AFD,24.3,23.4,25.2
10B3N,1003,84,1799,LINKE,22.7,22.5,23.1
10B3N,1003,84,1799,CDU,22.6,21.0,22.8
10B3N,1003,84,1799,Sonstige,16.7,16.4,17.1
10B3N,1003,84,1799,SPD,13.2,12.9,13.4
10B3N,1003,84,1799,GRUENE,4.4,3.7,4.9
10B3N,1003,84,1799,FDP,2.5,2.2,2.6
10B3P,1003,84,1782,AFD,26.0,25.1,27.1
10B3P,1003,84,1782,LINKE,25.6,25.4,26.2
10B3P,1003,84,1782,CDU,22.0,20.2,22.3
10B3P,1003,84,1782,Sonstige,15.7,15.4,16.2
10B3P,1003,84,1782,SPD,12.4,12.1,12.6
10B3P,1003,84,1782,GRUENE,3.1,2.4,3.6
10B3P,1003,84,1782,FDP,2.3,1.9,2.4
10B3Q,1003,84,1772,AFD,25.0,24.0,25.9
10B3Q,1003,84,1772,LINKE,23.8,23.6,24.2
10B3Q,1003,84,1772,CDU,22.7,21.3,23.0
10B3Q,1003,84,1772,Sonstige,16.2,15.8,16.6
10B3Q,1003,84,1772,SPD,12.8,12.5,13.0
10B3Q,1003,84,1772,GRUENE,3.9,3.2,4.3
10B3Q,1003,84,1772,FDP,2.6,2.3,2.7
10B4A,1004,84,1497,CDU,32.6,32.2,33.0
10B4A,1004,84,1497,LINKE,17.6,17.3,17.9
10B4A,1004,84,1497,AFD,16.7,16.4,17.3
10B4A,1004,84,1497,Sonstige,13.9,13.6,14.4
10B4A,1004,84,1497,SPD,11.9,11.6,12.0
10B4A,1004,84,1497,GRUENE,6.5,6.1,6.9
10B4A,1004,84,1497,FDP,3.2,3.0,3.3
10B4B,1004,84,1845,LINKE,28.4,28.2,28.9
10B4B,1004,84,1845,CDU,22.7,22.3,23.1
10B4B,1004,84,1845,AFD,17.0,16.7,17.7
10B4B,1004,84,1845,SPD,13.4,13.1,13.6
10B4B,1004,84,1845,Sonstige,12.3,12.0,12.8
10B4B,1004,84,1845,GRUENE,6.4,6.2,6.7
10B4B,1004,84,1845,FDP,2.8,2.6,2.9
10B4C,1004,84,1803,LINKE,29.2,29.0,29.8
10B4C,1004,84,1803,CDU,23.2,22.7,23.5
10B4C,1004,84,1803,AFD,17.4,17.0,18.0
10B4C,1004,84,1803,SPD,14.3,13.9,14.5
10B4C,1004,84,1803,Sonstige,12.1,11.8,12.6
10B4C,1004,84,1803,GRUENE,5.0,4.6,5.3
10B4C,1004,84,1803,FDP,2.8,2.6,2.9
10B4D,1004,84,1876,LINKE,27.0,26.8,27.5
10B4D,1004,84,1876,CDU,23.4,22.9,23.7
10B4D,1004,84,1876,AFD,18.5,18.1,19.2
10B4D,1004,84,1876,Sonstige,14.9,14.6,15.3
10B4D,1004,84,1876,SPD,12.9,12.6,13.1
10B4D,1004,84,1876,GRUENE,5.8,5.4,6.2
10B4D,1004,84,1876,FDP,2.6,2.5,2.7
10B4E,1004,84,2559,LINKE,28.0,27.8,28.5
10B4E,1004,84,2559,CDU,21.3,20.7,21.6
10B4E,1004,84,2559,AFD,18.5,18.2,19.1
10B4E,1004,84,2559,Sonstige,16.3,15.9,16.8
10B4E,1004,84,2559,SPD,13.0,12.7,13.1
10B4E,1004,84,2559,GRUENE,5.0,4.8,5.3
10B4E,1004,84,2559,FDP,2.6,2.5,2.7
10B4F,1004,84,1868,LINKE,26.3,26.1,26.7
10B4F,1004,84,1868,CDU,23.1,22.7,23.5
10B4F,1004,84,1868,AFD,18.1,17.8,18.6
10B4F,1004,84,1868,Sonstige,17.4,17.1,17.8
10B4F,1004,84,1868,SPD,12.8,12.4,12.9
10B4F,1004,84,1868,GRUENE,4.2,4.0,4.5
10B4F,1004,84,1868,FDP,2.4,2.3,2.5
10B4G,1004,84,1944,CDU,29.8,28.9,30.0
10B4G,1004,84,1944,LINKE,23.3,23.2,23.8
10B4G,1004,84,1944,AFD,17.9,17.6,18.5
10B4G,1004,84,1944,Sonstige,12.7,12.4,13.2
10B4G,1004,84,1944,SPD,12.6,12.3,12.8
10B4G,1004,84,1944,GRUENE,4.9,4.5,5.2
10B4G,1004,84,1944,FDP,3.0,2.8,3.1
10B4H,1004,84,973,CDU,33.9,33.4,34.3
10B4H,1004,84,973,LINKE,18.3,18.1,18.6
10B4H,1004,84,973,AFD,15.5,15.2,16.0
10B4H,1004,84,973,SPD,13.4,13.1,13.6
10B4H,1004,84,973,Sonstige,10.1,9.9,10.6
10B4H,1004,84,973,GRUENE,7.6,7.4,7.8
10B4H,1004,84,973,FDP,3.1,2.8,3.2
10B4J,1004,84,960,CDU,32.1,31.7,32.5
10B4J,1004,84,960,LINKE,19.7,19.5,20.0
10B4J,1004,84,960,AFD,16.1,15.8,16.5
10B4J,1004,84,960,SPD,13.3,13.0,13.5
10B4J,1004,84,960,Sonstige,12.1,11.8,12.6
10B4J,1004,84,960,GRUENE,6.3,6.1,6.6
10B4J,1004,84,960,FDP,2.8,2.4,3.0
10B4K,1004,84,1997,CDU,29.3,28.8,29.6
10B4K,1004,84,1997,LINKE,22.2,22.0,22.6
10B4K,1004,84,1997,AFD,18.3,18.0,19.0
10B4K,1004,84,1997,Sonstige,12.7,12.5,13.3
10B4K,1004,84,1997,SPD,12.2,12.0,12.4
10B4K,1004,84,1997,GRUENE,5.9,5.4,6.2
10B4K,1004,84,1997,FDP,3.2,3.0,3.2
10B4L,1004,84,1896,CDU,29.2,28.0,29.3
10B4L,1004,84,1896,LINKE,22.1,21.9,22.4
10B4L,1004,84,1896,AFD,18.6,18.3,19.3
10B4L,1004,84,1896,Sonstige,13.8,13.5,14.2
10B4L,1004,84,1896,SPD,12.4,12.1,12.5
10B4L,1004,84,1896,GRUENE,4.2,3.7,4.6
10B4L,1004,84,1896,FDP,3.0,2.8,3.1
10B4M,1004,84,1849,CDU,27.5,27.2,28.1
10B4M,1004,84,1849,LINKE,22.6,22.5,23.1
10B4M,1004,84,1849,AFD,17.0,16.7,17.6
10B4M,1004,84,1849,Sonstige,13.1,12.9,13.6
10B4M,1004,84,1849,SPD,12.5,12.2,12.6
10B4M,1004,84,1849,GRUENE,6.7,6.4,7.0
10B4M,1004,84,1849,FDP,3.0,2.8,3.2
10B4N,1004,84,1082,CDU,31.8,31.0,32.2
10B4N,1004,84,1082,LINKE,18.9,18.7,19.2
10B4N,1004,84,1082,AFD,15.1,14.9,15.6
10B4N,1004,84,1082,SPD,13.5,13.3,13.7
10B4N,1004,84,1082,Sonstige,10.6,10.4,11.1
10B4N,1004,84,1082,GRUENE,8.1,7.8,8.4
10B4N,1004,84,1082,FDP,3.4,3.1,3.5
10B4P,1004,84,992,CDU,33.5,32.7,33.8
10B4P,1004,84,992,LINKE,18.4,18.3,18.7
10B4P,1004,84,992,AFD,14.7,14.4,15.1
10B4P,1004,84,992,SPD,12.3,12.0,12.4
10B4P,1004,84,992,Sonstige,10.7,10.4,11.1
10B4P,1004,84,992,GRUENE,8.1,7.9,8.4
10B4P,1004,84,992,FDP,3.6,3.3,3.7
10B4Q,1004,84,1120,CDU,32.7,32.0,33.0
10B4Q,1004,84,1120,LINKE,19.3,19.1,19.7
10B4Q,1004,84,1120,AFD,15.4,15.1,15.9
10B4Q,1004,84,1120,Sonstige,12.1,11.8,12.6
10B4Q,1004,84,1120,SPD,11.3,11.1,11.5
10B4Q,1004,84,1120,GRUENE,7.6,7.3,7.9
10B4Q,1004,84,1120,FDP,3.2,2.9,3.3
10B4R,1004,84,1807,CDU,28.1,27.7,28.8
10B4R,1004,84,1807,LINKE,19.1,18.9,19.4
10B4R,1004,84,1807,AFD,14.6,14.3,15.3
10B4R,1004,84,1807,SPD,12.4,12.2,12.5
10B4R,1004,84,1807,Sonstige,12.4,12.1,12.9
10B4R,1004,84,1807,GRUENE,11.2,10.9,11.5
10B4R,1004,84,1807,FDP,3.2,3.1,3.3
10B4S,1004,84,1882,CDU,37.0,35.8,37.3
10B4S,1004,84,1882,AFD,16.1,15.8,16.7
10B4S,1004,84,1882,LINKE,15.8,15.6,16.1
10B4S,1004,84,1882,SPD,12.7,12.4,12.8
10B4S,1004,84,1882,Sonstige,9.8,9.5,10.4
10B4S,1004,84,1882,GRUENE,7.4,6.9,7.8
10B4S,1004,84,1882,FDP,3.5,3.3,3.6
10B4T,1004,84,1031,CDU,36.4,35.1,36.7
10B4T,1004,84,1031,LINKE,16.5,16.2,16.9
10B4T,1004,84,1031,AFD,14.4,14.0,15.0
10B4T,1004,84,1031,SPD,11.3,11.1,11.5
10B4T,1004,84,1031,GRUENE,9.5,9.0,9.9
10B4T,1004,84,1031,Sonstige,8.5,8.2,9.1
10B4T,1004,84,1031,FDP,3.4,3.1,3.6
10B4V,1004,84,985,CDU,37.1,35.9,37.3
10B4V,1004,84,985,LINKE,16.6,16.3,16.9
10B4V,1004,84,985,AFD,15.8,15.5,16.3
10B4V,1004,84,985,SPD,12.7,12.5,12.9
10B4V,1004,84,985,Sonstige,9.7,9.3,10.2
10B4V,1004,84,985,GRUENE,6.6,6.2,6.9
10B4V,1004,84,985,FDP,3.4,3.0,3.5
10B4W,1004,84,927,CDU,33.4,32.6,33.8
10B4W,1004,84,927,LINKE,17.4,17.2,17.8
10B4W,1004,84,927,AFD,15.4,15.1,16.0
10B4W,1004,84,927,SPD,12.7,12.5,12.9
10B4W,1004,84,927,Sonstige,10.7,10.4,11.2
10B4W,1004,84,927,GRUENE,7.8,7.5,8.1
10B4W,1004,84,927,FDP,3.1,2.8,3.3
10B4X,1004,84,1831,CDU,34.5,33.5,34.8
10B4X,1004,84,1831,LINKE,16.0,15.7,16.3
10B4X,1004,84,1831,AFD,15.4,15.1,15.9
10B4X,1004,84,1831,SPD,12.7,12.5,12.8
10B4X,1004,84,1831,Sonstige,10.5,10.2,11.0
10B4X,1004,84,1831,GRUENE,8.5,8.1,8.8
10B4X,1004,84,1831,FDP,3.5,3.2,3.6
10B4Y,1004,84,1978,CDU,34.6,33.9,34.9
10B4Y,1004,84,1978,LINKE,19.9,19.8,20.3
10B4Y,1004,84,1978,AFD,16.6,16.3,17.1
10B4Y,1004,84,1978,SPD,12.9,12.6,13.1
10B4Y,1004,84,1978,Sonstige,10.5,10.2,11.0
10B4Y,1004,84,1978,GRUENE,5.8,5.4,6.1
10B4Y,1004,84,1978,FDP,3.1,2.9,3.2
10B5A,1005,84,939,CDU,32.3,31.5,32.5
10B5A,1005,84,939,LINKE,18.8,18.6,19.2
10B5A,1005,84,939,AFD,16.1,15.8,16.6
10B5A,1005,84,939,SPD,12.9,12.6,13.0
10B5A,1005,84,939,Sonstige,10.6,10.3,10.9
10B5A,1005,84,939,GRUENE,7.3,7.0,7.6
10B5A,1005,84,939,FDP,3.3,3.0,3.5
10B5B,1005,84,865,CDU,35.1,34.1,35.4
10B5B,1005,84,865,AFD,16.3,15.9,16.8
10B5B,1005,84,865,LINKE,16.0,15.7,16.3
10B5B,1005,84,865,SPD,13.0,12.7,13.1
10B5B,1005,84,865,Sonstige,11.2,10.9,11.7
10B5B,1005,84,865,GRUENE,5.9,5.6,6.2
10B5B,1005,84,865,FDP,3.6,3.3,3.7
10B5C,1005,84,905,CDU,31.8,31.1,32.1
10B5C,1005,84,905,LINKE,19.5,19.3,19.9
10B5C,1005,84,905,AFD,16.1,15.7,16.5
10B5C,1005,84,905,SPD,14.4,14.1,14.5
10B5C,1005,84,905,Sonstige,8.7,8.4,9.1
10B5C,1005,84,905,GRUENE,7.5,7.2,7.8
10B5C,1005,84,905,FDP,3.0,2.6,3.2
10B5D,1005,84,865,CDU,33.7,33.1,34.1
10B5D,1005,84,865,LINKE,17.8,17.6,18.2
10B5D,1005,84,865,AFD,16.6,16.3,17.3
10B5D,1005,84,865,SPD,13.6,13.3,13.8
10B5D,1005,84,865,Sonstige,10.1,9.7,10.5
10B5D,1005,84,865,GRUENE,5.7,5.3,6.0
10B5D,1005,84,865,FDP,3.2,2.8,3.3
10B5E,1005,84,848,CDU,33.0,32.6,33.6
10B5E,1005,84,848,LINKE,18.3,18.1,18.7
10B5E,1005,84,848,AFD,16.9,16.6,17.5
10B5E,1005,84,848,SPD,13.5,13.3,13.7
10B5E,1005,84,848,Sonstige,10.0,9.7,10.3
10B5E,1005,84,848,GRUENE,5.1,4.8,5.3
10B5E,1005,84,848,FDP,3.4,3.0,3.6
10B5F,1005,84,904,CDU,35.1,34.7,35.4
10B5F,1005,84,904,LINKE,15.9,15.7,16.3
10B5F,1005,84,904,AFD,15.0,14.7,15.5
10B5F,1005,84,904,SPD,11.7,11.5,11.9
10B5F,1005,84,904,Sonstige,10.4,10.2,10.7
10B5F,1005,84,904,GRUENE,7.6,7.3,7.9
10B5F,1005,84,904,FDP,3.4,3.1,3.6
10B5G,1005,84,1000,CDU,36.0,34.8,36.1
10B5G,1005,84,1000,LINKE,16.2,15.9,16.5
10B5G,1005,84,1000,AFD,15.8,15.5,16.3
10B5G,1005,84,1000,SPD,12.5,12.3,12.7
10B5G,1005,84,1000,Sonstige,10.2,9.9,10.6
10B5G,1005,84,1000,GRUENE,6.9,6.6,7.2
10B5G,1005,84,1000,FDP,3.8,3.6,3.9
10B5H,1005,84,1001,CDU,32.5,31.3,32.6
10B5H,1005,84,1001,LINKE,17.1,16.9,17.4
10B5H,1005,84,1001,AFD,15.4,15.0,15.9
10B5H,1005,84,1001,SPD,13.6,13.3,13.7
10B5H,1005,84,1001,Sonstige,11.2,10.8,11.5
10B5H,1005,84,1001,GRUENE,7.4,7.1,7.7
10B5H,1005,84,1001,FDP,4.0,3.8,4.1
10B5J,1005,84,1170,CDU,27.2,27.0,27.5
10B5J,1005,84,1170,LINKE,19.6,19.4,19.9
10B5J,1005,84,1170,SPD,14.7,14.4,14.8
10B5J,1005,84,1170,AFD,12.9,12.7,13.3
10B5J,1005,84,1170,Sonstige,12.5,12.3,12.7
10B5J,1005,84,1170,GRUENE,8.6,8.5,8.9
10B5J,1005,84,1170,FDP,3.6,3.4,3.8
10B5K,1005,84,1742,CDU,28.7,27.7,28.9
10B5K,1005,84,1742,LINKE,20.1,19.9,20.5
10B5K,1005,84,1742,AFD,16.2,15.9,16.8
10B5K,1005,84,1742,SPD,13.4,13.1,13.5
10B5K,1005,84,1742,Sonstige,9.9,9.6,10.1
10B5K,1005,84,1742,GRUENE,9.2,8.8,9.4
10B5K,1005,84,1742,FDP,3.3,3.0,3.5
10B5L,1005,84,881,CDU,29.6,29.3,30.1
10B5L,1005,84,881,LINKE,21.1,20.9,21.5
10B5L,1005,84,881,AFD,15.3,15.0,15.9
10B5L,1005,84,881,SPD,13.9,13.6,14.1
10B5L,1005,84,881,Sonstige,10.6,10.4,10.8
10B5L,1005,84,881,GRUENE,7.4,7.1,7.7
10B5L,1005,84,881,FDP,3.3,2.9,3.5
10B5M,1005,84,888,CDU,30.5,30.2,30.8
10B5M,1005,84,888,LINKE,19.9,19.8,20.3
10B5M,1005,84,888,AFD,14.8,14.5,15.3
10B5M,1005,84,888,SPD,12.0,11.7,12.1
10B5M,1005,84,888,Sonstige,11.9,11.7,12.1
10B5M,1005,84,888,GRUENE,8.4,8.2,8.7
10B5M,1005,84,888,FDP,3.5,3.3,3.6
10B5N,1005,84,855,CDU,29.3,28.9,29.5
10B5N,1005,84,855,LINKE,22.1,21.9,22.5
10B5N,1005,84,855,AFD,15.1,14.8,15.7
10B5N,1005,84,855,SPD,13.0,12.7,13.2
10B5N,1005,84,855,Sonstige,9.8,9.5,10.1
10B5N,1005,84,855,GRUENE,8.7,8.4,8.9
10B5N,1005,84,855,FDP,3.2,2.9,3.4
10B5P,1005,84,904,CDU,37.8,36.9,38.0
10B5P,1005,84,904,LINKE,17.5,17.3,17.9
10B5P,1005,84,904,AFD,16.0,15.6,16.5
10B5P,1005,84,904,SPD,11.6,11.4,11.8
10B5P,1005,84,904,Sonstige,9.6,9.3,10.1
10B5P,1005,84,904,GRUENE,6.0,5.6,6.4
10B5P,1005,84,904,FDP,3.7,3.4,3.8
10B5Q,1005,84,865,CDU,35.2,34.1,35.3
10B5Q,1005,84,865,AFD,15.8,15.4,16.3
10B5Q,1005,84,865,LINKE,15.5,15.3,15.8
10B5Q,1005,84,865,SPD,13.0,12.8,13.2
10B5Q,1005,84,865,Sonstige,10.0,9.7,10.3
10B5Q,1005,84,865,GRUENE,6.6,6.3,6.9
10B5Q,1005,84,865,FDP,3.7,3.4,3.8
10B5R,1005,84,863,CDU,33.4,32.8,33.6
10B5R,1005,84,863,LINKE,16.9,16.6,17.1
10B5R,1005,84,863,AFD,15.9,15.6,16.5
10B5R,1005,84,863,SPD,13.3,13.0,13.4
10B5R,1005,84,863,Sonstige,10.4,10.2,10.7
10B5R,1005,84,863,GRUENE,7.4,7.1,7.7
10B5R,1005,84,863,FDP,3.8,3.5,3.9
10B5S,1005,84,886,CDU,31.1,30.9,31.8
10B5S,1005,84,886,LINKE,20.0,19.8,20.3
10B5S,1005,84,886,AFD,13.8,13.5,14.2
10B5S,1005,84,886,SPD,12.3,12.1,12.5
10B5S,1005,84,886,Sonstige,11.4,11.2,11.7
10B5S,1005,84,886,GRUENE,8.5,8.3,8.7
10B5S,1005,84,886,FDP,3.3,2.9,3.5
10B5T,1005,84,1781,CDU,34.9,33.8,35.0
10B5T,1005,84,1781,LINKE,17.0,16.8,17.4
10B5T,1005,84,1781,AFD,16.6,16.3,17.1
10B5T,1005,84,1781,SPD,11.9,11.6,12.0
10B5T,1005,84,1781,Sonstige,10.0,9.8,10.4
10B5T,1005,84,1781,GRUENE,6.7,6.3,7.0
10B5T,1005,84,1781,FDP,3.9,3.7,4.0
10B5V,1005,84,934,CDU,32.8,31.8,33.0
10B5V,1005,84,934,LINKE,18.0,17.8,18.3
10B5V,1005,84,934,AFD,16.6,16.2,17.2
10B5V,1005,84,934,SPD,12.0,11.8,12.2
10B5V,1005,84,934,Sonstige,11.0,10.7,11.4
10B5V,1005,84,934,GRUENE,8.1,7.8,8.4
10B5V,1005,84,934,FDP,4.0,3.7,4.0
10B5W,1005,84,934,CDU,37.1,35.4,37.2
10B5W,1005,84,934,AFD,15.7,15.4,16.3
10B5W,1005,84,934,LINKE,15.5,15.3,15.8
10B5W,1005,84,934,SPD,12.4,12.2,12.6
10B5W,1005,84,934,Sonstige,10.1,9.7,10.4
10B5W,1005,84,934,GRUENE,6.1,5.8,6.5
10B5W,1005,84,934,FDP,4.4,4.2,4.5
10B5X,1005,84,932,CDU,32.3,31.1,32.5
10B5X,1005,84,932,LINKE,19.7,19.6,20.1
10B5X,1005,84,932,AFD,17.0,16.7,17.5
10B5X,1005,84,932,SPD,12.6,12.3,12.7
10B5X,1005,84,932,Sonstige,10.0,9.8,10.3
10B5X,1005,84,932,GRUENE,6.3,6.0,6.6
10B5X,1005,84,932,FDP,4.0,3.8,4.1
10B5Y,1005,84,938,CDU,30.3,29.5,30.5
10B5Y,1005,84,938,LINKE,18.9,18.7,19.2
10B5Y,1005,84,938,AFD,14.7,14.4,15.2
10B5Y,1005,84,938,Sonstige,12.2,12.0,12.5
10B5Y,1005,84,938,SPD,12.2,11.9,12.3
10B5Y,1005,84,938,GRUENE,10.3,10.0,10.6
10B5Y,1005,84,938,FDP,3.6,3.4,3.7
10B5ZA,1005,84,1859,CDU,34.8,33.7,34.9
10B5ZA,1005,84,1859,LINKE,18.1,17.9,18.5
10B5ZA,1005,84,1859,AFD,16.1,15.7,16.6
10B5ZA,1005,84,1859,SPD,12.1,11.8,12.2
10B5ZA,1005,84,1859,Sonstige,10.4,10.1,10.7
10B5ZA,1005,84,1859,GRUENE,7.0,6.8,7.3
10B5ZA,1005,84,1859,FDP,4.0,3.8,4.1
10B5ZB,1005,84,1138,CDU,35.8,35.0,36.2
10B5ZB,1005,84,1138,AFD,16.4,16.0,16.9
10B5ZB,1005,84,1138,LINKE,16.2,16.0,16.6
10B5ZB,1005,84,1138,SPD,12.4,12.2,12.6
10B5ZB,1005,84,1138,Sonstige,8.8,8.5,9.3
10B5ZB,1005,84,1138,GRUENE,7.0,6.7,7.3
10B5ZB,1005,84,1138,FDP,4.1,3.7,4.2
10B5ZC,1005,84,1794,CDU,36.3,35.4,36.4
10B5ZC,1005,84,1794,AFD,16.9,16.7,17.4
10B5ZC,1005,84,1794,LINKE,14.8,14.6,15.1
10B5ZC,1005,84,1794,SPD,12.6,12.3,12.8
10B5ZC,1005,84,1794,Sonstige,10.5,10.2,10.9
10B5ZC,1005,84,1794,GRUENE,6.0,5.8,6.3
10B5ZC,1005,84,1794,FDP,3.9,3.7,4.0
10B5ZD,1005,84,1756,CDU,35.6,34.2,35.8
10B5ZD,1005,84,1756,AFD,17.3,17.0,17.8
10B5ZD,1005,84,1756,LINKE,16.0,15.8,16.4
10B5ZD,1005,84,1756,SPD,11.9,11.7,12.1
10B5ZD,1005,84,1756,Sonstige,10.7,10.4,11.1
10B5ZD,1005,84,1756,GRUENE,6.0,5.7,6.3
10B5ZD,1005,84,1756,FDP,4.0,3.7,4.0
10B5ZE,1005,84,1800,CDU,35.5,34.4,35.7
10B5ZE,1005,84,1800,AFD,15.9,15.6,16.4
10B5ZE,1005,84,1800,LINKE,14.2,13.9,14.6
10B5ZE,1005,84,1800,SPD,11.5,11.3,11.6
10B5ZE,1005,84,1800,Sonstige,10.5,10.2,10.8
10B5ZE,1005,84,1800,GRUENE,8.0,7.7,8.3
10B5ZE,1005,84,1800,FDP,4.0,3.7,4.1
10B5ZF,1005,84,1722,CDU,29.7,28.9,29.9
10B5ZF,1005,84,1722,LINKE,19.5,19.3,19.9
10B5ZF,1005,84,1722,AFD,16.6,16.3,17.1
10B5ZF,1005,84,1722,SPD,14.0,13.8,14.1
10B5ZF,1005,84,1722,Sonstige,10.4,10.2,10.6
10B5ZF,1005,84,1722,GRUENE,7.7,7.5,8.0
10B5ZF,1005,84,1722,FDP,3.4,3.2,3.5
10B5ZG,1005,84,1697,CDU,31.3,30.3,31.4
10B5ZG,1005,84,1697,LINKE,17.9,17.7,18.3
10B5ZG,1005,84,1697,AFD,15.2,14.9,15.7
10B5ZG,1005,84,1697,SPD,13.5,13.3,13.7
10B5ZG,1005,84,1697,Sonstige,10.8,10.4,11.1
10B5ZG,1005,84,1697,GRUENE,8.7,8.4,9.0
10B5ZG,1005,84,1697,FDP,3.7,3.5,3.8
10B6A,1006,84,1293,CDU,24.8,23.6,25.5
10B6A,1006,84,1293,LINKE,24.1,23.9,24.6
10B6A,1006,84,1293,AFD,20.8,19.6,22.1
10B6A,1006,84,1293,Sonstige,15.4,15.1,15.6
10B6A,1006,84,1293,SPD,12.1,11.8,12.3
10B6A,1006,84,1293,GRUENE,5.4,4.6,5.8
10B6A,1006,84,1293,FDP,2.8,2.7,2.9
10B6B,1006,84,2234,CDU,25.1,23.9,25.7
10B6B,1006,84,2234,LINKE,24.4,24.2,24.9
10B6B,1006,84,2234,AFD,21.0,19.9,22.4
10B6B,1006,84,2234,Sonstige,15.4,15.1,15.7
10B6B,1006,84,2234,SPD,11.5,11.2,11.7
10B6B,1006,84,2234,GRUENE,5.3,4.5,5.7
10B6B,1006,84,2234,FDP,2.8,2.7,2.9
10B6C,1006,84,1883,CDU,28.9,27.0,29.3
10B6C,1006,84,1883,LINKE,23.9,23.8,24.4
10B6C,1006,84,1883,AFD,21.6,20.5,22.9
10B6C,1006,84,1883,Sonstige,14.2,13.9,14.6
10B6C,1006,84,1883,SPD,12.1,11.8,12.2
10B6C,1006,84,1883,GRUENE,3.2,2.5,3.7
10B6C,1006,84,1883,FDP,2.8,2.6,2.9
10B6D,1006,84,2067,LINKE,24.2,24.0,24.7
10B6D,1006,84,2067,AFD,22.8,21.8,24.2
10B6D,1006,84,2067,CDU,22.6,21.5,23.2
10B6D,1006,84,2067,Sonstige,15.3,15.0,15.5
10B6D,1006,84,2067,SPD,11.5,11.1,11.7
10B6D,1006,84,2067,GRUENE,4.7,3.9,5.1
10B6D,1006,84,2067,FDP,2.6,2.2,2.6
10B6E,1006,84,1763,CDU,26.9,25.7,27.5
10B6E,1006,84,1763,AFD,21.3,20.1,22.6
10B6E,1006,84,1763,LINKE,21.0,20.8,21.4
10B6E,1006,84,1763,Sonstige,14.9,14.5,15.2
10B6E,1006,84,1763,SPD,12.5,12.2,12.6
10B6E,1006,84,1763,GRUENE,5.0,4.2,5.5
10B6E,1006,84,1763,FDP,2.8,2.6,2.9
10B6F,1006,84,2516,CDU,24.7,23.5,25.3
10B6F,1006,84,2516,LINKE,22.1,21.9,22.7
10B6F,1006,84,2516,AFD,22.0,20.9,23.5
10B6F,1006,84,2516,Sonstige,16.9,16.5,17.2
10B6F,1006,84,2516,SPD,11.9,11.6,12.1
10B6F,1006,84,2516,GRUENE,5.3,4.4,5.8
10B6F,1006,84,2516,FDP,2.6,2.4,2.6
10B6G,1006,84,2423,CDU,25.6,23.9,26.1
10B6G,1006,84,2423,AFD,22.8,21.7,24.1
10B6G,1006,84,2423,LINKE,21.6,21.5,22.1
10B6G,1006,84,2423,Sonstige,16.5,16.1,16.8
10B6G,1006,84,2423,SPD,12.8,12.5,13.0
10B6G,1006,84,2423,GRUENE,3.8,3.0,4.2
10B6G,1006,84,2423,FDP,2.6,2.4,2.7
10B6H,1006,84,1682,CDU,24.3,23.1,25.0
10B6H,1006,84,1682,LINKE,23.0,22.9,23.5
10B6H,1006,84,1682,AFD,21.8,20.8,23.1
10B6H,1006,84,1682,Sonstige,15.2,14.9,15.4
10B6H,1006,84,1682,SPD,12.1,11.7,12.2
10B6H,1006,84,1682,GRUENE,5.2,4.6,5.5
10B6H,1006,84,1682,FDP,2.9,2.8,2.9
10B6J,1006,84,1004,CDU,31.0,29.1,31.8
10B6J,1006,84,1004,LINKE,20.8,20.6,21.2
10B6J,1006,84,1004,AFD,18.6,17.6,19.8
10B6J,1006,84,1004,SPD,13.1,12.8,13.2
10B6J,1006,84,1004,Sonstige,10.5,10.1,11.0
10B6J,1006,84,1004,GRUENE,6.5,5.8,6.8
10B6J,1006,84,1004,FDP,3.2,2.9,3.3
10B6K,1006,84,1864,CDU,30.8,29.4,31.4
10B6K,1006,84,1864,LINKE,18.9,18.8,19.4
10B6K,1006,84,1864,AFD,18.6,17.4,19.8
10B6K,1006,84,1864,SPD,12.0,11.8,12.1
10B6K,1006,84,1864,Sonstige,11.5,11.1,11.7
10B6K,1006,84,1864,GRUENE,8.0,7.3,8.4
10B6K,1006,84,1864,FDP,3.4,3.1,3.5
10B6L,1006,84,2007,CDU,29.2,27.5,29.7
10B6L,1006,84,2007,LINKE,23.6,23.4,24.1
10B6L,1006,84,2007,AFD,21.4,20.3,22.7
10B6L,1006,84,2007,SPD,13.4,13.1,13.6
10B6L,1006,84,2007,Sonstige,13.4,13.0,13.7
10B6L,1006,84,2007,FDP,3.2,3.1,3.3
10B6L,1006,84,2007,GRUENE,2.1,1.2,2.7
10B6M,1006,84,1985,CDU,26.3,25.0,26.8
10B6M,1006,84,1985,LINKE,23.8,23.7,24.3
10B6M,1006,84,1985,AFD,22.2,21.0,23.7
10B6M,1006,84,1985,Sonstige,15.4,15.0,15.7
10B6M,1006,84,1985,SPD,13.4,13.1,13.6
10B6M,1006,84,1985,GRUENE,3.4,2.4,3.9
10B6M,1006,84,1985,FDP,3.0,2.8,3.0
10B6N,1006,84,1665,LINKE,25.2,25.0,25.7
10B6N,1006,84,1665,CDU,24.7,23.6,25.3
10B6N,1006,84,1665,AFD,20.2,19.1,21.5
10B6N,1006,84,1665,Sonstige,15.2,14.9,15.5
10B6N,1006,84,1665,SPD,12.2,11.9,12.3
10B6N,1006,84,1665,GRUENE,5.2,4.5,5.7
10B6N,1006,84,1665,FDP,2.9,2.8,2.9
10B6P,1006,84,1682,LINKE,24.5,24.3,25.0
10B6P,1006,84,1682,CDU,24.5,23.5,25.1
10B6P,1006,84,1682,AFD,20.7,19.6,21.9
10B6P,1006,84,1682,Sonstige,15.1,14.8,15.4
10B6P,1006,84,1682,SPD,13.0,12.6,13.1
10B6P,1006,84,1682,GRUENE,5.9,5.2,6.3
10B6P,1006,84,1682,FDP,2.7,2.6,2.8
10B6Q,1006,84,1709,CDU,26.8,26.1,27.4
10B6Q,1006,84,1709,LINKE,21.7,21.5,22.1
10B6Q,1006,84,1709,AFD,20.3,19.1,21.5
10B6Q,1006,84,1709,Sonstige,14.7,14.4,14.9
10B6Q,1006,84,1709,SPD,13.9,13.6,14.1
10B6Q,1006,84,1709,GRUENE,4.6,3.8,5.0
10B6Q,1006,84,1709,FDP,2.8,2.5,2.9
10B6R,1006,84,1830,CDU,26.0,24.9,26.6
10B6R,1006,84,1830,LINKE,25.0,24.8,25.4
10B6R,1006,84,1830,AFD,18.6,17.6,19.7
10B6R,1006,84,1830,SPD,13.5,13.2,13.7
10B6R,1006,84,1830,Sonstige,12.5,12.3,12.8
10B6R,1006,84,1830,GRUENE,5.5,4.9,5.8
10B6R,1006,84,1830,FDP,3.4,3.3,3.4
10B6S,1006,84,1230,CDU,30.5,29.2,31.1
10B6S,1006,84,1230,LINKE,19.3,19.1,19.6
10B6S,1006,84,1230,AFD,18.4,17.3,19.6
10B6S,1006,84,1230,Sonstige,12.6,12.3,12.8
10B6S,1006,84,1230,SPD,11.5,11.3,11.7
10B6S,1006,84,1230,GRUENE,8.4,7.8,8.6
10B6S,1006,84,1230,FDP,3.4,3.2,3.5
11B1A,1101,85,2020,CDU,33.6,33.4,34.9
11B1A,1101,85,2020,AFD,22.3,21.4,23.6
11B1A,1101,85,2020,LINKE,20.0,19.8,20.5
11B1A,1101,85,2020,Sonstige,12.1,11.8,12.4
11B1A,1101,85,2020,SPD,12.0,11.8,12.1
11B1A,1101,85,2020,GRUENE,3.6,2.8,4.2
11B1A,1101,85,2020,FDP,3.0,2.8,3.1
11B1B,1101,85,1943,CDU,36.9,36.3,38.0
11B1B,1101,85,1943,AFD,21.3,20.3,22.3
11B1B,1101,85,1943,LINKE,18.0,17.7,18.4
11B1B,1101,85,1943,Sonstige,11.8,11.4,12.3
11B1B,1101,85,1943,SPD,11.5,11.2,11.7
11B1B,1101,85,1943,GRUENE,3.9,3.2,4.4
11B1B,1101,85,1943,FDP,3.1,3.0,3.2
11B1C,1101,85,1561,CDU,33.5,33.2,34.9
11B1C,1101,85,1561,AFD,20.4,19.4,21.9
11B1C,1101,85,1561,LINKE,15.7,15.4,16.0
11B1C,1101,85,1561,Sonstige,13.6,13.3,14.0
11B1C,1101,85,1561,SPD,9.8,9.5,10.0
11B1C,1101,85,1561,GRUENE,6.0,5.4,6.5
11B1C,1101,85,1561,FDP,3.5,3.3,3.7
11B1D,1101,85,1812,LINKE,26.8,26.6,27.3
11B1D,1101,85,1812,CDU,23.1,22.9,24.7
11B1D,1101,85,1812,AFD,22.4,21.5,23.9
11B1D,1101,85,1812,Sonstige,15.0,14.7,15.2
11B1D,1101,85,1812,SPD,12.4,12.1,12.5
11B1D,1101,85,1812,GRUENE,4.0,3.4,4.5
11B1D,1101,85,1812,FDP,2.6,2.4,2.7
11B1E,1101,85,1907,LINKE,25.5,25.3,26.1
11B1E,1101,85,1907,CDU,25.1,24.9,26.3
11B1E,1101,85,1907,AFD,22.3,21.3,23.9
11B1E,1101,85,1907,Sonstige,16.1,15.7,16.4
11B1E,1101,85,1907,SPD,12.1,11.8,12.3
11B1E,1101,85,1907,GRUENE,3.6,2.8,4.1
11B1E,1101,85,1907,FDP,2.6,2.5,2.7
11B1F,1101,85,1617,CDU,27.1,26.8,28.2
11B1F,1101,85,1617,LINKE,25.1,24.9,25.6
11B1F,1101,85,1617,AFD,22.4,21.4,23.8
11B1F,1101,85,1617,Sonstige,14.8,14.5,15.2
11B1F,1101,85,1617,SPD,11.0,10.7,11.2
11B1F,1101,85,1617,GRUENE,4.4,3.6,4.9
11B1F,1101,85,1617,FDP,2.7,2.5,2.8
11B1G,1101,85,1500,CDU,26.4,26.2,27.4
11B1G,1101,85,1500,LINKE,26.0,25.8,26.5
11B1G,1101,85,1500,AFD,22.7,21.7,24.0
11B1G,1101,85,1500,Sonstige,15.6,15.2,16.0
11B1G,1101,85,1500,SPD,11.8,11.5,12.0
11B1G,1101,85,1500,GRUENE,3.2,2.4,3.6
11B1G,1101,85,1500,FDP,2.5,2.3,2.6
11B1H,1101,85,1785,CDU,26.2,26.0,27.6
11B1H,1101,85,1785,LINKE,24.7,24.5,25.1
11B1H,1101,85,1785,AFD,22.7,21.7,23.9
11B1H,1101,85,1785,Sonstige,15.7,15.4,16.0
11B1H,1101,85,1785,SPD,12.0,11.7,12.2
11B1H,1101,85,1785,GRUENE,3.5,2.8,3.9
11B1H,1101,85,1785,FDP,2.6,2.5,2.7
11B1K,1101,85,1714,CDU,25.6,25.4,26.6
11B1K,1101,85,1714,LINKE,25.3,25.1,25.7
11B1K,1101,85,1714,AFD,22.0,21.0,23.3
11B1K,1101,85,1714,Sonstige,16.3,16.0,16.7
11B1K,1101,85,1714,SPD,11.3,11.0,11.4
11B1K,1101,85,1714,GRUENE,4.1,3.3,4.6
11B1K,1101,85,1714,FDP,2.5,2.3,2.6
11B1L,1101,85,1756,LINKE,25.8,25.7,26.3
11B1L,1101,85,1756,CDU,22.6,22.4,23.9
11B1L,1101,85,1756,AFD,21.5,20.5,22.7
11B1L,1101,85,1756,Sonstige,17.9,17.6,18.2
11B1L,1101,85,1756,SPD,10.5,10.2,10.7
11B1L,1101,85,1756,GRUENE,5.2,4.7,5.6
11B1L,1101,85,1756,FDP,2.5,2.3,2.6
11B1M,1101,85,1910,CDU,24.5,24.3,25.8
11B1M,1101,85,1910,LINKE,23.8,23.7,24.3
11B1M,1101,85,1910,AFD,22.6,21.6,23.9
11B1M,1101,85,1910,Sonstige,17.0,16.7,17.3
11B1M,1101,85,1910,SPD,11.6,11.3,11.8
11B1M,1101,85,1910,GRUENE,3.4,2.8,3.9
11B1M,1101,85,1910,FDP,2.6,2.3,2.7
11B1N,1101,85,1924,CDU,28.5,28.2,29.6
11B1N,1101,85,1924,AFD,22.0,21.0,23.3
11B1N,1101,85,1924,LINKE,20.8,20.6,21.3
11B1N,1101,85,1924,Sonstige,15.0,14.7,15.4
11B1N,1101,85,1924,SPD,10.6,10.3,10.7
11B1N,1101,85,1924,GRUENE,5.0,4.2,5.5
11B1N,1101,85,1924,FDP,3.2,3.0,3.3
11B1P,1101,85,1830,CDU,27.0,26.8,28.2
11B1P,1101,85,1830,LINKE,24.6,24.4,25.1
11B1P,1101,85,1830,AFD,22.4,21.4,23.8
11B1P,1101,85,1830,Sonstige,14.6,14.3,14.9
11B1P,1101,85,1830,SPD,11.5,11.2,11.6
11B1P,1101,85,1830,GRUENE,4.2,3.5,4.6
11B1P,1101,85,1830,FDP,2.7,2.5,2.8
11B1R,1101,85,1815,CDU,26.6,26.4,27.6
11B1R,1101,85,1815,LINKE,24.5,24.4,24.9
11B1R,1101,85,1815,AFD,20.4,19.4,21.5
11B1R,1101,85,1815,Sonstige,14.6,14.2,14.9
11B1R,1101,85,1815,SPD,13.9,13.5,14.0
11B1R,1101,85,1815,GRUENE,2.9,2.3,3.4
11B1R,1101,85,1815,FDP,2.5,2.2,2.7
11B1S,1101,85,1573,CDU,27.8,27.6,29.0
11B1S,1101,85,1573,LINKE,23.6,23.5,24.1
11B1S,1101,85,1573,AFD,21.6,20.6,22.8
11B1S,1101,85,1573,Sonstige,14.0,13.7,14.3
11B1S,1101,85,1573,SPD,13.2,12.9,13.3
11B1S,1101,85,1573,GRUENE,2.8,2.1,3.3
11B1S,1101,85,1573,FDP,2.6,2.3,2.7
11B1T,1101,85,1700,LINKE,26.8,26.6,27.3
11B1T,1101,85,1700,CDU,25.2,25.0,26.2
11B1T,1101,85,1700,AFD,22.2,21.3,23.5
11B1T,1101,85,1700,Sonstige,14.6,14.2,15.0
11B1T,1101,85,1700,SPD,12.8,12.5,12.9
11B1T,1101,85,1700,GRUENE,3.0,2.3,3.5
11B1T,1101,85,1700,FDP,2.4,2.2,2.5
11B1U,1101,85,1833,LINKE,27.3,27.1,27.9
11B1U,1101,85,1833,CDU,23.9,23.7,25.6
11B1U,1101,85,1833,AFD,22.1,21.1,23.3
11B1U,1101,85,1833,Sonstige,13.8,13.5,14.1
11B1U,1101,85,1833,SPD,12.6,12.3,12.8
11B1U,1101,85,1833,GRUENE,4.1,3.4,4.5
11B1U,1101,85,1833,FDP,2.7,2.5,2.7
11B1W,1101,85,1705,CDU,24.7,24.6,26.2
11B1W,1101,85,1705,LINKE,24.0,23.9,24.4
11B1W,1101,85,1705,AFD,19.5,18.5,20.6
11B1W,1101,85,1705,Sonstige,14.8,14.5,15.0
11B1W,1101,85,1705,SPD,13.5,13.3,13.6
11B1W,1101,85,1705,GRUENE,5.9,5.5,6.2
11B1W,1101,85,1705,FDP,2.6,2.4,2.7
11B1X,1101,85,1704,CDU,29.2,29.0,30.4
11B1X,1101,85,1704,LINKE,24.9,24.8,25.4
11B1X,1101,85,1704,AFD,20.9,19.9,21.9
11B1X,1101,85,1704,SPD,14.4,14.0,14.5
11B1X,1101,85,1704,Sonstige,11.3,11.0,11.7
11B1X,1101,85,1704,FDP,2.7,2.4,2.9
11B1X,1101,85,1704,GRUENE,2.4,1.8,2.8
11B2A,1102,85,1808,CDU,30.3,30.1,31.3
11B2A,1102,85,1808,LINKE,22.2,22.0,22.6
11B2A,1102,85,1808,AFD,20.2,19.5,21.3
11B2A,1102,85,1808,Sonstige,13.1,12.8,13.6
11B2A,1102,85,1808,SPD,11.5,11.3,11.7
11B2A,1102,85,1808,GRUENE,3.8,3.3,4.3
11B2A,1102,85,1808,FDP,3.4,3.3,3.5
11B2B,1102,85,1833,CDU,25.7,25.2,26.4
11B2B,1102,85,1833,LINKE,24.5,24.3,25.0
11B2B,1102,85,1833,AFD,20.3,19.6,21.5
11B2B,1102,85,1833,Sonstige,13.5,13.1,13.8
11B2B,1102,85,1833,SPD,12.6,12.3,12.8
11B2B,1102,85,1833,GRUENE,4.1,3.5,4.6
11B2B,1102,85,1833,FDP,2.9,2.7,3.0
11B2C,1102,85,1730,CDU,27.7,27.5,28.6
11B2C,1102,85,1730,LINKE,24.6,24.4,25.0
11B2C,1102,85,1730,AFD,19.4,18.8,20.0
11B2C,1102,85,1730,Sonstige,15.5,15.2,16.0
11B2C,1102,85,1730,SPD,10.9,10.7,11.1
11B2C,1102,85,1730,GRUENE,4.5,4.1,5.0
11B2C,1102,85,1730,FDP,2.6,2.4,2.7
11B2D,1102,85,1692,CDU,27.7,27.5,28.6
11B2D,1102,85,1692,LINKE,23.7,23.6,24.3
11B2D,1102,85,1692,AFD,19.8,19.1,21.1
11B2D,1102,85,1692,Sonstige,15.0,14.7,15.4
11B2D,1102,85,1692,SPD,11.3,11.0,11.4
11B2D,1102,85,1692,GRUENE,4.6,4.0,5.2
11B2D,1102,85,1692,FDP,2.6,2.3,2.7
11B2E,1102,85,1995,CDU,32.5,32.2,33.3
11B2E,1102,85,1995,LINKE,23.1,22.8,23.5
11B2E,1102,85,1995,AFD,17.4,16.7,18.2
11B2E,1102,85,1995,SPD,11.8,11.5,12.0
11B2E,1102,85,1995,Sonstige,10.7,10.4,11.2
11B2E,1102,85,1995,GRUENE,5.8,5.3,6.2
11B2E,1102,85,1995,FDP,3.0,2.7,3.2
11B2F,1102,85,2534,CDU,27.7,27.5,28.6
11B2F,1102,85,2534,LINKE,26.8,26.7,27.4
11B2F,1102,85,2534,AFD,19.0,18.2,20.3
11B2F,1102,85,2534,Sonstige,12.6,12.4,13.0
11B2F,1102,85,2534,SPD,10.8,10.5,10.9
11B2F,1102,85,2534,GRUENE,5.2,4.7,5.6
11B2F,1102,85,2534,FDP,2.7,2.3,2.8
11B2G,1102,85,1397,CDU,26.8,26.5,27.8
11B2G,1102,85,1397,LINKE,26.1,26.0,26.6
11B2G,1102,85,1397,AFD,17.2,16.5,18.4
11B2G,1102,85,1397,Sonstige,11.9,11.7,12.4
11B2G,1102,85,1397,SPD,10.7,10.4,10.8
11B2G,1102,85,1397,GRUENE,7.9,7.5,8.3
11B2G,1102,85,1397,FDP,2.8,2.6,3.0
11B2H,1102,85,1924,CDU,29.2,28.6,29.9
11B2H,1102,85,1924,LINKE,25.7,25.6,26.2
11B2H,1102,85,1924,AFD,17.4,16.6,18.5
11B2H,1102,85,1924,SPD,11.6,11.3,11.7
11B2H,1102,85,1924,Sonstige,10.1,9.9,10.6
11B2H,1102,85,1924,GRUENE,6.8,6.4,7.2
11B2H,1102,85,1924,FDP,3.1,2.8,3.3
11B2K,1102,85,1915,CDU,26.4,26.2,27.3
11B2K,1102,85,1915,LINKE,26.3,26.1,26.8
11B2K,1102,85,1915,AFD,15.8,15.2,16.7
11B2K,1102,85,1915,SPD,12.7,12.4,12.9
11B2K,1102,85,1915,Sonstige,10.9,10.7,11.3
11B2K,1102,85,1915,GRUENE,8.4,8.0,8.7
11B2K,1102,85,1915,FDP,3.1,2.8,3.2
11B2L,1102,85,1710,CDU,26.1,25.9,27.0
11B2L,1102,85,1710,LINKE,26.0,25.8,26.5
11B2L,1102,85,1710,AFD,16.2,15.6,17.2
11B2L,1102,85,1710,Sonstige,12.5,12.3,12.9
11B2L,1102,85,1710,SPD,12.4,12.1,12.5
11B2L,1102,85,1710,GRUENE,7.6,7.2,7.8
11B2L,1102,85,1710,FDP,3.1,2.8,3.2
11B2M,1102,85,1672,CDU,26.9,26.7,27.7
11B2M,1102,85,1672,LINKE,25.6,25.4,26.1
11B2M,1102,85,1672,AFD,17.7,17.0,18.7
11B2M,1102,85,1672,SPD,12.9,12.5,13.0
11B2M,1102,85,1672,Sonstige,11.8,11.6,12.2
11B2M,1102,85,1672,GRUENE,6.3,5.9,6.7
11B2M,1102,85,1672,FDP,3.0,2.8,3.1
11B2N,1102,85,1643,LINKE,25.2,25.1,25.8
11B2N,1102,85,1643,CDU,22.6,22.4,23.5
11B2N,1102,85,1643,AFD,16.6,15.9,17.2
11B2N,1102,85,1643,Sonstige,12.7,12.5,13.0
11B2N,1102,85,1643,SPD,12.3,12.1,12.4
11B2N,1102,85,1643,GRUENE,10.4,10.0,10.7
11B2N,1102,85,1643,FDP,2.7,2.4,2.8
11B2P,1102,85,1869,LINKE,23.1,22.9,23.5
11B2P,1102,85,1869,CDU,21.7,21.6,22.6
11B2P,1102,85,1869,AFD,15.1,14.5,16.0
11B2P,1102,85,1869,Sonstige,14.0,13.8,14.3
11B2P,1102,85,1869,GRUENE,12.4,12.1,12.6
11B2P,1102,85,1869,SPD,12.0,11.8,12.1
11B2P,1102,85,1869,FDP,3.1,2.9,3.2
11B2R,1102,85,1740,CDU,24.7,24.5,25.6
11B2R,1102,85,1740,LINKE,21.0,20.8,21.4
11B2R,1102,85,1740,GRUENE,14.9,14.6,15.2
11B2R,1102,85,1740,AFD,13.6,13.0,14.7
11B2R,1102,85,1740,Sonstige,13.2,12.9,13.6
11B2R,1102,85,1740,SPD,11.0,10.8,11.1
11B2R,1102,85,1740,FDP,3.1,2.9,3.2
11B2S,1102,85,1710,LINKE,25.9,25.7,26.4
11B2S,1102,85,1710,CDU,20.6,20.5,22.0
11B2S,1102,85,1710,AFD,15.7,15.1,16.5
11B2S,1102,85,1710,Sonstige,13.4,13.2,13.8
11B2S,1102,85,1710,SPD,12.8,12.5,12.9
11B2S,1102,85,1710,GRUENE,9.8,9.6,10.1
11B2S,1102,85,1710,FDP,3.2,3.0,3.3
11B2T,1102,85,1764,LINKE,24.9,24.7,25.4
11B2T,1102,85,1764,CDU,21.6,21.5,22.9
11B2T,1102,85,1764,AFD,17.3,16.6,18.3
11B2T,1102,85,1764,Sonstige,13.6,13.3,13.9
11B2T,1102,85,1764,SPD,13.3,13.0,13.4
11B2T,1102,85,1764,GRUENE,9.0,8.7,9.3
11B2T,1102,85,1764,FDP,2.8,2.5,2.9
11B2U,1102,85,1989,CDU,27.5,27.3,28.4
11B2U,1102,85,1989,LINKE,24.4,24.3,24.9
11B2U,1102,85,1989,AFD,17.2,16.7,18.2
11B2U,1102,85,1989,Sonstige,12.9,12.6,13.3
11B2U,1102,85,1989,SPD,11.6,11.4,11.7
11B2U,1102,85,1989,GRUENE,7.0,6.8,7.3
11B2U,1102,85,1989,FDP,3.1,3.0,3.2
11B2W,1102,85,1784,CDU,26.9,26.7,28.3
11B2W,1102,85,1784,LINKE,24.1,23.9,24.5
11B2W,1102,85,1784,AFD,15.5,15.0,16.5
11B2W,1102,85,1784,Sonstige,13.2,13.0,13.7
11B2W,1102,85,1784,SPD,12.2,11.9,12.3
11B2W,1102,85,1784,GRUENE,7.5,7.3,7.7
11B2W,1102,85,1784,FDP,2.9,2.6,3.0
11B3A,1103,85,1914,LINKE,27.8,27.6,28.3
11B3A,1103,85,1914,CDU,18.4,16.2,18.5
11B3A,1103,85,1914,AFD,16.3,16.1,16.6
11B3A,1103,85,1914,SPD,15.0,14.7,15.1
11B3A,1103,85,1914,Sonstige,13.6,13.1,14.4
11B3A,1103,85,1914,GRUENE,8.1,7.8,8.4
11B3A,1103,85,1914,FDP,2.7,2.5,2.8
11B3B,1103,85,1784,LINKE,26.6,26.4,27.0
11B3B,1103,85,1784,CDU,18.8,17.0,18.9
11B3B,1103,85,1784,AFD,14.1,13.9,14.4
11B3B,1103,85,1784,Sonstige,13.9,13.5,14.6
11B3B,1103,85,1784,SPD,13.2,12.9,13.3
11B3B,1103,85,1784,GRUENE,11.0,10.8,11.2
11B3B,1103,85,1784,FDP,3.0,2.9,3.1
11B3C,1103,85,1821,LINKE,28.8,28.7,29.3
11B3C,1103,85,1821,CDU,17.3,14.8,17.5
11B3C,1103,85,1821,AFD,15.8,15.6,16.2
11B3C,1103,85,1821,Sonstige,14.1,13.6,14.8
11B3C,1103,85,1821,SPD,12.8,12.6,13.0
11B3C,1103,85,1821,GRUENE,9.3,9.0,9.6
11B3C,1103,85,1821,FDP,3.3,3.1,3.3
11B3D,1103,85,1755,LINKE,28.4,28.2,28.9
11B3D,1103,85,1755,CDU,19.9,18.0,20.1
11B3D,1103,85,1755,AFD,16.4,16.2,16.7
11B3D,1103,85,1755,SPD,14.6,14.2,14.7
11B3D,1103,85,1755,Sonstige,13.8,13.3,14.5
11B3D,1103,85,1755,GRUENE,6.4,6.2,6.7
11B3D,1103,85,1755,FDP,2.9,2.8,3.0
11B3E,1103,85,1949,LINKE,24.9,24.7,25.3
11B3E,1103,85,1949,CDU,23.8,21.5,24.0
11B3E,1103,85,1949,AFD,16.9,16.5,17.1
11B3E,1103,85,1949,Sonstige,15.5,15.0,16.1
11B3E,1103,85,1949,SPD,13.7,13.4,13.9
11B3E,1103,85,1949,GRUENE,6.2,5.9,6.5
11B3E,1103,85,1949,FDP,2.8,2.6,2.8
11B3F,1103,85,1831,LINKE,28.4,28.3,28.9
11B3F,1103,85,1831,CDU,19.2,17.5,19.4
11B3F,1103,85,1831,SPD,16.2,15.8,16.4
11B3F,1103,85,1831,AFD,14.5,14.1,14.8
11B3F,1103,85,1831,Sonstige,12.5,12.0,13.1
11B3F,1103,85,1831,GRUENE,8.2,7.9,8.4
11B3F,1103,85,1831,FDP,2.6,2.2,2.7
11B3G,1103,85,1692,LINKE,31.7,31.5,32.3
11B3G,1103,85,1692,CDU,18.0,16.7,18.2
11B3G,1103,85,1692,AFD,15.8,15.5,16.1
11B3G,1103,85,1692,SPD,14.2,13.9,14.4
11B3G,1103,85,1692,Sonstige,13.9,13.4,14.7
11B3G,1103,85,1692,GRUENE,6.6,6.3,6.9
11B3G,1103,85,1692,FDP,2.3,2.1,2.5
11B3H,1103,85,1729,LINKE,30.3,30.1,30.8
11B3H,1103,85,1729,CDU,20.0,17.9,20.1
11B3H,1103,85,1729,AFD,16.1,15.8,16.4
11B3H,1103,85,1729,SPD,13.8,13.5,13.9
11B3H,1103,85,1729,Sonstige,13.6,13.1,14.3
11B3H,1103,85,1729,GRUENE,6.2,5.9,6.5
11B3H,1103,85,1729,FDP,2.5,2.3,2.7
11B3K,1103,85,1742,LINKE,29.6,29.4,30.1
11B3K,1103,85,1742,CDU,19.4,17.6,19.6
11B3K,1103,85,1742,AFD,15.9,15.7,16.2
11B3K,1103,85,1742,SPD,15.2,14.8,15.3
11B3K,1103,85,1742,Sonstige,12.7,12.2,13.4
11B3K,1103,85,1742,GRUENE,7.2,7.0,7.5
11B3K,1103,85,1742,FDP,2.6,2.3,2.8
11B3L,1103,85,1769,LINKE,31.6,31.4,32.2
11B3L,1103,85,1769,CDU,19.2,17.3,19.3
11B3L,1103,85,1769,AFD,16.6,16.4,17.0
11B3L,1103,85,1769,Sonstige,14.2,13.7,14.9
11B3L,1103,85,1769,SPD,13.5,13.2,13.7
11B3L,1103,85,1769,GRUENE,6.6,6.4,6.9
11B3L,1103,85,1769,FDP,2.4,2.1,2.5
11B3M,1103,85,1709,LINKE,31.2,31.0,31.8
11B3M,1103,85,1709,CDU,15.5,14.2,15.7
11B3M,1103,85,1709,Sonstige,15.3,14.8,16.0
11B3M,1103,85,1709,AFD,15.0,14.8,15.5
11B3M,1103,85,1709,SPD,14.0,13.7,14.1
11B3M,1103,85,1709,GRUENE,9.7,9.5,9.9
11B3M,1103,85,1709,FDP,2.4,2.2,2.5
11B3N,1103,85,1868,LINKE,27.9,27.7,28.4
11B3N,1103,85,1868,CDU,16.5,14.8,16.7
11B3N,1103,85,1868,Sonstige,14.8,14.3,15.5
11B3N,1103,85,1868,AFD,14.3,14.0,14.7
11B3N,1103,85,1868,SPD,13.0,12.7,13.1
11B3N,1103,85,1868,GRUENE,12.5,12.2,12.8
11B3N,1103,85,1868,FDP,2.6,2.4,2.7
11B3P,1103,85,1741,LINKE,25.3,25.2,25.9
11B3P,1103,85,1741,GRUENE,16.4,16.1,16.6
11B3P,1103,85,1741,CDU,16.1,14.2,16.3
11B3P,1103,85,1741,Sonstige,15.2,14.6,16.0
11B3P,1103,85,1741,SPD,12.5,12.2,12.6
11B3P,1103,85,1741,AFD,11.9,11.7,12.5
11B3P,1103,85,1741,FDP,2.8,2.5,2.9
11B3R,1103,85,1599,LINKE,29.0,28.9,29.6
11B3R,1103,85,1599,CDU,19.0,17.0,19.2
11B3R,1103,85,1599,AFD,12.9,12.8,13.4
11B3R,1103,85,1599,SPD,12.6,12.3,12.7
11B3R,1103,85,1599,GRUENE,12.5,12.3,12.8
11B3R,1103,85,1599,Sonstige,12.3,11.9,13.0
11B3R,1103,85,1599,FDP,3.0,2.9,3.1
11B3S,1103,85,1642,LINKE,28.8,28.6,29.4
11B3S,1103,85,1642,GRUENE,22.8,22.5,23.0
11B3S,1103,85,1642,Sonstige,18.8,18.3,19.6
11B3S,1103,85,1642,AFD,10.0,9.9,10.5
11B3S,1103,85,1642,SPD,9.7,9.5,10.0
11B3S,1103,85,1642,CDU,9.5,7.5,9.8
11B3S,1103,85,1642,FDP,2.0,1.6,2.2
11B3T,1103,85,1638,LINKE,30.8,30.6,31.3
11B3T,1103,85,1638,CDU,16.4,15.2,16.6
11B3T,1103,85,1638,Sonstige,14.4,13.9,15.1
11B3T,1103,85,1638,SPD,13.7,13.4,13.9
11B3T,1103,85,1638,AFD,13.7,13.5,14.2
11B3T,1103,85,1638,GRUENE,10.2,10.0,10.5
11B3T,1103,85,1638,FDP,2.3,2.0,2.5
11B3U,1103,85,1497,LINKE,31.9,31.7,32.4
11B3U,1103,85,1497,CDU,16.7,15.2,16.9
11B3U,1103,85,1497,AFD,15.7,15.5,16.3
11B3U,1103,85,1497,SPD,13.5,13.2,13.6
11B3U,1103,85,1497,Sonstige,13.3,12.9,14.0
11B3U,1103,85,1497,GRUENE,9.0,8.8,9.3
11B3U,1103,85,1497,FDP,2.6,2.3,2.7
11B3W,1103,85,1825,LINKE,31.2,31.1,31.8
11B3W,1103,85,1825,CDU,18.0,16.2,18.2
11B3W,1103,85,1825,AFD,16.8,16.6,17.1
11B3W,1103,85,1825,Sonstige,14.2,13.7,15.0
11B3W,1103,85,1825,SPD,13.5,13.2,13.6
11B3W,1103,85,1825,GRUENE,7.3,6.9,7.6
11B3W,1103,85,1825,FDP,2.4,2.1,2.5
11B3X,1103,85,2251,LINKE,27.7,27.6,28.2
11B3X,1103,85,2251,CDU,17.9,16.3,18.1
11B3X,1103,85,2251,AFD,15.3,15.1,15.9
11B3X,1103,85,2251,Sonstige,14.6,14.1,15.3
11B3X,1103,85,2251,SPD,12.7,12.5,12.9
11B3X,1103,85,2251,GRUENE,9.8,9.5,10.0
11B3X,1103,85,2251,FDP,2.7,2.5,2.9
11B4A,1104,85,1797,LINKE,32.6,32.4,33.3
11B4A,1104,85,1797,GRUENE,16.2,15.9,16.4
11B4A,1104,85,1797,CDU,15.1,13.6,15.3
11B4A,1104,85,1797,SPD,11.8,11.6,12.0
11B4A,1104,85,1797,Sonstige,11.5,11.3,12.2
11B4A,1104,85,1797,AFD,11.0,10.7,11.3
11B4A,1104,85,1797,FDP,2.3,1.9,2.4
11B4B,1104,85,1760,LINKE,29.8,29.6,30.3
11B4B,1104,85,1760,CDU,18.7,17.3,18.9
11B4B,1104,85,1760,SPD,13.6,13.4,13.8
11B4B,1104,85,1760,AFD,13.2,12.8,13.6
11B4B,1104,85,1760,Sonstige,12.9,12.7,13.6
11B4B,1104,85,1760,GRUENE,10.2,10.1,10.5
11B4B,1104,85,1760,FDP,2.5,2.3,2.6
11B4C,1104,85,1802,LINKE,29.7,29.5,30.1
11B4C,1104,85,1802,CDU,19.5,17.9,19.8
11B4C,1104,85,1802,SPD,14.9,14.5,15.1
11B4C,1104,85,1802,AFD,14.4,13.9,14.7
11B4C,1104,85,1802,Sonstige,11.5,11.2,12.1
11B4C,1104,85,1802,GRUENE,8.0,7.8,8.2
11B4C,1104,85,1802,FDP,2.9,2.7,2.9
11B4D,1104,85,1693,LINKE,29.1,29.0,29.7
11B4D,1104,85,1693,CDU,17.6,16.0,17.8
11B4D,1104,85,1693,SPD,14.3,14.0,14.5
11B4D,1104,85,1693,AFD,13.9,13.6,14.2
11B4D,1104,85,1693,Sonstige,13.1,12.8,13.7
11B4D,1104,85,1693,GRUENE,10.1,9.9,10.4
11B4D,1104,85,1693,FDP,2.7,2.5,2.7
11B4E,1104,85,1726,LINKE,26.8,26.7,27.4
11B4E,1104,85,1726,CDU,18.1,17.0,18.3
11B4E,1104,85,1726,SPD,15.8,15.5,15.9
11B4E,1104,85,1726,Sonstige,13.4,13.1,14.1
11B4E,1104,85,1726,AFD,12.8,12.5,13.2
11B4E,1104,85,1726,GRUENE,10.7,10.4,10.8
11B4E,1104,85,1726,FDP,2.6,2.4,2.7
11B4F,1104,85,1702,LINKE,29.1,29.0,29.7
11B4F,1104,85,1702,GRUENE,16.0,15.8,16.2
11B4F,1104,85,1702,CDU,14.4,12.5,14.5
11B4F,1104,85,1702,SPD,13.6,13.3,13.7
11B4F,1104,85,1702,Sonstige,12.7,12.4,13.4
11B4F,1104,85,1702,AFD,11.7,11.4,12.1
11B4F,1104,85,1702,FDP,2.6,2.3,2.7
11B4G,1104,85,1830,LINKE,30.1,29.9,30.7
11B4G,1104,85,1830,CDU,15.4,13.5,15.6
11B4G,1104,85,1830,GRUENE,14.7,14.3,14.9
11B4G,1104,85,1830,AFD,13.5,13.1,13.8
11B4G,1104,85,1830,SPD,12.4,12.2,12.6
11B4G,1104,85,1830,Sonstige,11.9,11.7,12.5
11B4G,1104,85,1830,FDP,2.9,2.8,3.0
11B4H,1104,85,1837,LINKE,28.9,28.7,29.5
11B4H,1104,85,1837,GRUENE,20.3,20.0,20.5
11B4H,1104,85,1837,CDU,13.0,11.5,13.2
11B4H,1104,85,1837,SPD,12.6,12.3,12.7
11B4H,1104,85,1837,Sonstige,11.7,11.4,12.4
11B4H,1104,85,1837,AFD,8.8,8.5,9.0
11B4H,1104,85,1837,FDP,2.7,2.4,2.9
11B4K,1104,85,1759,LINKE,27.5,27.4,28.1
11B4K,1104,85,1759,GRUENE,26.7,26.4,26.9
11B4K,1104,85,1759,Sonstige,15.0,14.8,15.6
11B4K,1104,85,1759,SPD,10.0,9.7,10.2
11B4K,1104,85,1759,CDU,9.8,8.0,10.0
11B4K,1104,85,1759,AFD,8.1,7.8,8.3
11B4K,1104,85,1759,FDP,2.3,1.9,2.4
11B4L,1104,85,1710,LINKE,31.6,31.5,32.1
11B4L,1104,85,1710,GRUENE,17.4,17.0,17.6
11B4L,1104,85,1710,Sonstige,13.5,13.3,14.2
11B4L,1104,85,1710,CDU,13.2,11.3,13.4
11B4L,1104,85,1710,AFD,11.4,11.1,11.7
11B4L,1104,85,1710,SPD,11.4,11.1,11.5
11B4L,1104,85,1710,FDP,2.5,2.2,2.7
11B4M,1104,85,1623,LINKE,28.6,28.4,29.1
11B4M,1104,85,1623,GRUENE,16.9,16.6,17.1
11B4M,1104,85,1623,CDU,14.4,12.5,14.7
11B4M,1104,85,1623,Sonstige,12.3,12.1,13.1
11B4M,1104,85,1623,AFD,12.3,12.1,12.7
11B4M,1104,85,1623,SPD,11.9,11.7,12.1
11B4M,1104,85,1623,FDP,2.9,2.7,3.0
11B4N,1104,85,1517,LINKE,29.7,29.5,30.3
11B4N,1104,85,1517,GRUENE,21.8,21.6,22.0
11B4N,1104,85,1517,Sonstige,14.9,14.7,15.6
11B4N,1104,85,1517,SPD,10.4,10.1,10.6
11B4N,1104,85,1517,AFD,10.4,10.1,10.7
11B4N,1104,85,1517,CDU,10.2,7.8,10.5
11B4N,1104,85,1517,FDP,2.5,2.2,2.6
11B4P,1104,85,1778,LINKE,30.7,30.5,31.3
11B4P,1104,85,1778,GRUENE,23.2,23.0,23.4
11B4P,1104,85,1778,Sonstige,13.4,13.1,14.0
11B4P,1104,85,1778,SPD,10.6,10.4,10.7
11B4P,1104,85,1778,CDU,10.4,9.5,10.7
11B4P,1104,85,1778,AFD,8.3,8.1,8.6
11B4P,1104,85,1778,FDP,2.4,2.2,2.6
11B4R,1104,85,1612,LINKE,29.7,29.5,30.3
11B4R,1104,85,1612,GRUENE,22.6,22.3,22.7
11B4R,1104,85,1612,Sonstige,13.8,13.7,14.5
11B4R,1104,85,1612,CDU,10.7,8.8,10.9
11B4R,1104,85,1612,SPD,10.0,9.8,10.2
11B4R,1104,85,1612,AFD,8.9,8.7,9.2
11B4R,1104,85,1612,FDP,2.7,2.4,2.8
11B4S,1104,85,1907,LINKE,32.5,32.3,33.0
11B4S,1104,85,1907,CDU,16.3,14.9,16.6
11B4S,1104,85,1907,AFD,15.0,14.6,15.3
11B4S,1104,85,1907,SPD,13.6,13.3,13.8
11B4S,1104,85,1907,Sonstige,13.4,13.3,14.1
11B4S,1104,85,1907,GRUENE,8.6,8.4,8.9
11B4S,1104,85,1907,FDP,2.4,2.2,2.5
11B4T,1104,85,1813,LINKE,31.6,31.5,32.1
11B4T,1104,85,1813,CDU,15.9,14.7,16.1
11B4T,1104,85,1813,AFD,13.9,13.6,14.2
11B4T,1104,85,1813,SPD,13.9,13.6,14.0
11B4T,1104,85,1813,Sonstige,12.8,12.6,13.5
11B4T,1104,85,1813,GRUENE,10.7,10.4,10.9
11B4T,1104,85,1813,FDP,2.3,2.0,2.5
11B4U,1104,85,1801,LINKE,34.3,34.0,34.9
11B4U,1104,85,1801,GRUENE,18.8,18.5,19.0
11B4U,1104,85,1801,Sonstige,14.6,14.3,15.3
11B4U,1104,85,1801,AFD,11.6,11.4,11.9
11B4U,1104,85,1801,SPD,11.1,10.9,11.3
11B4U,1104,85,1801,CDU,10.4,9.1,10.6
11B4U,1104,85,1801,FDP,2.1,1.7,2.2
11B4W,1104,85,1704,LINKE,29.0,28.8,29.5
11B4W,1104,85,1704,GRUENE,22.5,22.3,22.7
11B4W,1104,85,1704,CDU,12.4,10.7,12.5
11B4W,1104,85,1704,SPD,11.5,11.3,11.6
11B4W,1104,85,1704,Sonstige,11.2,10.9,11.9
11B4W,1104,85,1704,AFD,8.9,8.7,9.1
11B4W,1104,85,1704,FDP,2.7,2.4,2.9
11B4X,1104,85,1863,GRUENE,29.9,29.5,30.1
11B4X,1104,85,1863,LINKE,29.1,28.9,29.7
11B4X,1104,85,1863,Sonstige,12.1,11.9,12.8
11B4X,1104,85,1863,SPD,9.0,8.8,9.2
11B4X,1104,85,1863,CDU,7.7,5.8,8.1
11B4X,1104,85,1863,AFD,6.8,6.6,7.1
11B4X,1104,85,1863,FDP,2.8,2.5,3.0
11B5A,1105,85,1600,LINKE,28.7,28.4,29.3
11B5A,1105,85,1600,GRUENE,25.3,25.0,25.5
11B5A,1105,85,1600,Sonstige,17.2,16.9,17.6
11B5A,1105,85,1600,CDU,9.4,8.8,9.7
11B5A,1105,85,1600,SPD,9.4,9.2,9.6
11B5A,1105,85,1600,AFD,7.5,7.2,7.8
11B5A,1105,85,1600,FDP,2.1,1.7,2.3
11B5B,1105,85,1903,LINKE,27.7,27.5,28.2
11B5B,1105,85,1903,GRUENE,20.7,20.5,20.9
11B5B,1105,85,1903,Sonstige,15.5,15.3,15.9
11B5B,1105,85,1903,CDU,12.1,11.3,12.3
11B5B,1105,85,1903,SPD,10.6,10.3,10.8
11B5B,1105,85,1903,AFD,9.7,9.5,10.1
11B5B,1105,85,1903,FDP,2.5,2.2,2.7
11B5C,1105,85,1742,LINKE,26.5,26.4,27.0
11B5C,1105,85,1742,CDU,17.6,16.3,17.8
11B5C,1105,85,1742,Sonstige,14.5,14.3,14.9
11B5C,1105,85,1742,AFD,14.0,13.8,14.3
11B5C,1105,85,1742,GRUENE,13.0,12.7,13.2
11B5C,1105,85,1742,SPD,11.8,11.6,11.9
11B5C,1105,85,1742,FDP,2.7,2.4,2.8
11B5D,1105,85,1964,LINKE,27.9,27.8,28.4
11B5D,1105,85,1964,CDU,20.3,19.4,20.5
11B5D,1105,85,1964,AFD,15.3,15.0,15.6
11B5D,1105,85,1964,Sonstige,14.1,13.8,14.4
11B5D,1105,85,1964,SPD,13.4,13.1,13.6
11B5D,1105,85,1964,GRUENE,8.3,8.1,8.6
11B5D,1105,85,1964,FDP,2.5,2.3,2.6
11B5E,1105,85,1763,LINKE,29.3,29.2,29.8
11B5E,1105,85,1763,CDU,17.9,17.5,18.1
11B5E,1105,85,1763,Sonstige,14.9,14.7,15.4
11B5E,1105,85,1763,AFD,14.5,14.3,14.8
11B5E,1105,85,1763,SPD,13.6,13.2,13.7
11B5E,1105,85,1763,GRUENE,9.6,9.3,9.9
11B5E,1105,85,1763,FDP,2.3,2.0,2.5
11B5F,1105,85,1429,LINKE,30.8,30.6,31.4
11B5F,1105,85,1429,GRUENE,23.5,23.3,23.7
11B5F,1105,85,1429,Sonstige,14.7,14.5,15.1
11B5F,1105,85,1429,CDU,10.0,9.2,10.2
11B5F,1105,85,1429,SPD,9.3,9.1,9.5
11B5F,1105,85,1429,AFD,8.5,8.3,8.8
11B5F,1105,85,1429,FDP,2.6,2.3,2.7
11B5G,1105,85,1546,LINKE,30.1,29.9,30.8
11B5G,1105,85,1546,GRUENE,23.0,22.7,23.2
11B5G,1105,85,1546,Sonstige,14.8,14.6,15.3
11B5G,1105,85,1546,CDU,10.1,8.9,10.4
11B5G,1105,85,1546,SPD,9.3,9.0,9.5
11B5G,1105,85,1546,AFD,9.2,9.0,9.6
11B5G,1105,85,1546,FDP,2.6,2.2,2.8
11B5H,1105,85,1814,LINKE,29.3,29.1,29.9
11B5H,1105,85,1814,GRUENE,18.3,18.0,18.5
11B5H,1105,85,1814,Sonstige,14.2,14.0,14.6
11B5H,1105,85,1814,CDU,13.6,12.4,13.9
11B5H,1105,85,1814,AFD,11.5,11.3,11.9
11B5H,1105,85,1814,SPD,10.7,10.5,10.9
11B5H,1105,85,1814,FDP,2.4,1.9,2.6
11B5K,1105,85,1774,LINKE,29.3,29.1,29.9
11B5K,1105,85,1774,GRUENE,16.1,15.8,16.3
11B5K,1105,85,1774,CDU,15.3,14.4,15.5
11B5K,1105,85,1774,Sonstige,14.4,14.1,14.8
11B5K,1105,85,1774,SPD,11.5,11.2,11.6
11B5K,1105,85,1774,AFD,11.2,10.9,11.5
11B5K,1105,85,1774,FDP,2.4,2.1,2.6
11B5L,1105,85,2066,LINKE,30.5,30.4,31.0
11B5L,1105,85,2066,CDU,20.7,19.6,20.8
11B5L,1105,85,2066,AFD,14.7,14.4,15.0
11B5L,1105,85,2066,SPD,13.3,13.0,13.5
11B5L,1105,85,2066,Sonstige,12.8,12.5,13.2
11B5L,1105,85,2066,GRUENE,7.5,7.3,7.7
11B5L,1105,85,2066,FDP,2.6,2.4,2.7
11B5M,1105,85,1625,LINKE,31.9,31.7,32.5
11B5M,1105,85,1625,CDU,18.2,17.4,18.4
11B5M,1105,85,1625,AFD,14.2,13.9,14.5
11B5M,1105,85,1625,Sonstige,12.7,12.5,13.1
11B5M,1105,85,1625,SPD,12.7,12.4,12.8
11B5M,1105,85,1625,GRUENE,9.9,9.7,10.2
11B5M,1105,85,1625,FDP,2.6,2.5,2.7
11B5N,1105,85,1846,LINKE,33.1,32.8,33.7
11B5N,1105,85,1846,CDU,20.1,19.6,20.3
11B5N,1105,85,1846,AFD,16.7,16.5,17.0
11B5N,1105,85,1846,SPD,13.2,12.9,13.4
11B5N,1105,85,1846,Sonstige,12.1,11.8,12.5
11B5N,1105,85,1846,GRUENE,5.3,4.9,5.7
11B5N,1105,85,1846,FDP,2.5,2.4,2.7
11B5P,1105,85,1543,LINKE,29.3,29.1,29.9
11B5P,1105,85,1543,GRUENE,29.0,28.7,29.2
11B5P,1105,85,1543,Sonstige,14.7,14.4,15.1
11B5P,1105,85,1543,CDU,8.3,7.4,8.6
11B5P,1105,85,1543,SPD,8.1,7.9,8.4
11B5P,1105,85,1543,AFD,7.0,6.8,7.4
11B5P,1105,85,1543,FDP,2.5,2.2,2.7
11B5R,1105,85,1664,GRUENE,30.6,30.3,30.8
11B5R,1105,85,1664,LINKE,25.9,25.7,26.5
11B5R,1105,85,1664,Sonstige,14.5,14.2,15.0
11B5R,1105,85,1664,CDU,9.5,8.7,9.8
11B5R,1105,85,1664,SPD,8.7,8.4,8.9
11B5R,1105,85,1664,AFD,5.9,5.7,6.3
11B5R,1105,85,1664,FDP,2.3,1.9,2.6
11B5S,1105,85,1856,LINKE,29.0,28.9,29.6
11B5S,1105,85,1856,GRUENE,22.5,22.2,22.6
11B5S,1105,85,1856,Sonstige,14.3,14.0,14.8
11B5S,1105,85,1856,CDU,11.4,10.3,11.6
11B5S,1105,85,1856,SPD,10.2,10.0,10.4
11B5S,1105,85,1856,AFD,8.6,8.4,8.9
11B5S,1105,85,1856,FDP,2.5,2.2,2.7
11B5T,1105,85,1819,LINKE,30.1,29.9,30.6
11B5T,1105,85,1819,CDU,17.1,15.9,17.3
11B5T,1105,85,1819,AFD,14.2,13.9,14.6
11B5T,1105,85,1819,Sonstige,13.9,13.7,14.3
11B5T,1105,85,1819,SPD,12.7,12.4,12.8
11B5T,1105,85,1819,GRUENE,10.2,9.9,10.4
11B5T,1105,85,1819,FDP,2.7,2.5,2.9
11B5U,1105,85,1877,LINKE,31.0,30.8,31.6
11B5U,1105,85,1877,CDU,17.9,17.3,18.2
11B5U,1105,85,1877,AFD,14.6,14.2,14.9
11B5U,1105,85,1877,Sonstige,14.1,13.8,14.5
11B5U,1105,85,1877,SPD,13.4,13.1,13.6
11B5U,1105,85,1877,GRUENE,8.1,7.9,8.4
11B5U,1105,85,1877,FDP,2.9,2.6,3.0
11B5W,1105,85,1618,LINKE,30.1,29.9,30.6
11B5W,1105,85,1618,CDU,18.5,17.9,18.7
11B5W,1105,85,1618,Sonstige,15.2,14.8,15.6
11B5W,1105,85,1618,AFD,14.1,13.8,14.5
11B5W,1105,85,1618,SPD,13.6,13.3,13.8
11B5W,1105,85,1618,GRUENE,8.5,8.3,8.7
11B5W,1105,85,1618,FDP,2.4,2.1,2.5
11B5X,1105,85,1685,LINKE,26.1,26.0,26.7
11B5X,1105,85,1685,CDU,18.5,18.2,18.7
11B5X,1105,85,1685,Sonstige,15.4,15.1,15.8
11B5X,1105,85,1685,AFD,14.9,14.7,15.2
11B5X,1105,85,1685,SPD,13.7,13.4,13.8
11B5X,1105,85,1685,GRUENE,9.8,9.5,10.0
11B5X,1105,85,1685,FDP,2.6,2.3,2.7
11B6A,1106,85,1889,LINKE,24.3,24.1,24.8
11B6A,1106,85,1889,GRUENE,21.8,21.5,21.9
11B6A,1106,85,1889,CDU,17.8,15.4,18.0
11B6A,1106,85,1889,Sonstige,13.1,12.5,13.7
11B6A,1106,85,1889,SPD,10.7,10.5,10.8
11B6A,1106,85,1889,AFD,8.9,8.5,9.4
11B6A,1106,85,1889,FDP,2.9,2.6,3.1
11B6B,1106,85,1894,LINKE,33.5,33.3,34.1
11B6B,1106,85,1894,CDU,19.6,17.6,19.8
11B6B,1106,85,1894,Sonstige,13.9,13.4,14.6
11B6B,1106,85,1894,AFD,13.8,13.4,14.2
11B6B,1106,85,1894,SPD,12.3,12.0,12.5
11B6B,1106,85,1894,GRUENE,8.7,8.5,9.0
11B6B,1106,85,1894,FDP,2.1,1.8,2.4
11B6C,1106,85,1608,LINKE,33.0,32.8,33.6
11B6C,1106,85,1608,Sonstige,16.5,15.9,17.2
11B6C,1106,85,1608,AFD,14.6,14.2,15.0
11B6C,1106,85,1608,CDU,13.8,12.2,14.0
11B6C,1106,85,1608,SPD,12.3,12.0,12.5
11B6C,1106,85,1608,GRUENE,11.3,11.1,11.5
11B6C,1106,85,1608,FDP,2.2,1.8,2.4
11B6D,1106,85,1575,LINKE,30.2,30.0,30.7
11B6D,1106,85,1575,CDU,18.1,16.4,18.3
11B6D,1106,85,1575,AFD,15.3,14.9,15.6
11B6D,1106,85,1575,Sonstige,14.8,14.2,15.5
11B6D,1106,85,1575,SPD,13.4,13.1,13.5
11B6D,1106,85,1575,GRUENE,8.8,8.6,9.1
11B6D,1106,85,1575,FDP,2.2,1.9,2.4
11B6E,1106,85,1908,LINKE,28.7,28.6,29.2
11B6E,1106,85,1908,CDU,19.9,17.8,20.1
11B6E,1106,85,1908,AFD,14.9,14.4,15.2
11B6E,1106,85,1908,Sonstige,14.6,14.1,15.3
11B6E,1106,85,1908,SPD,14.6,14.2,14.8
11B6E,1106,85,1908,GRUENE,7.9,7.7,8.2
11B6E,1106,85,1908,FDP,2.3,1.9,2.5
11B6F,1106,85,1704,LINKE,27.1,26.9,27.6
11B6F,1106,85,1704,CDU,16.7,13.7,16.8
11B6F,1106,85,1704,GRUENE,15.0,14.8,15.2
11B6F,1106,85,1704,Sonstige,14.2,13.5,14.8
11B6F,1106,85,1704,AFD,12.8,12.4,13.2
11B6F,1106,85,1704,SPD,12.4,12.1,12.5
11B6F,1106,85,1704,FDP,3.1,2.8,3.2
11B6G,1106,85,2007,LINKE,26.4,26.2,26.7
11B6G,1106,85,2007,CDU,23.8,21.5,23.9
11B6G,1106,85,2007,AFD,14.3,13.9,14.8
11B6G,1106,85,2007,Sonstige,13.9,13.4,14.7
11B6G,1106,85,2007,SPD,12.7,12.5,12.9
11B6G,1106,85,2007,GRUENE,8.7,8.5,8.9
11B6G,1106,85,2007,FDP,3.0,2.7,3.1
11B6H,1106,85,1803,LINKE,22.6,22.5,23.1
11B6H,1106,85,1803,GRUENE,18.5,18.1,18.7
11B6H,1106,85,1803,CDU,16.8,14.2,16.9
11B6H,1106,85,1803,Sonstige,13.6,13.0,14.3
11B6H,1106,85,1803,AFD,12.2,11.8,12.5
11B6H,1106,85,1803,SPD,11.7,11.4,11.8
11B6H,1106,85,1803,FDP,3.2,2.9,3.4
11B6K,1106,85,1573,LINKE,25.7,25.5,26.2
11B6K,1106,85,1573,GRUENE,17.7,17.5,17.9
11B6K,1106,85,1573,CDU,17.4,14.5,17.6
11B6K,1106,85,1573,Sonstige,14.1,13.6,14.8
11B6K,1106,85,1573,AFD,11.3,10.9,11.6
11B6K,1106,85,1573,SPD,10.2,10.0,10.4
11B6K,1106,85,1573,FDP,3.7,3.4,3.7
11B6L,1106,85,1616,LINKE,23.5,23.3,24.1
11B6L,1106,85,1616,CDU,20.8,18.3,20.9
11B6L,1106,85,1616,GRUENE,17.2,16.9,17.4
11B6L,1106,85,1616,AFD,11.7,11.3,12.2
11B6L,1106,85,1616,SPD,11.2,10.9,11.3
11B6L,1106,85,1616,Sonstige,10.7,10.2,11.4
11B6L,1106,85,1616,FDP,3.3,3.0,3.4
11B6M,1106,85,1760,GRUENE,21.0,20.8,21.2
11B6M,1106,85,1760,LINKE,20.7,20.5,21.1
11B6M,1106,85,1760,CDU,19.9,17.4,20.0
11B6M,1106,85,1760,Sonstige,12.6,12.0,13.2
11B6M,1106,85,1760,SPD,10.7,10.5,10.9
11B6M,1106,85,1760,AFD,10.4,10.0,10.7
11B6M,1106,85,1760,FDP,3.2,2.9,3.4
11B6N,1106,85,1528,LINKE,24.9,24.7,25.4
11B6N,1106,85,1528,GRUENE,20.0,19.7,20.2
11B6N,1106,85,1528,CDU,18.1,15.7,18.3
11B6N,1106,85,1528,Sonstige,13.1,12.5,13.8
11B6N,1106,85,1528,AFD,11.0,10.6,11.4
11B6N,1106,85,1528,SPD,9.8,9.5,9.9
11B6N,1106,85,1528,FDP,3.0,2.6,3.2
11B6P,1106,85,1733,LINKE,28.9,28.7,29.5
11B6P,1106,85,1733,GRUENE,17.5,17.2,17.6
11B6P,1106,85,1733,CDU,16.0,13.0,16.2
11B6P,1106,85,1733,SPD,12.3,12.1,12.4
11B6P,1106,85,1733,Sonstige,11.7,11.2,12.4
11B6P,1106,85,1733,AFD,11.4,11.1,11.8
11B6P,1106,85,1733,FDP,3.4,3.2,3.5
11B6R,1106,85,1776,LINKE,27.4,27.2,27.9
11B6R,1106,85,1776,CDU,17.5,14.6,17.7
11B6R,1106,85,1776,GRUENE,16.5,16.3,16.7
11B6R,1106,85,1776,SPD,13.5,13.2,13.6
11B6R,1106,85,1776,AFD,11.8,11.4,12.1
11B6R,1106,85,1776,Sonstige,10.8,10.3,11.5
11B6R,1106,85,1776,FDP,3.4,3.3,3.5
11B6S,1106,85,1686,LINKE,24.4,24.3,24.9
11B6S,1106,85,1686,CDU,20.3,17.1,20.5
11B6S,1106,85,1686,GRUENE,16.1,15.7,16.3
11B6S,1106,85,1686,SPD,13.2,13.0,13.3
11B6S,1106,85,1686,AFD,12.4,11.9,12.8
11B6S,1106,85,1686,Sonstige,10.6,10.0,11.3
11B6S,1106,85,1686,FDP,3.5,3.2,3.6
11B6T,1106,85,1640,LINKE,24.9,24.8,25.2
11B6T,1106,85,1640,GRUENE,19.1,18.9,19.2
11B6T,1106,85,1640,CDU,18.4,15.9,18.6
11B6T,1106,85,1640,Sonstige,12.6,12.1,13.3
11B6T,1106,85,1640,AFD,11.3,11.0,11.7
11B6T,1106,85,1640,SPD,11.1,10.9,11.2
11B6T,1106,85,1640,FDP,3.4,3.2,3.5
11B6U,1106,85,1712,LINKE,25.6,25.4,26.0
11B6U,1106,85,1712,CDU,19.0,16.4,19.1
11B6U,1106,85,1712,GRUENE,14.7,14.5,14.9
11B6U,1106,85,1712,SPD,13.9,13.7,14.0
11B6U,1106,85,1712,AFD,13.1,12.7,13.5
11B6U,1106,85,1712,Sonstige,12.3,11.7,12.9
11B6U,1106,85,1712,FDP,2.8,2.5,3.0
11B6W,1106,85,1523,CDU,22.9,20.4,23.0
11B6W,1106,85,1523,GRUENE,20.0,19.6,20.2
11B6W,1106,85,1523,LINKE,19.3,19.1,19.6
11B6W,1106,85,1523,SPD,12.7,12.4,12.8
11B6W,1106,85,1523,AFD,11.4,10.9,11.9
11B6W,1106,85,1523,Sonstige,8.6,8.0,9.2
11B6W,1106,85,1523,FDP,3.6,3.4,3.8
12B1A,1201,76,1957,CDU,29.2,28.8,29.9
12B1A,1201,76,1957,SPD,14.7,14.4,14.8
12B1A,1201,76,1957,AFD,14.5,13.9,15.2
12B1A,1201,76,1957,LINKE,14.1,14.0,14.4
12B1A,1201,76,1957,GRUENE,12.1,11.8,12.3
12B1A,1201,76,1957,Sonstige,9.9,9.8,10.1
12B1A,1201,76,1957,FDP,3.7,3.6,3.8
12B1B,1201,76,1603,CDU,24.5,23.9,25.0
12B1B,1201,76,1603,LINKE,15.5,15.4,15.8
12B1B,1201,76,1603,GRUENE,14.8,14.5,15.0
12B1B,1201,76,1603,Sonstige,13.6,13.4,13.8
12B1B,1201,76,1603,AFD,13.1,12.5,13.8
12B1B,1201,76,1603,SPD,12.5,12.3,12.6
12B1B,1201,76,1603,FDP,3.3,3.2,3.4
12B1C,1201,76,2037,LINKE,19.3,19.1,19.6
12B1C,1201,76,2037,GRUENE,18.6,18.4,18.8
12B1C,1201,76,2037,CDU,17.0,16.6,17.8
12B1C,1201,76,2037,Sonstige,14.8,14.6,15.0
12B1C,1201,76,2037,SPD,13.2,12.9,13.3
12B1C,1201,76,2037,AFD,12.7,12.1,13.6
12B1C,1201,76,2037,FDP,3.0,2.8,3.0
12B1D,1201,76,1929,CDU,27.3,26.8,27.8
12B1D,1201,76,1929,AFD,15.7,15.1,16.2
12B1D,1201,76,1929,SPD,15.7,15.4,15.8
12B1D,1201,76,1929,LINKE,14.4,14.3,14.7
12B1D,1201,76,1929,Sonstige,11.9,11.7,12.1
12B1D,1201,76,1929,GRUENE,9.9,9.6,10.2
12B1D,1201,76,1929,FDP,3.2,3.1,3.3
12B1E,1201,76,1988,CDU,27.4,26.9,28.0
12B1E,1201,76,1988,SPD,15.6,15.2,15.7
12B1E,1201,76,1988,LINKE,15.3,15.2,15.7
12B1E,1201,76,1988,AFD,15.0,14.4,15.8
12B1E,1201,76,1988,GRUENE,10.8,10.5,11.0
12B1E,1201,76,1988,Sonstige,10.5,10.3,10.7
12B1E,1201,76,1988,FDP,3.5,3.4,3.6
12B1F,1201,76,2054,CDU,25.9,25.2,26.2
12B1F,1201,76,2054,LINKE,14.8,14.6,15.1
12B1F,1201,76,2054,AFD,14.2,13.7,14.9
12B1F,1201,76,2054,GRUENE,13.3,13.1,13.6
12B1F,1201,76,2054,Sonstige,13.0,12.7,13.2
12B1F,1201,76,2054,SPD,12.5,12.3,12.7
12B1F,1201,76,2054,FDP,3.4,3.2,3.5
12B1G,1201,76,862,CDU,32.4,31.8,32.6
12B1G,1201,76,862,SPD,14.4,14.1,14.5
12B1G,1201,76,862,AFD,14.1,13.5,14.7
12B1G,1201,76,862,GRUENE,10.7,10.4,10.9
12B1G,1201,76,862,Sonstige,10.6,10.4,10.9
12B1G,1201,76,862,LINKE,10.3,10.1,10.5
12B1G,1201,76,862,FDP,3.6,3.3,3.7
12B1H,1201,76,1600,CDU,30.9,30.4,31.6
12B1H,1201,76,1600,AFD,15.4,14.8,16.1
12B1H,1201,76,1600,SPD,14.6,14.3,14.7
12B1H,1201,76,1600,LINKE,12.1,11.9,12.3
12B1H,1201,76,1600,Sonstige,10.8,10.7,11.0
12B1H,1201,76,1600,GRUENE,10.0,9.7,10.4
12B1H,1201,76,1600,FDP,3.4,3.2,3.5
12B1J,1201,76,2057,CDU,26.2,25.7,26.7
12B1J,1201,76,2057,LINKE,18.0,17.8,18.3
12B1J,1201,76,2057,AFD,15.0,14.5,15.6
12B1J,1201,76,2057,SPD,14.1,13.8,14.2
12B1J,1201,76,2057,Sonstige,12.7,12.5,12.9
12B1J,1201,76,2057,GRUENE,10.3,10.0,10.5
12B1J,1201,76,2057,FDP,3.1,3.0,3.2
12B1K,1201,76,2158,CDU,26.5,26.0,27.1
12B1K,1201,76,2158,LINKE,16.8,16.6,17.1
12B1K,1201,76,2158,SPD,15.2,14.9,15.3
12B1K,1201,76,2158,AFD,14.5,13.9,15.2
12B1K,1201,76,2158,GRUENE,11.2,10.9,11.5
12B1K,1201,76,2158,Sonstige,11.0,10.8,11.2
12B1K,1201,76,2158,FDP,3.4,3.2,3.4
12B1L,1201,76,1834,CDU,25.0,24.5,25.5
12B1L,1201,76,1834,LINKE,17.5,17.3,17.8
12B1L,1201,76,1834,AFD,13.9,13.4,14.6
12B1L,1201,76,1834,SPD,13.4,13.2,13.6
12B1L,1201,76,1834,GRUENE,12.7,12.4,12.9
12B1L,1201,76,1834,Sonstige,11.3,11.1,11.5
12B1L,1201,76,1834,FDP,3.5,3.4,3.6
12B1M,1201,76,2013,CDU,23.2,22.7,24.0
12B1M,1201,76,2013,LINKE,18.3,18.2,18.7
12B1M,1201,76,2013,GRUENE,14.1,13.8,14.3
12B1M,1201,76,2013,AFD,13.2,12.6,14.0
12B1M,1201,76,2013,SPD,13.2,13.0,13.3
12B1M,1201,76,2013,Sonstige,12.1,11.9,12.3
12B1M,1201,76,2013,FDP,3.4,3.2,3.5
12B1N,1201,76,1709,CDU,25.2,24.2,25.4
12B1N,1201,76,1709,LINKE,17.1,16.9,17.4
12B1N,1201,76,1709,AFD,14.4,13.9,15.1
12B1N,1201,76,1709,Sonstige,13.0,12.8,13.2
12B1N,1201,76,1709,SPD,12.3,12.1,12.4
12B1N,1201,76,1709,GRUENE,12.1,11.9,12.4
12B1N,1201,76,1709,FDP,3.7,3.6,3.8
12B1P,1201,76,1807,LINKE,20.3,20.1,20.6
12B1P,1201,76,1807,CDU,20.0,19.4,20.8
12B1P,1201,76,1807,GRUENE,14.6,14.4,14.9
12B1P,1201,76,1807,AFD,13.3,12.8,14.0
12B1P,1201,76,1807,Sonstige,13.1,12.9,13.4
12B1P,1201,76,1807,SPD,13.0,12.8,13.1
12B1P,1201,76,1807,FDP,3.4,3.2,3.4
12B1Q,1201,76,1045,CDU,24.0,23.3,24.3
12B1Q,1201,76,1045,LINKE,17.8,17.6,18.1
12B1Q,1201,76,1045,GRUENE,14.4,14.2,14.7
12B1Q,1201,76,1045,SPD,13.7,13.4,13.8
12B1Q,1201,76,1045,AFD,12.9,12.3,13.4
12B1Q,1201,76,1045,Sonstige,11.8,11.6,12.1
12B1Q,1201,76,1045,FDP,3.5,3.4,3.6
12B1R,1201,76,1080,CDU,27.2,26.7,27.9
12B1R,1201,76,1080,LINKE,16.0,15.9,16.4
12B1R,1201,76,1080,AFD,15.2,14.6,15.8
12B1R,1201,76,1080,SPD,15.0,14.7,15.1
12B1R,1201,76,1080,Sonstige,12.4,12.2,12.6
12B1R,1201,76,1080,GRUENE,9.2,9.0,9.4
12B1R,1201,76,1080,FDP,3.3,3.0,3.4
12B2A,1202,76,1991,CDU,30.3,30.1,31.1
12B2A,1202,76,1991,AFD,17.1,16.5,17.9
12B2A,1202,76,1991,SPD,15.4,15.1,15.5
12B2A,1202,76,1991,Sonstige,11.3,11.1,11.4
12B2A,1202,76,1991,GRUENE,10.0,9.8,10.1
12B2A,1202,76,1991,LINKE,9.8,9.7,10.0
12B2A,1202,76,1991,FDP,4.0,3.8,4.1
12B2B,1202,76,1125,CDU,31.1,30.8,32.7
12B2B,1202,76,1125,AFD,16.2,15.7,17.0
12B2B,1202,76,1125,SPD,16.1,15.8,16.3
12B2B,1202,76,1125,LINKE,11.8,11.7,12.1
12B2B,1202,76,1125,Sonstige,10.9,10.7,11.0
12B2B,1202,76,1125,GRUENE,8.4,8.2,8.6
12B2B,1202,76,1125,FDP,3.7,3.4,3.8
12B2C,1202,76,1095,CDU,29.5,29.4,30.6
12B2C,1202,76,1095,AFD,16.7,16.1,17.5
12B2C,1202,76,1095,SPD,14.9,14.6,15.0
12B2C,1202,76,1095,Sonstige,12.3,12.1,12.4
12B2C,1202,76,1095,LINKE,11.5,11.3,11.6
12B2C,1202,76,1095,GRUENE,9.7,9.5,9.9
12B2C,1202,76,1095,FDP,3.6,3.3,3.7
12B2D,1202,76,1993,CDU,31.4,31.1,32.7
12B2D,1202,76,1993,AFD,16.7,16.1,17.4
12B2D,1202,76,1993,SPD,15.5,15.2,15.6
12B2D,1202,76,1993,LINKE,11.7,11.6,12.0
12B2D,1202,76,1993,Sonstige,10.3,10.2,10.5
12B2D,1202,76,1993,GRUENE,8.7,8.5,8.9
12B2D,1202,76,1993,FDP,3.8,3.7,3.9
12B2E,1202,76,1055,CDU,37.2,36.9,38.1
12B2E,1202,76,1055,AFD,15.7,15.1,16.4
12B2E,1202,76,1055,SPD,14.0,13.8,14.2
12B2E,1202,76,1055,GRUENE,10.1,9.9,10.2
12B2E,1202,76,1055,LINKE,8.0,7.8,8.1
12B2E,1202,76,1055,Sonstige,7.5,7.3,7.7
12B2E,1202,76,1055,FDP,4.8,4.6,4.9
12B2F,1202,76,2076,CDU,30.0,29.9,31.2
12B2F,1202,76,2076,AFD,16.2,15.7,17.1
12B2F,1202,76,2076,SPD,14.7,14.4,14.8
12B2F,1202,76,2076,GRUENE,11.6,11.4,11.7
12B2F,1202,76,2076,LINKE,10.7,10.6,11.0
12B2F,1202,76,2076,Sonstige,9.8,9.6,10.0
12B2F,1202,76,2076,FDP,4.3,4.1,4.3
12B2G,1202,76,888,CDU,29.1,28.7,30.7
12B2G,1202,76,888,AFD,16.4,15.9,17.2
12B2G,1202,76,888,SPD,14.8,14.5,14.9
12B2G,1202,76,888,LINKE,11.7,11.5,11.9
12B2G,1202,76,888,Sonstige,11.3,11.1,11.6
12B2G,1202,76,888,GRUENE,10.3,10.1,10.6
12B2G,1202,76,888,FDP,3.4,3.2,3.5
12B2H,1202,76,2096,CDU,29.2,29.0,30.6
12B2H,1202,76,2096,AFD,18.0,17.4,18.7
12B2H,1202,76,2096,SPD,15.1,14.8,15.2
12B2H,1202,76,2096,Sonstige,13.2,13.0,13.3
12B2H,1202,76,2096,LINKE,12.0,11.8,12.2
12B2H,1202,76,2096,GRUENE,7.8,7.5,8.0
12B2H,1202,76,2096,FDP,3.7,3.6,3.8
12B2J,1202,76,2085,CDU,28.3,28.1,29.3
12B2J,1202,76,2085,AFD,16.8,16.2,17.6
12B2J,1202,76,2085,LINKE,14.2,14.1,14.5
12B2J,1202,76,2085,SPD,13.8,13.6,14.0
12B2J,1202,76,2085,Sonstige,13.4,13.3,13.7
12B2J,1202,76,2085,GRUENE,8.8,8.6,9.0
12B2J,1202,76,2085,FDP,3.7,3.6,3.8
12B2K,1202,76,1885,CDU,25.0,24.8,26.1
12B2K,1202,76,1885,AFD,17.4,16.8,18.2
12B2K,1202,76,1885,LINKE,15.9,15.8,16.3
12B2K,1202,76,1885,SPD,14.8,14.5,14.9
12B2K,1202,76,1885,Sonstige,12.4,12.1,12.7
12B2K,1202,76,1885,GRUENE,10.4,10.1,10.7
12B2K,1202,76,1885,FDP,3.3,3.1,3.3
12B2L,1202,76,1754,CDU,27.0,26.7,28.1
12B2L,1202,76,1754,AFD,17.3,16.7,18.1
12B2L,1202,76,1754,SPD,15.3,15.0,15.5
12B2L,1202,76,1754,LINKE,13.0,12.9,13.3
12B2L,1202,76,1754,GRUENE,11.1,10.8,11.4
12B2L,1202,76,1754,Sonstige,10.8,10.5,11.2
12B2L,1202,76,1754,FDP,3.7,3.6,3.8
12B2M,1202,76,1962,CDU,30.5,30.4,31.6
12B2M,1202,76,1962,AFD,17.2,16.6,17.9
12B2M,1202,76,1962,SPD,15.0,14.7,15.1
12B2M,1202,76,1962,LINKE,11.5,11.3,11.7
12B2M,1202,76,1962,Sonstige,11.3,11.2,11.5
12B2M,1202,76,1962,GRUENE,9.0,8.8,9.3
12B2M,1202,76,1962,FDP,3.8,3.6,3.8
12B2N,1202,76,967,CDU,27.9,27.6,29.1
12B2N,1202,76,967,AFD,17.2,16.6,18.1
12B2N,1202,76,967,SPD,14.5,14.1,14.6
12B2N,1202,76,967,LINKE,12.5,12.3,12.7
12B2N,1202,76,967,Sonstige,12.0,11.8,12.3
12B2N,1202,76,967,GRUENE,10.7,10.4,11.0
12B2N,1202,76,967,FDP,3.9,3.8,4.0
12B2P,1202,76,1048,CDU,31.1,30.8,32.1
12B2P,1202,76,1048,AFD,17.8,17.2,18.6
12B2P,1202,76,1048,SPD,15.2,14.8,15.3
12B2P,1202,76,1048,Sonstige,12.4,12.1,12.6
12B2P,1202,76,1048,LINKE,11.2,11.1,11.4
12B2P,1202,76,1048,GRUENE,8.5,8.1,8.8
12B2P,1202,76,1048,FDP,3.5,3.3,3.6
12B2Q,1202,76,1046,CDU,31.5,31.3,32.5
12B2Q,1202,76,1046,AFD,16.6,16.1,17.5
12B2Q,1202,76,1046,SPD,14.8,14.5,14.9
12B2Q,1202,76,1046,Sonstige,11.5,11.3,11.7
12B2Q,1202,76,1046,LINKE,10.4,10.2,10.6
12B2Q,1202,76,1046,GRUENE,10.1,9.8,10.4
12B2Q,1202,76,1046,FDP,3.8,3.6,3.8
12B2R,1202,76,1050,CDU,25.6,25.4,26.8
12B2R,1202,76,1050,AFD,17.7,17.2,18.6
12B2R,1202,76,1050,LINKE,16.0,15.8,16.3
12B2R,1202,76,1050,SPD,13.9,13.6,14.0
12B2R,1202,76,1050,Sonstige,13.2,12.9,13.4
12B2R,1202,76,1050,GRUENE,10.5,10.2,10.7
12B2R,1202,76,1050,FDP,3.5,3.4,3.6
12B2S,1202,76,1049,CDU,26.7,26.5,27.7
12B2S,1202,76,1049,AFD,16.9,16.4,17.7
12B2S,1202,76,1049,LINKE,15.3,15.1,15.5
12B2S,1202,76,1049,SPD,13.8,13.6,13.9
12B2S,1202,76,1049,Sonstige,13.1,12.9,13.3
12B2S,1202,76,1049,GRUENE,10.1,9.9,10.3
12B2S,1202,76,1049,FDP,3.5,3.4,3.6
12B2T,1202,76,1939,CDU,28.7,28.4,29.6
12B2T,1202,76,1939,AFD,16.7,16.1,17.5
12B2T,1202,76,1939,SPD,14.4,14.2,14.6
12B2T,1202,76,1939,LINKE,12.2,12.0,12.5
12B2T,1202,76,1939,Sonstige,12.1,11.8,12.3
12B2T,1202,76,1939,GRUENE,10.8,10.5,11.0
12B2T,1202,76,1939,FDP,3.9,3.7,3.9
12B2U,1202,76,1035,CDU,31.2,31.0,32.2
12B2U,1202,76,1035,AFD,16.9,16.3,17.7
12B2U,1202,76,1035,SPD,15.1,14.8,15.2
12B2U,1202,76,1035,Sonstige,11.1,10.9,11.3
12B2U,1202,76,1035,LINKE,10.9,10.8,11.1
12B2U,1202,76,1035,GRUENE,8.7,8.5,8.8
12B2U,1202,76,1035,FDP,3.9,3.7,4.0
12B3A,1203,76,968,CDU,38.2,37.8,39.4
12B3A,1203,76,968,SPD,14.0,13.7,14.1
12B3A,1203,76,968,AFD,12.6,12.3,13.2
12B3A,1203,76,968,GRUENE,10.9,10.6,11.2
12B3A,1203,76,968,Sonstige,7.3,7.1,7.5
12B3A,1203,76,968,LINKE,6.2,6.0,6.4
12B3A,1203,76,968,FDP,4.7,4.6,4.8
12B3B,1203,76,910,CDU,36.4,36.2,38.0
12B3B,1203,76,910,SPD,14.6,14.3,14.7
12B3B,1203,76,910,AFD,12.9,12.7,13.3
12B3B,1203,76,910,Sonstige,9.8,9.6,10.0
12B3B,1203,76,910,GRUENE,9.8,9.6,9.9
12B3B,1203,76,910,LINKE,6.6,6.4,6.8
12B3B,1203,76,910,FDP,4.2,4.0,4.3
12B3C,1203,76,1065,CDU,36.9,36.6,38.6
12B3C,1203,76,1065,SPD,14.9,14.6,15.1
12B3C,1203,76,1065,AFD,13.0,12.7,13.3
12B3C,1203,76,1065,GRUENE,9.7,9.5,10.0
12B3C,1203,76,1065,Sonstige,9.4,9.2,9.6
12B3C,1203,76,1065,LINKE,6.6,6.4,6.8
12B3C,1203,76,1065,FDP,4.4,4.2,4.5
12B3D,1203,76,1064,CDU,31.9,31.5,33.6
12B3D,1203,76,1064,SPD,16.1,15.7,16.3
12B3D,1203,76,1064,GRUENE,13.4,13.1,13.6
12B3D,1203,76,1064,AFD,10.6,10.2,11.0
12B3D,1203,76,1064,LINKE,9.6,9.5,9.8
12B3D,1203,76,1064,Sonstige,8.3,8.0,8.5
12B3D,1203,76,1064,FDP,4.9,4.7,5.0
12B3E,1203,76,1040,CDU,36.2,35.9,37.7
12B3E,1203,76,1040,SPD,13.4,13.1,13.5
12B3E,1203,76,1040,AFD,12.7,12.4,13.1
12B3E,1203,76,1040,GRUENE,10.6,10.4,10.8
12B3E,1203,76,1040,Sonstige,8.0,7.8,8.3
12B3E,1203,76,1040,LINKE,7.9,7.7,8.0
12B3E,1203,76,1040,FDP,4.8,4.4,5.0
12B3F,1203,76,1097,CDU,34.1,33.9,34.9
12B3F,1203,76,1097,SPD,14.4,14.2,14.6
12B3F,1203,76,1097,GRUENE,14.0,13.9,14.2
12B3F,1203,76,1097,AFD,11.9,11.6,12.2
12B3F,1203,76,1097,Sonstige,7.1,6.8,7.2
12B3F,1203,76,1097,LINKE,6.9,6.8,7.1
12B3F,1203,76,1097,FDP,5.0,4.8,5.0
12B3G,1203,76,920,CDU,36.4,36.2,38.0
12B3G,1203,76,920,SPD,15.3,15.0,15.5
12B3G,1203,76,920,AFD,11.9,11.6,12.2
12B3G,1203,76,920,GRUENE,11.0,10.8,11.2
12B3G,1203,76,920,Sonstige,7.8,7.5,8.0
12B3G,1203,76,920,LINKE,6.4,6.3,6.6
12B3G,1203,76,920,FDP,4.5,4.1,4.7
12B3H,1203,76,1018,CDU,33.2,33.1,34.7
12B3H,1203,76,1018,SPD,15.7,15.4,15.8
12B3H,1203,76,1018,GRUENE,12.1,11.8,12.3
12B3H,1203,76,1018,AFD,11.3,11.1,11.6
12B3H,1203,76,1018,LINKE,8.6,8.4,8.8
12B3H,1203,76,1018,Sonstige,7.6,7.4,7.8
12B3H,1203,76,1018,FDP,4.9,4.6,5.0
12B3J,1203,76,1031,CDU,32.3,32.1,33.7
12B3J,1203,76,1031,SPD,14.8,14.5,14.9
12B3J,1203,76,1031,GRUENE,13.8,13.6,13.9
12B3J,1203,76,1031,AFD,10.8,10.6,11.3
12B3J,1203,76,1031,LINKE,9.1,9.0,9.3
12B3J,1203,76,1031,Sonstige,7.7,7.5,7.9
12B3J,1203,76,1031,FDP,4.7,4.6,4.8
12B3K,1203,76,1133,CDU,37.7,37.4,38.8
12B3K,1203,76,1133,SPD,14.2,13.9,14.4
12B3K,1203,76,1133,AFD,13.6,13.3,13.8
12B3K,1203,76,1133,GRUENE,9.9,9.7,10.2
12B3K,1203,76,1133,Sonstige,7.6,7.3,7.9
12B3K,1203,76,1133,FDP,5.2,4.9,5.3
12B3K,1203,76,1133,LINKE,5.1,5.0,5.3
12B3L,1203,76,1055,CDU,37.7,37.4,39.1
12B3L,1203,76,1055,SPD,15.5,15.2,15.7
12B3L,1203,76,1055,AFD,11.6,11.4,11.9
12B3L,1203,76,1055,GRUENE,10.2,10.0,10.4
12B3L,1203,76,1055,Sonstige,7.7,7.4,7.9
12B3L,1203,76,1055,LINKE,6.5,6.2,6.6
12B3L,1203,76,1055,FDP,4.4,4.1,4.6
12B3M,1203,76,1078,CDU,35.9,35.7,37.3
12B3M,1203,76,1078,SPD,14.9,14.6,15.1
12B3M,1203,76,1078,GRUENE,12.0,11.8,12.2
12B3M,1203,76,1078,AFD,10.7,10.5,11.0
12B3M,1203,76,1078,Sonstige,7.8,7.6,8.0
12B3M,1203,76,1078,LINKE,6.8,6.6,7.0
12B3M,1203,76,1078,FDP,4.5,4.2,4.6
12B3N,1203,76,1139,CDU,37.3,37.0,38.5
12B3N,1203,76,1139,SPD,14.2,13.9,14.3
12B3N,1203,76,1139,AFD,13.0,12.8,13.4
12B3N,1203,76,1139,GRUENE,10.5,10.4,10.7
12B3N,1203,76,1139,Sonstige,7.1,6.9,7.3
12B3N,1203,76,1139,LINKE,5.7,5.5,5.8
12B3N,1203,76,1139,FDP,5.2,5.1,5.3
12B3P,1203,76,1063,CDU,29.0,28.7,30.2
12B3P,1203,76,1063,SPD,15.4,15.1,15.6
12B3P,1203,76,1063,GRUENE,14.1,13.9,14.3
12B3P,1203,76,1063,LINKE,10.8,10.7,10.9
12B3P,1203,76,1063,AFD,10.6,10.4,11.0
12B3P,1203,76,1063,Sonstige,10.2,10.0,10.4
12B3P,1203,76,1063,FDP,4.7,4.6,4.8
12B3Q,1203,76,1174,CDU,36.4,36.1,38.1
12B3Q,1203,76,1174,SPD,16.2,15.9,16.3
12B3Q,1203,76,1174,AFD,11.7,11.5,12.2
12B3Q,1203,76,1174,GRUENE,11.6,11.5,11.7
12B3Q,1203,76,1174,LINKE,7.5,7.4,7.7
12B3Q,1203,76,1174,Sonstige,5.9,5.7,6.0
12B3Q,1203,76,1174,FDP,4.5,4.3,4.7
12B3R,1203,76,782,CDU,27.1,27.0,28.2
12B3R,1203,76,782,GRUENE,15.4,15.2,15.6
12B3R,1203,76,782,SPD,14.2,14.0,14.4
12B3R,1203,76,782,LINKE,12.5,12.4,12.8
12B3R,1203,76,782,AFD,10.4,10.2,10.9
12B3R,1203,76,782,Sonstige,9.5,9.4,9.7
12B3R,1203,76,782,FDP,4.5,4.4,4.5
12B3S,1203,76,1001,CDU,28.5,28.3,29.9
12B3S,1203,76,1001,SPD,15.4,15.1,15.5
12B3S,1203,76,1001,GRUENE,13.1,12.9,13.2
12B3S,1203,76,1001,AFD,11.7,11.5,12.1
12B3S,1203,76,1001,Sonstige,11.0,10.7,11.2
12B3S,1203,76,1001,LINKE,10.7,10.5,10.8
12B3S,1203,76,1001,FDP,4.2,4.0,4.2
12B3T,1203,76,1177,CDU,34.0,33.8,34.9
12B3T,1203,76,1177,SPD,15.0,14.7,15.1
12B3T,1203,76,1177,GRUENE,13.6,13.4,13.8
12B3T,1203,76,1177,AFD,11.8,11.5,12.1
12B3T,1203,76,1177,Sonstige,8.3,8.0,8.5
12B3T,1203,76,1177,LINKE,7.0,6.8,7.2
12B3T,1203,76,1177,FDP,4.3,4.0,4.4
12B3U,1203,76,1338,CDU,29.3,28.9,31.9
12B3U,1203,76,1338,AFD,17.1,16.8,17.4
12B3U,1203,76,1338,SPD,16.5,16.2,16.7
12B3U,1203,76,1338,Sonstige,12.6,12.3,12.8
12B3U,1203,76,1338,LINKE,10.1,9.9,10.2
12B3U,1203,76,1338,GRUENE,6.8,6.6,7.0
12B3U,1203,76,1338,FDP,3.7,3.5,3.7
12B3V,1203,76,1977,CDU,27.6,27.3,29.1
12B3V,1203,76,1977,AFD,15.4,15.1,15.7
12B3V,1203,76,1977,SPD,15.0,14.7,15.2
12B3V,1203,76,1977,Sonstige,12.8,12.7,13.0
12B3V,1203,76,1977,LINKE,11.2,11.1,11.5
12B3V,1203,76,1977,GRUENE,9.7,9.5,9.9
12B3V,1203,76,1977,FDP,3.9,3.8,3.9
12B3W,1203,76,2000,CDU,27.6,27.3,28.8
12B3W,1203,76,2000,SPD,15.2,14.9,15.3
12B3W,1203,76,2000,AFD,14.8,14.6,15.2
12B3W,1203,76,2000,Sonstige,11.8,11.6,12.0
12B3W,1203,76,2000,GRUENE,11.1,10.9,11.2
12B3W,1203,76,2000,LINKE,10.9,10.7,11.1
12B3W,1203,76,2000,FDP,4.2,4.1,4.3
12B3X,1203,76,1064,CDU,34.0,33.8,35.2
12B3X,1203,76,1064,SPD,15.3,15.0,15.4
12B3X,1203,76,1064,GRUENE,13.6,13.4,13.7
12B3X,1203,76,1064,AFD,12.4,12.1,12.8
12B3X,1203,76,1064,Sonstige,7.5,7.3,7.6
12B3X,1203,76,1064,LINKE,7.1,7.0,7.2
12B3X,1203,76,1064,FDP,4.6,4.5,4.7
12B3Y,1203,76,990,CDU,30.8,30.6,32.2
12B3Y,1203,76,990,GRUENE,16.2,16.0,16.4
12B3Y,1203,76,990,SPD,15.5,15.1,15.6
12B3Y,1203,76,990,AFD,10.3,10.1,10.7
12B3Y,1203,76,990,LINKE,9.7,9.5,9.9
12B3Y,1203,76,990,Sonstige,7.9,7.7,8.1
12B3Y,1203,76,990,FDP,4.6,4.4,4.6
12B3Z,1203,76,1028,CDU,37.0,36.8,38.3
12B3Z,1203,76,1028,SPD,14.8,14.5,15.0
12B3Z,1203,76,1028,AFD,12.1,11.8,12.5
12B3Z,1203,76,1028,GRUENE,11.1,11.0,11.3
12B3Z,1203,76,1028,LINKE,7.0,6.9,7.2
12B3Z,1203,76,1028,Sonstige,7.0,6.9,7.2
12B3Z,1203,76,1028,FDP,4.7,4.5,4.9
12B3ZA,1203,76,1055,CDU,38.8,38.5,40.0
12B3ZA,1203,76,1055,SPD,14.1,13.8,14.2
12B3ZA,1203,76,1055,AFD,12.1,11.8,12.5
12B3ZA,1203,76,1055,GRUENE,10.5,10.4,10.7
12B3ZA,1203,76,1055,Sonstige,7.2,7.0,7.5
12B3ZA,1203,76,1055,LINKE,5.6,5.4,5.7
12B3ZA,1203,76,1055,FDP,4.9,4.6,5.1
12B3ZB,1203,76,665,CDU,37.0,36.7,38.6
12B3ZB,1203,76,665,SPD,15.2,14.9,15.4
12B3ZB,1203,76,665,AFD,11.3,11.0,11.6
12B3ZB,1203,76,665,GRUENE,11.1,10.8,11.4
12B3ZB,1203,76,665,Sonstige,7.6,7.4,7.8
12B3ZB,1203,76,665,LINKE,6.3,6.1,6.4
12B3ZB,1203,76,665,FDP,4.8,4.5,4.9
12B3ZC,1203,76,1083,CDU,27.3,27.1,28.5
12B3ZC,1203,76,1083,GRUENE,15.6,15.4,15.8
12B3ZC,1203,76,1083,SPD,14.7,14.3,14.8
12B3ZC,1203,76,1083,LINKE,11.7,11.5,11.9
12B3ZC,1203,76,1083,AFD,11.2,11.0,11.7
12B3ZC,1203,76,1083,Sonstige,9.6,9.4,9.8
12B3ZC,1203,76,1083,FDP,4.9,4.7,5.0
12B4A,1204,76,1030,CDU,33.2,33.0,34.3
12B4A,1204,76,1030,SPD,14.7,14.5,14.9
12B4A,1204,76,1030,AFD,14.3,13.8,14.9
12B4A,1204,76,1030,GRUENE,11.2,10.9,11.4
12B4A,1204,76,1030,Sonstige,10.0,9.7,10.2
12B4A,1204,76,1030,LINKE,7.9,7.8,8.1
12B4A,1204,76,1030,FDP,4.1,3.9,4.2
12B4B,1204,76,1143,CDU,30.3,30.1,31.8
12B4B,1204,76,1143,GRUENE,18.4,18.1,18.7
12B4B,1204,76,1143,SPD,14.5,14.2,14.7
12B4B,1204,76,1143,AFD,10.7,10.1,11.5
12B4B,1204,76,1143,LINKE,8.5,8.3,8.8
12B4B,1204,76,1143,Sonstige,7.4,7.2,7.6
12B4B,1204,76,1143,FDP,4.4,4.3,4.5
12B4C,1204,76,915,CDU,32.9,32.7,34.5
12B4C,1204,76,915,SPD,15.0,14.7,15.1
12B4C,1204,76,915,AFD,14.2,13.7,14.7
12B4C,1204,76,915,GRUENE,10.6,10.4,10.9
12B4C,1204,76,915,Sonstige,9.6,9.4,9.9
12B4C,1204,76,915,LINKE,8.9,8.7,9.0
12B4C,1204,76,915,FDP,4.2,4.1,4.3
12B4D,1204,76,2066,CDU,25.9,25.7,27.8
12B4D,1204,76,2066,AFD,17.2,16.6,17.9
12B4D,1204,76,2066,SPD,15.4,15.1,15.5
12B4D,1204,76,2066,LINKE,13.7,13.6,14.0
12B4D,1204,76,2066,Sonstige,13.3,13.0,13.5
12B4D,1204,76,2066,GRUENE,6.5,6.3,6.9
12B4D,1204,76,2066,FDP,3.9,3.8,3.9
12B4E,1204,76,1157,CDU,29.1,28.9,30.6
12B4E,1204,76,1157,SPD,14.7,14.4,14.8
12B4E,1204,76,1157,GRUENE,13.9,13.7,14.1
12B4E,1204,76,1157,AFD,11.8,11.3,12.5
12B4E,1204,76,1157,LINKE,11.8,11.7,12.0
12B4E,1204,76,1157,Sonstige,9.9,9.7,10.0
12B4E,1204,76,1157,FDP,4.5,4.3,4.6
12B4F,1204,76,1169,CDU,35.2,35.0,37.1
12B4F,1204,76,1169,SPD,14.2,14.0,14.3
12B4F,1204,76,1169,AFD,12.1,11.6,12.8
12B4F,1204,76,1169,GRUENE,10.9,10.7,11.2
12B4F,1204,76,1169,LINKE,10.4,10.3,10.6
12B4F,1204,76,1169,Sonstige,8.7,8.5,9.0
12B4F,1204,76,1169,FDP,4.3,4.0,4.4
12B4G,1204,76,1197,CDU,31.5,31.3,32.4
12B4G,1204,76,1197,SPD,14.0,13.8,14.1
12B4G,1204,76,1197,GRUENE,13.5,13.3,13.6
12B4G,1204,76,1197,AFD,12.6,12.1,13.2
12B4G,1204,76,1197,LINKE,10.4,10.3,10.6
12B4G,1204,76,1197,Sonstige,9.1,8.8,9.2
12B4G,1204,76,1197,FDP,4.3,4.2,4.4
12B4H,1204,76,1878,CDU,33.3,33.1,34.8
12B4H,1204,76,1878,SPD,15.6,15.3,15.8
12B4H,1204,76,1878,AFD,13.6,13.0,14.2
12B4H,1204,76,1878,GRUENE,10.8,10.5,11.0
12B4H,1204,76,1878,Sonstige,9.7,9.4,9.9
12B4H,1204,76,1878,LINKE,9.2,9.1,9.4
12B4H,1204,76,1878,FDP,4.1,3.9,4.2
12B4J,1204,76,1135,CDU,34.9,34.6,36.0
12B4J,1204,76,1135,AFD,15.5,15.0,16.1
12B4J,1204,76,1135,SPD,14.6,14.3,14.7
12B4J,1204,76,1135,Sonstige,9.6,9.4,9.8
12B4J,1204,76,1135,LINKE,9.5,9.3,9.7
12B4J,1204,76,1135,GRUENE,7.7,7.4,8.0
12B4J,1204,76,1135,FDP,4.4,4.2,4.5
12B4K,1204,76,1227,CDU,30.1,30.0,31.2
12B4K,1204,76,1227,SPD,14.1,13.8,14.2
12B4K,1204,76,1227,GRUENE,13.4,13.3,13.6
12B4K,1204,76,1227,AFD,12.7,12.2,13.3
12B4K,1204,76,1227,LINKE,10.9,10.8,11.1
12B4K,1204,76,1227,Sonstige,9.9,9.8,10.1
12B4K,1204,76,1227,FDP,4.5,4.3,4.5
12B4L,1204,76,1271,CDU,36.3,36.0,38.1
12B4L,1204,76,1271,SPD,14.5,14.2,14.6
12B4L,1204,76,1271,AFD,12.0,11.5,12.5
12B4L,1204,76,1271,GRUENE,10.8,10.6,11.0
12B4L,1204,76,1271,LINKE,9.8,9.6,9.9
12B4L,1204,76,1271,Sonstige,8.9,8.7,9.1
12B4L,1204,76,1271,FDP,4.1,3.9,4.3
12B4M,1204,76,1226,CDU,30.7,30.5,31.9
12B4M,1204,76,1226,SPD,15.2,14.9,15.3
12B4M,1204,76,1226,AFD,14.6,14.1,15.1
12B4M,1204,76,1226,GRUENE,11.5,11.4,11.7
12B4M,1204,76,1226,Sonstige,10.7,10.5,10.9
12B4M,1204,76,1226,LINKE,9.4,9.2,9.5
12B4M,1204,76,1226,FDP,4.3,4.1,4.4
12B4N,1204,76,1212,CDU,22.1,21.9,23.7
12B4N,1204,76,1212,GRUENE,15.5,15.3,15.7
12B4N,1204,76,1212,SPD,15.3,15.0,15.4
12B4N,1204,76,1212,LINKE,13.5,13.3,13.8
12B4N,1204,76,1212,AFD,12.7,12.1,13.2
12B4N,1204,76,1212,Sonstige,11.5,11.3,11.7
12B4N,1204,76,1212,FDP,3.9,3.6,4.0
12B4P,1204,76,1174,CDU,26.9,26.7,28.7
12B4P,1204,76,1174,SPD,16.1,15.8,16.3
12B4P,1204,76,1174,AFD,15.1,14.6,15.6
12B4P,1204,76,1174,LINKE,11.4,11.3,11.6
12B4P,1204,76,1174,Sonstige,11.4,11.2,11.6
12B4P,1204,76,1174,GRUENE,9.9,9.7,10.1
12B4P,1204,76,1174,FDP,4.5,4.4,4.5
12B4Q,1204,76,1277,CDU,33.0,32.6,35.6
12B4Q,1204,76,1277,SPD,19.4,19.0,19.7
12B4Q,1204,76,1277,AFD,12.3,11.8,13.1
12B4Q,1204,76,1277,GRUENE,9.6,9.3,9.8
12B4Q,1204,76,1277,LINKE,8.3,8.2,8.5
12B4Q,1204,76,1277,Sonstige,8.0,7.8,8.2
12B4Q,1204,76,1277,FDP,4.4,4.1,4.5
12B4R,1204,76,1074,CDU,28.0,27.8,29.9
12B4R,1204,76,1074,SPD,15.0,14.7,15.2
12B4R,1204,76,1074,AFD,13.7,13.2,14.3
12B4R,1204,76,1074,GRUENE,12.1,11.9,12.3
12B4R,1204,76,1074,LINKE,11.4,11.2,11.7
12B4R,1204,76,1074,Sonstige,10.6,10.4,10.7
12B4R,1204,76,1074,FDP,4.1,3.9,4.2
12B4S,1204,76,1186,CDU,35.6,35.4,36.8
12B4S,1204,76,1186,SPD,14.6,14.3,14.7
12B4S,1204,76,1186,AFD,14.0,13.5,14.5
12B4S,1204,76,1186,LINKE,9.6,9.5,9.8
12B4S,1204,76,1186,Sonstige,9.4,9.2,9.6
12B4S,1204,76,1186,GRUENE,7.9,7.7,8.1
12B4S,1204,76,1186,FDP,4.5,4.4,4.6
12B4T,1204,76,1044,CDU,27.5,27.3,29.2
12B4T,1204,76,1044,SPD,15.4,15.1,15.5
12B4T,1204,76,1044,AFD,15.0,14.5,15.6
12B4T,1204,76,1044,LINKE,11.4,11.3,11.7
12B4T,1204,76,1044,Sonstige,11.4,11.2,11.6
12B4T,1204,76,1044,GRUENE,9.7,9.5,9.9
12B4T,1204,76,1044,FDP,4.1,3.9,4.2
12B4U,1204,76,2265,CDU,32.1,31.9,32.9
12B4U,1204,76,2265,AFD,15.1,14.6,15.8
12B4U,1204,76,2265,SPD,14.1,13.8,14.2
12B4U,1204,76,2265,GRUENE,12.2,11.8,12.4
12B4U,1204,76,2265,Sonstige,9.7,9.5,9.9
12B4U,1204,76,2265,LINKE,8.8,8.6,9.0
12B4U,1204,76,2265,FDP,4.4,4.3,4.5
12B4V,1204,76,1066,CDU,29.7,29.4,30.9
12B4V,1204,76,1066,AFD,13.9,13.3,14.5
12B4V,1204,76,1066,GRUENE,13.7,13.3,13.9
12B4V,1204,76,1066,SPD,13.6,13.3,13.7
12B4V,1204,76,1066,LINKE,10.2,10.0,10.5
12B4V,1204,76,1066,Sonstige,10.0,9.7,10.2
12B4V,1204,76,1066,FDP,4.3,4.0,4.3
12B4W,1204,76,1082,CDU,30.3,30.1,32.5
12B4W,1204,76,1082,SPD,14.7,14.4,14.9
12B4W,1204,76,1082,AFD,13.3,12.6,13.9
12B4W,1204,76,1082,GRUENE,12.1,11.9,12.4
12B4W,1204,76,1082,Sonstige,10.1,9.9,10.3
12B4W,1204,76,1082,LINKE,8.9,8.6,9.3
12B4W,1204,76,1082,FDP,4.2,4.0,4.2
12B4X,1204,76,1048,CDU,22.8,22.5,24.5
12B4X,1204,76,1048,SPD,16.7,16.2,17.0
12B4X,1204,76,1048,LINKE,13.6,13.4,13.9
12B4X,1204,76,1048,GRUENE,13.5,13.2,13.7
12B4X,1204,76,1048,AFD,12.5,12.0,13.1
12B4X,1204,76,1048,Sonstige,11.9,11.6,12.1
12B4X,1204,76,1048,FDP,4.0,3.8,4.2
12B4Y,1204,76,1056,CDU,31.5,31.3,32.8
12B4Y,1204,76,1056,SPD,14.0,13.7,14.1
12B4Y,1204,76,1056,GRUENE,13.9,13.7,14.0
12B4Y,1204,76,1056,AFD,11.7,11.2,12.3
12B4Y,1204,76,1056,LINKE,10.8,10.7,11.0
12B4Y,1204,76,1056,Sonstige,8.8,8.6,9.0
12B4Y,1204,76,1056,FDP,4.3,4.1,4.4
12B4Z,1204,76,1091,CDU,31.3,31.1,33.3
12B4Z,1204,76,1091,SPD,16.5,16.1,16.6
12B4Z,1204,76,1091,AFD,13.5,13.0,14.1
12B4Z,1204,76,1091,LINKE,10.2,10.1,10.4
12B4Z,1204,76,1091,GRUENE,9.9,9.7,10.1
12B4Z,1204,76,1091,Sonstige,9.9,9.7,10.1
12B4Z,1204,76,1091,FDP,4.0,3.8,4.1
12B4ZA,1204,76,1171,CDU,32.7,32.5,33.7
12B4ZA,1204,76,1171,AFD,15.0,14.4,15.7
12B4ZA,1204,76,1171,SPD,14.7,14.4,14.8
12B4ZA,1204,76,1171,Sonstige,10.2,10.1,10.4
12B4ZA,1204,76,1171,GRUENE,9.8,9.5,10.0
12B4ZA,1204,76,1171,LINKE,8.9,8.8,9.1
12B4ZA,1204,76,1171,FDP,4.4,4.2,4.4
12B4ZB,1204,76,1091,CDU,28.6,28.4,29.4
12B4ZB,1204,76,1091,AFD,14.8,14.2,15.4
12B4ZB,1204,76,1091,SPD,14.3,14.0,14.4
12B4ZB,1204,76,1091,GRUENE,11.6,11.4,11.8
12B4ZB,1204,76,1091,Sonstige,11.1,10.8,11.3
12B4ZB,1204,76,1091,LINKE,9.8,9.6,10.1
12B4ZB,1204,76,1091,FDP,4.3,4.1,4.4
12B4ZC,1204,76,1175,CDU,24.9,24.8,26.7
12B4ZC,1204,76,1175,SPD,15.7,15.3,15.9
12B4ZC,1204,76,1175,AFD,14.7,14.1,15.3
12B4ZC,1204,76,1175,LINKE,12.9,12.8,13.2
12B4ZC,1204,76,1175,GRUENE,12.7,12.4,12.9
12B4ZC,1204,76,1175,Sonstige,11.2,11.0,11.4
12B4ZC,1204,76,1175,FDP,4.1,4.0,4.1
12B5A,1205,76,696,CDU,37.3,36.6,38.7
12B5A,1205,76,696,SPD,14.0,13.7,14.2
12B5A,1205,76,696,AFD,13.9,13.2,14.7
12B5A,1205,76,696,GRUENE,12.0,11.4,12.1
12B5A,1205,76,696,Sonstige,8.0,7.7,8.2
12B5A,1205,76,696,LINKE,6.3,6.1,6.5
12B5A,1205,76,696,FDP,4.5,4.2,4.6
12B5B,1205,76,955,CDU,35.2,34.5,37.0
12B5B,1205,76,955,AFD,16.6,15.9,17.2
12B5B,1205,76,955,SPD,14.2,13.9,14.4
12B5B,1205,76,955,GRUENE,9.1,8.6,9.2
12B5B,1205,76,955,Sonstige,9.0,8.8,9.3
12B5B,1205,76,955,LINKE,7.7,7.5,7.8
12B5B,1205,76,955,FDP,4.7,4.5,4.8
12B5C,1205,76,984,CDU,36.5,35.9,38.0
12B5C,1205,76,984,SPD,14.2,13.9,14.3
12B5C,1205,76,984,AFD,14.1,13.4,14.8
12B5C,1205,76,984,GRUENE,12.8,12.2,13.0
12B5C,1205,76,984,Sonstige,7.7,7.4,7.8
12B5C,1205,76,984,LINKE,6.9,6.7,7.1
12B5C,1205,76,984,FDP,4.4,4.1,4.5
12B5D,1205,76,2081,CDU,34.5,34.1,35.9
12B5D,1205,76,2081,AFD,17.8,17.1,18.4
12B5D,1205,76,2081,SPD,16.6,16.2,16.7
12B5D,1205,76,2081,Sonstige,10.8,10.5,10.9
12B5D,1205,76,2081,LINKE,9.3,9.2,9.5
12B5D,1205,76,2081,GRUENE,4.8,4.2,5.1
12B5D,1205,76,2081,FDP,4.1,3.9,4.2
12B5E,1205,76,2483,CDU,35.9,35.4,37.5
12B5E,1205,76,2483,AFD,18.5,17.8,19.2
12B5E,1205,76,2483,SPD,14.4,14.2,14.6
12B5E,1205,76,2483,Sonstige,11.1,10.8,11.3
12B5E,1205,76,2483,LINKE,8.9,8.7,9.1
12B5E,1205,76,2483,GRUENE,5.2,4.4,5.5
12B5E,1205,76,2483,FDP,4.1,3.9,4.1
12B5F,1205,76,2986,CDU,31.6,31.1,33.7
12B5F,1205,76,2986,AFD,18.2,17.5,18.9
12B5F,1205,76,2986,SPD,14.5,14.2,14.6
12B5F,1205,76,2986,Sonstige,11.3,11.0,11.5
12B5F,1205,76,2986,LINKE,10.3,10.2,10.6
12B5F,1205,76,2986,GRUENE,7.4,6.5,7.7
12B5F,1205,76,2986,FDP,4.0,3.8,4.0
12B5G,1205,76,2616,CDU,31.4,30.9,33.1
12B5G,1205,76,2616,AFD,18.5,17.8,19.1
12B5G,1205,76,2616,SPD,16.0,15.7,16.1
12B5G,1205,76,2616,Sonstige,11.6,11.3,11.8
12B5G,1205,76,2616,LINKE,10.8,10.7,11.1
12B5G,1205,76,2616,GRUENE,5.2,4.5,5.6
12B5G,1205,76,2616,FDP,3.9,3.7,4.0
12B5H,1205,76,2015,CDU,27.7,27.3,30.5
12B5H,1205,76,2015,AFD,18.9,18.2,19.5
12B5H,1205,76,2015,SPD,17.0,16.6,17.1
12B5H,1205,76,2015,Sonstige,15.8,15.5,16.0
12B5H,1205,76,2015,LINKE,10.5,10.2,10.7
12B5H,1205,76,2015,GRUENE,5.9,5.1,6.1
12B5H,1205,76,2015,FDP,3.3,3.2,3.4
12B5J,1205,76,2018,CDU,33.9,33.5,35.8
12B5J,1205,76,2018,AFD,16.8,16.1,17.5
12B5J,1205,76,2018,SPD,16.5,16.2,16.6
12B5J,1205,76,2018,LINKE,10.4,10.3,10.6
12B5J,1205,76,2018,Sonstige,10.4,10.2,10.5
12B5J,1205,76,2018,GRUENE,6.3,5.6,6.6
12B5J,1205,76,2018,FDP,4.2,4.0,4.4
12B5K,1205,76,2038,CDU,34.4,33.9,36.5
12B5K,1205,76,2038,AFD,17.3,16.6,18.0
12B5K,1205,76,2038,SPD,14.8,14.5,14.9
12B5K,1205,76,2038,Sonstige,11.1,10.9,11.3
12B5K,1205,76,2038,LINKE,10.8,10.6,11.0
12B5K,1205,76,2038,GRUENE,6.5,5.6,6.9
12B5K,1205,76,2038,FDP,4.0,3.7,4.2
12B5L,1205,76,3104,CDU,33.3,32.8,34.7
12B5L,1205,76,3104,AFD,18.9,18.2,19.6
12B5L,1205,76,3104,SPD,15.0,14.7,15.1
12B5L,1205,76,3104,Sonstige,12.7,12.4,12.9
12B5L,1205,76,3104,LINKE,9.4,9.2,9.6
12B5L,1205,76,3104,GRUENE,5.2,4.3,5.6
12B5L,1205,76,3104,FDP,3.9,3.7,4.0
12B5M,1205,76,1953,CDU,34.4,33.9,36.3
12B5M,1205,76,1953,AFD,16.1,15.5,16.8
12B5M,1205,76,1953,SPD,15.5,15.3,15.7
12B5M,1205,76,1953,LINKE,11.2,11.0,11.4
12B5M,1205,76,1953,Sonstige,10.2,9.9,10.4
12B5M,1205,76,1953,GRUENE,6.5,5.9,6.8
12B5M,1205,76,1953,FDP,4.1,3.9,4.1
12B5N,1205,76,865,CDU,36.1,35.5,37.7
12B5N,1205,76,865,AFD,16.1,15.5,16.7
12B5N,1205,76,865,SPD,14.9,14.6,15.1
12B5N,1205,76,865,LINKE,10.8,10.7,11.0
12B5N,1205,76,865,Sonstige,8.5,8.3,8.7
12B5N,1205,76,865,GRUENE,7.1,6.5,7.4
12B5N,1205,76,865,FDP,4.5,4.2,4.7
12B5P,1205,76,983,CDU,36.7,36.2,38.0
12B5P,1205,76,983,AFD,14.4,13.7,15.2
12B5P,1205,76,983,SPD,14.2,13.9,14.4
12B5P,1205,76,983,GRUENE,12.5,11.9,12.6
12B5P,1205,76,983,Sonstige,7.9,7.6,8.0
12B5P,1205,76,983,LINKE,6.4,6.2,6.6
12B5P,1205,76,983,FDP,4.6,4.4,4.8
12B5Q,1205,76,795,CDU,30.3,29.8,32.6
12B5Q,1205,76,795,AFD,18.8,18.1,19.5
12B5Q,1205,76,795,SPD,15.8,15.5,16.0
12B5Q,1205,76,795,Sonstige,12.5,12.3,12.7
12B5Q,1205,76,795,LINKE,10.9,10.7,11.1
12B5Q,1205,76,795,GRUENE,5.4,4.6,5.8
12B5Q,1205,76,795,FDP,3.9,3.7,4.1
12B6A,1206,76,917,CDU,36.9,36.6,38.3
12B6A,1206,76,917,SPD,14.2,13.9,14.3
12B6A,1206,76,917,GRUENE,12.5,12.3,12.7
12B6A,1206,76,917,AFD,11.4,11.0,11.7
12B6A,1206,76,917,LINKE,7.1,6.9,7.3
12B6A,1206,76,917,Sonstige,6.8,6.6,7.0
12B6A,1206,76,917,FDP,5.4,5.2,5.5
12B6B,1206,76,899,CDU,39.4,39.2,40.1
12B6B,1206,76,899,GRUENE,13.9,13.8,14.1
12B6B,1206,76,899,SPD,12.9,12.6,13.1
12B6B,1206,76,899,AFD,11.3,11.0,11.7
12B6B,1206,76,899,FDP,6.1,5.8,6.2
12B6B,1206,76,899,Sonstige,5.9,5.7,6.1
12B6B,1206,76,899,LINKE,5.5,5.4,5.7
12B6C,1206,76,893,CDU,37.1,36.8,38.9
12B6C,1206,76,893,SPD,15.1,14.8,15.3
12B6C,1206,76,893,GRUENE,12.0,11.8,12.3
12B6C,1206,76,893,AFD,11.6,11.3,11.9
12B6C,1206,76,893,Sonstige,7.5,7.4,7.7
12B6C,1206,76,893,LINKE,6.6,6.5,6.8
12B6C,1206,76,893,FDP,4.8,4.5,4.8
12B6D,1206,76,1041,CDU,35.7,35.5,37.0
12B6D,1206,76,1041,GRUENE,15.6,15.4,15.9
12B6D,1206,76,1041,SPD,13.7,13.4,13.9
12B6D,1206,76,1041,AFD,8.7,8.4,9.0
12B6D,1206,76,1041,LINKE,7.0,6.9,7.2
12B6D,1206,76,1041,FDP,5.9,5.7,6.0
12B6D,1206,76,1041,Sonstige,5.9,5.7,6.1
12B6E,1206,76,874,CDU,38.1,37.8,39.8
12B6E,1206,76,874,SPD,14.5,14.2,14.7
12B6E,1206,76,874,GRUENE,13.5,13.2,13.9
12B6E,1206,76,874,AFD,10.6,10.3,10.9
12B6E,1206,76,874,Sonstige,6.6,6.4,6.8
12B6E,1206,76,874,LINKE,6.1,5.9,6.3
12B6E,1206,76,874,FDP,5.6,5.3,5.6
12B6F,1206,76,906,CDU,35.3,35.1,36.3
12B6F,1206,76,906,GRUENE,15.1,14.9,15.4
12B6F,1206,76,906,SPD,14.3,14.0,14.5
12B6F,1206,76,906,AFD,9.0,8.7,9.4
12B6F,1206,76,906,LINKE,7.4,7.3,7.6
12B6F,1206,76,906,Sonstige,6.0,5.8,6.3
12B6F,1206,76,906,FDP,6.0,5.8,6.1
12B6G,1206,76,989,CDU,38.4,38.1,39.5
12B6G,1206,76,989,SPD,13.6,13.4,13.8
12B6G,1206,76,989,AFD,12.2,11.8,12.5
12B6G,1206,76,989,LINKE,10.2,10.1,10.4
12B6G,1206,76,989,GRUENE,8.8,8.7,9.0
12B6G,1206,76,989,Sonstige,6.3,6.2,6.6
12B6G,1206,76,989,FDP,5.9,5.6,6.1
12B6H,1206,76,868,CDU,37.8,37.5,39.3
12B6H,1206,76,868,SPD,14.9,14.5,15.1
12B6H,1206,76,868,GRUENE,13.0,12.7,13.3
12B6H,1206,76,868,AFD,9.6,9.4,9.9
12B6H,1206,76,868,LINKE,6.1,6.0,6.3
12B6H,1206,76,868,Sonstige,6.1,5.9,6.3
12B6H,1206,76,868,FDP,5.7,5.5,5.8
12B6J,1206,76,977,CDU,36.2,36.0,38.1
12B6J,1206,76,977,GRUENE,15.7,15.3,16.2
12B6J,1206,76,977,SPD,14.4,14.1,14.6
12B6J,1206,76,977,AFD,10.0,9.7,10.4
12B6J,1206,76,977,Sonstige,6.1,5.8,6.3
12B6J,1206,76,977,FDP,5.8,5.6,5.9
12B6J,1206,76,977,LINKE,5.3,5.1,5.5
12B6K,1206,76,969,CDU,37.0,36.8,38.3
12B6K,1206,76,969,SPD,14.0,13.7,14.2
12B6K,1206,76,969,GRUENE,11.9,11.6,12.1
12B6K,1206,76,969,AFD,10.8,10.5,11.1
12B6K,1206,76,969,LINKE,7.6,7.5,7.8
12B6K,1206,76,969,FDP,6.1,5.9,6.2
12B6K,1206,76,969,Sonstige,5.6,5.5,5.8
12B6L,1206,76,907,CDU,37.4,37.2,38.7
12B6L,1206,76,907,SPD,14.8,14.5,14.9
12B6L,1206,76,907,AFD,11.5,11.2,11.7
12B6L,1206,76,907,GRUENE,11.4,11.3,11.6
12B6L,1206,76,907,LINKE,6.9,6.8,7.1
12B6L,1206,76,907,Sonstige,6.5,6.3,6.8
12B6L,1206,76,907,FDP,5.4,5.2,5.5
12B6M,1206,76,985,CDU,34.0,33.8,35.9
12B6M,1206,76,985,SPD,16.1,15.7,16.2
12B6M,1206,76,985,GRUENE,11.9,11.7,12.3
12B6M,1206,76,985,AFD,10.3,10.0,10.6
12B6M,1206,76,985,Sonstige,7.4,7.1,7.5
12B6M,1206,76,985,LINKE,6.9,6.8,7.0
12B6M,1206,76,985,FDP,5.7,5.5,5.8
12B6N,1206,76,1079,CDU,36.8,36.6,38.3
12B6N,1206,76,1079,SPD,13.8,13.5,13.9
12B6N,1206,76,1079,GRUENE,12.8,12.5,13.0
12B6N,1206,76,1079,AFD,10.6,10.2,10.8
12B6N,1206,76,1079,LINKE,7.7,7.6,7.9
12B6N,1206,76,1079,FDP,6.3,6.0,6.5
12B6N,1206,76,1079,Sonstige,5.4,5.2,5.5
12B6P,1206,76,757,CDU,34.0,33.8,35.3
12B6P,1206,76,757,SPD,14.7,14.4,14.8
12B6P,1206,76,757,GRUENE,14.3,14.2,14.5
12B6P,1206,76,757,AFD,10.8,10.4,11.1
12B6P,1206,76,757,LINKE,7.7,7.6,7.8
12B6P,1206,76,757,Sonstige,7.1,6.9,7.4
12B6P,1206,76,757,FDP,5.5,5.3,5.6
12B6Q,1206,76,915,CDU,36.5,36.2,38.1
12B6Q,1206,76,915,SPD,14.6,14.3,14.8
12B6Q,1206,76,915,GRUENE,12.6,12.5,12.9
12B6Q,1206,76,915,AFD,10.6,10.3,11.1
12B6Q,1206,76,915,LINKE,7.7,7.6,7.8
12B6Q,1206,76,915,Sonstige,6.7,6.5,6.9
12B6Q,1206,76,915,FDP,5.2,5.0,5.2
12B6R,1206,76,997,CDU,35.8,35.6,37.1
12B6R,1206,76,997,SPD,14.4,14.1,14.6
12B6R,1206,76,997,GRUENE,14.0,13.8,14.1
12B6R,1206,76,997,AFD,11.0,10.7,11.3
12B6R,1206,76,997,LINKE,6.5,6.4,6.7
12B6R,1206,76,997,Sonstige,5.9,5.7,6.1
12B6R,1206,76,997,FDP,5.4,5.2,5.5
12B6S,1206,76,690,CDU,33.1,32.9,34.4
12B6S,1206,76,690,GRUENE,14.5,14.4,14.7
12B6S,1206,76,690,SPD,14.4,14.1,14.5
12B6S,1206,76,690,AFD,10.0,9.7,10.3
12B6S,1206,76,690,LINKE,9.6,9.5,9.8
12B6S,1206,76,690,Sonstige,7.0,6.8,7.2
12B6S,1206,76,690,FDP,5.4,5.2,5.4
12B6T,1206,76,944,CDU,33.9,33.7,35.3
12B6T,1206,76,944,GRUENE,14.8,14.6,15.0
12B6T,1206,76,944,SPD,14.4,14.2,14.5
12B6T,1206,76,944,AFD,10.3,10.0,10.6
12B6T,1206,76,944,LINKE,9.7,9.6,9.9
12B6T,1206,76,944,Sonstige,7.4,7.3,7.6
12B6T,1206,76,944,FDP,4.6,4.4,4.7
12B6U,1206,76,977,CDU,31.9,31.8,33.5
12B6U,1206,76,977,GRUENE,16.3,16.0,16.4
12B6U,1206,76,977,SPD,13.9,13.6,14.0
12B6U,1206,76,977,AFD,10.7,10.3,11.0
12B6U,1206,76,977,LINKE,9.3,9.2,9.4
12B6U,1206,76,977,Sonstige,7.8,7.5,8.0
12B6U,1206,76,977,FDP,4.6,4.3,4.7
12B6V,1206,76,964,CDU,36.0,35.8,37.6
12B6V,1206,76,964,SPD,15.3,15.0,15.4
12B6V,1206,76,964,GRUENE,12.3,12.2,12.4
12B6V,1206,76,964,AFD,10.4,10.1,10.7
12B6V,1206,76,964,Sonstige,6.9,6.7,7.0
12B6V,1206,76,964,LINKE,6.4,6.2,6.5
12B6V,1206,76,964,FDP,5.3,5.1,5.3
12B6W,1206,76,921,CDU,34.3,34.2,35.7
12B6W,1206,76,921,SPD,14.8,14.5,14.9
12B6W,1206,76,921,GRUENE,13.4,13.2,13.5
12B6W,1206,76,921,AFD,11.5,11.2,11.7
12B6W,1206,76,921,LINKE,8.8,8.7,9.0
12B6W,1206,76,921,Sonstige,5.9,5.8,6.1
12B6W,1206,76,921,FDP,5.1,4.9,5.2
12B6X,1206,76,1080,CDU,36.8,36.5,38.6
12B6X,1206,76,1080,SPD,15.7,15.5,15.9
12B6X,1206,76,1080,AFD,11.4,11.0,11.7
12B6X,1206,76,1080,GRUENE,10.5,10.3,10.7
12B6X,1206,76,1080,LINKE,8.1,7.9,8.3
12B6X,1206,76,1080,Sonstige,6.7,6.6,6.9
12B6X,1206,76,1080,FDP,4.7,4.5,4.7
12B6Y,1206,76,877,CDU,35.0,34.8,36.9
12B6Y,1206,76,877,SPD,15.1,14.8,15.2
12B6Y,1206,76,877,GRUENE,13.5,13.4,13.6
12B6Y,1206,76,877,AFD,11.0,10.7,11.3
12B6Y,1206,76,877,LINKE,8.3,8.1,8.4
12B6Y,1206,76,877,Sonstige,5.8,5.7,6.0
12B6Y,1206,76,877,FDP,4.9,4.7,4.9
12B6Z,1206,76,1132,CDU,36.3,36.1,37.8
12B6Z,1206,76,1132,SPD,15.9,15.5,16.0
12B6Z,1206,76,1132,AFD,13.3,12.9,13.6
12B6Z,1206,76,1132,GRUENE,11.8,11.4,12.1
12B6Z,1206,76,1132,LINKE,7.6,7.5,7.8
12B6Z,1206,76,1132,Sonstige,7.0,6.7,7.2
12B6Z,1206,76,1132,FDP,4.7,4.5,4.9
12B6ZA,1206,76,1118,CDU,29.0,28.8,30.6
12B6ZA,1206,76,1118,SPD,16.9,16.6,17.0
12B6ZA,1206,76,1118,GRUENE,13.3,13.0,13.6
12B6ZA,1206,76,1118,AFD,11.3,10.8,11.6
12B6ZA,1206,76,1118,LINKE,10.1,9.9,10.3
12B6ZA,1206,76,1118,Sonstige,8.4,8.2,8.6
12B6ZA,1206,76,1118,FDP,4.3,3.9,4.5
12B6ZB,1206,76,1007,CDU,35.7,35.5,36.9
12B6ZB,1206,76,1007,SPD,14.1,13.8,14.3
12B6ZB,1206,76,1007,GRUENE,13.2,12.9,13.5
12B6ZB,1206,76,1007,AFD,9.6,9.3,9.9
12B6ZB,1206,76,1007,LINKE,7.4,7.3,7.6
12B6ZB,1206,76,1007,Sonstige,7.0,6.8,7.2
12B6ZB,1206,76,1007,FDP,5.9,5.7,6.0
12B6ZC,1206,76,833,CDU,31.5,31.3,32.9
12B6ZC,1206,76,833,GRUENE,18.2,18.0,18.3
12B6ZC,1206,76,833,SPD,14.2,14.0,14.3
12B6ZC,1206,76,833,AFD,9.3,9.1,9.6
12B6ZC,1206,76,833,LINKE,7.3,7.2,7.5
12B6ZC,1206,76,833,Sonstige,7.2,6.9,7.4
12B6ZC,1206,76,833,FDP,4.5,4.3,4.6
12B6ZD,1206,76,521,CDU,31.3,31.1,33.2
12B6ZD,1206,76,521,GRUENE,16.8,16.5,17.0
12B6ZD,1206,76,521,SPD,15.4,15.0,15.6
12B6ZD,1206,76,521,AFD,9.5,9.2,9.9
12B6ZD,1206,76,521,Sonstige,7.6,7.3,7.8
12B6ZD,1206,76,521,LINKE,7.1,7.0,7.3
12B6ZD,1206,76,521,FDP,4.7,4.4,4.8
12B6ZE,1206,76,781,CDU,32.5,32.3,34.3
12B6ZE,1206,76,781,SPD,15.3,15.0,15.4
12B6ZE,1206,76,781,GRUENE,14.1,14.0,14.2
12B6ZE,1206,76,781,AFD,10.6,10.4,10.9
12B6ZE,1206,76,781,LINKE,8.7,8.6,8.8
12B6ZE,1206,76,781,Sonstige,7.7,7.5,7.9
12B6ZE,1206,76,781,FDP,5.5,5.3,5.6
12B6ZF,1206,76,815,CDU,36.2,36.0,37.8
12B6ZF,1206,76,815,SPD,14.4,14.1,14.5
12B6ZF,1206,76,815,GRUENE,13.3,13.2,13.5
12B6ZF,1206,76,815,AFD,10.6,10.3,10.8
12B6ZF,1206,76,815,LINKE,8.1,8.0,8.3
12B6ZF,1206,76,815,Sonstige,7.9,7.7,8.1
12B6ZF,1206,76,815,FDP,4.7,4.5,4.8
