id,AGH_WK,BTW_WK,registered_voters,party,predicted_share,lo,hi
01W101,0101,74,804,GRUENE,27.2,27.0,27.5
01W101,0101,74,804,LINKE,23.8,23.6,24.0
01W101,0101,74,804,AFD,13.7,12.5,14.0
01W101,0101,74,804,CDU,13.3,13.2,13.5
01W101,0101,74,804,Sonstige,11.0,10.8,11.1
01W101,0101,74,804,SPD,9.6,9.2,9.7
01W101,0101,74,804,FDP,2.8,2.7,3.0
01W102,0101,74,843,GRUENE,33.5,33.2,33.7
01W102,0101,74,843,LINKE,27.4,27.1,27.5
01W102,0101,74,843,CDU,11.2,11.0,11.4
01W102,0101,74,843,Sonstige,9.4,9.3,9.5
01W102,0101,74,843,SPD,9.3,8.6,9.5
01W102,0101,74,843,AFD,9.1,8.0,9.4
01W102,0101,74,843,FDP,3.1,3.1,3.4
01W103,0101,74,795,GRUENE,36.1,35.8,36.3
01W103,0101,74,795,LINKE,28.0,27.7,28.1
01W103,0101,74,795,CDU,10.0,9.7,10.2
01W103,0101,74,795,AFD,9.0,8.1,9.3
01W103,0101,74,795,Sonstige,8.8,8.6,8.9
01W103,0101,74,795,SPD,8.6,8.3,8.8
01W103,0101,74,795,FDP,3.3,3.2,3.4
01W104,0101,74,854,GRUENE,32.7,32.4,32.9
01W104,0101,74,854,LINKE,26.1,25.8,26.2
01W104,0101,74,854,CDU,10.8,10.7,11.1
01W104,0101,74,854,SPD,10.6,10.4,10.8
01W104,0101,74,854,AFD,10.1,9.7,10.5
01W104,0101,74,854,Sonstige,8.6,8.5,8.8
01W104,0101,74,854,FDP,3.5,3.4,3.6
01W105,0101,74,358,GRUENE,25.3,25.1,25.5
01W105,0101,74,358,LINKE,23.5,23.2,23.6
01W105,0101,74,358,AFD,15.9,15.2,16.2
01W105,0101,74,358,CDU,15.5,15.4,15.8
01W105,0101,74,358,Sonstige,10.7,10.5,10.8
01W105,0101,74,358,SPD,8.5,8.3,8.9
01W105,0101,74,358,FDP,3.7,3.6,3.8
01W106,0101,74,1394,GRUENE,27.8,27.5,28.3
01W106,0101,74,1394,CDU,17.5,17.4,17.9
01W106,0101,74,1394,LINKE,16.5,16.1,16.8
01W106,0101,74,1394,Sonstige,13.5,13.2,13.6
01W106,0101,74,1394,SPD,9.0,8.3,9.4
01W106,0101,74,1394,AFD,6.2,4.4,6.7
01W106,0101,74,1394,FDP,3.1,3.0,3.5
01W107,0101,74,904,GRUENE,33.5,33.2,33.8
01W107,0101,74,904,LINKE,27.1,26.9,27.2
01W107,0101,74,904,CDU,10.7,10.4,10.9
01W107,0101,74,904,Sonstige,9.9,9.7,10.0
01W107,0101,74,904,AFD,9.8,9.1,10.0
01W107,0101,74,904,SPD,8.7,8.5,9.1
01W107,0101,74,904,FDP,3.5,3.4,3.6
01W108,0101,74,843,GRUENE,34.8,34.5,35.1
01W108,0101,74,843,LINKE,25.5,25.3,25.6
01W108,0101,74,843,CDU,12.0,11.8,12.3
01W108,0101,74,843,SPD,9.1,8.9,9.4
01W108,0101,74,843,Sonstige,8.9,8.8,9.1
01W108,0101,74,843,AFD,7.8,7.2,8.1
01W108,0101,74,843,FDP,3.7,3.7,3.8
01W109,0101,74,695,GRUENE,31.8,31.6,32.1
01W109,0101,74,695,LINKE,27.2,26.9,27.3
01W109,0101,74,695,CDU,11.1,10.9,11.3
01W109,0101,74,695,AFD,10.7,10.2,11.0
01W109,0101,74,695,Sonstige,10.6,10.4,10.7
01W109,0101,74,695,SPD,7.3,7.1,8.4
01W109,0101,74,695,FDP,3.0,2.9,3.2
01W110,0101,74,1080,AFD,22.7,22.3,23.8
01W110,0101,74,1080,LINKE,21.8,21.4,22.0
01W110,0101,74,1080,CDU,21.0,20.9,21.4
01W110,0101,74,1080,GRUENE,13.2,12.9,13.5
01W110,0101,74,1080,SPD,12.1,11.8,12.4
01W110,0101,74,1080,Sonstige,9.5,9.4,9.7
01W110,0101,74,1080,FDP,2.2,2.1,2.5
01W111,0101,74,473,GRUENE,26.8,26.6,27.0
01W111,0101,74,473,LINKE,24.2,23.9,24.4
01W111,0101,74,473,AFD,14.5,13.6,14.8
01W111,0101,74,473,CDU,12.7,12.6,12.9
01W111,0101,74,473,Sonstige,10.8,10.5,11.0
01W111,0101,74,473,SPD,9.6,9.3,9.9
01W111,0101,74,473,FDP,2.8,2.7,3.0
01W112,0101,74,847,GRUENE,31.7,31.5,32.0
01W112,0101,74,847,LINKE,16.8,16.6,17.0
01W112,0101,74,847,CDU,16.7,16.6,16.9
01W112,0101,74,847,SPD,10.6,9.5,10.8
01W112,0101,74,847,Sonstige,10.4,10.2,10.5
01W112,0101,74,847,AFD,9.4,8.5,9.6
01W112,0101,74,847,FDP,3.9,3.8,4.1
01W113,0101,74,920,GRUENE,34.5,34.2,34.8
01W113,0101,74,920,LINKE,26.6,26.4,26.7
01W113,0101,74,920,CDU,10.9,10.7,11.1
01W113,0101,74,920,Sonstige,10.1,9.9,10.2
01W113,0101,74,920,AFD,8.9,8.3,9.1
01W113,0101,74,920,SPD,8.3,8.1,9.1
01W113,0101,74,920,FDP,3.4,3.3,3.5
01W114,0101,74,1011,GRUENE,29.8,29.6,30.3
01W114,0101,74,1011,LINKE,20.7,20.3,21.0
01W114,0101,74,1011,CDU,15.4,15.3,15.8
01W114,0101,74,1011,Sonstige,10.6,10.4,10.7
01W114,0101,74,1011,SPD,8.9,7.5,9.1
01W114,0101,74,1011,AFD,8.8,7.3,9.1
01W114,0101,74,1011,FDP,3.6,3.5,4.0
01W115,0101,74,926,GRUENE,33.8,33.4,34.0
01W115,0101,74,926,LINKE,24.5,24.2,24.6
01W115,0101,74,926,CDU,12.5,12.3,12.8
01W115,0101,74,926,SPD,9.5,9.4,10.0
01W115,0101,74,926,Sonstige,9.0,8.8,9.1
01W115,0101,74,926,AFD,8.8,8.3,9.1
01W115,0101,74,926,FDP,3.8,3.7,3.9
01W116,0101,74,809,GRUENE,31.5,31.3,31.8
01W116,0101,74,809,LINKE,29.3,28.9,29.4
01W116,0101,74,809,CDU,13.0,12.8,13.2
01W116,0101,74,809,SPD,9.1,8.7,9.3
01W116,0101,74,809,AFD,8.0,7.2,8.3
01W116,0101,74,809,Sonstige,7.4,7.2,7.5
01W116,0101,74,809,FDP,4.0,3.9,4.1
01W117,0101,74,1464,GRUENE,25.4,25.1,26.0
01W117,0101,74,1464,LINKE,20.6,20.1,20.9
01W117,0101,74,1464,CDU,16.1,15.9,16.4
01W117,0101,74,1464,Sonstige,11.8,11.6,12.0
01W117,0101,74,1464,SPD,10.8,9.1,11.1
01W117,0101,74,1464,AFD,8.9,8.1,9.3
01W117,0101,74,1464,FDP,2.1,2.0,2.7
01W118,0101,74,682,GRUENE,33.2,32.9,33.4
01W118,0101,74,682,LINKE,25.9,25.6,26.0
01W118,0101,74,682,Sonstige,10.9,10.7,11.0
01W118,0101,74,682,CDU,10.0,9.8,10.2
01W118,0101,74,682,AFD,10.0,9.3,10.2
01W118,0101,74,682,SPD,8.2,8.0,8.7
01W118,0101,74,682,FDP,3.0,3.0,3.3
01W119,0101,74,823,GRUENE,29.9,29.7,30.2
01W119,0101,74,823,LINKE,21.5,21.2,21.6
01W119,0101,74,823,CDU,15.2,15.1,15.4
01W119,0101,74,823,SPD,10.9,10.3,11.2
01W119,0101,74,823,Sonstige,9.2,9.0,9.3
01W119,0101,74,823,AFD,8.7,7.8,9.0
01W119,0101,74,823,FDP,4.0,3.9,4.1
01W120,0101,74,920,GRUENE,33.1,32.7,33.3
01W120,0101,74,920,LINKE,24.9,24.6,25.0
01W120,0101,74,920,CDU,13.1,12.8,13.3
01W120,0101,74,920,SPD,9.9,9.5,10.1
01W120,0101,74,920,Sonstige,9.7,9.6,9.8
01W120,0101,74,920,AFD,6.0,5.3,6.3
01W120,0101,74,920,FDP,4.3,4.2,4.4
01W121,0101,74,915,GRUENE,26.7,26.5,27.0
01W121,0101,74,915,LINKE,24.5,24.2,24.7
01W121,0101,74,915,CDU,15.6,15.4,15.9
01W121,0101,74,915,AFD,12.7,11.9,12.9
01W121,0101,74,915,Sonstige,9.5,9.3,9.6
01W121,0101,74,915,SPD,8.3,8.1,8.6
01W121,0101,74,915,FDP,4.1,3.9,4.2
01W122,0101,74,906,GRUENE,32.2,32.0,32.5
01W122,0101,74,906,LINKE,28.1,27.9,28.2
01W122,0101,74,906,CDU,10.7,10.5,10.9
01W122,0101,74,906,Sonstige,10.4,10.3,10.5
01W122,0101,74,906,SPD,8.8,8.6,9.0
01W122,0101,74,906,AFD,8.2,7.2,8.5
01W122,0101,74,906,FDP,3.3,3.2,3.5
01W123,0101,74,1019,GRUENE,31.0,30.8,31.3
01W123,0101,74,1019,LINKE,27.8,27.6,28.0
01W123,0101,74,1019,Sonstige,10.8,10.6,10.9
01W123,0101,74,1019,AFD,10.6,9.9,11.0
01W123,0101,74,1019,CDU,10.2,10.0,10.4
01W123,0101,74,1019,SPD,9.1,8.9,9.3
01W123,0101,74,1019,FDP,3.2,3.2,3.4
01W124,0101,74,979,GRUENE,28.4,28.1,28.7
01W124,0101,74,979,LINKE,22.6,22.3,22.7
01W124,0101,74,979,CDU,16.4,16.3,16.6
01W124,0101,74,979,SPD,10.4,9.6,10.6
01W124,0101,74,979,AFD,9.9,8.8,10.0
01W124,0101,74,979,Sonstige,8.0,7.8,8.1
01W124,0101,74,979,FDP,4.3,4.2,4.4
01W125,0101,74,1425,GRUENE,25.0,24.8,25.3
01W125,0101,74,1425,LINKE,22.2,21.8,22.4
01W125,0101,74,1425,CDU,15.0,14.9,15.3
01W125,0101,74,1425,AFD,12.2,11.6,12.6
01W125,0101,74,1425,SPD,11.3,9.9,11.6
01W125,0101,74,1425,Sonstige,10.5,10.3,10.7
01W125,0101,74,1425,FDP,2.6,2.5,3.0
01W126,0101,74,1032,GRUENE,35.1,34.8,35.5
01W126,0101,74,1032,LINKE,25.8,25.6,26.0
01W126,0101,74,1032,CDU,10.2,10.1,10.5
01W126,0101,74,1032,SPD,9.5,9.3,9.8
01W126,0101,74,1032,Sonstige,9.4,9.3,9.6
01W126,0101,74,1032,AFD,6.7,6.0,7.0
01W126,0101,74,1032,FDP,3.4,3.3,3.7
01W127,0101,74,959,GRUENE,30.4,30.0,30.7
01W127,0101,74,959,LINKE,26.7,26.4,26.8
01W127,0101,74,959,CDU,13.1,13.0,13.4
01W127,0101,74,959,AFD,10.6,10.2,11.0
01W127,0101,74,959,Sonstige,9.2,9.0,9.4
01W127,0101,74,959,SPD,7.7,7.6,9.0
01W127,0101,74,959,FDP,4.1,3.9,4.2
01W128,0101,74,931,LINKE,26.3,25.9,26.5
01W128,0101,74,931,GRUENE,23.2,22.9,23.5
01W128,0101,74,931,AFD,15.4,14.8,15.8
01W128,0101,74,931,CDU,14.2,14.1,14.5
01W128,0101,74,931,Sonstige,10.3,10.2,10.5
01W128,0101,74,931,SPD,9.0,8.7,9.2
01W128,0101,74,931,FDP,3.4,3.3,3.6
01W129,0101,74,778,GRUENE,26.7,26.4,27.0
01W129,0101,74,778,LINKE,26.2,25.9,26.4
01W129,0101,74,778,CDU,13.7,13.5,14.0
01W129,0101,74,778,AFD,12.2,11.6,12.6
01W129,0101,74,778,Sonstige,10.1,9.9,10.2
01W129,0101,74,778,SPD,8.7,8.5,9.2
01W129,0101,74,778,FDP,3.9,3.8,4.0
01W130,0101,74,731,GRUENE,27.8,27.6,28.1
01W130,0101,74,731,LINKE,23.7,23.3,23.8
01W130,0101,74,731,CDU,17.5,17.3,17.8
01W130,0101,74,731,SPD,10.1,9.2,10.3
01W130,0101,74,731,AFD,9.5,8.7,9.8
01W130,0101,74,731,Sonstige,7.1,6.9,7.2
01W130,0101,74,731,FDP,4.9,4.7,5.0
01W131,0101,74,955,GRUENE,27.3,27.0,27.6
01W131,0101,74,955,LINKE,23.2,22.9,23.3
01W131,0101,74,955,CDU,15.6,15.4,15.8
01W131,0101,74,955,AFD,13.1,12.2,13.3
01W131,0101,74,955,SPD,10.6,9.5,10.8
01W131,0101,74,955,Sonstige,8.4,8.3,8.5
01W131,0101,74,955,FDP,3.7,3.7,3.9
01W132,0101,74,943,LINKE,22.6,22.3,22.8
01W132,0101,74,943,GRUENE,22.2,22.0,22.5
01W132,0101,74,943,CDU,20.1,20.0,20.4
01W132,0101,74,943,AFD,11.6,11.0,12.1
01W132,0101,74,943,Sonstige,10.3,10.1,10.4
01W132,0101,74,943,SPD,9.7,9.5,10.3
01W132,0101,74,943,FDP,4.0,3.8,4.1
01W133,0101,74,957,GRUENE,27.3,27.0,28.0
01W133,0101,74,957,CDU,18.6,18.4,19.0
01W133,0101,74,957,LINKE,14.8,14.4,15.2
01W133,0101,74,957,Sonstige,13.2,12.9,13.4
01W133,0101,74,957,SPD,9.5,7.7,10.0
01W133,0101,74,957,AFD,8.5,5.9,9.1
01W133,0101,74,957,FDP,2.9,2.8,3.5
01W201,0102,74,1052,LINKE,27.7,27.4,27.9
01W201,0102,74,1052,GRUENE,20.0,19.7,20.3
01W201,0102,74,1052,AFD,17.5,16.4,18.0
01W201,0102,74,1052,CDU,15.1,15.0,15.4
01W201,0102,74,1052,SPD,10.5,10.2,10.8
01W201,0102,74,1052,Sonstige,10.1,9.9,10.2
01W201,0102,74,1052,FDP,2.3,2.2,2.5
01W202,0102,74,962,GRUENE,29.0,28.8,29.3
01W202,0102,74,962,LINKE,27.8,27.4,28.0
01W202,0102,74,962,AFD,12.2,11.5,12.5
01W202,0102,74,962,CDU,11.6,11.4,11.9
01W202,0102,74,962,Sonstige,9.6,9.5,9.8
01W202,0102,74,962,SPD,9.3,8.8,9.5
01W202,0102,74,962,FDP,3.8,3.7,4.0
01W203,0102,74,1061,LINKE,28.7,28.3,28.9
01W203,0102,74,1061,GRUENE,28.3,28.1,28.6
01W203,0102,74,1061,AFD,14.3,13.7,14.7
01W203,0102,74,1061,CDU,11.1,11.0,11.4
01W203,0102,74,1061,Sonstige,9.6,9.5,9.8
01W203,0102,74,1061,SPD,7.7,7.5,8.3
01W203,0102,74,1061,FDP,3.6,3.5,3.9
01W204,0102,74,882,GRUENE,31.3,30.9,31.6
01W204,0102,74,882,LINKE,30.8,30.4,31.0
01W204,0102,74,882,Sonstige,10.4,10.2,10.6
01W204,0102,74,882,CDU,10.1,9.9,10.3
01W204,0102,74,882,AFD,9.8,9.2,10.4
01W204,0102,74,882,SPD,8.2,7.9,8.4
01W204,0102,74,882,FDP,3.2,3.1,3.4
01W205,0102,74,977,LINKE,30.1,29.6,30.4
01W205,0102,74,977,GRUENE,24.2,23.8,24.6
01W205,0102,74,977,AFD,12.9,12.0,13.3
01W205,0102,74,977,Sonstige,12.7,12.6,13.0
01W205,0102,74,977,CDU,12.3,12.2,12.6
01W205,0102,74,977,SPD,6.8,6.6,7.9
01W205,0102,74,977,FDP,2.8,2.7,3.0
01W206,0102,74,1039,GRUENE,31.1,30.8,31.4
01W206,0102,74,1039,LINKE,26.6,26.2,26.8
01W206,0102,74,1039,CDU,11.9,11.7,12.1
01W206,0102,74,1039,AFD,11.8,11.0,12.2
01W206,0102,74,1039,Sonstige,9.4,9.3,9.6
01W206,0102,74,1039,SPD,8.3,7.8,8.5
01W206,0102,74,1039,FDP,3.5,3.4,3.7
01W207,0102,74,910,GRUENE,31.6,31.2,31.9
01W207,0102,74,910,LINKE,23.4,23.1,23.6
01W207,0102,74,910,CDU,14.8,14.7,15.1
01W207,0102,74,910,SPD,10.2,10.0,10.6
01W207,0102,74,910,Sonstige,8.2,8.1,8.4
01W207,0102,74,910,AFD,7.6,6.9,8.4
01W207,0102,74,910,FDP,4.7,4.3,4.9
01W208,0102,74,907,LINKE,26.7,26.4,27.0
01W208,0102,74,907,AFD,18.8,18.0,19.2
01W208,0102,74,907,CDU,17.8,17.6,18.1
01W208,0102,74,907,GRUENE,14.3,14.0,14.6
01W208,0102,74,907,SPD,11.1,10.8,11.4
01W208,0102,74,907,Sonstige,10.7,10.5,10.8
01W208,0102,74,907,FDP,3.0,2.8,3.2
01W209,0102,74,1051,LINKE,27.9,27.6,28.2
01W209,0102,74,1051,AFD,23.2,22.6,23.7
01W209,0102,74,1051,CDU,18.5,18.4,18.8
01W209,0102,74,1051,SPD,12.4,11.9,12.7
01W209,0102,74,1051,GRUENE,10.7,10.5,11.0
01W209,0102,74,1051,Sonstige,9.3,9.2,9.5
01W209,0102,74,1051,FDP,2.4,2.3,2.6
01W210,0102,74,1050,LINKE,33.0,32.6,33.3
01W210,0102,74,1050,AFD,17.7,17.0,18.1
01W210,0102,74,1050,GRUENE,17.2,16.8,17.5
01W210,0102,74,1050,CDU,14.0,13.9,14.3
01W210,0102,74,1050,SPD,11.6,11.1,11.8
01W210,0102,74,1050,Sonstige,8.2,8.0,8.3
01W210,0102,74,1050,FDP,2.3,2.2,2.5
01W211,0102,74,800,LINKE,30.7,30.1,31.1
01W211,0102,74,800,GRUENE,19.6,19.0,20.0
01W211,0102,74,800,CDU,15.4,15.3,15.7
01W211,0102,74,800,AFD,11.7,10.9,12.7
01W211,0102,74,800,SPD,10.4,10.0,10.8
01W211,0102,74,800,Sonstige,9.5,9.4,9.7
01W211,0102,74,800,FDP,3.1,3.0,3.3
01W212,0102,74,1141,LINKE,31.1,30.7,31.4
01W212,0102,74,1141,AFD,22.4,21.8,23.0
01W212,0102,74,1141,CDU,16.9,16.8,17.2
01W212,0102,74,1141,SPD,12.5,11.6,12.8
01W212,0102,74,1141,GRUENE,11.6,11.3,11.9
01W212,0102,74,1141,Sonstige,9.0,8.8,9.2
01W212,0102,74,1141,FDP,1.8,1.7,2.1
01W213,0102,74,1168,LINKE,28.5,28.2,28.8
01W213,0102,74,1168,GRUENE,19.2,18.9,19.5
01W213,0102,74,1168,CDU,16.8,16.7,17.2
01W213,0102,74,1168,AFD,15.9,15.1,16.4
01W213,0102,74,1168,SPD,11.8,10.9,12.1
01W213,0102,74,1168,Sonstige,9.3,9.1,9.5
01W213,0102,74,1168,FDP,2.8,2.6,3.0
01W214,0102,74,1062,LINKE,29.9,29.5,30.1
01W214,0102,74,1062,AFD,23.2,22.7,23.6
01W214,0102,74,1062,CDU,14.7,14.5,14.9
01W214,0102,74,1062,GRUENE,13.1,12.9,13.4
01W214,0102,74,1062,Sonstige,11.3,11.1,11.6
01W214,0102,74,1062,SPD,10.9,10.6,11.1
01W214,0102,74,1062,FDP,1.7,1.6,2.0
01W215,0102,74,939,LINKE,28.6,28.2,28.8
01W215,0102,74,939,AFD,25.9,25.3,26.5
01W215,0102,74,939,CDU,18.0,17.8,18.3
01W215,0102,74,939,SPD,13.2,12.7,13.5
01W215,0102,74,939,Sonstige,10.3,10.1,10.5
01W215,0102,74,939,GRUENE,7.2,7.0,7.6
01W215,0102,74,939,FDP,1.7,1.6,2.0
01W216,0102,74,750,LINKE,30.2,29.8,30.4
01W216,0102,74,750,AFD,19.0,17.9,19.3
01W216,0102,74,750,CDU,16.2,16.0,16.4
01W216,0102,74,750,GRUENE,16.1,15.8,16.6
01W216,0102,74,750,SPD,11.5,10.3,11.8
01W216,0102,74,750,Sonstige,9.7,9.6,9.9
01W216,0102,74,750,FDP,2.3,2.2,2.7
01W217,0102,74,816,LINKE,27.7,27.3,28.0
01W217,0102,74,816,CDU,18.4,18.3,18.7
01W217,0102,74,816,AFD,17.3,16.5,17.6
01W217,0102,74,816,GRUENE,17.2,16.9,17.6
01W217,0102,74,816,SPD,9.9,9.7,10.2
01W217,0102,74,816,Sonstige,9.0,8.8,9.2
01W217,0102,74,816,FDP,3.7,3.4,3.9
01W218,0102,74,910,CDU,22.4,22.3,22.8
01W218,0102,74,910,LINKE,22.2,21.7,22.4
01W218,0102,74,910,AFD,19.6,19.0,20.3
01W218,0102,74,910,GRUENE,12.6,12.3,12.9
01W218,0102,74,910,SPD,11.4,10.3,11.7
01W218,0102,74,910,Sonstige,9.8,9.6,9.9
01W218,0102,74,910,FDP,3.9,3.8,4.1
01W219,0102,74,845,LINKE,24.1,23.6,24.3
01W219,0102,74,845,CDU,21.5,21.3,21.9
01W219,0102,74,845,AFD,18.8,18.1,19.2
01W219,0102,74,845,GRUENE,16.1,15.8,16.4
01W219,0102,74,845,Sonstige,9.4,9.3,9.5
01W219,0102,74,845,SPD,9.1,8.6,9.3
01W219,0102,74,845,FDP,4.2,4.0,4.4
01W220,0102,74,937,CDU,23.8,23.7,24.2
01W220,0102,74,937,LINKE,21.8,21.4,22.0
01W220,0102,74,937,AFD,21.7,21.1,22.2
01W220,0102,74,937,GRUENE,11.4,11.2,11.8
01W220,0102,74,937,SPD,10.6,10.3,11.0
01W220,0102,74,937,Sonstige,8.9,8.8,9.0
01W220,0102,74,937,FDP,4.1,3.9,4.3
01W221,0102,74,872,LINKE,24.2,23.8,24.4
01W221,0102,74,872,GRUENE,22.5,22.1,22.8
01W221,0102,74,872,CDU,17.4,17.2,17.7
01W221,0102,74,872,AFD,13.4,12.6,13.8
01W221,0102,74,872,SPD,9.7,9.4,9.9
01W221,0102,74,872,Sonstige,9.5,9.3,9.6
01W221,0102,74,872,FDP,4.5,4.1,4.7
01W222,0102,74,1050,LINKE,31.6,31.2,31.9
01W222,0102,74,1050,AFD,19.5,18.6,19.9
01W222,0102,74,1050,CDU,14.5,14.2,14.8
01W222,0102,74,1050,GRUENE,14.1,13.8,14.4
01W222,0102,74,1050,Sonstige,12.2,12.0,12.3
01W222,0102,74,1050,SPD,11.4,11.0,11.6
01W222,0102,74,1050,FDP,2.7,2.6,2.9
01W223,0102,74,775,LINKE,23.8,23.3,24.2
01W223,0102,74,775,CDU,22.1,21.9,22.6
01W223,0102,74,775,GRUENE,22.1,21.7,22.6
01W223,0102,74,775,AFD,15.2,13.6,15.6
01W223,0102,74,775,SPD,8.3,7.3,8.7
01W223,0102,74,775,Sonstige,8.3,8.0,8.4
01W223,0102,74,775,FDP,3.8,3.6,4.1
01W224,0102,74,1056,LINKE,21.8,21.4,22.1
01W224,0102,74,1056,GRUENE,20.1,19.8,20.4
01W224,0102,74,1056,CDU,18.5,18.4,18.8
01W224,0102,74,1056,AFD,13.8,13.2,14.4
01W224,0102,74,1056,SPD,11.3,9.9,11.6
01W224,0102,74,1056,Sonstige,9.5,9.3,9.6
01W224,0102,74,1056,FDP,4.3,4.2,4.5
01W225,0102,74,915,GRUENE,29.7,29.4,29.9
01W225,0102,74,915,LINKE,26.9,26.6,27.0
01W225,0102,74,915,AFD,11.5,11.0,12.1
01W225,0102,74,915,Sonstige,10.6,10.4,10.7
01W225,0102,74,915,CDU,10.5,10.4,10.8
01W225,0102,74,915,SPD,9.4,9.2,9.9
01W225,0102,74,915,FDP,3.0,2.9,3.2
01W226,0102,74,1027,LINKE,23.5,23.0,23.8
01W226,0102,74,1027,CDU,21.9,21.7,22.3
01W226,0102,74,1027,GRUENE,18.7,18.4,19.1
01W226,0102,74,1027,AFD,14.8,14.3,15.5
01W226,0102,74,1027,SPD,9.0,8.7,9.3
01W226,0102,74,1027,Sonstige,8.8,8.6,9.0
01W226,0102,74,1027,FDP,3.4,3.3,3.7
01W227,0102,74,959,LINKE,28.1,27.8,28.4
01W227,0102,74,959,AFD,19.6,18.8,20.0
01W227,0102,74,959,CDU,16.7,16.6,16.9
01W227,0102,74,959,GRUENE,14.9,14.6,15.2
01W227,0102,74,959,SPD,11.1,10.8,11.3
01W227,0102,74,959,Sonstige,10.8,10.7,11.0
01W227,0102,74,959,FDP,2.4,2.3,2.6
01W228,0102,74,953,CDU,23.2,23.0,23.6
01W228,0102,74,953,AFD,20.1,19.5,20.8
01W228,0102,74,953,LINKE,20.0,19.6,20.2
01W228,0102,74,953,GRUENE,14.3,14.1,14.7
01W228,0102,74,953,SPD,11.9,11.0,12.3
01W228,0102,74,953,Sonstige,9.3,9.1,9.5
01W228,0102,74,953,FDP,3.1,3.0,3.3
01W229,0102,74,1050,LINKE,29.0,28.6,29.2
01W229,0102,74,1050,AFD,21.0,20.4,21.4
01W229,0102,74,1050,CDU,17.3,17.1,17.6
01W229,0102,74,1050,GRUENE,13.8,13.5,14.1
01W229,0102,74,1050,Sonstige,11.4,11.3,11.6
01W229,0102,74,1050,SPD,10.0,9.7,10.4
01W229,0102,74,1050,FDP,1.9,1.8,2.2
01W230,0102,74,847,LINKE,24.4,24.1,24.6
01W230,0102,74,847,GRUENE,21.4,21.2,21.7
01W230,0102,74,847,AFD,18.2,17.2,18.7
01W230,0102,74,847,CDU,13.7,13.6,14.0
01W230,0102,74,847,Sonstige,12.0,11.8,12.2
01W230,0102,74,847,SPD,11.5,10.2,11.8
01W230,0102,74,847,FDP,2.4,2.3,2.7
01W231,0102,74,937,LINKE,25.0,24.7,25.2
01W231,0102,74,937,GRUENE,21.6,21.3,21.9
01W231,0102,74,937,CDU,15.5,15.4,15.8
01W231,0102,74,937,AFD,15.4,14.8,15.9
01W231,0102,74,937,SPD,11.0,10.5,11.2
01W231,0102,74,937,Sonstige,9.9,9.8,10.1
01W231,0102,74,937,FDP,2.5,2.4,2.8
01W232,0102,74,1066,GRUENE,26.0,25.8,26.2
01W232,0102,74,1066,LINKE,24.0,23.8,24.3
01W232,0102,74,1066,AFD,14.8,14.1,15.3
01W232,0102,74,1066,CDU,14.2,14.1,14.5
01W232,0102,74,1066,SPD,11.0,10.8,11.3
01W232,0102,74,1066,Sonstige,9.6,9.4,9.7
01W232,0102,74,1066,FDP,3.2,3.0,3.4
01W233,0102,74,1012,GRUENE,21.1,20.8,21.3
01W233,0102,74,1012,LINKE,19.8,19.6,20.0
01W233,0102,74,1012,CDU,18.7,18.6,19.0
01W233,0102,74,1012,AFD,16.7,16.0,17.3
01W233,0102,74,1012,SPD,12.9,11.0,13.2
01W233,0102,74,1012,Sonstige,8.7,8.6,8.9
01W233,0102,74,1012,FDP,3.0,2.9,3.3
01W234,0102,74,862,GRUENE,23.1,22.9,23.4
01W234,0102,74,862,LINKE,18.7,18.3,18.9
01W234,0102,74,862,CDU,18.6,18.5,18.9
01W234,0102,74,862,SPD,14.5,12.0,14.7
01W234,0102,74,862,AFD,13.4,12.5,14.0
01W234,0102,74,862,Sonstige,7.1,6.9,7.3
01W234,0102,74,862,FDP,3.8,3.7,4.0
01W301,0103,74,798,LINKE,29.2,28.9,29.4
01W301,0103,74,798,GRUENE,26.1,25.8,26.3
01W301,0103,74,798,Sonstige,14.9,14.7,15.0
01W301,0103,74,798,AFD,14.2,12.7,14.6
01W301,0103,74,798,SPD,8.0,7.6,9.2
01W301,0103,74,798,CDU,7.6,7.4,7.8
01W301,0103,74,798,FDP,2.3,2.3,2.6
01W302,0103,74,636,LINKE,29.5,29.2,29.8
01W302,0103,74,636,GRUENE,24.3,24.1,24.6
01W302,0103,74,636,AFD,16.7,15.1,17.1
01W302,0103,74,636,Sonstige,15.8,15.7,16.0
01W302,0103,74,636,SPD,10.0,9.4,10.2
01W302,0103,74,636,CDU,7.2,7.0,7.4
01W302,0103,74,636,FDP,1.8,1.8,2.2
01W303,0103,74,878,LINKE,26.9,26.6,27.0
01W303,0103,74,878,GRUENE,26.0,25.8,26.2
01W303,0103,74,878,AFD,13.9,13.0,14.3
01W303,0103,74,878,Sonstige,13.5,13.4,13.7
01W303,0103,74,878,SPD,9.2,8.9,9.7
01W303,0103,74,878,CDU,9.1,8.9,9.3
01W303,0103,74,878,FDP,2.3,2.2,2.6
01W304,0103,74,989,CDU,22.5,22.4,22.8
01W304,0103,74,989,LINKE,20.8,20.3,21.3
01W304,0103,74,989,AFD,20.7,20.1,21.4
01W304,0103,74,989,SPD,11.6,11.2,11.9
01W304,0103,74,989,Sonstige,11.3,11.1,11.5
01W304,0103,74,989,GRUENE,10.8,10.5,11.4
01W304,0103,74,989,FDP,2.1,2.1,2.5
01W305,0103,74,841,LINKE,25.6,25.2,25.7
01W305,0103,74,841,GRUENE,25.1,24.9,25.3
01W305,0103,74,841,AFD,15.2,14.4,15.8
01W305,0103,74,841,Sonstige,12.5,12.4,12.6
01W305,0103,74,841,CDU,10.8,10.7,11.0
01W305,0103,74,841,SPD,9.6,9.2,9.8
01W305,0103,74,841,FDP,2.3,2.2,2.7
01W306,0103,74,1124,GRUENE,25.8,25.6,26.1
01W306,0103,74,1124,LINKE,25.3,25.0,25.4
01W306,0103,74,1124,CDU,14.2,14.0,14.4
01W306,0103,74,1124,AFD,13.0,12.1,13.5
01W306,0103,74,1124,SPD,11.6,11.2,11.9
01W306,0103,74,1124,Sonstige,9.7,9.5,9.8
01W306,0103,74,1124,FDP,2.3,2.3,2.5
01W307,0103,74,921,GRUENE,26.6,26.3,26.8
01W307,0103,74,921,LINKE,23.5,23.3,23.6
01W307,0103,74,921,CDU,15.9,15.8,16.2
01W307,0103,74,921,SPD,12.2,11.2,12.4
01W307,0103,74,921,AFD,11.3,10.4,11.8
01W307,0103,74,921,Sonstige,8.1,7.9,8.2
01W307,0103,74,921,FDP,2.9,2.8,3.2
01W308,0103,74,897,LINKE,26.9,26.5,27.1
01W308,0103,74,897,GRUENE,23.1,22.9,23.4
01W308,0103,74,897,AFD,16.9,15.7,17.4
01W308,0103,74,897,CDU,11.7,11.6,11.9
01W308,0103,74,897,Sonstige,11.3,11.2,11.5
01W308,0103,74,897,SPD,10.9,10.2,11.1
01W308,0103,74,897,FDP,1.8,1.7,2.3
01W309,0103,74,901,GRUENE,30.7,30.5,31.0
01W309,0103,74,901,LINKE,21.7,21.4,21.8
01W309,0103,74,901,CDU,13.1,12.9,13.3
01W309,0103,74,901,SPD,11.0,10.2,11.3
01W309,0103,74,901,Sonstige,10.1,10.0,10.2
01W309,0103,74,901,AFD,9.5,8.7,10.0
01W309,0103,74,901,FDP,3.0,2.9,3.3
01W310,0103,74,1006,GRUENE,32.9,32.7,33.1
01W310,0103,74,1006,LINKE,24.3,24.1,24.5
01W310,0103,74,1006,SPD,12.2,11.1,12.4
01W310,0103,74,1006,CDU,11.3,11.2,11.5
01W310,0103,74,1006,AFD,8.0,7.0,8.5
01W310,0103,74,1006,Sonstige,7.4,7.2,7.5
01W310,0103,74,1006,FDP,3.1,3.0,3.3
01W311,0103,74,917,GRUENE,33.3,33.1,33.5
01W311,0103,74,917,LINKE,23.8,23.6,24.0
01W311,0103,74,917,SPD,10.6,10.0,10.8
01W311,0103,74,917,CDU,10.5,10.4,10.8
01W311,0103,74,917,Sonstige,10.2,10.1,10.3
01W311,0103,74,917,AFD,8.4,7.3,8.8
01W311,0103,74,917,FDP,2.5,2.4,2.9
01W312,0103,74,874,GRUENE,27.2,27.0,27.5
01W312,0103,74,874,LINKE,22.9,22.6,23.0
01W312,0103,74,874,CDU,14.5,14.3,14.7
01W312,0103,74,874,SPD,13.1,11.3,13.3
01W312,0103,74,874,AFD,10.3,9.3,10.8
01W312,0103,74,874,Sonstige,8.3,8.2,8.5
01W312,0103,74,874,FDP,3.7,3.6,4.0
01W313,0103,74,829,GRUENE,31.9,31.7,32.2
01W313,0103,74,829,LINKE,23.9,23.6,24.0
01W313,0103,74,829,CDU,13.4,13.2,13.7
01W313,0103,74,829,SPD,12.2,11.1,12.4
01W313,0103,74,829,AFD,8.0,7.0,8.6
01W313,0103,74,829,Sonstige,7.5,7.3,7.6
01W313,0103,74,829,FDP,2.6,2.5,3.0
01W314,0103,74,1060,LINKE,24.0,23.7,24.2
01W314,0103,74,1060,GRUENE,21.0,20.9,21.3
01W314,0103,74,1060,CDU,20.2,20.1,20.6
01W314,0103,74,1060,AFD,12.9,11.8,13.3
01W314,0103,74,1060,SPD,12.7,12.1,12.9
01W314,0103,74,1060,Sonstige,7.8,7.6,7.9
01W314,0103,74,1060,FDP,3.2,3.1,3.3
01W315,0103,74,1042,GRUENE,31.9,31.6,32.2
01W315,0103,74,1042,LINKE,23.3,23.1,23.5
01W315,0103,74,1042,CDU,12.1,11.9,12.4
01W315,0103,74,1042,SPD,12.0,11.4,12.3
01W315,0103,74,1042,AFD,9.3,8.7,9.9
01W315,0103,74,1042,Sonstige,8.1,8.0,8.3
01W315,0103,74,1042,FDP,2.9,2.9,3.2
01W316,0103,74,922,GRUENE,26.9,26.8,27.2
01W316,0103,74,922,LINKE,23.2,22.9,23.4
01W316,0103,74,922,CDU,13.3,13.2,13.5
01W316,0103,74,922,AFD,12.6,11.8,13.1
01W316,0103,74,922,SPD,12.0,11.2,12.2
01W316,0103,74,922,Sonstige,8.8,8.6,8.9
01W316,0103,74,922,FDP,2.5,2.4,2.8
01W317,0103,74,998,CDU,22.9,22.8,23.3
01W317,0103,74,998,GRUENE,22.0,21.8,22.2
01W317,0103,74,998,LINKE,20.2,19.9,20.4
01W317,0103,74,998,AFD,11.8,11.4,12.5
01W317,0103,74,998,SPD,10.8,10.5,11.6
01W317,0103,74,998,Sonstige,7.1,6.9,7.2
01W317,0103,74,998,FDP,3.6,3.5,3.7
01W318,0103,74,1027,GRUENE,28.3,28.0,28.5
01W318,0103,74,1027,LINKE,21.8,21.5,21.9
01W318,0103,74,1027,CDU,15.8,15.6,16.1
01W318,0103,74,1027,SPD,11.7,11.3,11.9
01W318,0103,74,1027,AFD,11.2,10.2,11.7
01W318,0103,74,1027,Sonstige,8.5,8.3,8.6
01W318,0103,74,1027,FDP,3.4,3.3,3.5
01W319,0103,74,742,LINKE,23.4,23.0,23.5
01W319,0103,74,742,GRUENE,23.2,23.0,23.5
01W319,0103,74,742,CDU,17.2,17.1,17.5
01W319,0103,74,742,SPD,13.3,12.3,13.5
01W319,0103,74,742,AFD,10.9,9.6,11.2
01W319,0103,74,742,Sonstige,7.8,7.6,8.0
01W319,0103,74,742,FDP,4.1,3.9,4.2
01W320,0103,74,973,GRUENE,26.9,26.6,27.1
01W320,0103,74,973,LINKE,19.6,19.3,19.7
01W320,0103,74,973,CDU,16.4,16.3,16.7
01W320,0103,74,973,SPD,12.3,12.0,12.5
01W320,0103,74,973,AFD,11.4,10.7,11.9
01W320,0103,74,973,Sonstige,8.9,8.7,9.0
01W320,0103,74,973,FDP,3.8,3.7,3.9
01W321,0103,74,1036,GRUENE,32.4,32.2,32.7
01W321,0103,74,1036,LINKE,23.0,22.7,23.1
01W321,0103,74,1036,SPD,11.4,10.6,11.6
01W321,0103,74,1036,CDU,11.2,11.0,11.5
01W321,0103,74,1036,Sonstige,9.9,9.7,10.0
01W321,0103,74,1036,AFD,9.2,8.5,9.7
01W321,0103,74,1036,FDP,2.8,2.7,3.1
01W322,0103,74,909,GRUENE,24.4,24.2,24.6
01W322,0103,74,909,LINKE,20.4,20.2,20.5
01W322,0103,74,909,CDU,17.3,17.2,17.6
01W322,0103,74,909,SPD,12.4,11.6,12.6
01W322,0103,74,909,AFD,11.7,11.1,12.3
01W322,0103,74,909,Sonstige,9.5,9.4,9.6
01W322,0103,74,909,FDP,3.3,3.3,3.6
01W323,0103,74,908,GRUENE,27.4,27.3,27.8
01W323,0103,74,908,LINKE,26.3,26.0,26.6
01W323,0103,74,908,CDU,12.4,12.3,12.6
01W323,0103,74,908,SPD,11.5,10.8,11.7
01W323,0103,74,908,Sonstige,10.0,9.9,10.3
01W323,0103,74,908,AFD,9.9,8.9,10.4
01W323,0103,74,908,FDP,2.5,2.5,2.8
01W324,0103,74,860,GRUENE,27.2,26.9,27.5
01W324,0103,74,860,CDU,19.8,19.5,20.1
01W324,0103,74,860,LINKE,18.1,17.9,18.2
01W324,0103,74,860,SPD,14.3,13.8,14.5
01W324,0103,74,860,AFD,8.8,8.2,9.3
01W324,0103,74,860,Sonstige,5.9,5.8,6.1
01W324,0103,74,860,FDP,4.5,4.3,4.6
01W325,0103,74,713,CDU,22.6,22.4,23.0
01W325,0103,74,713,GRUENE,19.5,19.2,19.9
01W325,0103,74,713,LINKE,17.7,17.3,18.1
01W325,0103,74,713,AFD,13.8,12.1,14.1
01W325,0103,74,713,SPD,11.2,10.7,11.5
01W325,0103,74,713,Sonstige,8.9,8.6,9.0
01W325,0103,74,713,FDP,4.4,4.0,4.5
01W326,0103,74,1075,CDU,23.5,23.3,23.9
01W326,0103,74,1075,GRUENE,20.5,20.3,20.8
01W326,0103,74,1075,LINKE,19.1,18.7,19.4
01W326,0103,74,1075,AFD,13.5,12.7,14.0
01W326,0103,74,1075,SPD,12.1,11.7,12.4
01W326,0103,74,1075,Sonstige,6.7,6.5,6.9
01W326,0103,74,1075,FDP,4.4,4.1,4.6
01W327,0103,74,1074,CDU,23.3,23.2,23.7
01W327,0103,74,1074,LINKE,17.7,17.2,18.1
01W327,0103,74,1074,GRUENE,16.7,16.4,17.2
01W327,0103,74,1074,SPD,15.3,13.3,15.6
01W327,0103,74,1074,AFD,13.3,13.0,14.3
01W327,0103,74,1074,Sonstige,7.9,7.7,8.0
01W327,0103,74,1074,FDP,3.4,3.3,3.6
01W328,0103,74,1016,LINKE,25.2,24.8,25.5
01W328,0103,74,1016,GRUENE,20.3,20.0,20.7
01W328,0103,74,1016,CDU,18.6,18.4,18.9
01W328,0103,74,1016,SPD,13.8,12.5,14.1
01W328,0103,74,1016,AFD,13.1,12.5,13.7
01W328,0103,74,1016,Sonstige,8.1,7.9,8.3
01W328,0103,74,1016,FDP,2.8,2.7,2.9
01W329,0103,74,1043,GRUENE,28.1,27.8,28.4
01W329,0103,74,1043,LINKE,24.1,23.8,24.2
01W329,0103,74,1043,CDU,13.4,13.1,13.7
01W329,0103,74,1043,SPD,12.8,11.8,13.0
01W329,0103,74,1043,AFD,10.3,9.6,10.7
01W329,0103,74,1043,Sonstige,8.3,8.1,8.5
01W329,0103,74,1043,FDP,3.4,3.2,3.6
01W330,0103,74,836,LINKE,21.3,20.7,21.8
01W330,0103,74,836,CDU,21.1,21.0,21.5
01W330,0103,74,836,GRUENE,16.4,16.0,16.9
01W330,0103,74,836,AFD,13.5,12.8,14.0
01W330,0103,74,836,SPD,12.8,11.0,13.1
01W330,0103,74,836,Sonstige,9.2,9.0,9.6
01W330,0103,74,836,FDP,3.1,3.0,3.6
01W331,0103,74,1078,GRUENE,25.8,25.6,26.2
01W331,0103,74,1078,LINKE,25.3,24.9,25.5
01W331,0103,74,1078,CDU,13.0,12.9,13.2
01W331,0103,74,1078,SPD,13.0,11.2,13.2
01W331,0103,74,1078,AFD,11.4,10.3,11.9
01W331,0103,74,1078,Sonstige,9.2,9.1,9.3
01W331,0103,74,1078,FDP,2.6,2.5,3.0
01W332,0103,74,1014,GRUENE,30.7,30.4,31.0
01W332,0103,74,1014,LINKE,27.6,27.3,27.7
01W332,0103,74,1014,CDU,11.3,11.0,11.6
01W332,0103,74,1014,SPD,10.9,10.2,11.2
01W332,0103,74,1014,Sonstige,9.4,9.3,9.5
01W332,0103,74,1014,AFD,8.4,7.3,8.8
01W332,0103,74,1014,FDP,3.0,2.9,3.1
01W401,0104,74,843,LINKE,29.5,29.2,29.6
01W401,0104,74,843,GRUENE,28.0,27.7,28.1
01W401,0104,74,843,AFD,12.7,12.1,13.2
01W401,0104,74,843,Sonstige,11.5,11.3,11.6
01W401,0104,74,843,CDU,9.4,9.2,9.6
01W401,0104,74,843,SPD,8.2,7.9,9.2
01W401,0104,74,843,FDP,1.9,1.8,2.2
01W402,0104,74,962,LINKE,33.7,33.4,33.9
01W402,0104,74,962,GRUENE,31.6,31.4,31.8
01W402,0104,74,962,Sonstige,12.4,12.2,12.5
01W402,0104,74,962,AFD,10.9,10.3,11.4
01W402,0104,74,962,SPD,7.0,6.7,7.9
01W402,0104,74,962,CDU,5.4,5.1,5.6
01W402,0104,74,962,FDP,1.2,1.1,1.7
01W403,0104,74,1048,LINKE,32.1,31.7,32.2
01W403,0104,74,1048,GRUENE,27.8,27.6,28.1
01W403,0104,74,1048,AFD,11.7,11.3,12.3
01W403,0104,74,1048,Sonstige,11.1,11.0,11.2
01W403,0104,74,1048,SPD,8.9,8.5,9.6
01W403,0104,74,1048,CDU,7.7,7.5,7.9
01W403,0104,74,1048,FDP,1.9,1.8,2.2
01W404,0104,74,973,LINKE,31.8,31.5,31.9
01W404,0104,74,973,GRUENE,27.4,27.1,27.7
01W404,0104,74,973,AFD,11.5,11.1,12.2
01W404,0104,74,973,Sonstige,11.5,11.3,11.7
01W404,0104,74,973,SPD,8.4,8.0,9.5
01W404,0104,74,973,CDU,8.2,8.0,8.4
01W404,0104,74,973,FDP,1.9,1.8,2.2
01W405,0104,74,872,LINKE,30.5,30.2,30.7
01W405,0104,74,872,GRUENE,25.7,25.5,26.0
01W405,0104,74,872,Sonstige,11.4,11.3,11.6
01W405,0104,74,872,AFD,10.5,10.1,11.1
01W405,0104,74,872,SPD,9.7,9.4,10.2
01W405,0104,74,872,CDU,9.1,8.9,9.4
01W405,0104,74,872,FDP,2.4,2.4,2.6
01W406,0104,74,624,LINKE,34.0,33.7,34.3
01W406,0104,74,624,GRUENE,27.1,26.8,27.5
01W406,0104,74,624,Sonstige,10.0,9.8,10.2
01W406,0104,74,624,SPD,9.9,9.5,10.4
01W406,0104,74,624,AFD,9.8,9.4,10.3
01W406,0104,74,624,CDU,7.7,7.4,7.9
01W406,0104,74,624,FDP,1.4,1.3,1.9
01W407,0104,74,1166,GRUENE,34.0,33.8,34.2
01W407,0104,74,1166,LINKE,27.9,27.6,28.0
01W407,0104,74,1166,Sonstige,9.5,9.3,9.6
01W407,0104,74,1166,SPD,9.4,9.1,9.7
01W407,0104,74,1166,CDU,9.0,8.8,9.3
01W407,0104,74,1166,AFD,7.1,6.6,7.8
01W407,0104,74,1166,FDP,2.3,2.2,2.6
01W408,0104,74,821,GRUENE,32.0,31.8,32.3
01W408,0104,74,821,LINKE,27.4,27.1,27.5
01W408,0104,74,821,Sonstige,11.2,11.0,11.3
01W408,0104,74,821,SPD,9.5,9.1,9.8
01W408,0104,74,821,CDU,9.3,9.1,9.5
01W408,0104,74,821,AFD,8.4,8.0,9.0
01W408,0104,74,821,FDP,2.3,2.3,2.6
01W409,0104,74,1152,GRUENE,32.2,31.9,32.5
01W409,0104,74,1152,LINKE,29.7,29.3,29.9
01W409,0104,74,1152,Sonstige,9.9,9.8,10.1
01W409,0104,74,1152,CDU,9.5,9.3,9.8
01W409,0104,74,1152,SPD,9.4,8.8,9.7
01W409,0104,74,1152,AFD,6.8,6.3,7.2
01W409,0104,74,1152,FDP,2.1,2.0,2.5
01W410,0104,74,1058,GRUENE,33.6,33.4,33.8
01W410,0104,74,1058,LINKE,30.5,30.1,30.6
01W410,0104,74,1058,SPD,9.7,9.0,9.9
01W410,0104,74,1058,Sonstige,9.1,9.0,9.2
01W410,0104,74,1058,CDU,8.1,7.8,8.3
01W410,0104,74,1058,AFD,7.2,6.7,7.6
01W410,0104,74,1058,FDP,2.2,2.2,2.6
01W411,0104,74,928,GRUENE,29.7,29.5,30.0
01W411,0104,74,928,LINKE,28.1,27.8,28.3
01W411,0104,74,928,SPD,10.8,10.3,11.0
01W411,0104,74,928,Sonstige,10.6,10.5,10.7
01W411,0104,74,928,CDU,10.2,9.9,10.4
01W411,0104,74,928,AFD,7.6,7.2,8.3
01W411,0104,74,928,FDP,2.3,2.3,2.7
01W412,0104,74,963,GRUENE,31.9,31.7,32.1
01W412,0104,74,963,LINKE,25.6,25.3,25.7
01W412,0104,74,963,SPD,12.3,11.2,12.5
01W412,0104,74,963,Sonstige,9.8,9.6,9.9
01W412,0104,74,963,CDU,9.4,9.1,9.5
01W412,0104,74,963,AFD,7.6,7.1,8.0
01W412,0104,74,963,FDP,2.4,2.3,2.8
01W413,0104,74,1161,LINKE,30.8,30.5,31.0
01W413,0104,74,1161,GRUENE,26.5,26.3,26.8
01W413,0104,74,1161,AFD,11.3,10.9,11.7
01W413,0104,74,1161,Sonstige,10.6,10.4,10.8
01W413,0104,74,1161,CDU,10.2,10.0,10.5
01W413,0104,74,1161,SPD,9.2,8.9,9.6
01W413,0104,74,1161,FDP,2.0,1.9,2.5
01W414,0104,74,932,LINKE,21.7,21.3,22.0
01W414,0104,74,932,CDU,18.9,18.8,19.2
01W414,0104,74,932,GRUENE,17.4,17.2,17.8
01W414,0104,74,932,AFD,16.0,15.6,17.4
01W414,0104,74,932,SPD,11.9,11.6,12.3
01W414,0104,74,932,Sonstige,10.2,10.1,10.4
01W414,0104,74,932,FDP,2.1,2.0,2.4
01W415,0104,74,952,LINKE,28.4,28.2,28.5
01W415,0104,74,952,GRUENE,26.9,26.7,27.2
01W415,0104,74,952,CDU,11.3,11.1,11.5
01W415,0104,74,952,AFD,11.1,10.8,11.8
01W415,0104,74,952,SPD,10.6,10.2,11.0
01W415,0104,74,952,Sonstige,10.1,10.0,10.2
01W415,0104,74,952,FDP,2.3,2.2,2.5
01W416,0104,74,814,GRUENE,32.5,32.3,32.8
01W416,0104,74,814,LINKE,29.4,29.1,29.6
01W416,0104,74,814,SPD,10.5,10.1,10.6
01W416,0104,74,814,Sonstige,9.4,9.2,9.5
01W416,0104,74,814,AFD,8.1,7.8,8.6
01W416,0104,74,814,CDU,6.8,6.6,7.0
01W416,0104,74,814,FDP,1.7,1.7,2.2
01W417,0104,74,968,GRUENE,28.4,28.2,28.7
01W417,0104,74,968,LINKE,25.4,25.1,25.5
01W417,0104,74,968,CDU,13.4,13.2,13.7
01W417,0104,74,968,Sonstige,11.7,11.5,11.8
01W417,0104,74,968,AFD,9.7,9.4,10.2
01W417,0104,74,968,SPD,8.5,8.2,9.2
01W417,0104,74,968,FDP,2.1,2.0,2.6
01W418,0104,74,1036,GRUENE,30.3,30.1,30.5
01W418,0104,74,1036,LINKE,27.3,27.0,27.4
01W418,0104,74,1036,Sonstige,11.2,11.1,11.4
01W418,0104,74,1036,CDU,11.2,11.0,11.5
01W418,0104,74,1036,SPD,9.7,9.4,9.9
01W418,0104,74,1036,AFD,7.7,7.3,8.2
01W418,0104,74,1036,FDP,2.7,2.7,2.9
01W419,0104,74,911,GRUENE,30.1,29.9,30.3
01W419,0104,74,911,LINKE,28.8,28.5,28.9
01W419,0104,74,911,Sonstige,13.7,13.6,13.9
01W419,0104,74,911,AFD,11.5,11.0,12.0
01W419,0104,74,911,CDU,7.9,7.6,8.1
01W419,0104,74,911,SPD,7.7,7.4,8.3
01W419,0104,74,911,FDP,1.8,1.7,2.1
01W420,0104,74,1136,GRUENE,30.7,30.5,30.9
01W420,0104,74,1136,LINKE,27.7,27.4,27.8
01W420,0104,74,1136,SPD,10.8,10.5,11.1
01W420,0104,74,1136,CDU,10.0,9.8,10.3
01W420,0104,74,1136,Sonstige,8.8,8.6,8.9
01W420,0104,74,1136,AFD,8.3,8.0,9.1
01W420,0104,74,1136,FDP,2.5,2.5,2.7
01W421,0104,74,991,LINKE,26.8,26.5,27.0
01W421,0104,74,991,GRUENE,26.1,26.0,26.4
01W421,0104,74,991,AFD,14.2,13.8,14.6
01W421,0104,74,991,Sonstige,13.5,13.3,13.6
01W421,0104,74,991,CDU,11.6,11.4,11.8
01W421,0104,74,991,SPD,7.0,6.6,8.1
01W421,0104,74,991,FDP,1.6,1.5,2.1
01W422,0104,74,1059,LINKE,30.8,30.4,31.0
01W422,0104,74,1059,GRUENE,27.6,27.3,27.9
01W422,0104,74,1059,Sonstige,11.6,11.4,11.8
01W422,0104,74,1059,CDU,11.2,11.1,11.5
01W422,0104,74,1059,SPD,9.6,9.2,9.9
01W422,0104,74,1059,AFD,7.8,7.4,8.4
01W422,0104,74,1059,FDP,2.0,1.9,2.3
01W423,0104,74,1005,GRUENE,27.3,27.1,27.7
01W423,0104,74,1005,LINKE,22.9,22.6,23.1
01W423,0104,74,1005,CDU,14.1,14.0,14.3
01W423,0104,74,1005,Sonstige,13.8,13.7,14.1
01W423,0104,74,1005,SPD,10.6,10.1,10.9
01W423,0104,74,1005,AFD,8.9,8.6,9.7
01W423,0104,74,1005,FDP,1.5,1.4,2.1
01W424,0104,74,875,LINKE,28.3,28.0,28.5
01W424,0104,74,875,GRUENE,28.0,27.8,28.3
01W424,0104,74,875,Sonstige,12.7,12.5,12.9
01W424,0104,74,875,AFD,12.4,12.0,12.7
01W424,0104,74,875,SPD,9.4,9.0,9.5
01W424,0104,74,875,CDU,7.9,7.7,8.0
01W424,0104,74,875,FDP,1.8,1.8,2.3
01W425,0104,74,866,LINKE,28.4,28.1,28.6
01W425,0104,74,866,GRUENE,26.5,26.3,26.8
01W425,0104,74,866,SPD,12.1,11.3,12.4
01W425,0104,74,866,AFD,10.3,10.0,11.1
01W425,0104,74,866,Sonstige,9.6,9.4,9.7
01W425,0104,74,866,CDU,8.7,8.5,9.0
01W425,0104,74,866,FDP,2.4,2.4,2.8
01W426,0104,74,1140,GRUENE,31.6,31.4,31.8
01W426,0104,74,1140,LINKE,25.0,24.7,25.1
01W426,0104,74,1140,CDU,12.6,12.5,12.9
01W426,0104,74,1140,Sonstige,10.5,10.4,10.6
01W426,0104,74,1140,SPD,9.2,8.8,9.6
01W426,0104,74,1140,AFD,8.2,7.8,8.9
01W426,0104,74,1140,FDP,2.0,2.0,2.5
01W427,0104,74,960,LINKE,24.2,23.9,24.4
01W427,0104,74,960,GRUENE,21.8,21.6,22.0
01W427,0104,74,960,CDU,16.7,16.5,16.9
01W427,0104,74,960,AFD,12.3,11.9,13.2
01W427,0104,74,960,Sonstige,11.5,11.3,11.6
01W427,0104,74,960,SPD,10.0,9.7,10.9
01W427,0104,74,960,FDP,2.3,2.2,2.6
01W428,0104,74,906,LINKE,25.8,25.5,25.9
01W428,0104,74,906,GRUENE,24.2,24.1,24.5
01W428,0104,74,906,AFD,13.7,13.3,14.2
01W428,0104,74,906,CDU,12.4,12.3,12.6
01W428,0104,74,906,Sonstige,11.5,11.4,11.6
01W428,0104,74,906,SPD,11.2,10.7,11.4
01W428,0104,74,906,FDP,2.0,1.9,2.4
01W429,0104,74,1015,GRUENE,31.2,31.0,31.4
01W429,0104,74,1015,LINKE,26.5,26.2,26.6
01W429,0104,74,1015,Sonstige,11.0,10.8,11.2
01W429,0104,74,1015,CDU,10.9,10.7,11.2
01W429,0104,74,1015,SPD,10.4,9.2,10.7
01W429,0104,74,1015,AFD,8.0,7.6,8.5
01W429,0104,74,1015,FDP,2.7,2.7,3.1
01W430,0104,74,787,GRUENE,32.7,32.5,33.0
01W430,0104,74,787,LINKE,27.7,27.5,27.9
01W430,0104,74,787,Sonstige,11.0,10.8,11.2
01W430,0104,74,787,CDU,10.6,10.3,10.8
01W430,0104,74,787,SPD,8.8,8.5,9.2
01W430,0104,74,787,AFD,6.8,6.4,7.4
01W430,0104,74,787,FDP,2.4,2.4,2.8
01W501,0105,74,972,CDU,27.6,27.4,28.0
01W501,0105,74,972,AFD,21.9,21.4,23.0
01W501,0105,74,972,LINKE,17.7,17.3,18.2
01W501,0105,74,972,SPD,17.4,16.1,17.9
01W501,0105,74,972,Sonstige,6.6,6.5,6.8
01W501,0105,74,972,GRUENE,6.4,6.2,6.7
01W501,0105,74,972,FDP,2.8,2.7,2.9
01W502,0105,74,946,CDU,27.6,27.5,28.0
01W502,0105,74,946,AFD,21.1,20.5,22.1
01W502,0105,74,946,LINKE,16.2,15.8,16.8
01W502,0105,74,946,SPD,12.8,12.4,13.2
01W502,0105,74,946,Sonstige,9.8,9.6,9.9
01W502,0105,74,946,GRUENE,8.6,8.5,9.0
01W502,0105,74,946,FDP,2.5,2.4,2.9
01W503,0105,74,998,AFD,21.8,21.2,22.3
01W503,0105,74,998,LINKE,19.8,19.5,20.3
01W503,0105,74,998,CDU,18.7,18.6,19.0
01W503,0105,74,998,GRUENE,15.1,14.9,15.3
01W503,0105,74,998,SPD,12.6,11.5,13.0
01W503,0105,74,998,Sonstige,10.6,10.5,10.7
01W503,0105,74,998,FDP,2.5,2.5,2.7
01W504,0105,74,955,AFD,24.7,24.0,25.3
01W504,0105,74,955,CDU,21.1,21.0,21.6
01W504,0105,74,955,LINKE,17.0,16.7,17.5
01W504,0105,74,955,Sonstige,12.6,12.5,12.7
01W504,0105,74,955,SPD,12.0,11.2,12.4
01W504,0105,74,955,GRUENE,9.6,9.5,9.9
01W504,0105,74,955,FDP,3.0,2.9,3.1
01W505,0105,74,1121,AFD,21.9,21.2,22.4
01W505,0105,74,1121,CDU,19.1,19.0,19.4
01W505,0105,74,1121,LINKE,18.2,18.0,18.6
01W505,0105,74,1121,SPD,14.3,13.2,14.7
01W505,0105,74,1121,GRUENE,13.2,13.1,13.4
01W505,0105,74,1121,Sonstige,11.5,11.4,11.7
01W505,0105,74,1121,FDP,2.4,2.3,2.6
01W506,0105,74,1104,AFD,22.7,22.0,23.4
01W506,0105,74,1104,CDU,22.6,22.5,23.0
01W506,0105,74,1104,LINKE,18.6,18.2,19.1
01W506,0105,74,1104,GRUENE,12.5,12.4,12.8
01W506,0105,74,1104,SPD,11.8,10.7,12.3
01W506,0105,74,1104,Sonstige,10.7,10.6,10.8
01W506,0105,74,1104,FDP,2.2,2.1,2.6
01W507,0105,74,786,AFD,22.7,22.2,23.3
01W507,0105,74,786,LINKE,21.5,21.1,22.0
01W507,0105,74,786,CDU,18.5,18.4,18.8
01W507,0105,74,786,Sonstige,13.5,13.4,13.7
01W507,0105,74,786,GRUENE,12.1,12.0,12.4
01W507,0105,74,786,SPD,11.0,10.7,11.3
01W507,0105,74,786,FDP,1.9,1.8,2.1
01W508,0105,74,817,AFD,29.6,29.0,30.4
01W508,0105,74,817,CDU,21.6,21.5,22.0
01W508,0105,74,817,LINKE,15.4,14.7,16.0
01W508,0105,74,817,Sonstige,12.9,12.8,13.1
01W508,0105,74,817,SPD,11.3,10.5,11.7
01W508,0105,74,817,GRUENE,6.3,6.2,6.6
01W508,0105,74,817,FDP,1.9,1.9,2.4
01W509,0105,74,1050,AFD,22.1,21.6,22.9
01W509,0105,74,1050,CDU,21.6,21.5,22.0
01W509,0105,74,1050,LINKE,18.8,18.4,19.3
01W509,0105,74,1050,SPD,14.4,13.9,14.8
01W509,0105,74,1050,GRUENE,10.2,10.1,10.3
01W509,0105,74,1050,Sonstige,9.4,9.3,9.5
01W509,0105,74,1050,FDP,2.7,2.7,2.9
01W510,0105,74,992,AFD,29.3,28.6,29.9
01W510,0105,74,992,CDU,20.8,20.7,21.1
01W510,0105,74,992,LINKE,18.7,18.2,19.3
01W510,0105,74,992,Sonstige,13.0,12.8,13.2
01W510,0105,74,992,SPD,10.2,9.9,10.5
01W510,0105,74,992,GRUENE,7.5,7.4,7.7
01W510,0105,74,992,FDP,2.7,2.7,2.8
01W511,0105,74,862,LINKE,28.2,27.7,28.7
01W511,0105,74,862,AFD,21.1,20.5,21.6
01W511,0105,74,862,GRUENE,17.5,17.2,17.7
01W511,0105,74,862,Sonstige,13.2,13.0,13.5
01W511,0105,74,862,CDU,11.0,10.9,11.3
01W511,0105,74,862,SPD,9.6,9.3,10.0
01W511,0105,74,862,FDP,1.1,1.0,1.5
01W512,0105,74,896,LINKE,22.0,21.7,22.5
01W512,0105,74,896,AFD,21.6,20.9,22.3
01W512,0105,74,896,GRUENE,17.8,17.6,18.2
01W512,0105,74,896,CDU,15.0,14.9,15.3
01W512,0105,74,896,SPD,12.3,10.7,12.6
01W512,0105,74,896,Sonstige,11.3,11.2,11.4
01W512,0105,74,896,FDP,2.1,2.0,2.4
01W513,0105,74,779,LINKE,28.4,28.1,28.8
01W513,0105,74,779,GRUENE,20.6,20.4,20.8
01W513,0105,74,779,AFD,18.4,17.5,18.9
01W513,0105,74,779,CDU,11.4,11.3,11.7
01W513,0105,74,779,Sonstige,11.4,11.3,11.5
01W513,0105,74,779,SPD,10.4,9.8,10.7
01W513,0105,74,779,FDP,1.8,1.7,2.2
01W514,0105,74,955,LINKE,27.0,26.8,27.5
01W514,0105,74,955,GRUENE,20.0,19.9,20.3
01W514,0105,74,955,AFD,19.8,19.3,20.4
01W514,0105,74,955,Sonstige,13.8,13.6,13.9
01W514,0105,74,955,CDU,11.5,11.4,11.7
01W514,0105,74,955,SPD,9.4,9.0,9.7
01W514,0105,74,955,FDP,1.3,1.2,1.6
01W515,0105,74,812,LINKE,31.2,31.0,31.5
01W515,0105,74,812,GRUENE,23.9,23.7,24.1
01W515,0105,74,812,AFD,18.0,16.7,18.4
01W515,0105,74,812,Sonstige,11.9,11.8,12.1
01W515,0105,74,812,SPD,10.5,9.6,10.8
01W515,0105,74,812,CDU,7.8,7.6,8.0
01W515,0105,74,812,FDP,1.9,1.8,2.1
01W516,0105,74,1018,AFD,37.5,36.6,38.9
01W516,0105,74,1018,LINKE,19.0,18.5,19.5
01W516,0105,74,1018,CDU,18.1,17.7,18.6
01W516,0105,74,1018,SPD,16.3,13.4,17.0
01W516,0105,74,1018,Sonstige,11.0,10.7,11.3
01W516,0105,74,1018,GRUENE,4.4,3.9,4.8
01W516,0105,74,1018,FDP,1.9,1.9,2.1
01W517,0105,74,774,LINKE,31.5,31.2,31.9
01W517,0105,74,774,GRUENE,27.4,27.2,27.8
01W517,0105,74,774,Sonstige,15.1,14.9,15.3
01W517,0105,74,774,AFD,12.7,11.4,13.3
01W517,0105,74,774,SPD,9.2,8.2,9.5
01W517,0105,74,774,CDU,7.6,7.3,7.7
01W517,0105,74,774,FDP,0.9,0.8,1.4
01W518,0105,74,911,LINKE,25.3,25.0,25.7
01W518,0105,74,911,GRUENE,22.3,22.1,22.4
01W518,0105,74,911,AFD,17.9,17.3,18.3
01W518,0105,74,911,SPD,11.8,11.3,12.1
01W518,0105,74,911,CDU,11.3,11.1,11.5
01W518,0105,74,911,Sonstige,10.8,10.7,11.0
01W518,0105,74,911,FDP,2.2,2.1,2.3
01W519,0105,74,861,LINKE,28.0,27.8,28.4
01W519,0105,74,861,GRUENE,18.7,18.5,18.9
01W519,0105,74,861,AFD,18.3,17.5,18.8
01W519,0105,74,861,CDU,14.8,14.7,15.1
01W519,0105,74,861,Sonstige,13.3,13.2,13.5
01W519,0105,74,861,SPD,8.6,8.2,9.0
01W519,0105,74,861,FDP,1.4,1.3,1.9
01W520,0105,74,1047,LINKE,32.4,32.0,32.8
01W520,0105,74,1047,GRUENE,24.9,24.6,25.1
01W520,0105,74,1047,AFD,15.0,14.0,15.6
01W520,0105,74,1047,Sonstige,12.3,12.2,12.6
01W520,0105,74,1047,SPD,10.1,8.9,10.4
01W520,0105,74,1047,CDU,8.8,8.5,9.0
01W520,0105,74,1047,FDP,1.5,1.4,1.8
01W521,0105,74,908,LINKE,25.0,24.7,25.4
01W521,0105,74,908,GRUENE,20.0,19.9,20.2
01W521,0105,74,908,AFD,18.3,17.8,18.8
01W521,0105,74,908,Sonstige,13.8,13.7,14.0
01W521,0105,74,908,CDU,13.8,13.6,14.0
01W521,0105,74,908,SPD,9.4,9.1,9.7
01W521,0105,74,908,FDP,1.9,1.8,2.2
01W522,0105,74,873,LINKE,24.9,24.7,25.3
01W522,0105,74,873,AFD,21.5,20.8,22.0
01W522,0105,74,873,GRUENE,19.1,19.0,19.3
01W522,0105,74,873,CDU,15.2,15.1,15.5
01W522,0105,74,873,Sonstige,13.3,13.1,13.4
01W522,0105,74,873,SPD,8.5,8.1,8.9
01W522,0105,74,873,FDP,1.7,1.7,2.1
01W523,0105,74,1036,LINKE,29.8,29.6,30.2
01W523,0105,74,1036,GRUENE,23.6,23.5,23.8
01W523,0105,74,1036,AFD,16.5,15.8,17.0
01W523,0105,74,1036,Sonstige,12.4,12.3,12.6
01W523,0105,74,1036,SPD,10.8,9.7,11.2
01W523,0105,74,1036,CDU,9.6,9.4,9.8
01W523,0105,74,1036,FDP,1.5,1.5,1.9
01W524,0105,74,822,GRUENE,27.9,27.6,28.1
01W524,0105,74,822,LINKE,25.5,25.2,26.0
01W524,0105,74,822,AFD,14.0,13.3,14.6
01W524,0105,74,822,CDU,11.9,11.8,12.2
01W524,0105,74,822,Sonstige,10.9,10.8,11.1
01W524,0105,74,822,SPD,9.0,8.6,9.4
01W524,0105,74,822,FDP,1.6,1.5,2.1
01W525,0105,74,936,LINKE,28.6,28.4,29.0
01W525,0105,74,936,GRUENE,25.8,25.6,26.0
01W525,0105,74,936,Sonstige,14.1,13.9,14.3
01W525,0105,74,936,AFD,13.7,13.0,14.4
01W525,0105,74,936,CDU,9.3,9.2,9.6
01W525,0105,74,936,SPD,8.9,8.3,9.2
01W525,0105,74,936,FDP,1.5,1.4,2.0
01W526,0105,74,1010,LINKE,31.7,31.3,32.2
01W526,0105,74,1010,GRUENE,23.8,23.5,24.1
01W526,0105,74,1010,AFD,15.0,14.2,15.6
01W526,0105,74,1010,Sonstige,12.2,12.1,12.5
01W526,0105,74,1010,SPD,11.1,9.5,11.4
01W526,0105,74,1010,CDU,9.2,9.0,9.4
01W526,0105,74,1010,FDP,1.5,1.4,1.8
01W527,0105,74,801,CDU,27.9,27.7,28.3
01W527,0105,74,801,AFD,17.6,17.0,18.3
01W527,0105,74,801,LINKE,17.4,17.1,17.9
01W527,0105,74,801,SPD,12.3,11.9,12.7
01W527,0105,74,801,GRUENE,11.6,11.4,11.9
01W527,0105,74,801,Sonstige,10.3,10.1,10.4
01W527,0105,74,801,FDP,2.2,2.1,2.6
01W528,0105,74,840,LINKE,31.0,30.7,31.3
01W528,0105,74,840,GRUENE,29.6,29.4,29.8
01W528,0105,74,840,Sonstige,14.2,14.1,14.4
01W528,0105,74,840,AFD,13.9,12.8,14.4
01W528,0105,74,840,CDU,7.1,6.9,7.3
01W528,0105,74,840,SPD,6.1,5.7,6.9
01W528,0105,74,840,FDP,1.4,1.3,1.8
01W529,0105,74,848,LINKE,24.1,23.7,24.5
01W529,0105,74,848,GRUENE,22.1,22.0,22.4
01W529,0105,74,848,CDU,16.6,16.5,16.9
01W529,0105,74,848,AFD,13.9,13.4,14.5
01W529,0105,74,848,SPD,11.6,10.4,11.9
01W529,0105,74,848,Sonstige,9.4,9.2,9.5
01W529,0105,74,848,FDP,3.1,3.0,3.3
01W530,0105,74,786,LINKE,33.1,32.8,33.4
01W530,0105,74,786,GRUENE,27.8,27.6,28.0
01W530,0105,74,786,AFD,13.6,12.5,14.0
01W530,0105,74,786,Sonstige,12.6,12.4,12.7
01W530,0105,74,786,SPD,9.5,8.6,9.8
01W530,0105,74,786,CDU,5.1,4.9,5.3
01W530,0105,74,786,FDP,2.0,1.9,2.3
01W601,0106,74,581,LINKE,31.6,30.6,32.1
01W601,0106,74,581,GRUENE,24.9,24.7,25.2
01W601,0106,74,581,AFD,15.1,13.9,15.5
01W601,0106,74,581,Sonstige,14.7,14.5,14.8
01W601,0106,74,581,CDU,8.5,8.3,8.8
01W601,0106,74,581,SPD,7.3,7.0,8.2
01W601,0106,74,581,FDP,1.3,1.2,1.7
01W602,0106,74,798,LINKE,25.2,24.1,25.9
01W602,0106,74,798,GRUENE,18.2,18.0,18.6
01W602,0106,74,798,CDU,18.1,18.0,18.4
01W602,0106,74,798,SPD,12.5,12.2,12.8
01W602,0106,74,798,AFD,12.5,12.0,13.3
01W602,0106,74,798,Sonstige,10.8,10.6,11.0
01W602,0106,74,798,FDP,1.8,1.7,2.3
01W603,0106,74,1110,LINKE,31.5,30.3,32.1
01W603,0106,74,1110,GRUENE,26.9,26.6,27.2
01W603,0106,74,1110,AFD,11.8,11.2,12.6
01W603,0106,74,1110,Sonstige,11.1,10.9,11.3
01W603,0106,74,1110,SPD,9.5,9.1,10.8
01W603,0106,74,1110,CDU,7.3,7.0,7.5
01W603,0106,74,1110,FDP,2.5,2.4,2.6
01W604,0106,74,764,LINKE,25.5,24.3,26.1
01W604,0106,74,764,GRUENE,22.0,21.8,22.3
01W604,0106,74,764,Sonstige,16.8,16.6,17.0
01W604,0106,74,764,AFD,16.2,15.8,17.2
01W604,0106,74,764,CDU,10.5,10.4,10.8
01W604,0106,74,764,SPD,6.3,6.0,8.6
01W604,0106,74,764,FDP,1.4,1.3,1.9
01W605,0106,74,998,LINKE,32.2,31.1,32.8
01W605,0106,74,998,GRUENE,21.5,21.3,21.7
01W605,0106,74,998,AFD,15.3,14.8,15.9
01W605,0106,74,998,CDU,12.2,12.0,12.5
01W605,0106,74,998,Sonstige,12.0,11.9,12.2
01W605,0106,74,998,SPD,7.7,7.4,9.1
01W605,0106,74,998,FDP,1.5,1.4,1.8
01W606,0106,74,836,LINKE,29.2,27.7,29.8
01W606,0106,74,836,AFD,16.8,16.4,17.8
01W606,0106,74,836,GRUENE,16.0,15.7,16.4
01W606,0106,74,836,Sonstige,13.4,13.2,13.7
01W606,0106,74,836,CDU,13.0,12.8,13.2
01W606,0106,74,836,SPD,10.6,10.2,11.1
01W606,0106,74,836,FDP,0.4,0.3,1.1
01W607,0106,74,838,LINKE,36.1,35.1,36.6
01W607,0106,74,838,GRUENE,28.8,28.6,29.1
01W607,0106,74,838,Sonstige,11.9,11.7,12.0
01W607,0106,74,838,AFD,9.2,8.5,9.8
01W607,0106,74,838,SPD,8.8,8.5,9.7
01W607,0106,74,838,CDU,5.3,5.0,5.5
01W607,0106,74,838,FDP,1.5,1.4,1.9
01W608,0106,74,748,LINKE,32.9,31.7,33.4
01W608,0106,74,748,GRUENE,25.0,24.7,25.3
01W608,0106,74,748,Sonstige,15.1,14.9,15.3
01W608,0106,74,748,AFD,12.0,11.3,12.4
01W608,0106,74,748,CDU,7.9,7.7,8.1
01W608,0106,74,748,SPD,7.8,7.5,8.4
01W608,0106,74,748,FDP,0.9,0.8,1.5
01W609,0106,74,790,LINKE,37.5,36.4,38.0
01W609,0106,74,790,GRUENE,26.7,26.5,26.9
01W609,0106,74,790,AFD,14.4,13.5,14.8
01W609,0106,74,790,Sonstige,12.3,12.1,12.4
01W609,0106,74,790,SPD,7.1,6.8,8.3
01W609,0106,74,790,CDU,6.2,5.9,6.4
01W609,0106,74,790,FDP,0.9,0.9,1.3
01W610,0106,74,845,LINKE,34.8,33.7,35.3
01W610,0106,74,845,GRUENE,22.3,22.1,22.6
01W610,0106,74,845,Sonstige,13.2,13.0,13.3
01W610,0106,74,845,AFD,12.6,11.7,13.2
01W610,0106,74,845,SPD,9.1,8.8,9.5
01W610,0106,74,845,CDU,8.6,8.4,8.8
01W610,0106,74,845,FDP,1.1,1.0,1.7
01W611,0106,74,990,LINKE,36.0,34.9,36.5
01W611,0106,74,990,GRUENE,23.9,23.6,24.2
01W611,0106,74,990,Sonstige,14.9,14.7,15.2
01W611,0106,74,990,AFD,12.6,11.9,13.1
01W611,0106,74,990,SPD,7.9,7.5,8.6
01W611,0106,74,990,CDU,7.6,7.3,7.8
01W611,0106,74,990,FDP,0.7,0.7,1.3
01W612,0106,74,710,LINKE,36.1,35.0,36.6
01W612,0106,74,710,GRUENE,23.0,22.8,23.3
01W612,0106,74,710,Sonstige,13.3,13.1,13.5
01W612,0106,74,710,AFD,12.2,11.5,12.7
01W612,0106,74,710,CDU,7.9,7.7,8.1
01W612,0106,74,710,SPD,7.7,7.4,9.2
01W612,0106,74,710,FDP,1.1,1.0,1.6
01W613,0106,74,809,LINKE,34.8,33.6,35.4
01W613,0106,74,809,GRUENE,22.1,21.8,22.5
01W613,0106,74,809,Sonstige,13.0,12.9,13.2
01W613,0106,74,809,AFD,12.9,12.1,13.4
01W613,0106,74,809,SPD,9.7,9.3,10.1
01W613,0106,74,809,CDU,8.6,8.4,8.8
01W613,0106,74,809,FDP,1.1,1.0,1.6
01W614,0106,74,959,LINKE,34.7,33.4,35.3
01W614,0106,74,959,GRUENE,23.9,23.6,24.4
01W614,0106,74,959,Sonstige,14.1,13.9,14.4
01W614,0106,74,959,AFD,11.8,10.9,12.3
01W614,0106,74,959,SPD,9.7,8.9,10.0
01W614,0106,74,959,CDU,6.8,6.6,7.0
01W614,0106,74,959,FDP,1.0,0.9,1.6
01W615,0106,74,910,LINKE,36.2,35.1,36.7
01W615,0106,74,910,GRUENE,25.6,25.3,25.9
01W615,0106,74,910,Sonstige,12.9,12.7,13.1
01W615,0106,74,910,AFD,10.2,9.3,10.7
01W615,0106,74,910,SPD,9.7,9.3,10.0
01W615,0106,74,910,CDU,6.5,6.3,6.7
01W615,0106,74,910,FDP,1.2,1.1,1.6
01W616,0106,74,1021,LINKE,33.6,32.4,34.1
01W616,0106,74,1021,GRUENE,24.8,24.5,25.2
01W616,0106,74,1021,SPD,11.8,11.2,12.1
01W616,0106,74,1021,Sonstige,11.5,11.4,11.7
01W616,0106,74,1021,AFD,8.7,8.3,9.3
01W616,0106,74,1021,CDU,8.6,8.4,8.8
01W616,0106,74,1021,FDP,1.0,0.9,1.5
01W617,0106,74,927,LINKE,32.8,31.8,33.3
01W617,0106,74,927,GRUENE,31.4,31.2,31.7
01W617,0106,74,927,Sonstige,12.4,12.2,12.6
01W617,0106,74,927,CDU,9.1,8.9,9.3
01W617,0106,74,927,SPD,7.5,7.2,7.9
01W617,0106,74,927,AFD,7.3,6.3,7.7
01W617,0106,74,927,FDP,1.1,1.0,1.6
01W618,0106,74,937,LINKE,31.4,30.4,32.0
01W618,0106,74,937,GRUENE,26.0,25.8,26.3
01W618,0106,74,937,Sonstige,12.7,12.6,12.9
01W618,0106,74,937,AFD,11.1,10.5,11.6
01W618,0106,74,937,CDU,10.2,10.0,10.5
01W618,0106,74,937,SPD,7.3,7.0,9.4
01W618,0106,74,937,FDP,1.6,1.5,2.0
01W619,0106,74,815,LINKE,31.1,29.9,31.6
01W619,0106,74,815,GRUENE,26.4,26.2,26.7
01W619,0106,74,815,SPD,11.8,11.2,12.1
01W619,0106,74,815,Sonstige,11.3,11.1,11.5
01W619,0106,74,815,CDU,10.0,9.8,10.2
01W619,0106,74,815,AFD,7.8,7.1,8.3
01W619,0106,74,815,FDP,1.1,1.0,1.7
01W620,0106,74,807,LINKE,26.7,25.5,27.3
01W620,0106,74,807,GRUENE,20.7,20.5,21.0
01W620,0106,74,807,CDU,14.9,14.7,15.1
01W620,0106,74,807,AFD,13.6,12.9,14.4
01W620,0106,74,807,Sonstige,13.5,13.3,13.5
01W620,0106,74,807,SPD,7.5,7.2,9.7
01W620,0106,74,807,FDP,2.4,2.3,2.6
01W621,0106,74,1016,LINKE,37.9,36.9,38.4
01W621,0106,74,1016,GRUENE,27.6,27.4,27.8
01W621,0106,74,1016,Sonstige,13.1,12.9,13.2
01W621,0106,74,1016,AFD,9.4,8.8,9.9
01W621,0106,74,1016,SPD,7.7,7.3,8.9
01W621,0106,74,1016,CDU,5.6,5.4,5.8
01W621,0106,74,1016,FDP,1.2,1.1,1.5
01W622,0106,74,951,LINKE,35.8,34.8,36.3
01W622,0106,74,951,GRUENE,30.5,30.2,30.8
01W622,0106,74,951,Sonstige,13.8,13.6,13.9
01W622,0106,74,951,SPD,7.4,7.0,9.0
01W622,0106,74,951,AFD,7.2,6.6,7.7
01W622,0106,74,951,CDU,4.6,4.4,4.8
01W622,0106,74,951,FDP,1.1,1.0,1.6
01W623,0106,74,1027,LINKE,35.0,33.6,35.6
01W623,0106,74,1027,GRUENE,20.6,20.4,21.0
01W623,0106,74,1027,AFD,15.1,14.5,15.6
01W623,0106,74,1027,Sonstige,11.1,10.9,11.2
01W623,0106,74,1027,CDU,10.2,9.9,10.4
01W623,0106,74,1027,SPD,9.5,8.9,9.8
01W623,0106,74,1027,FDP,1.0,0.9,1.7
01W624,0106,74,945,LINKE,29.2,28.1,29.9
01W624,0106,74,945,GRUENE,21.0,20.8,21.3
01W624,0106,74,945,AFD,13.2,12.6,13.7
01W624,0106,74,945,Sonstige,13.1,12.9,13.2
01W624,0106,74,945,CDU,12.0,11.9,12.2
01W624,0106,74,945,SPD,10.5,10.1,10.8
01W624,0106,74,945,FDP,1.4,1.4,2.0
01W625,0106,74,1025,LINKE,33.9,32.8,34.4
01W625,0106,74,1025,GRUENE,28.3,28.0,28.7
01W625,0106,74,1025,Sonstige,13.0,12.8,13.3
01W625,0106,74,1025,AFD,9.9,9.2,10.4
01W625,0106,74,1025,CDU,9.3,9.1,9.6
01W625,0106,74,1025,SPD,6.8,6.4,7.4
01W625,0106,74,1025,FDP,0.9,0.8,1.6
01W626,0106,74,809,LINKE,30.4,29.3,30.9
01W626,0106,74,809,GRUENE,25.0,24.8,25.3
01W626,0106,74,809,Sonstige,12.4,12.3,12.6
01W626,0106,74,809,AFD,11.0,10.6,11.8
01W626,0106,74,809,SPD,10.2,9.9,10.7
01W626,0106,74,809,CDU,9.4,9.2,9.6
01W626,0106,74,809,FDP,1.2,1.1,1.7
01W627,0106,74,969,LINKE,34.8,33.7,35.3
01W627,0106,74,969,GRUENE,23.2,22.9,23.6
01W627,0106,74,969,Sonstige,13.0,12.8,13.4
01W627,0106,74,969,AFD,11.6,10.7,12.2
01W627,0106,74,969,SPD,11.4,10.5,11.7
01W627,0106,74,969,CDU,8.9,8.6,9.1
01W627,0106,74,969,FDP,0.9,0.8,1.3
01W628,0106,74,864,LINKE,30.9,29.9,31.5
01W628,0106,74,864,GRUENE,29.1,28.9,29.4
01W628,0106,74,864,Sonstige,12.3,12.1,12.5
01W628,0106,74,864,CDU,9.4,9.2,9.6
01W628,0106,74,864,SPD,8.3,8.0,8.6
01W628,0106,74,864,AFD,7.1,6.5,7.6
01W628,0106,74,864,FDP,1.8,1.6,2.4
01W629,0106,74,878,LINKE,28.7,27.5,29.4
01W629,0106,74,878,GRUENE,20.8,20.6,21.3
01W629,0106,74,878,CDU,12.7,12.6,12.9
01W629,0106,74,878,AFD,12.6,12.1,13.2
01W629,0106,74,878,SPD,11.9,11.0,12.2
01W629,0106,74,878,Sonstige,11.1,11.0,11.3
01W629,0106,74,878,FDP,1.8,1.8,2.3
01W630,0106,74,946,LINKE,26.9,25.7,27.5
01W630,0106,74,946,GRUENE,21.1,20.9,21.5
01W630,0106,74,946,Sonstige,13.1,12.9,13.3
01W630,0106,74,946,CDU,13.1,13.0,13.3
01W630,0106,74,946,AFD,12.3,11.7,13.0
01W630,0106,74,946,SPD,10.5,10.2,11.2
01W630,0106,74,946,FDP,0.7,0.7,1.3
01W701,0107,74,750,LINKE,33.1,32.8,33.3
01W701,0107,74,750,GRUENE,26.7,26.6,27.0
01W701,0107,74,750,AFD,12.4,11.8,12.8
01W701,0107,74,750,Sonstige,11.8,11.6,12.0
01W701,0107,74,750,CDU,8.7,8.5,8.9
01W701,0107,74,750,SPD,8.2,7.6,8.8
01W701,0107,74,750,FDP,1.0,0.9,1.6
01W702,0107,74,670,LINKE,35.0,34.6,35.1
01W702,0107,74,670,GRUENE,30.3,30.1,30.5
01W702,0107,74,670,AFD,12.0,10.8,12.5
01W702,0107,74,670,Sonstige,11.8,11.5,12.0
01W702,0107,74,670,CDU,6.7,6.5,6.9
01W702,0107,74,670,SPD,6.1,5.5,7.5
01W702,0107,74,670,FDP,1.3,1.3,1.9
01W703,0107,74,1035,GRUENE,23.4,23.1,23.9
01W703,0107,74,1035,LINKE,21.8,21.4,22.2
01W703,0107,74,1035,CDU,14.5,14.4,14.7
01W703,0107,74,1035,SPD,13.0,10.8,13.1
01W703,0107,74,1035,Sonstige,12.1,11.9,12.4
01W703,0107,74,1035,AFD,10.0,9.4,10.5
01W703,0107,74,1035,FDP,1.7,1.6,2.4
01W704,0107,74,854,LINKE,30.3,29.9,30.6
01W704,0107,74,854,GRUENE,24.9,24.6,25.3
01W704,0107,74,854,Sonstige,12.4,12.2,12.8
01W704,0107,74,854,AFD,11.3,10.6,11.7
01W704,0107,74,854,CDU,10.9,10.8,11.1
01W704,0107,74,854,SPD,9.3,8.8,9.5
01W704,0107,74,854,FDP,1.3,1.2,1.8
01W705,0107,74,848,LINKE,26.5,26.0,27.0
01W705,0107,74,848,AFD,15.7,15.3,16.5
01W705,0107,74,848,CDU,15.0,14.8,15.3
01W705,0107,74,848,GRUENE,14.5,14.1,15.1
01W705,0107,74,848,Sonstige,14.2,13.9,14.7
01W705,0107,74,848,SPD,13.3,11.4,13.6
01W705,0107,74,848,FDP,0.9,0.8,1.6
01W706,0107,74,948,LINKE,23.7,23.1,24.1
01W706,0107,74,948,CDU,19.0,18.9,19.4
01W706,0107,74,948,GRUENE,18.1,17.7,18.6
01W706,0107,74,948,AFD,13.0,12.5,13.8
01W706,0107,74,948,SPD,11.9,10.7,12.2
01W706,0107,74,948,Sonstige,11.1,10.9,11.5
01W706,0107,74,948,FDP,2.2,2.1,2.6
01W707,0107,74,798,LINKE,27.2,26.8,27.5
01W707,0107,74,798,GRUENE,21.1,20.9,21.5
01W707,0107,74,798,CDU,13.9,13.8,14.2
01W707,0107,74,798,SPD,13.4,12.2,13.7
01W707,0107,74,798,AFD,12.0,11.6,12.6
01W707,0107,74,798,Sonstige,9.1,8.9,9.3
01W707,0107,74,798,FDP,1.6,1.5,2.2
01W708,0107,74,975,LINKE,29.3,29.0,29.5
01W708,0107,74,975,GRUENE,24.5,24.4,24.8
01W708,0107,74,975,CDU,12.4,12.3,12.6
01W708,0107,74,975,AFD,11.6,10.9,11.9
01W708,0107,74,975,Sonstige,10.8,10.6,11.0
01W708,0107,74,975,SPD,9.4,8.9,10.1
01W708,0107,74,975,FDP,1.2,1.1,1.8
01W709,0107,74,772,LINKE,24.7,24.2,25.0
01W709,0107,74,772,GRUENE,20.3,20.0,20.7
01W709,0107,74,772,CDU,14.7,14.5,14.9
01W709,0107,74,772,AFD,13.5,13.0,14.0
01W709,0107,74,772,SPD,12.4,11.1,12.7
01W709,0107,74,772,Sonstige,11.4,11.2,11.8
01W709,0107,74,772,FDP,1.6,1.5,2.2
01W710,0107,74,1057,LINKE,26.5,26.1,26.8
01W710,0107,74,1057,AFD,17.0,16.5,17.6
01W710,0107,74,1057,GRUENE,16.9,16.7,17.2
01W710,0107,74,1057,CDU,14.5,14.3,14.7
01W710,0107,74,1057,SPD,12.0,11.4,12.2
01W710,0107,74,1057,Sonstige,11.6,11.5,11.8
01W710,0107,74,1057,FDP,2.0,2.0,2.3
01W711,0107,74,976,LINKE,29.8,29.4,30.1
01W711,0107,74,976,GRUENE,26.9,26.6,27.2
01W711,0107,74,976,Sonstige,14.3,14.0,14.8
01W711,0107,74,976,SPD,10.1,9.4,10.4
01W711,0107,74,976,AFD,10.0,9.4,10.6
01W711,0107,74,976,CDU,8.6,8.4,8.8
01W711,0107,74,976,FDP,1.0,0.9,1.6
01W712,0107,74,1045,LINKE,29.4,29.1,29.6
01W712,0107,74,1045,GRUENE,27.3,27.1,27.6
01W712,0107,74,1045,Sonstige,12.7,12.6,13.1
01W712,0107,74,1045,AFD,10.6,9.8,11.1
01W712,0107,74,1045,SPD,9.7,9.2,9.9
01W712,0107,74,1045,CDU,9.6,9.3,9.8
01W712,0107,74,1045,FDP,1.7,1.6,2.1
01W713,0107,74,1053,LINKE,28.3,27.9,28.5
01W713,0107,74,1053,GRUENE,18.0,17.8,18.3
01W713,0107,74,1053,AFD,16.5,16.0,17.1
01W713,0107,74,1053,CDU,13.5,13.3,13.7
01W713,0107,74,1053,Sonstige,11.3,11.1,11.5
01W713,0107,74,1053,SPD,10.8,10.4,11.1
01W713,0107,74,1053,FDP,1.7,1.7,2.1
01W714,0107,74,950,LINKE,29.4,29.1,29.6
01W714,0107,74,950,GRUENE,26.3,26.1,26.5
01W714,0107,74,950,Sonstige,13.5,13.4,13.7
01W714,0107,74,950,AFD,12.8,12.1,13.2
01W714,0107,74,950,SPD,9.2,8.7,9.4
01W714,0107,74,950,CDU,9.1,9.0,9.3
01W714,0107,74,950,FDP,1.3,1.3,1.8
01W715,0107,74,901,LINKE,23.3,22.6,23.9
01W715,0107,74,901,CDU,21.0,20.8,21.4
01W715,0107,74,901,AFD,19.5,18.9,20.6
01W715,0107,74,901,SPD,13.5,12.3,13.8
01W715,0107,74,901,Sonstige,12.3,12.0,12.7
01W715,0107,74,901,GRUENE,7.6,7.2,8.3
01W715,0107,74,901,FDP,1.2,1.1,1.8
01W716,0107,74,663,LINKE,30.6,30.2,30.9
01W716,0107,74,663,GRUENE,26.6,26.3,27.0
01W716,0107,74,663,Sonstige,11.6,11.4,12.1
01W716,0107,74,663,CDU,10.6,10.4,10.8
01W716,0107,74,663,AFD,9.8,9.3,10.2
01W716,0107,74,663,SPD,8.8,8.4,9.0
01W716,0107,74,663,FDP,1.6,1.5,2.2
01W717,0107,74,865,LINKE,24.4,24.1,24.7
01W717,0107,74,865,AFD,17.6,17.2,18.5
01W717,0107,74,865,CDU,17.1,17.0,17.4
01W717,0107,74,865,GRUENE,15.9,15.7,16.3
01W717,0107,74,865,Sonstige,12.5,12.4,12.7
01W717,0107,74,865,SPD,9.7,9.3,10.5
01W717,0107,74,865,FDP,1.2,1.1,1.7
01W718,0107,74,934,LINKE,29.9,29.6,30.1
01W718,0107,74,934,GRUENE,27.0,26.8,27.2
01W718,0107,74,934,Sonstige,11.8,11.6,11.9
01W718,0107,74,934,AFD,11.7,10.8,12.1
01W718,0107,74,934,CDU,9.4,9.2,9.6
01W718,0107,74,934,SPD,8.4,8.0,9.2
01W718,0107,74,934,FDP,2.1,2.0,2.4
01W719,0107,74,813,LINKE,29.6,29.3,29.9
01W719,0107,74,813,GRUENE,26.2,26.0,26.7
01W719,0107,74,813,Sonstige,12.6,12.5,13.0
01W719,0107,74,813,AFD,10.8,9.9,11.3
01W719,0107,74,813,SPD,9.8,9.4,10.0
01W719,0107,74,813,CDU,9.3,9.2,9.5
01W719,0107,74,813,FDP,1.4,1.4,1.9
01W720,0107,74,1158,GRUENE,32.6,32.4,32.9
01W720,0107,74,1158,LINKE,31.8,31.5,31.9
01W720,0107,74,1158,Sonstige,12.4,12.3,12.6
01W720,0107,74,1158,SPD,8.6,8.2,8.9
01W720,0107,74,1158,AFD,8.5,7.8,9.0
01W720,0107,74,1158,CDU,4.8,4.6,5.0
01W720,0107,74,1158,FDP,1.8,1.7,2.2
01W721,0107,74,875,LINKE,24.9,24.6,25.1
01W721,0107,74,875,GRUENE,21.7,21.5,21.9
01W721,0107,74,875,AFD,14.6,14.2,15.3
01W721,0107,74,875,CDU,13.9,13.8,14.2
01W721,0107,74,875,SPD,11.0,10.7,11.6
01W721,0107,74,875,Sonstige,10.9,10.7,11.1
01W721,0107,74,875,FDP,2.2,2.2,2.4
01W722,0107,74,1176,GRUENE,32.7,32.5,33.0
01W722,0107,74,1176,LINKE,31.6,31.3,31.7
01W722,0107,74,1176,Sonstige,11.5,11.4,11.7
01W722,0107,74,1176,AFD,9.1,8.1,9.5
01W722,0107,74,1176,SPD,8.0,7.5,8.4
01W722,0107,74,1176,CDU,6.3,6.1,6.5
01W722,0107,74,1176,FDP,1.5,1.4,2.0
01W723,0107,74,902,GRUENE,30.1,29.9,30.3
01W723,0107,74,902,LINKE,29.9,29.6,30.1
01W723,0107,74,902,Sonstige,12.2,12.1,12.4
01W723,0107,74,902,AFD,11.3,10.6,11.6
01W723,0107,74,902,CDU,8.8,8.6,9.0
01W723,0107,74,902,SPD,8.5,8.0,8.7
01W723,0107,74,902,FDP,1.2,1.2,1.7
01W724,0107,74,921,GRUENE,33.4,33.1,33.7
01W724,0107,74,921,LINKE,33.3,33.0,33.5
01W724,0107,74,921,Sonstige,13.0,12.9,13.2
01W724,0107,74,921,AFD,7.9,7.2,8.4
01W724,0107,74,921,SPD,7.2,6.7,8.6
01W724,0107,74,921,CDU,4.4,4.0,4.6
01W724,0107,74,921,FDP,1.7,1.6,2.1
01W725,0107,74,855,LINKE,32.2,31.8,32.5
01W725,0107,74,855,GRUENE,22.0,21.7,22.4
01W725,0107,74,855,AFD,12.7,12.3,13.3
01W725,0107,74,855,CDU,12.2,12.0,12.4
01W725,0107,74,855,Sonstige,10.7,10.4,11.1
01W725,0107,74,855,SPD,9.3,8.8,9.8
01W725,0107,74,855,FDP,1.1,1.0,1.8
01W726,0107,74,810,LINKE,35.3,35.0,35.5
01W726,0107,74,810,GRUENE,27.9,27.6,28.2
01W726,0107,74,810,Sonstige,11.2,11.0,11.4
01W726,0107,74,810,AFD,9.6,9.1,10.2
01W726,0107,74,810,SPD,8.5,7.9,9.6
01W726,0107,74,810,CDU,7.7,7.4,7.9
01W726,0107,74,810,FDP,1.3,1.2,1.8
01W727,0107,74,835,LINKE,25.5,25.0,25.8
01W727,0107,74,835,AFD,16.6,16.2,17.3
01W727,0107,74,835,GRUENE,15.2,14.9,15.6
01W727,0107,74,835,CDU,15.1,14.9,15.3
01W727,0107,74,835,SPD,12.5,11.8,12.8
01W727,0107,74,835,Sonstige,12.3,12.1,12.5
01W727,0107,74,835,FDP,1.2,1.1,1.8
01W728,0107,74,914,LINKE,25.1,24.5,25.5
01W728,0107,74,914,GRUENE,18.6,18.3,19.1
01W728,0107,74,914,CDU,18.5,18.3,18.8
01W728,0107,74,914,AFD,12.2,11.7,12.9
01W728,0107,74,914,Sonstige,11.0,10.8,11.3
01W728,0107,74,914,SPD,10.6,10.2,11.0
01W728,0107,74,914,FDP,1.8,1.8,2.3
01W729,0107,74,1014,LINKE,23.9,23.5,24.2
01W729,0107,74,1014,CDU,18.5,18.4,18.8
01W729,0107,74,1014,GRUENE,16.2,16.0,16.6
01W729,0107,74,1014,AFD,15.3,14.9,15.8
01W729,0107,74,1014,SPD,12.5,11.5,12.8
01W729,0107,74,1014,Sonstige,11.3,11.2,11.5
01W729,0107,74,1014,FDP,1.9,1.8,2.4
01W730,0107,74,1041,LINKE,26.9,26.5,27.1
01W730,0107,74,1041,GRUENE,19.9,19.7,20.2
01W730,0107,74,1041,AFD,17.6,17.1,18.1
01W730,0107,74,1041,CDU,16.5,16.4,16.8
01W730,0107,74,1041,Sonstige,11.1,11.0,11.3
01W730,0107,74,1041,SPD,8.8,8.4,9.2
01W730,0107,74,1041,FDP,1.6,1.6,2.0
01W731,0107,74,863,LINKE,26.5,26.1,26.7
01W731,0107,74,863,GRUENE,16.4,16.2,16.7
01W731,0107,74,863,CDU,16.3,16.3,16.6
01W731,0107,74,863,AFD,15.5,15.0,16.3
01W731,0107,74,863,Sonstige,11.8,11.6,11.9
01W731,0107,74,863,SPD,10.8,10.4,11.8
01W731,0107,74,863,FDP,1.8,1.7,2.1
02W101,0201,82,936,GRUENE,30.5,30.2,30.7
02W101,0201,82,936,LINKE,18.6,17.6,19.4
02W101,0201,82,936,CDU,15.7,15.5,16.0
02W101,0201,82,936,Sonstige,11.2,11.0,11.4
02W101,0201,82,936,SPD,10.0,9.6,10.3
02W101,0201,82,936,FDP,3.5,3.4,3.6
02W101,0201,82,936,AFD,2.7,2.0,3.2
02W102,0201,82,1002,LINKE,25.2,24.0,26.1
02W102,0201,82,1002,GRUENE,18.4,18.0,19.0
02W102,0201,82,1002,CDU,16.0,15.8,16.2
02W102,0201,82,1002,SPD,13.3,12.5,13.7
02W102,0201,82,1002,Sonstige,11.4,11.2,11.6
02W102,0201,82,1002,AFD,8.5,7.9,9.4
02W102,0201,82,1002,FDP,2.3,2.3,2.6
02W103,0201,82,988,GRUENE,27.6,27.4,28.1
02W103,0201,82,988,LINKE,25.2,24.1,26.1
02W103,0201,82,988,CDU,13.8,13.7,14.0
02W103,0201,82,988,SPD,11.6,11.1,11.9
02W103,0201,82,988,Sonstige,9.5,9.3,9.8
02W103,0201,82,988,AFD,3.2,2.6,3.8
02W103,0201,82,988,FDP,2.3,2.2,2.7
02W104,0201,82,917,GRUENE,33.2,32.9,33.5
02W104,0201,82,917,LINKE,31.6,30.7,32.4
02W104,0201,82,917,SPD,9.7,9.3,10.9
02W104,0201,82,917,CDU,8.9,8.6,9.1
02W104,0201,82,917,Sonstige,8.5,8.4,8.7
02W104,0201,82,917,FDP,2.2,2.2,2.5
02W104,0201,82,917,AFD,1.9,1.4,2.5
02W105,0201,82,855,GRUENE,32.8,32.5,33.0
02W105,0201,82,855,LINKE,27.6,26.7,28.4
02W105,0201,82,855,CDU,10.2,10.0,10.5
02W105,0201,82,855,Sonstige,9.7,9.6,9.9
02W105,0201,82,855,SPD,9.7,9.4,10.6
02W105,0201,82,855,AFD,2.8,2.3,3.6
02W105,0201,82,855,FDP,2.5,2.5,2.9
02W106,0201,82,879,GRUENE,38.6,38.2,38.9
02W106,0201,82,879,LINKE,26.4,25.5,27.2
02W106,0201,82,879,SPD,10.1,9.7,10.4
02W106,0201,82,879,CDU,9.4,9.1,9.7
02W106,0201,82,879,Sonstige,8.9,8.8,9.1
02W106,0201,82,879,FDP,2.7,2.7,3.0
02W106,0201,82,879,AFD,0.1,0.0,0.8
02W107,0201,82,1024,LINKE,24.6,23.4,25.4
02W107,0201,82,1024,GRUENE,21.0,20.8,21.5
02W107,0201,82,1024,CDU,14.7,14.6,15.0
02W107,0201,82,1024,Sonstige,12.3,12.2,12.5
02W107,0201,82,1024,SPD,10.8,10.4,11.9
02W107,0201,82,1024,AFD,8.6,8.1,10.3
02W107,0201,82,1024,FDP,1.8,1.8,2.0
02W108,0201,82,1034,LINKE,24.6,23.5,25.5
02W108,0201,82,1034,CDU,20.6,20.5,21.0
02W108,0201,82,1034,GRUENE,13.5,13.1,14.1
02W108,0201,82,1034,SPD,12.7,12.2,13.5
02W108,0201,82,1034,Sonstige,11.4,11.1,11.6
02W108,0201,82,1034,AFD,11.1,10.6,12.2
02W108,0201,82,1034,FDP,1.6,1.5,1.9
02W109,0201,82,960,LINKE,31.3,30.1,32.2
02W109,0201,82,960,GRUENE,15.8,15.5,16.4
02W109,0201,82,960,CDU,15.6,15.4,15.9
02W109,0201,82,960,Sonstige,12.8,12.6,13.2
02W109,0201,82,960,AFD,12.4,11.6,13.0
02W109,0201,82,960,SPD,9.6,9.0,10.5
02W109,0201,82,960,FDP,1.7,1.6,2.0
02W110,0201,82,1022,LINKE,24.7,23.6,25.5
02W110,0201,82,1022,GRUENE,23.8,23.6,24.2
02W110,0201,82,1022,CDU,16.7,16.6,17.0
02W110,0201,82,1022,SPD,11.6,11.2,12.5
02W110,0201,82,1022,Sonstige,9.1,8.9,9.3
02W110,0201,82,1022,AFD,5.1,4.6,6.1
02W110,0201,82,1022,FDP,2.2,2.1,2.5
02W111,0201,82,1024,LINKE,30.3,29.2,31.2
02W111,0201,82,1024,GRUENE,22.7,22.4,23.2
02W111,0201,82,1024,CDU,14.3,14.1,14.6
02W111,0201,82,1024,SPD,10.7,10.0,11.0
02W111,0201,82,1024,Sonstige,10.7,10.5,11.0
02W111,0201,82,1024,AFD,9.1,8.5,9.8
02W111,0201,82,1024,FDP,1.1,1.0,1.7
02W112,0201,82,1047,LINKE,28.1,27.0,29.0
02W112,0201,82,1047,GRUENE,22.7,22.4,23.2
02W112,0201,82,1047,CDU,13.8,13.6,14.0
02W112,0201,82,1047,Sonstige,12.1,12.0,12.4
02W112,0201,82,1047,SPD,11.0,10.5,11.3
02W112,0201,82,1047,AFD,6.8,6.4,7.6
02W112,0201,82,1047,FDP,1.4,1.3,1.9
02W113,0201,82,982,LINKE,27.7,26.6,28.6
02W113,0201,82,982,GRUENE,20.1,19.9,20.6
02W113,0201,82,982,CDU,15.3,15.2,15.6
02W113,0201,82,982,SPD,12.3,11.4,12.6
02W113,0201,82,982,AFD,11.3,10.7,12.2
02W113,0201,82,982,Sonstige,10.2,10.1,10.4
02W113,0201,82,982,FDP,1.7,1.7,2.2
02W114,0201,82,941,LINKE,27.5,26.5,28.3
02W114,0201,82,941,GRUENE,20.1,19.9,20.5
02W114,0201,82,941,CDU,16.4,16.3,16.7
02W114,0201,82,941,Sonstige,12.4,12.2,12.6
02W114,0201,82,941,SPD,9.6,9.2,11.3
02W114,0201,82,941,AFD,8.8,8.3,9.7
02W114,0201,82,941,FDP,1.8,1.7,2.0
02W115,0201,82,1034,LINKE,26.0,24.8,26.9
02W115,0201,82,1034,GRUENE,21.2,20.9,21.6
02W115,0201,82,1034,CDU,15.7,15.5,15.9
02W115,0201,82,1034,SPD,13.3,12.7,13.7
02W115,0201,82,1034,Sonstige,9.0,8.8,9.2
02W115,0201,82,1034,AFD,8.0,7.5,8.7
02W115,0201,82,1034,FDP,2.1,2.0,2.4
02W116,0201,82,1034,LINKE,27.5,26.3,28.3
02W116,0201,82,1034,GRUENE,22.4,22.2,22.7
02W116,0201,82,1034,CDU,14.6,14.5,14.8
02W116,0201,82,1034,SPD,12.0,11.6,12.7
02W116,0201,82,1034,Sonstige,9.2,9.1,9.3
02W116,0201,82,1034,AFD,7.7,7.2,8.7
02W116,0201,82,1034,FDP,2.1,2.0,2.3
02W117,0201,82,1030,LINKE,26.9,25.8,27.7
02W117,0201,82,1030,GRUENE,18.8,18.6,19.2
02W117,0201,82,1030,CDU,16.1,16.0,16.3
02W117,0201,82,1030,SPD,11.8,11.4,12.6
02W117,0201,82,1030,Sonstige,11.4,11.2,11.6
02W117,0201,82,1030,AFD,8.6,8.0,9.7
02W117,0201,82,1030,FDP,1.8,1.7,2.2
02W118,0201,82,1030,LINKE,32.6,31.4,33.4
02W118,0201,82,1030,GRUENE,20.7,20.3,21.1
02W118,0201,82,1030,CDU,12.2,12.0,12.4
02W118,0201,82,1030,Sonstige,11.9,11.6,12.3
02W118,0201,82,1030,SPD,10.6,10.0,11.5
02W118,0201,82,1030,AFD,9.3,8.6,9.8
02W118,0201,82,1030,FDP,1.2,1.1,1.6
02W119,0201,82,846,LINKE,26.5,25.4,27.4
02W119,0201,82,846,CDU,22.3,22.2,22.7
02W119,0201,82,846,SPD,13.3,12.7,13.8
02W119,0201,82,846,GRUENE,12.6,12.3,13.4
02W119,0201,82,846,AFD,11.2,10.6,12.0
02W119,0201,82,846,Sonstige,10.1,9.9,10.3
02W119,0201,82,846,FDP,1.8,1.7,2.1
02W120,0201,82,890,LINKE,31.8,30.5,32.7
02W120,0201,82,890,CDU,18.3,18.0,18.6
02W120,0201,82,890,AFD,13.4,12.9,14.3
02W120,0201,82,890,GRUENE,11.7,11.3,12.3
02W120,0201,82,890,SPD,11.6,11.1,12.6
02W120,0201,82,890,Sonstige,11.0,10.7,11.4
02W120,0201,82,890,FDP,0.8,0.7,1.4
02W121,0201,82,919,LINKE,29.5,28.4,30.4
02W121,0201,82,919,CDU,15.6,15.4,15.9
02W121,0201,82,919,GRUENE,14.6,14.2,15.2
02W121,0201,82,919,AFD,13.1,12.6,14.0
02W121,0201,82,919,SPD,12.4,11.9,12.8
02W121,0201,82,919,Sonstige,12.3,12.0,12.6
02W121,0201,82,919,FDP,1.1,1.1,1.5
02W122,0201,82,992,LINKE,36.8,35.7,37.5
02W122,0201,82,992,GRUENE,23.5,23.3,23.9
02W122,0201,82,992,Sonstige,12.4,12.3,12.7
02W122,0201,82,992,SPD,8.9,8.4,10.2
02W122,0201,82,992,CDU,8.6,8.4,8.8
02W122,0201,82,992,AFD,8.5,7.8,9.1
02W122,0201,82,992,FDP,1.4,1.4,1.7
02W123,0201,82,999,LINKE,37.1,36.1,37.9
02W123,0201,82,999,GRUENE,26.3,26.1,26.6
02W123,0201,82,999,Sonstige,11.8,11.6,11.9
02W123,0201,82,999,SPD,9.3,8.8,9.9
02W123,0201,82,999,AFD,8.8,8.0,9.4
02W123,0201,82,999,CDU,7.1,6.9,7.4
02W123,0201,82,999,FDP,1.5,1.5,1.8
02W124,0201,82,948,LINKE,36.2,35.1,37.0
02W124,0201,82,948,GRUENE,28.6,28.3,29.0
02W124,0201,82,948,Sonstige,10.7,10.5,10.8
02W124,0201,82,948,SPD,9.5,9.1,10.7
02W124,0201,82,948,AFD,7.0,6.3,7.7
02W124,0201,82,948,CDU,6.9,6.5,7.1
02W124,0201,82,948,FDP,2.4,2.3,2.5
02W125,0201,82,837,LINKE,37.3,36.2,38.1
02W125,0201,82,837,GRUENE,27.7,27.5,28.1
02W125,0201,82,837,Sonstige,11.3,11.1,11.5
02W125,0201,82,837,CDU,8.4,8.1,8.7
02W125,0201,82,837,SPD,7.7,7.2,8.9
02W125,0201,82,837,AFD,5.8,5.1,6.4
02W125,0201,82,837,FDP,1.4,1.4,1.8
02W126,0201,82,975,LINKE,40.8,39.7,41.7
02W126,0201,82,975,GRUENE,21.8,21.5,22.2
02W126,0201,82,975,AFD,12.0,11.0,12.7
02W126,0201,82,975,Sonstige,10.9,10.8,11.1
02W126,0201,82,975,SPD,8.6,8.1,9.3
02W126,0201,82,975,CDU,7.6,7.3,7.9
02W126,0201,82,975,FDP,1.6,1.6,1.9
02W127,0201,82,931,LINKE,35.4,34.3,36.2
02W127,0201,82,931,GRUENE,22.8,22.5,23.2
02W127,0201,82,931,Sonstige,12.1,11.9,12.3
02W127,0201,82,931,SPD,9.7,9.3,10.8
02W127,0201,82,931,AFD,8.9,8.3,9.5
02W127,0201,82,931,CDU,8.6,8.4,8.8
02W127,0201,82,931,FDP,1.2,1.2,1.7
02W128,0201,82,934,LINKE,35.5,34.3,36.3
02W128,0201,82,934,GRUENE,27.9,27.5,28.3
02W128,0201,82,934,Sonstige,11.5,11.3,12.0
02W128,0201,82,934,SPD,10.7,9.9,11.1
02W128,0201,82,934,CDU,7.1,6.8,7.3
02W128,0201,82,934,AFD,5.8,4.9,6.5
02W128,0201,82,934,FDP,1.5,1.4,2.0
02W129,0201,82,923,LINKE,36.2,35.2,37.0
02W129,0201,82,923,GRUENE,28.4,28.1,28.7
02W129,0201,82,923,Sonstige,10.2,10.1,10.5
02W129,0201,82,923,SPD,9.8,9.3,10.4
02W129,0201,82,923,CDU,8.1,7.8,8.3
02W129,0201,82,923,AFD,6.4,5.7,7.1
02W129,0201,82,923,FDP,1.9,1.8,2.1
02W130,0201,82,855,LINKE,34.6,33.6,35.4
02W130,0201,82,855,GRUENE,27.5,27.3,27.8
02W130,0201,82,855,Sonstige,11.0,10.8,11.2
02W130,0201,82,855,SPD,9.8,9.3,10.1
02W130,0201,82,855,CDU,8.3,8.1,8.6
02W130,0201,82,855,AFD,7.8,6.7,8.3
02W130,0201,82,855,FDP,1.8,1.7,2.2
02W131,0201,82,872,LINKE,34.2,33.2,34.9
02W131,0201,82,872,GRUENE,29.5,29.3,29.8
02W131,0201,82,872,Sonstige,11.1,11.0,11.2
02W131,0201,82,872,SPD,8.6,8.2,10.2
02W131,0201,82,872,CDU,8.5,8.2,8.8
02W131,0201,82,872,AFD,5.9,5.2,6.4
02W131,0201,82,872,FDP,2.0,2.0,2.2
02W132,0201,82,909,LINKE,36.3,35.3,37.0
02W132,0201,82,909,GRUENE,31.3,31.0,31.6
02W132,0201,82,909,Sonstige,10.0,9.9,10.2
02W132,0201,82,909,SPD,8.6,8.2,10.3
02W132,0201,82,909,CDU,6.4,6.0,6.7
02W132,0201,82,909,AFD,4.9,4.0,5.6
02W132,0201,82,909,FDP,2.4,2.3,2.5
02W133,0201,82,879,LINKE,33.7,32.8,34.5
02W133,0201,82,879,GRUENE,32.3,32.0,32.5
02W133,0201,82,879,Sonstige,12.6,12.4,12.7
02W133,0201,82,879,SPD,8.5,8.1,9.6
02W133,0201,82,879,AFD,5.4,4.5,5.9
02W133,0201,82,879,CDU,5.1,4.9,5.4
02W133,0201,82,879,FDP,2.3,2.2,2.4
02W201,0202,82,850,GRUENE,37.6,37.3,38.0
02W201,0202,82,850,LINKE,28.1,27.6,28.6
02W201,0202,82,850,Sonstige,10.7,10.6,10.8
02W201,0202,82,850,SPD,7.6,7.2,9.7
02W201,0202,82,850,CDU,6.9,6.6,7.1
02W201,0202,82,850,AFD,3.4,2.9,3.8
02W201,0202,82,850,FDP,2.4,2.3,2.5
02W202,0202,82,964,GRUENE,37.3,37.1,37.8
02W202,0202,82,964,LINKE,30.1,29.7,30.7
02W202,0202,82,964,Sonstige,10.6,10.4,10.8
02W202,0202,82,964,SPD,8.0,7.6,9.3
02W202,0202,82,964,CDU,5.5,5.3,5.7
02W202,0202,82,964,AFD,3.6,2.9,4.1
02W202,0202,82,964,FDP,1.9,1.7,2.4
02W203,0202,82,959,GRUENE,36.3,35.9,36.6
02W203,0202,82,959,LINKE,20.8,20.5,21.4
02W203,0202,82,959,CDU,12.9,12.7,13.2
02W203,0202,82,959,SPD,9.2,8.9,10.9
02W203,0202,82,959,Sonstige,8.7,8.5,8.8
02W203,0202,82,959,FDP,3.5,3.3,3.6
02W203,0202,82,959,AFD,2.7,2.2,3.0
02W204,0202,82,903,GRUENE,35.5,35.3,35.9
02W204,0202,82,903,LINKE,27.8,27.4,28.3
02W204,0202,82,903,SPD,10.2,9.9,10.7
02W204,0202,82,903,Sonstige,10.0,9.9,10.2
02W204,0202,82,903,CDU,7.7,7.3,7.9
02W204,0202,82,903,AFD,5.3,4.0,5.8
02W204,0202,82,903,FDP,3.1,3.0,3.2
02W205,0202,82,1031,GRUENE,36.9,36.5,37.3
02W205,0202,82,1031,LINKE,26.1,25.7,26.7
02W205,0202,82,1031,SPD,9.1,8.7,10.7
02W205,0202,82,1031,Sonstige,9.0,8.8,9.2
02W205,0202,82,1031,CDU,8.5,8.2,8.8
02W205,0202,82,1031,AFD,5.4,4.6,5.8
02W205,0202,82,1031,FDP,2.8,2.6,2.9
02W206,0202,82,1016,GRUENE,39.6,39.2,40.0
02W206,0202,82,1016,LINKE,27.9,27.4,28.5
02W206,0202,82,1016,SPD,9.3,8.9,10.5
02W206,0202,82,1016,Sonstige,8.2,8.1,8.5
02W206,0202,82,1016,CDU,7.7,7.3,7.9
02W206,0202,82,1016,FDP,2.5,2.4,2.8
02W206,0202,82,1016,AFD,1.8,1.2,2.3
02W207,0202,82,1023,LINKE,34.1,33.6,34.7
02W207,0202,82,1023,GRUENE,31.6,31.4,32.0
02W207,0202,82,1023,Sonstige,9.0,8.9,9.2
02W207,0202,82,1023,SPD,8.2,7.8,9.7
02W207,0202,82,1023,AFD,7.4,6.2,7.9
02W207,0202,82,1023,CDU,6.6,6.3,6.8
02W207,0202,82,1023,FDP,2.1,2.0,2.5
02W208,0202,82,1025,LINKE,32.7,32.2,33.3
02W208,0202,82,1025,GRUENE,29.0,28.8,29.5
02W208,0202,82,1025,Sonstige,10.2,10.0,10.3
02W208,0202,82,1025,SPD,8.7,8.4,10.1
02W208,0202,82,1025,AFD,8.0,7.2,8.6
02W208,0202,82,1025,CDU,7.7,7.5,7.9
02W208,0202,82,1025,FDP,2.1,2.0,2.4
02W209,0202,82,1023,GRUENE,35.2,35.0,35.6
02W209,0202,82,1023,LINKE,29.5,29.1,30.1
02W209,0202,82,1023,Sonstige,9.8,9.7,9.9
02W209,0202,82,1023,SPD,9.7,9.4,10.9
02W209,0202,82,1023,CDU,6.4,6.1,6.6
02W209,0202,82,1023,AFD,4.5,3.9,5.1
02W209,0202,82,1023,FDP,2.6,2.5,2.7
02W210,0202,82,939,GRUENE,32.0,31.7,32.4
02W210,0202,82,939,LINKE,25.7,25.3,26.3
02W210,0202,82,939,CDU,11.1,10.8,11.4
02W210,0202,82,939,SPD,9.8,9.5,11.1
02W210,0202,82,939,Sonstige,9.7,9.6,9.9
02W210,0202,82,939,AFD,5.6,5.2,6.2
02W210,0202,82,939,FDP,2.8,2.7,2.9
02W211,0202,82,933,LINKE,32.5,31.9,33.0
02W211,0202,82,933,GRUENE,31.8,31.5,32.2
02W211,0202,82,933,Sonstige,9.5,9.4,9.6
02W211,0202,82,933,SPD,8.6,8.2,10.4
02W211,0202,82,933,CDU,7.7,7.4,7.9
02W211,0202,82,933,AFD,5.7,4.7,6.2
02W211,0202,82,933,FDP,2.7,2.6,2.9
02W212,0202,82,1044,GRUENE,32.3,32.0,32.7
02W212,0202,82,1044,LINKE,31.3,30.8,31.8
02W212,0202,82,1044,Sonstige,10.5,10.4,10.6
02W212,0202,82,1044,SPD,8.7,8.4,10.3
02W212,0202,82,1044,AFD,8.5,7.4,9.0
02W212,0202,82,1044,CDU,6.5,6.1,6.7
02W212,0202,82,1044,FDP,2.7,2.7,2.9
02W213,0202,82,1015,LINKE,31.6,31.1,32.1
02W213,0202,82,1015,GRUENE,31.0,30.7,31.3
02W213,0202,82,1015,Sonstige,9.1,9.0,9.2
02W213,0202,82,1015,SPD,8.8,8.4,10.4
02W213,0202,82,1015,AFD,8.3,7.3,8.8
02W213,0202,82,1015,CDU,7.6,7.3,7.8
02W213,0202,82,1015,FDP,3.0,2.9,3.1
02W214,0202,82,943,GRUENE,36.2,35.9,36.6
02W214,0202,82,943,LINKE,30.6,30.2,31.2
02W214,0202,82,943,Sonstige,10.6,10.5,10.8
02W214,0202,82,943,SPD,9.1,8.7,10.6
02W214,0202,82,943,CDU,5.9,5.5,6.2
02W214,0202,82,943,AFD,3.9,2.8,4.5
02W214,0202,82,943,FDP,2.8,2.6,2.8
02W215,0202,82,993,LINKE,30.8,30.3,31.3
02W215,0202,82,993,GRUENE,30.7,30.5,31.1
02W215,0202,82,993,Sonstige,10.2,10.1,10.3
02W215,0202,82,993,CDU,9.8,9.6,10.1
02W215,0202,82,993,SPD,8.7,8.3,10.3
02W215,0202,82,993,AFD,5.6,4.6,6.1
02W215,0202,82,993,FDP,2.5,2.4,2.8
02W216,0202,82,1032,GRUENE,33.5,33.3,33.9
02W216,0202,82,1032,LINKE,30.8,30.4,31.4
02W216,0202,82,1032,Sonstige,10.9,10.8,11.0
02W216,0202,82,1032,SPD,7.7,7.3,10.3
02W216,0202,82,1032,CDU,7.4,7.2,7.7
02W216,0202,82,1032,AFD,4.6,3.9,5.1
02W216,0202,82,1032,FDP,2.6,2.6,2.7
02W217,0202,82,1047,GRUENE,34.2,34.0,34.6
02W217,0202,82,1047,LINKE,33.3,32.8,33.9
02W217,0202,82,1047,Sonstige,9.7,9.6,9.8
02W217,0202,82,1047,SPD,8.0,7.6,9.8
02W217,0202,82,1047,CDU,5.9,5.6,6.1
02W217,0202,82,1047,AFD,4.4,3.5,4.9
02W217,0202,82,1047,FDP,2.1,2.0,2.4
02W218,0202,82,1029,LINKE,32.1,31.6,32.7
02W218,0202,82,1029,GRUENE,32.0,31.8,32.5
02W218,0202,82,1029,Sonstige,9.3,9.2,9.4
02W218,0202,82,1029,SPD,8.0,7.7,10.3
02W218,0202,82,1029,CDU,7.6,7.3,7.8
02W218,0202,82,1029,AFD,6.7,6.0,7.3
02W218,0202,82,1029,FDP,2.6,2.6,2.7
02W219,0202,82,972,LINKE,28.8,28.2,29.4
02W219,0202,82,972,GRUENE,25.0,24.7,25.6
02W219,0202,82,972,CDU,12.6,12.4,12.8
02W219,0202,82,972,AFD,11.1,10.3,11.7
02W219,0202,82,972,Sonstige,10.9,10.8,11.2
02W219,0202,82,972,SPD,10.8,10.3,11.2
02W219,0202,82,972,FDP,1.5,1.4,1.9
02W220,0202,82,817,GRUENE,34.3,34.1,34.8
02W220,0202,82,817,LINKE,30.7,30.2,31.3
02W220,0202,82,817,Sonstige,10.2,10.1,10.5
02W220,0202,82,817,SPD,9.1,8.7,9.9
02W220,0202,82,817,CDU,7.5,7.2,7.7
02W220,0202,82,817,AFD,4.6,3.3,5.1
02W220,0202,82,817,FDP,2.4,2.3,2.8
02W221,0202,82,882,GRUENE,37.0,36.7,37.4
02W221,0202,82,882,LINKE,32.5,32.0,33.0
02W221,0202,82,882,Sonstige,9.1,9.0,9.3
02W221,0202,82,882,SPD,8.6,8.3,10.0
02W221,0202,82,882,CDU,5.7,5.4,5.9
02W221,0202,82,882,AFD,2.8,2.0,3.3
02W221,0202,82,882,FDP,2.3,2.2,2.6
02W222,0202,82,897,GRUENE,33.0,32.8,33.4
02W222,0202,82,897,LINKE,30.7,30.2,31.3
02W222,0202,82,897,Sonstige,10.8,10.7,11.0
02W222,0202,82,897,SPD,9.1,8.7,10.2
02W222,0202,82,897,AFD,7.4,6.5,8.0
02W222,0202,82,897,CDU,6.9,6.5,7.1
02W222,0202,82,897,FDP,2.5,2.4,2.6
02W223,0202,82,1063,GRUENE,35.2,35.0,35.7
02W223,0202,82,1063,LINKE,28.8,28.4,29.3
02W223,0202,82,1063,SPD,9.8,9.5,10.9
02W223,0202,82,1063,CDU,8.6,8.3,8.9
02W223,0202,82,1063,Sonstige,8.4,8.2,8.6
02W223,0202,82,1063,AFD,3.2,2.0,3.7
02W223,0202,82,1063,FDP,2.9,2.7,3.1
02W224,0202,82,805,GRUENE,34.2,33.9,34.7
02W224,0202,82,805,LINKE,27.8,27.4,28.3
02W224,0202,82,805,Sonstige,10.4,10.3,10.5
02W224,0202,82,805,SPD,8.6,8.3,10.3
02W224,0202,82,805,CDU,8.1,7.8,8.3
02W224,0202,82,805,AFD,3.7,3.0,4.2
02W224,0202,82,805,FDP,3.3,3.2,3.4
02W225,0202,82,878,GRUENE,37.6,37.3,38.0
02W225,0202,82,878,LINKE,31.2,30.8,31.7
02W225,0202,82,878,Sonstige,9.3,9.2,9.5
02W225,0202,82,878,SPD,8.2,7.8,9.7
02W225,0202,82,878,CDU,6.2,5.8,6.4
02W225,0202,82,878,AFD,3.4,2.4,3.8
02W225,0202,82,878,FDP,2.7,2.7,3.0
02W226,0202,82,908,GRUENE,35.4,35.1,35.8
02W226,0202,82,908,LINKE,26.8,26.4,27.3
02W226,0202,82,908,CDU,10.1,9.9,10.4
02W226,0202,82,908,Sonstige,9.1,9.0,9.3
02W226,0202,82,908,SPD,8.7,8.3,10.8
02W226,0202,82,908,AFD,3.3,2.7,3.8
02W226,0202,82,908,FDP,2.8,2.7,3.0
02W227,0202,82,989,GRUENE,37.2,36.9,37.6
02W227,0202,82,989,LINKE,28.3,27.8,28.8
02W227,0202,82,989,CDU,9.3,9.0,9.6
02W227,0202,82,989,Sonstige,8.4,8.3,8.6
02W227,0202,82,989,SPD,8.2,7.8,10.2
02W227,0202,82,989,FDP,3.1,3.1,3.3
02W227,0202,82,989,AFD,2.1,1.6,2.6
02W228,0202,82,985,GRUENE,32.8,32.5,33.1
02W228,0202,82,985,LINKE,30.9,30.5,31.5
02W228,0202,82,985,Sonstige,9.5,9.4,9.7
02W228,0202,82,985,SPD,8.8,8.5,10.2
02W228,0202,82,985,CDU,8.5,8.2,8.7
02W228,0202,82,985,AFD,4.9,4.1,5.4
02W228,0202,82,985,FDP,2.8,2.7,3.0
02W229,0202,82,995,LINKE,31.4,30.9,31.9
02W229,0202,82,995,GRUENE,31.3,31.0,31.6
02W229,0202,82,995,SPD,9.2,8.9,10.9
02W229,0202,82,995,Sonstige,8.4,8.2,8.5
02W229,0202,82,995,CDU,7.5,7.3,7.7
02W229,0202,82,995,AFD,6.7,6.0,7.2
02W229,0202,82,995,FDP,2.9,2.8,3.1
02W230,0202,82,919,GRUENE,34.7,34.5,35.1
02W230,0202,82,919,LINKE,29.7,29.2,30.3
02W230,0202,82,919,SPD,10.1,9.7,10.9
02W230,0202,82,919,Sonstige,9.1,9.0,9.3
02W230,0202,82,919,CDU,6.7,6.5,6.9
02W230,0202,82,919,AFD,5.0,4.4,5.5
02W230,0202,82,919,FDP,2.0,1.9,2.4
02W231,0202,82,948,GRUENE,35.3,35.1,35.7
02W231,0202,82,948,LINKE,33.8,33.3,34.3
02W231,0202,82,948,Sonstige,10.1,10.0,10.3
02W231,0202,82,948,SPD,6.7,6.3,8.8
02W231,0202,82,948,CDU,6.1,5.8,6.4
02W231,0202,82,948,AFD,5.0,4.0,5.4
02W231,0202,82,948,FDP,2.3,2.2,2.5
02W232,0202,82,956,LINKE,33.0,32.3,33.6
02W232,0202,82,956,GRUENE,24.2,23.8,24.8
02W232,0202,82,956,Sonstige,15.5,15.3,16.0
02W232,0202,82,956,CDU,10.8,10.4,11.0
02W232,0202,82,956,AFD,10.2,9.2,11.0
02W232,0202,82,956,SPD,7.5,7.0,8.8
02W232,0202,82,956,FDP,1.1,1.0,1.6
02W233,0202,82,998,LINKE,33.3,32.8,33.9
02W233,0202,82,998,GRUENE,31.1,30.9,31.5
02W233,0202,82,998,Sonstige,11.8,11.7,12.0
02W233,0202,82,998,CDU,8.1,7.8,8.4
02W233,0202,82,998,AFD,7.8,6.5,8.3
02W233,0202,82,998,SPD,6.9,6.4,8.9
02W233,0202,82,998,FDP,2.1,2.0,2.3
02W234,0202,82,998,LINKE,36.7,36.2,37.3
02W234,0202,82,998,GRUENE,33.6,33.4,34.1
02W234,0202,82,998,Sonstige,10.7,10.5,10.8
02W234,0202,82,998,SPD,7.2,6.7,8.8
02W234,0202,82,998,AFD,5.7,4.5,6.3
02W234,0202,82,998,CDU,4.3,3.9,4.5
02W234,0202,82,998,FDP,1.8,1.7,2.1
02W301,0203,82,890,LINKE,33.3,32.3,34.1
02W301,0203,82,890,CDU,18.0,17.8,18.3
02W301,0203,82,890,GRUENE,13.9,13.5,14.7
02W301,0203,82,890,Sonstige,11.9,11.6,12.4
02W301,0203,82,890,AFD,11.0,10.1,11.8
02W301,0203,82,890,SPD,10.5,10.0,11.4
02W301,0203,82,890,FDP,1.2,1.1,1.7
02W302,0203,82,840,LINKE,36.7,36.0,37.1
02W302,0203,82,840,GRUENE,28.3,28.0,28.6
02W302,0203,82,840,Sonstige,10.6,10.5,10.8
02W302,0203,82,840,SPD,9.7,9.2,11.2
02W302,0203,82,840,AFD,6.8,6.3,7.8
02W302,0203,82,840,CDU,4.2,3.7,4.4
02W302,0203,82,840,FDP,2.3,2.2,2.6
02W303,0203,82,963,GRUENE,37.5,37.1,37.7
02W303,0203,82,963,LINKE,33.5,32.8,33.9
02W303,0203,82,963,Sonstige,8.8,8.7,9.0
02W303,0203,82,963,CDU,6.9,6.5,7.1
02W303,0203,82,963,SPD,6.6,6.4,9.3
02W303,0203,82,963,FDP,2.8,2.8,3.0
02W303,0203,82,963,AFD,0.0,0.0,0.1
02W304,0203,82,930,GRUENE,31.3,31.0,31.5
02W304,0203,82,930,LINKE,31.2,30.5,31.6
02W304,0203,82,930,SPD,10.5,10.3,11.4
02W304,0203,82,930,Sonstige,9.8,9.7,10.0
02W304,0203,82,930,CDU,9.0,8.8,9.3
02W304,0203,82,930,AFD,2.7,2.1,3.8
02W304,0203,82,930,FDP,2.1,2.0,2.4
02W305,0203,82,834,GRUENE,34.3,34.0,34.6
02W305,0203,82,834,LINKE,32.4,31.7,32.9
02W305,0203,82,834,SPD,9.8,9.4,10.3
02W305,0203,82,834,Sonstige,9.4,9.3,9.6
02W305,0203,82,834,CDU,6.7,6.4,6.9
02W305,0203,82,834,FDP,2.0,1.9,2.4
02W305,0203,82,834,AFD,1.7,1.0,2.4
02W306,0203,82,949,LINKE,32.9,32.1,33.4
02W306,0203,82,949,GRUENE,26.5,26.3,27.0
02W306,0203,82,949,CDU,11.2,10.9,11.4
02W306,0203,82,949,Sonstige,10.7,10.5,10.9
02W306,0203,82,949,SPD,9.3,8.9,10.0
02W306,0203,82,949,AFD,6.7,6.0,7.3
02W306,0203,82,949,FDP,1.4,1.3,1.8
02W307,0203,82,990,LINKE,35.9,35.0,36.5
02W307,0203,82,990,GRUENE,29.5,29.3,29.9
02W307,0203,82,990,Sonstige,9.1,9.0,9.3
02W307,0203,82,990,CDU,8.3,8.1,8.6
02W307,0203,82,990,SPD,7.8,7.3,9.1
02W307,0203,82,990,AFD,6.0,5.3,6.6
02W307,0203,82,990,FDP,1.8,1.7,2.2
02W308,0203,82,931,GRUENE,37.0,36.6,37.3
02W308,0203,82,931,LINKE,35.0,34.3,35.4
02W308,0203,82,931,Sonstige,9.2,9.1,9.4
02W308,0203,82,931,SPD,7.6,7.3,9.7
02W308,0203,82,931,CDU,5.0,4.6,5.2
02W308,0203,82,931,FDP,2.2,2.2,2.5
02W308,0203,82,931,AFD,1.0,0.5,1.9
02W309,0203,82,1011,LINKE,35.2,34.5,35.6
02W309,0203,82,1011,GRUENE,30.0,29.8,30.3
02W309,0203,82,1011,Sonstige,11.2,11.1,11.4
02W309,0203,82,1011,SPD,7.5,7.1,9.6
02W309,0203,82,1011,CDU,6.6,6.3,6.8
02W309,0203,82,1011,AFD,5.5,4.9,6.1
02W309,0203,82,1011,FDP,1.9,1.9,2.2
02W310,0203,82,1009,LINKE,36.4,35.7,36.8
02W310,0203,82,1009,GRUENE,32.9,32.7,33.2
02W310,0203,82,1009,Sonstige,10.5,10.4,10.7
02W310,0203,82,1009,SPD,6.0,5.7,9.0
02W310,0203,82,1009,CDU,5.9,5.6,6.1
02W310,0203,82,1009,AFD,5.5,4.9,6.1
02W310,0203,82,1009,FDP,1.8,1.8,2.1
02W311,0203,82,966,LINKE,34.6,33.9,35.0
02W311,0203,82,966,GRUENE,31.3,31.1,31.6
02W311,0203,82,966,Sonstige,11.8,11.6,11.9
02W311,0203,82,966,SPD,6.7,6.4,9.0
02W311,0203,82,966,CDU,6.6,6.3,6.8
02W311,0203,82,966,AFD,5.3,4.8,6.0
02W311,0203,82,966,FDP,1.8,1.7,2.2
02W312,0203,82,920,LINKE,36.8,36.0,37.2
02W312,0203,82,920,GRUENE,32.3,32.0,32.6
02W312,0203,82,920,Sonstige,10.3,10.2,10.5
02W312,0203,82,920,SPD,7.1,6.8,9.3
02W312,0203,82,920,CDU,6.3,5.9,6.6
02W312,0203,82,920,AFD,2.5,2.0,3.3
02W312,0203,82,920,FDP,2.2,2.1,2.4
02W313,0203,82,950,LINKE,32.0,31.2,32.4
02W313,0203,82,950,GRUENE,31.5,31.3,31.8
02W313,0203,82,950,Sonstige,12.7,12.6,12.9
02W313,0203,82,950,CDU,7.2,6.9,7.4
02W313,0203,82,950,SPD,6.9,6.6,9.1
02W313,0203,82,950,AFD,4.5,4.0,5.2
02W313,0203,82,950,FDP,1.9,1.8,2.3
02W314,0203,82,1011,GRUENE,34.9,34.7,35.2
02W314,0203,82,1011,LINKE,33.2,32.4,33.6
02W314,0203,82,1011,SPD,8.1,7.8,10.0
02W314,0203,82,1011,Sonstige,8.1,8.0,8.2
02W314,0203,82,1011,CDU,7.9,7.5,8.2
02W314,0203,82,1011,AFD,2.6,2.2,3.3
02W314,0203,82,1011,FDP,2.4,2.3,2.6
02W315,0203,82,947,GRUENE,34.3,34.0,34.5
02W315,0203,82,947,LINKE,32.4,31.7,32.8
02W315,0203,82,947,Sonstige,11.0,10.8,11.1
02W315,0203,82,947,SPD,8.1,7.8,9.9
02W315,0203,82,947,CDU,5.2,4.9,5.4
02W315,0203,82,947,AFD,5.0,4.4,5.8
02W315,0203,82,947,FDP,2.3,2.2,2.5
02W316,0203,82,992,LINKE,36.7,36.0,37.1
02W316,0203,82,992,GRUENE,31.4,31.2,31.8
02W316,0203,82,992,Sonstige,12.9,12.8,13.1
02W316,0203,82,992,SPD,6.9,6.5,9.3
02W316,0203,82,992,AFD,4.4,3.7,5.0
02W316,0203,82,992,CDU,3.6,3.3,3.7
02W316,0203,82,992,FDP,1.4,1.4,1.9
02W317,0203,82,1024,GRUENE,37.6,37.4,37.9
02W317,0203,82,1024,LINKE,35.7,34.9,36.2
02W317,0203,82,1024,Sonstige,10.0,9.8,10.2
02W317,0203,82,1024,SPD,6.9,6.5,8.1
02W317,0203,82,1024,CDU,4.1,3.8,4.3
02W317,0203,82,1024,AFD,2.3,1.7,2.9
02W317,0203,82,1024,FDP,1.6,1.5,2.0
02W318,0203,82,892,LINKE,40.9,40.1,41.3
02W318,0203,82,892,GRUENE,30.1,29.9,30.3
02W318,0203,82,892,Sonstige,11.9,11.7,12.0
02W318,0203,82,892,SPD,6.1,5.7,8.6
02W318,0203,82,892,AFD,5.7,4.9,6.4
02W318,0203,82,892,CDU,3.3,2.9,3.7
02W318,0203,82,892,FDP,2.0,2.0,2.2
02W319,0203,82,1057,LINKE,39.5,38.7,39.9
02W319,0203,82,1057,GRUENE,30.7,30.5,31.0
02W319,0203,82,1057,Sonstige,11.6,11.4,11.7
02W319,0203,82,1057,SPD,6.1,5.8,8.7
02W319,0203,82,1057,AFD,5.3,4.6,6.1
02W319,0203,82,1057,CDU,3.5,3.2,3.7
02W319,0203,82,1057,FDP,2.0,1.9,2.3
02W320,0203,82,854,GRUENE,34.8,34.6,35.0
02W320,0203,82,854,LINKE,32.5,31.8,32.9
02W320,0203,82,854,Sonstige,10.7,10.6,10.9
02W320,0203,82,854,CDU,7.8,7.4,8.1
02W320,0203,82,854,SPD,6.8,6.4,8.9
02W320,0203,82,854,FDP,2.6,2.5,2.7
02W320,0203,82,854,AFD,2.3,1.6,2.8
02W321,0203,82,1011,GRUENE,35.4,35.2,35.7
02W321,0203,82,1011,LINKE,25.7,25.0,26.2
02W321,0203,82,1011,CDU,11.2,11.0,11.4
02W321,0203,82,1011,Sonstige,9.3,9.1,9.4
02W321,0203,82,1011,SPD,7.0,6.6,8.4
02W321,0203,82,1011,AFD,5.9,5.3,6.5
02W321,0203,82,1011,FDP,2.8,2.7,2.9
02W322,0203,82,757,LINKE,35.1,34.4,35.5
02W322,0203,82,757,GRUENE,27.5,27.3,27.7
02W322,0203,82,757,AFD,11.1,10.6,11.8
02W322,0203,82,757,Sonstige,10.5,10.4,10.6
02W322,0203,82,757,CDU,8.4,8.2,8.7
02W322,0203,82,757,SPD,6.5,6.1,9.0
02W322,0203,82,757,FDP,2.2,2.1,2.4
02W323,0203,82,1023,GRUENE,36.5,36.2,36.8
02W323,0203,82,1023,LINKE,34.4,33.7,34.8
02W323,0203,82,1023,Sonstige,12.1,11.9,12.2
02W323,0203,82,1023,AFD,6.0,5.5,6.6
02W323,0203,82,1023,CDU,4.6,4.3,4.7
02W323,0203,82,1023,SPD,3.7,3.3,6.9
02W323,0203,82,1023,FDP,2.2,2.1,2.4
02W324,0203,82,1027,GRUENE,37.3,37.0,37.6
02W324,0203,82,1027,LINKE,36.2,35.5,36.6
02W324,0203,82,1027,Sonstige,11.2,11.0,11.3
02W324,0203,82,1027,AFD,5.9,4.8,6.5
02W324,0203,82,1027,SPD,4.3,3.9,7.3
02W324,0203,82,1027,CDU,4.0,3.7,4.3
02W324,0203,82,1027,FDP,2.3,2.2,2.4
02W325,0203,82,1002,LINKE,34.9,34.1,35.3
02W325,0203,82,1002,GRUENE,32.1,31.8,32.3
02W325,0203,82,1002,Sonstige,10.9,10.7,11.0
02W325,0203,82,1002,CDU,7.9,7.6,8.1
02W325,0203,82,1002,AFD,7.0,6.3,7.6
02W325,0203,82,1002,SPD,4.3,3.8,7.7
02W325,0203,82,1002,FDP,3.1,3.0,3.2
02W326,0203,82,1003,LINKE,32.7,32.0,33.1
02W326,0203,82,1003,GRUENE,26.0,25.7,26.3
02W326,0203,82,1003,AFD,12.0,11.5,12.8
02W326,0203,82,1003,Sonstige,11.1,10.9,11.3
02W326,0203,82,1003,CDU,9.5,9.2,9.7
02W326,0203,82,1003,SPD,6.7,6.4,9.4
02W326,0203,82,1003,FDP,2.7,2.6,3.0
02W327,0203,82,967,GRUENE,32.9,32.7,33.2
02W327,0203,82,967,LINKE,32.6,31.9,33.0
02W327,0203,82,967,Sonstige,11.0,10.8,11.2
02W327,0203,82,967,AFD,8.8,8.1,9.3
02W327,0203,82,967,CDU,7.2,7.0,7.4
02W327,0203,82,967,SPD,5.2,4.8,7.9
02W327,0203,82,967,FDP,2.5,2.4,2.7
02W328,0203,82,919,GRUENE,35.1,34.8,35.4
02W328,0203,82,919,LINKE,31.9,31.2,32.3
02W328,0203,82,919,Sonstige,14.2,14.0,14.3
02W328,0203,82,919,AFD,7.8,7.0,8.3
02W328,0203,82,919,CDU,4.7,4.4,4.9
02W328,0203,82,919,SPD,4.6,4.2,7.2
02W328,0203,82,919,FDP,2.3,2.3,2.5
02W329,0203,82,960,GRUENE,38.1,37.8,38.4
02W329,0203,82,960,LINKE,22.2,21.5,22.6
02W329,0203,82,960,CDU,11.9,11.7,12.1
02W329,0203,82,960,Sonstige,10.7,10.4,10.8
02W329,0203,82,960,SPD,8.1,7.9,8.8
02W329,0203,82,960,FDP,3.3,3.2,3.5
02W329,0203,82,960,AFD,2.9,2.3,3.5
02W330,0203,82,1030,GRUENE,35.3,35.1,35.6
02W330,0203,82,1030,LINKE,30.9,30.2,31.3
02W330,0203,82,1030,Sonstige,13.2,13.0,13.3
02W330,0203,82,1030,AFD,6.7,6.2,7.4
02W330,0203,82,1030,SPD,5.6,5.3,7.1
02W330,0203,82,1030,CDU,4.8,4.5,5.0
02W330,0203,82,1030,FDP,2.4,2.3,2.7
02W331,0203,82,964,LINKE,29.9,29.1,30.3
02W331,0203,82,964,GRUENE,18.9,18.7,19.2
02W331,0203,82,964,AFD,17.6,17.1,18.5
02W331,0203,82,964,CDU,13.2,13.1,13.5
02W331,0203,82,964,Sonstige,12.1,11.9,12.2
02W331,0203,82,964,SPD,4.7,4.3,8.4
02W331,0203,82,964,FDP,1.4,1.3,1.9
02W332,0203,82,930,GRUENE,30.8,30.6,31.2
02W332,0203,82,930,LINKE,30.6,30.0,31.1
02W332,0203,82,930,Sonstige,13.2,13.0,13.4
02W332,0203,82,930,AFD,9.9,9.3,10.5
02W332,0203,82,930,CDU,5.9,5.8,6.1
02W332,0203,82,930,SPD,5.4,5.0,7.3
02W332,0203,82,930,FDP,1.7,1.6,2.2
02W333,0203,82,808,GRUENE,35.3,35.2,35.7
02W333,0203,82,808,LINKE,20.1,19.5,20.6
02W333,0203,82,808,CDU,14.1,14.0,14.3
02W333,0203,82,808,Sonstige,10.8,10.6,10.9
02W333,0203,82,808,SPD,7.6,7.3,8.5
02W333,0203,82,808,AFD,5.5,4.9,6.1
02W333,0203,82,808,FDP,3.0,2.9,3.2
02W334,0203,82,857,GRUENE,32.3,32.0,32.5
02W334,0203,82,857,LINKE,18.8,18.1,19.2
02W334,0203,82,857,CDU,15.3,15.1,15.5
02W334,0203,82,857,Sonstige,10.4,10.3,10.7
02W334,0203,82,857,SPD,9.6,9.2,10.5
02W334,0203,82,857,AFD,6.4,5.7,7.0
02W334,0203,82,857,FDP,3.4,3.3,3.6
02W335,0203,82,890,GRUENE,23.9,23.8,24.2
02W335,0203,82,890,LINKE,21.9,21.1,22.4
02W335,0203,82,890,CDU,18.7,18.6,19.0
02W335,0203,82,890,SPD,10.8,10.5,11.4
02W335,0203,82,890,AFD,10.6,10.0,11.1
02W335,0203,82,890,Sonstige,6.7,6.6,6.9
02W335,0203,82,890,FDP,4.0,3.9,4.1
02W336,0203,82,887,GRUENE,28.2,27.9,28.4
02W336,0203,82,887,CDU,19.5,19.2,19.8
02W336,0203,82,887,LINKE,15.9,15.0,16.5
02W336,0203,82,887,SPD,10.0,9.8,10.4
02W336,0203,82,887,Sonstige,8.6,8.4,8.7
02W336,0203,82,887,AFD,8.0,7.6,8.8
02W336,0203,82,887,FDP,4.7,4.5,4.8
02W401,0204,82,932,LINKE,32.4,32.0,32.5
02W401,0204,82,932,AFD,20.0,19.5,20.9
02W401,0204,82,932,CDU,12.9,12.7,13.2
02W401,0204,82,932,GRUENE,12.1,12.0,12.4
02W401,0204,82,932,Sonstige,12.1,12.0,12.3
02W401,0204,82,932,SPD,9.0,8.7,10.4
02W401,0204,82,932,FDP,2.0,2.0,2.1
02W402,0204,82,879,LINKE,31.6,31.1,31.8
02W402,0204,82,879,AFD,18.6,18.1,19.5
02W402,0204,82,879,CDU,16.1,15.8,16.4
02W402,0204,82,879,GRUENE,12.2,12.0,12.5
02W402,0204,82,879,SPD,9.9,9.6,11.0
02W402,0204,82,879,Sonstige,9.0,8.9,9.3
02W402,0204,82,879,FDP,2.2,2.2,2.4
02W403,0204,82,924,LINKE,29.5,29.2,29.7
02W403,0204,82,924,AFD,18.0,17.5,19.6
02W403,0204,82,924,CDU,15.7,15.5,16.0
02W403,0204,82,924,GRUENE,11.1,10.9,11.4
02W403,0204,82,924,SPD,10.7,10.4,11.9
02W403,0204,82,924,Sonstige,9.9,9.8,10.0
02W403,0204,82,924,FDP,2.2,2.1,2.5
02W404,0204,82,899,LINKE,30.3,30.0,30.5
02W404,0204,82,899,AFD,17.0,16.5,18.2
02W404,0204,82,899,CDU,13.2,13.0,13.4
02W404,0204,82,899,GRUENE,12.3,12.0,12.5
02W404,0204,82,899,Sonstige,11.9,11.8,12.1
02W404,0204,82,899,SPD,10.7,10.3,11.5
02W404,0204,82,899,FDP,1.7,1.6,2.0
02W405,0204,82,877,LINKE,28.5,28.2,28.7
02W405,0204,82,877,AFD,19.4,18.9,20.7
02W405,0204,82,877,CDU,15.1,15.0,15.4
02W405,0204,82,877,Sonstige,11.6,11.5,11.7
02W405,0204,82,877,GRUENE,10.8,10.6,11.1
02W405,0204,82,877,SPD,9.4,9.2,11.1
02W405,0204,82,877,FDP,2.0,1.9,2.3
02W406,0204,82,1047,LINKE,31.6,31.2,31.8
02W406,0204,82,1047,GRUENE,20.5,20.3,20.7
02W406,0204,82,1047,AFD,13.5,13.1,14.6
02W406,0204,82,1047,Sonstige,11.8,11.7,12.0
02W406,0204,82,1047,CDU,10.8,10.6,11.0
02W406,0204,82,1047,SPD,7.3,6.9,9.2
02W406,0204,82,1047,FDP,2.0,2.0,2.3
02W407,0204,82,1051,LINKE,26.4,26.2,26.6
02W407,0204,82,1051,GRUENE,20.5,20.3,20.7
02W407,0204,82,1051,CDU,14.1,14.0,14.4
02W407,0204,82,1051,Sonstige,11.8,11.7,11.9
02W407,0204,82,1051,AFD,11.5,11.1,13.0
02W407,0204,82,1051,SPD,8.8,8.4,11.0
02W407,0204,82,1051,FDP,1.9,1.8,2.1
02W408,0204,82,1055,LINKE,28.6,28.4,28.8
02W408,0204,82,1055,GRUENE,27.2,26.9,27.5
02W408,0204,82,1055,Sonstige,12.7,12.5,12.9
02W408,0204,82,1055,CDU,9.8,9.6,10.0
02W408,0204,82,1055,SPD,8.5,8.2,8.8
02W408,0204,82,1055,AFD,7.3,6.7,7.9
02W408,0204,82,1055,FDP,2.5,2.4,2.8
02W409,0204,82,850,LINKE,29.0,28.8,29.2
02W409,0204,82,850,GRUENE,16.5,16.3,16.8
02W409,0204,82,850,CDU,14.8,14.7,15.1
02W409,0204,82,850,AFD,13.8,13.4,14.7
02W409,0204,82,850,SPD,11.8,11.4,12.1
02W409,0204,82,850,Sonstige,10.3,10.2,10.6
02W409,0204,82,850,FDP,2.2,2.1,2.5
02W410,0204,82,952,LINKE,32.1,31.9,32.3
02W410,0204,82,952,GRUENE,23.4,23.3,23.7
02W410,0204,82,952,CDU,11.1,10.9,11.3
02W410,0204,82,952,Sonstige,10.9,10.7,11.0
02W410,0204,82,952,AFD,10.0,9.7,11.1
02W410,0204,82,952,SPD,7.6,7.2,9.7
02W410,0204,82,952,FDP,2.4,2.3,2.5
02W411,0204,82,1024,GRUENE,32.3,32.0,32.5
02W411,0204,82,1024,LINKE,24.8,24.5,25.0
02W411,0204,82,1024,CDU,13.2,13.0,13.5
02W411,0204,82,1024,Sonstige,9.5,9.3,9.6
02W411,0204,82,1024,SPD,7.1,6.8,8.7
02W411,0204,82,1024,AFD,6.0,5.5,6.6
02W411,0204,82,1024,FDP,3.9,3.6,4.0
02W412,0204,82,1030,LINKE,31.6,31.4,31.7
02W412,0204,82,1030,GRUENE,29.4,29.2,29.7
02W412,0204,82,1030,Sonstige,11.8,11.7,11.9
02W412,0204,82,1030,AFD,11.1,9.7,11.5
02W412,0204,82,1030,CDU,7.8,7.6,8.0
02W412,0204,82,1030,SPD,7.0,6.7,9.0
02W412,0204,82,1030,FDP,2.4,2.4,2.6
02W413,0204,82,905,LINKE,31.1,30.9,31.2
02W413,0204,82,905,GRUENE,29.3,29.0,29.5
02W413,0204,82,905,AFD,12.2,11.5,12.8
02W413,0204,82,905,Sonstige,11.7,11.6,11.8
02W413,0204,82,905,SPD,7.3,7.0,8.8
02W413,0204,82,905,CDU,7.2,7.1,7.4
02W413,0204,82,905,FDP,2.2,2.1,2.4
02W414,0204,82,1023,LINKE,32.5,32.2,32.7
02W414,0204,82,1023,GRUENE,28.2,28.0,28.4
02W414,0204,82,1023,AFD,15.3,14.3,15.8
02W414,0204,82,1023,Sonstige,11.6,11.3,11.7
02W414,0204,82,1023,CDU,8.4,8.2,8.6
02W414,0204,82,1023,SPD,5.3,5.0,7.5
02W414,0204,82,1023,FDP,1.7,1.6,2.0
02W415,0204,82,986,LINKE,31.5,31.2,31.6
02W415,0204,82,986,GRUENE,29.6,29.4,29.9
02W415,0204,82,986,AFD,13.2,12.0,13.7
02W415,0204,82,986,Sonstige,12.0,11.9,12.1
02W415,0204,82,986,CDU,8.3,8.2,8.5
02W415,0204,82,986,SPD,6.0,5.5,7.8
02W415,0204,82,986,FDP,1.5,1.5,1.9
02W416,0204,82,1057,LINKE,33.2,32.9,33.3
02W416,0204,82,1057,GRUENE,30.2,30.0,30.5
02W416,0204,82,1057,AFD,12.6,11.7,13.2
02W416,0204,82,1057,Sonstige,12.6,12.5,12.8
02W416,0204,82,1057,CDU,6.5,6.3,6.6
02W416,0204,82,1057,SPD,4.0,3.6,6.8
02W416,0204,82,1057,FDP,1.9,1.8,2.1
02W417,0204,82,1059,LINKE,33.5,33.3,33.7
02W417,0204,82,1059,GRUENE,24.3,24.1,24.5
02W417,0204,82,1059,Sonstige,12.0,11.9,12.1
02W417,0204,82,1059,AFD,11.4,10.9,12.2
02W417,0204,82,1059,CDU,9.7,9.5,10.0
02W417,0204,82,1059,SPD,6.0,5.7,8.6
02W417,0204,82,1059,FDP,2.3,2.2,2.4
02W418,0204,82,915,LINKE,34.0,33.7,34.2
02W418,0204,82,915,GRUENE,27.5,27.3,27.8
02W418,0204,82,915,Sonstige,11.2,11.1,11.3
02W418,0204,82,915,AFD,9.7,9.0,10.1
02W418,0204,82,915,SPD,7.2,6.8,8.9
02W418,0204,82,915,CDU,7.0,6.8,7.2
02W418,0204,82,915,FDP,2.3,2.2,2.5
02W419,0204,82,1058,GRUENE,32.0,31.7,32.3
02W419,0204,82,1058,LINKE,29.3,29.0,29.4
02W419,0204,82,1058,Sonstige,11.2,11.0,11.3
02W419,0204,82,1058,AFD,9.0,7.9,9.5
02W419,0204,82,1058,CDU,7.4,7.2,7.6
02W419,0204,82,1058,SPD,7.4,7.0,9.2
02W419,0204,82,1058,FDP,2.5,2.4,2.6
02W420,0204,82,898,LINKE,30.1,29.8,30.3
02W420,0204,82,898,GRUENE,24.9,24.7,25.2
02W420,0204,82,898,AFD,15.9,14.9,16.3
02W420,0204,82,898,Sonstige,12.7,12.6,12.9
02W420,0204,82,898,SPD,8.7,8.4,9.7
02W420,0204,82,898,CDU,7.5,7.3,7.8
02W420,0204,82,898,FDP,1.9,1.8,2.1
02W421,0204,82,1077,LINKE,31.3,31.1,31.5
02W421,0204,82,1077,GRUENE,18.4,18.2,18.7
02W421,0204,82,1077,CDU,13.3,13.1,13.6
02W421,0204,82,1077,AFD,13.0,12.5,13.6
02W421,0204,82,1077,Sonstige,10.7,10.6,10.8
02W421,0204,82,1077,SPD,9.6,9.2,10.4
02W421,0204,82,1077,FDP,2.6,2.6,2.7
02W422,0204,82,1031,LINKE,30.0,29.7,30.1
02W422,0204,82,1031,AFD,18.7,18.2,19.7
02W422,0204,82,1031,CDU,15.2,15.1,15.5
02W422,0204,82,1031,GRUENE,14.4,14.2,14.7
02W422,0204,82,1031,Sonstige,11.3,11.2,11.5
02W422,0204,82,1031,SPD,8.7,8.4,9.8
02W422,0204,82,1031,FDP,2.0,2.0,2.2
02W423,0204,82,1031,LINKE,27.8,27.4,28.0
02W423,0204,82,1031,AFD,21.9,21.4,22.9
02W423,0204,82,1031,CDU,17.0,16.8,17.2
02W423,0204,82,1031,Sonstige,12.5,12.3,12.7
02W423,0204,82,1031,GRUENE,9.3,9.0,9.6
02W423,0204,82,1031,SPD,9.0,8.7,10.2
02W423,0204,82,1031,FDP,1.3,1.3,1.8
02W424,0204,82,1046,LINKE,34.1,33.8,34.3
02W424,0204,82,1046,GRUENE,23.7,23.5,23.9
02W424,0204,82,1046,AFD,11.5,11.0,12.2
02W424,0204,82,1046,Sonstige,11.0,10.9,11.2
02W424,0204,82,1046,CDU,11.0,10.8,11.2
02W424,0204,82,1046,SPD,6.9,6.5,8.8
02W424,0204,82,1046,FDP,2.2,2.2,2.3
02W425,0204,82,1045,LINKE,31.2,31.0,31.4
02W425,0204,82,1045,GRUENE,19.6,19.4,19.8
02W425,0204,82,1045,AFD,14.0,13.6,15.0
02W425,0204,82,1045,CDU,12.8,12.6,13.1
02W425,0204,82,1045,Sonstige,12.0,11.9,12.1
02W425,0204,82,1045,SPD,7.8,7.5,9.7
02W425,0204,82,1045,FDP,1.9,1.9,2.1
02W426,0204,82,1075,LINKE,27.3,27.1,27.5
02W426,0204,82,1075,GRUENE,18.7,18.6,18.9
02W426,0204,82,1075,CDU,15.1,14.9,15.4
02W426,0204,82,1075,AFD,14.6,14.2,15.8
02W426,0204,82,1075,Sonstige,11.2,11.1,11.3
02W426,0204,82,1075,SPD,8.3,8.0,10.4
02W426,0204,82,1075,FDP,2.0,2.0,2.2
02W427,0204,82,1049,LINKE,32.5,32.2,32.7
02W427,0204,82,1049,GRUENE,24.0,23.8,24.2
02W427,0204,82,1049,AFD,13.7,13.2,14.4
02W427,0204,82,1049,Sonstige,10.9,10.8,11.1
02W427,0204,82,1049,CDU,9.2,9.0,9.5
02W427,0204,82,1049,SPD,6.2,5.8,8.9
02W427,0204,82,1049,FDP,2.7,2.6,2.8
02W428,0204,82,1076,GRUENE,28.5,28.3,28.8
02W428,0204,82,1076,LINKE,28.0,27.7,28.2
02W428,0204,82,1076,Sonstige,12.4,12.3,12.6
02W428,0204,82,1076,CDU,9.4,9.3,9.6
02W428,0204,82,1076,AFD,8.6,7.9,9.1
02W428,0204,82,1076,SPD,6.8,6.3,9.3
02W428,0204,82,1076,FDP,2.7,2.6,2.8
02W429,0204,82,1059,LINKE,33.2,32.9,33.4
02W429,0204,82,1059,GRUENE,29.8,29.5,30.0
02W429,0204,82,1059,Sonstige,11.7,11.6,11.9
02W429,0204,82,1059,CDU,8.2,7.9,8.4
02W429,0204,82,1059,AFD,8.1,7.4,8.6
02W429,0204,82,1059,SPD,5.3,4.9,7.9
02W429,0204,82,1059,FDP,2.8,2.6,2.8
02W430,0204,82,1070,LINKE,32.2,31.9,32.4
02W430,0204,82,1070,GRUENE,31.2,30.9,31.5
02W430,0204,82,1070,Sonstige,11.8,11.7,12.0
02W430,0204,82,1070,AFD,7.4,6.8,8.0
02W430,0204,82,1070,SPD,6.8,6.4,9.0
02W430,0204,82,1070,CDU,6.7,6.3,6.9
02W430,0204,82,1070,FDP,2.8,2.6,2.9
02W431,0204,82,963,LINKE,25.5,25.1,25.7
02W431,0204,82,963,AFD,17.6,17.2,18.9
02W431,0204,82,963,CDU,17.2,17.1,17.5
02W431,0204,82,963,Sonstige,14.4,14.3,14.5
02W431,0204,82,963,GRUENE,13.7,13.5,14.0
02W431,0204,82,963,SPD,6.8,6.5,9.0
02W431,0204,82,963,FDP,2.0,2.0,2.3
02W432,0204,82,1013,LINKE,26.4,26.1,26.6
02W432,0204,82,1013,GRUENE,17.4,17.2,17.8
02W432,0204,82,1013,CDU,15.1,15.0,15.4
02W432,0204,82,1013,AFD,14.7,14.1,15.9
02W432,0204,82,1013,Sonstige,13.1,13.0,13.3
02W432,0204,82,1013,SPD,7.7,7.3,9.4
02W432,0204,82,1013,FDP,1.9,1.8,2.2
02W433,0204,82,1070,LINKE,25.7,25.4,25.9
02W433,0204,82,1070,GRUENE,18.2,18.0,18.5
02W433,0204,82,1070,CDU,15.5,15.3,15.8
02W433,0204,82,1070,Sonstige,12.5,12.3,12.7
02W433,0204,82,1070,AFD,12.3,11.8,13.3
02W433,0204,82,1070,SPD,9.5,9.1,9.9
02W433,0204,82,1070,FDP,2.5,2.4,2.8
02W434,0204,82,1007,LINKE,27.9,27.5,28.1
02W434,0204,82,1007,GRUENE,18.0,17.8,18.3
02W434,0204,82,1007,AFD,14.8,14.2,15.9
02W434,0204,82,1007,Sonstige,14.5,14.3,14.9
02W434,0204,82,1007,CDU,12.2,12.1,12.4
02W434,0204,82,1007,SPD,7.5,6.9,9.3
02W434,0204,82,1007,FDP,1.8,1.8,2.1
02W435,0204,82,1040,LINKE,31.8,31.5,32.0
02W435,0204,82,1040,GRUENE,26.5,26.3,26.9
02W435,0204,82,1040,Sonstige,11.6,11.4,11.8
02W435,0204,82,1040,AFD,11.1,10.0,11.7
02W435,0204,82,1040,CDU,10.3,10.1,10.5
02W435,0204,82,1040,SPD,5.8,5.4,7.8
02W435,0204,82,1040,FDP,2.4,2.2,2.5
02W501,0205,82,1009,LINKE,32.9,32.6,33.2
02W501,0205,82,1009,GRUENE,30.6,30.4,30.8
02W501,0205,82,1009,Sonstige,13.1,12.9,13.2
02W501,0205,82,1009,AFD,8.8,8.4,9.3
02W501,0205,82,1009,SPD,6.2,5.9,7.7
02W501,0205,82,1009,CDU,5.7,5.4,5.8
02W501,0205,82,1009,FDP,2.0,1.9,2.3
02W502,0205,82,1004,LINKE,32.9,32.6,33.3
02W502,0205,82,1004,GRUENE,32.5,32.2,32.7
02W502,0205,82,1004,Sonstige,12.3,12.2,12.5
02W502,0205,82,1004,AFD,8.8,8.3,9.2
02W502,0205,82,1004,CDU,5.9,5.7,6.1
02W502,0205,82,1004,SPD,4.9,4.7,7.2
02W502,0205,82,1004,FDP,1.6,1.5,1.8
02W503,0205,82,1041,LINKE,32.7,32.5,33.1
02W503,0205,82,1041,GRUENE,31.9,31.7,32.1
02W503,0205,82,1041,Sonstige,11.7,11.6,11.8
02W503,0205,82,1041,AFD,8.1,7.6,8.6
02W503,0205,82,1041,SPD,6.8,6.6,8.4
02W503,0205,82,1041,CDU,6.1,5.9,6.2
02W503,0205,82,1041,FDP,2.1,2.0,2.4
02W504,0205,82,955,LINKE,31.4,31.0,31.8
02W504,0205,82,955,GRUENE,30.4,30.2,30.6
02W504,0205,82,955,Sonstige,12.3,12.2,12.5
02W504,0205,82,955,AFD,8.2,7.5,8.7
02W504,0205,82,955,SPD,8.1,7.9,9.3
02W504,0205,82,955,CDU,7.2,7.0,7.4
02W504,0205,82,955,FDP,2.4,2.3,2.5
02W505,0205,82,1019,LINKE,34.7,34.3,35.1
02W505,0205,82,1019,GRUENE,28.9,28.7,29.1
02W505,0205,82,1019,Sonstige,12.0,11.9,12.1
02W505,0205,82,1019,AFD,11.0,10.3,11.5
02W505,0205,82,1019,CDU,6.7,6.4,6.9
02W505,0205,82,1019,SPD,5.7,5.5,7.7
02W505,0205,82,1019,FDP,2.8,2.7,2.9
02W506,0205,82,1080,GRUENE,34.3,34.1,34.6
02W506,0205,82,1080,LINKE,27.7,27.5,28.1
02W506,0205,82,1080,Sonstige,13.5,13.3,13.6
02W506,0205,82,1080,SPD,7.8,7.5,8.7
02W506,0205,82,1080,CDU,7.4,7.2,7.6
02W506,0205,82,1080,AFD,5.7,4.9,6.1
02W506,0205,82,1080,FDP,2.0,2.0,2.2
02W507,0205,82,976,LINKE,32.9,32.6,33.3
02W507,0205,82,976,GRUENE,28.8,28.5,29.0
02W507,0205,82,976,Sonstige,12.6,12.5,12.8
02W507,0205,82,976,AFD,9.7,9.1,10.2
02W507,0205,82,976,CDU,7.5,7.2,7.7
02W507,0205,82,976,SPD,5.5,5.2,8.1
02W507,0205,82,976,FDP,2.6,2.5,2.7
02W508,0205,82,884,GRUENE,35.1,34.8,35.4
02W508,0205,82,884,LINKE,32.8,32.5,33.2
02W508,0205,82,884,Sonstige,11.4,11.3,11.6
02W508,0205,82,884,SPD,7.1,6.8,8.2
02W508,0205,82,884,AFD,6.0,5.1,6.4
02W508,0205,82,884,CDU,4.6,4.3,4.8
02W508,0205,82,884,FDP,2.5,2.4,2.7
02W509,0205,82,902,LINKE,32.8,32.5,33.2
02W509,0205,82,902,GRUENE,32.2,32.0,32.5
02W509,0205,82,902,Sonstige,11.8,11.6,12.0
02W509,0205,82,902,AFD,7.2,6.7,7.7
02W509,0205,82,902,CDU,6.7,6.4,6.9
02W509,0205,82,902,SPD,6.3,6.1,8.5
02W509,0205,82,902,FDP,2.3,2.2,2.6
02W510,0205,82,1025,GRUENE,33.9,33.7,34.2
02W510,0205,82,1025,LINKE,33.1,32.8,33.4
02W510,0205,82,1025,Sonstige,13.2,13.0,13.3
02W510,0205,82,1025,AFD,6.3,5.5,6.7
02W510,0205,82,1025,CDU,5.8,5.6,6.0
02W510,0205,82,1025,SPD,5.5,5.3,7.0
02W510,0205,82,1025,FDP,2.2,2.1,2.5
02W511,0205,82,971,GRUENE,32.0,31.7,32.2
02W511,0205,82,971,LINKE,31.6,31.3,32.0
02W511,0205,82,971,Sonstige,12.3,12.2,12.5
02W511,0205,82,971,AFD,8.5,7.8,8.9
02W511,0205,82,971,CDU,7.1,6.9,7.3
02W511,0205,82,971,SPD,5.6,5.4,7.6
02W511,0205,82,971,FDP,2.4,2.4,2.7
02W512,0205,82,877,LINKE,32.3,32.0,32.7
02W512,0205,82,877,GRUENE,31.7,31.4,31.9
02W512,0205,82,877,Sonstige,14.6,14.4,14.8
02W512,0205,82,877,AFD,9.7,9.1,10.2
02W512,0205,82,877,CDU,6.1,5.8,6.3
02W512,0205,82,877,SPD,4.5,4.3,7.2
02W512,0205,82,877,FDP,2.3,2.2,2.5
02W513,0205,82,1043,GRUENE,32.5,32.2,32.7
02W513,0205,82,1043,LINKE,31.0,30.7,31.4
02W513,0205,82,1043,Sonstige,11.1,11.0,11.3
02W513,0205,82,1043,AFD,8.2,7.5,8.6
02W513,0205,82,1043,CDU,7.8,7.6,8.1
02W513,0205,82,1043,SPD,6.0,5.8,7.8
02W513,0205,82,1043,FDP,2.8,2.7,2.9
02W514,0205,82,990,LINKE,33.7,33.4,34.1
02W514,0205,82,990,GRUENE,31.4,31.2,31.7
02W514,0205,82,990,Sonstige,12.9,12.7,13.1
02W514,0205,82,990,AFD,9.3,8.7,9.8
02W514,0205,82,990,CDU,7.0,6.8,7.2
02W514,0205,82,990,SPD,3.8,3.6,6.4
02W514,0205,82,990,FDP,2.3,2.3,2.5
02W515,0205,82,912,LINKE,34.3,33.9,34.7
02W515,0205,82,912,GRUENE,27.9,27.6,28.3
02W515,0205,82,912,Sonstige,10.7,10.5,10.8
02W515,0205,82,912,AFD,9.4,8.6,9.8
02W515,0205,82,912,CDU,8.6,8.4,8.8
02W515,0205,82,912,SPD,5.8,5.5,7.4
02W515,0205,82,912,FDP,2.2,2.1,2.5
02W516,0205,82,975,GRUENE,32.1,31.9,32.3
02W516,0205,82,975,LINKE,30.1,29.8,30.4
02W516,0205,82,975,Sonstige,11.3,11.2,11.4
02W516,0205,82,975,AFD,8.9,8.3,9.4
02W516,0205,82,975,CDU,8.0,7.8,8.2
02W516,0205,82,975,SPD,6.5,6.3,7.6
02W516,0205,82,975,FDP,2.4,2.3,2.7
02W517,0205,82,957,GRUENE,35.2,35.0,35.5
02W517,0205,82,957,LINKE,31.5,31.2,31.9
02W517,0205,82,957,Sonstige,11.2,11.0,11.3
02W517,0205,82,957,CDU,7.4,7.1,7.7
02W517,0205,82,957,SPD,7.2,7.0,8.1
02W517,0205,82,957,AFD,4.8,4.0,5.2
02W517,0205,82,957,FDP,3.0,2.9,3.1
02W518,0205,82,949,LINKE,36.5,36.2,36.9
02W518,0205,82,949,GRUENE,33.3,33.0,33.5
02W518,0205,82,949,Sonstige,10.7,10.5,10.8
02W518,0205,82,949,AFD,7.8,6.9,8.3
02W518,0205,82,949,CDU,5.8,5.5,6.1
02W518,0205,82,949,SPD,4.4,4.2,6.2
02W518,0205,82,949,FDP,2.8,2.8,2.9
02W519,0205,82,993,GRUENE,34.3,34.1,34.6
02W519,0205,82,993,LINKE,30.9,30.6,31.2
02W519,0205,82,993,Sonstige,11.7,11.5,11.8
02W519,0205,82,993,CDU,7.0,6.8,7.1
02W519,0205,82,993,AFD,6.0,5.5,6.4
02W519,0205,82,993,SPD,5.7,5.4,8.0
02W519,0205,82,993,FDP,2.1,2.1,2.4
02W520,0205,82,990,LINKE,32.0,31.7,32.4
02W520,0205,82,990,GRUENE,30.4,30.2,30.7
02W520,0205,82,990,Sonstige,14.0,13.8,14.1
02W520,0205,82,990,AFD,8.5,7.9,9.1
02W520,0205,82,990,CDU,8.0,7.7,8.2
02W520,0205,82,990,SPD,4.9,4.6,7.3
02W520,0205,82,990,FDP,2.4,2.3,2.7
02W521,0205,82,954,LINKE,36.5,36.3,36.9
02W521,0205,82,954,GRUENE,33.6,33.4,33.9
02W521,0205,82,954,Sonstige,11.5,11.3,11.6
02W521,0205,82,954,AFD,6.8,6.0,7.2
02W521,0205,82,954,CDU,5.5,5.2,5.7
02W521,0205,82,954,SPD,4.0,3.7,6.5
02W521,0205,82,954,FDP,2.3,2.2,2.5
02W522,0205,82,908,GRUENE,35.8,35.5,36.1
02W522,0205,82,908,LINKE,34.5,34.2,34.9
02W522,0205,82,908,Sonstige,10.4,10.2,10.5
02W522,0205,82,908,SPD,6.3,6.0,8.1
02W522,0205,82,908,AFD,5.3,4.5,5.7
02W522,0205,82,908,CDU,4.7,4.5,4.9
02W522,0205,82,908,FDP,2.3,2.2,2.5
02W523,0205,82,1029,LINKE,30.2,29.9,30.6
02W523,0205,82,1029,GRUENE,25.9,25.8,26.2
02W523,0205,82,1029,AFD,13.9,13.4,14.4
02W523,0205,82,1029,Sonstige,12.3,12.2,12.4
02W523,0205,82,1029,CDU,8.5,8.4,8.7
02W523,0205,82,1029,SPD,7.1,7.0,8.6
02W523,0205,82,1029,FDP,1.9,1.9,2.2
02W524,0205,82,968,GRUENE,34.8,34.6,35.1
02W524,0205,82,968,LINKE,33.6,33.3,34.0
02W524,0205,82,968,Sonstige,11.1,10.9,11.2
02W524,0205,82,968,SPD,6.6,6.4,8.2
02W524,0205,82,968,AFD,5.7,5.1,6.1
02W524,0205,82,968,CDU,5.4,5.2,5.6
02W524,0205,82,968,FDP,2.2,2.1,2.4
02W525,0205,82,1036,LINKE,34.1,33.8,34.5
02W525,0205,82,1036,GRUENE,33.9,33.6,34.2
02W525,0205,82,1036,Sonstige,13.5,13.3,13.6
02W525,0205,82,1036,AFD,6.4,5.9,6.9
02W525,0205,82,1036,CDU,5.5,5.2,5.7
02W525,0205,82,1036,SPD,3.9,3.6,6.9
02W525,0205,82,1036,FDP,2.1,2.1,2.4
02W526,0205,82,952,GRUENE,34.5,34.2,34.7
02W526,0205,82,952,LINKE,32.5,32.2,32.9
02W526,0205,82,952,Sonstige,10.8,10.6,10.9
02W526,0205,82,952,SPD,6.6,6.4,8.6
02W526,0205,82,952,AFD,5.9,5.4,6.2
02W526,0205,82,952,CDU,5.0,4.7,5.2
02W526,0205,82,952,FDP,2.6,2.5,2.7
02W527,0205,82,1044,LINKE,32.0,31.7,32.4
02W527,0205,82,1044,GRUENE,28.3,28.1,28.5
02W527,0205,82,1044,Sonstige,13.2,13.1,13.3
02W527,0205,82,1044,AFD,10.9,10.2,11.3
02W527,0205,82,1044,SPD,7.3,7.1,8.8
02W527,0205,82,1044,CDU,6.4,6.1,6.6
02W527,0205,82,1044,FDP,2.0,1.9,2.2
02W528,0205,82,1032,LINKE,36.5,36.1,36.9
02W528,0205,82,1032,GRUENE,36.1,35.8,36.4
02W528,0205,82,1032,Sonstige,10.7,10.5,10.8
02W528,0205,82,1032,AFD,7.0,6.4,7.6
02W528,0205,82,1032,SPD,4.5,4.2,6.9
02W528,0205,82,1032,CDU,4.1,3.7,4.4
02W528,0205,82,1032,FDP,2.4,2.3,2.5
02W529,0205,82,1031,LINKE,35.0,34.6,35.3
02W529,0205,82,1031,GRUENE,33.3,33.1,33.7
02W529,0205,82,1031,Sonstige,12.3,12.1,12.5
02W529,0205,82,1031,CDU,6.1,5.8,6.3
02W529,0205,82,1031,AFD,5.3,4.4,5.7
02W529,0205,82,1031,SPD,5.3,5.0,7.0
02W529,0205,82,1031,FDP,2.3,2.2,2.6
02W530,0205,82,1048,LINKE,36.7,36.3,37.1
02W530,0205,82,1048,GRUENE,30.7,30.5,31.0
02W530,0205,82,1048,Sonstige,13.0,12.9,13.2
02W530,0205,82,1048,AFD,10.8,10.1,11.3
02W530,0205,82,1048,CDU,4.4,4.1,4.6
02W530,0205,82,1048,SPD,4.1,3.8,6.8
02W530,0205,82,1048,FDP,2.1,2.0,2.2
02W531,0205,82,1026,GRUENE,32.9,32.6,33.1
02W531,0205,82,1026,LINKE,32.3,31.9,32.7
02W531,0205,82,1026,Sonstige,11.6,11.5,11.7
02W531,0205,82,1026,AFD,7.9,7.2,8.3
02W531,0205,82,1026,CDU,6.9,6.6,7.1
02W531,0205,82,1026,SPD,5.9,5.6,7.2
02W531,0205,82,1026,FDP,2.7,2.7,3.0
02W532,0205,82,1080,LINKE,33.6,33.3,34.0
02W532,0205,82,1080,GRUENE,27.4,27.2,27.7
02W532,0205,82,1080,Sonstige,11.1,10.9,11.2
02W532,0205,82,1080,AFD,9.5,8.8,9.9
02W532,0205,82,1080,CDU,8.1,7.9,8.4
02W532,0205,82,1080,SPD,7.6,7.3,9.3
02W532,0205,82,1080,FDP,2.8,2.7,2.9
02W533,0205,82,1048,GRUENE,36.9,36.6,37.3
02W533,0205,82,1048,LINKE,27.6,27.3,28.0
02W533,0205,82,1048,Sonstige,11.9,11.7,12.1
02W533,0205,82,1048,CDU,8.0,7.8,8.1
02W533,0205,82,1048,SPD,7.1,6.5,7.4
02W533,0205,82,1048,AFD,4.2,2.5,4.6
02W533,0205,82,1048,FDP,2.8,2.8,3.1
02W534,0205,82,1012,LINKE,33.5,33.2,33.9
02W534,0205,82,1012,GRUENE,29.8,29.6,30.2
02W534,0205,82,1012,Sonstige,14.0,13.9,14.1
02W534,0205,82,1012,AFD,11.8,10.8,12.2
02W534,0205,82,1012,CDU,6.6,6.4,6.8
02W534,0205,82,1012,SPD,3.2,3.0,5.6
02W534,0205,82,1012,FDP,2.1,2.0,2.4
03W101,0301,75,866,AFD,39.9,38.7,40.5
03W101,0301,75,866,LINKE,21.5,21.3,21.7
03W101,0301,75,866,CDU,18.8,18.5,19.2
03W101,0301,75,866,Sonstige,13.3,13.2,13.4
03W101,0301,75,866,GRUENE,9.6,9.4,9.8
03W101,0301,75,866,SPD,6.8,6.5,8.9
03W101,0301,75,866,FDP,2.2,2.0,2.3
03W102,0301,75,941,AFD,31.3,29.7,32.0
03W102,0301,75,941,LINKE,22.6,22.3,22.8
03W102,0301,75,941,GRUENE,20.7,20.5,21.0
03W102,0301,75,941,CDU,16.1,16.0,16.4
03W102,0301,75,941,Sonstige,11.3,11.1,11.4
03W102,0301,75,941,SPD,6.6,6.3,7.7
03W102,0301,75,941,FDP,2.2,2.2,2.5
03W103,0301,75,892,AFD,34.3,33.1,35.0
03W103,0301,75,892,CDU,19.6,19.5,19.9
03W103,0301,75,892,LINKE,17.6,17.4,17.7
03W103,0301,75,892,GRUENE,14.6,14.4,14.7
03W103,0301,75,892,Sonstige,13.5,13.3,13.7
03W103,0301,75,892,SPD,7.0,6.7,8.8
03W103,0301,75,892,FDP,2.6,2.5,2.8
03W104,0301,75,844,AFD,38.1,37.0,38.7
03W104,0301,75,844,CDU,20.8,20.7,21.2
03W104,0301,75,844,LINKE,20.8,20.6,20.9
03W104,0301,75,844,GRUENE,10.7,10.6,10.9
03W104,0301,75,844,Sonstige,10.6,10.5,10.7
03W104,0301,75,844,SPD,6.8,6.5,9.2
03W104,0301,75,844,FDP,2.1,2.0,2.4
03W105,0301,75,885,AFD,41.9,40.5,42.5
03W105,0301,75,885,LINKE,21.6,21.3,21.8
03W105,0301,75,885,CDU,18.9,18.8,19.3
03W105,0301,75,885,Sonstige,12.7,12.5,12.8
03W105,0301,75,885,GRUENE,8.0,7.8,8.3
03W105,0301,75,885,SPD,5.7,5.4,8.4
03W105,0301,75,885,FDP,1.5,1.5,1.8
03W106,0301,75,871,AFD,41.3,40.1,41.9
03W106,0301,75,871,CDU,20.6,20.4,20.9
03W106,0301,75,871,LINKE,19.5,19.0,19.6
03W106,0301,75,871,Sonstige,13.1,13.0,13.3
03W106,0301,75,871,GRUENE,6.5,6.3,6.7
03W106,0301,75,871,SPD,6.4,6.2,8.4
03W106,0301,75,871,FDP,1.7,1.6,2.0
03W107,0301,75,1072,AFD,38.7,38.0,39.2
03W107,0301,75,1072,CDU,24.5,24.3,25.0
03W107,0301,75,1072,LINKE,16.3,15.6,16.5
03W107,0301,75,1072,Sonstige,11.9,11.7,12.1
03W107,0301,75,1072,GRUENE,8.0,7.8,8.1
03W107,0301,75,1072,SPD,5.0,4.8,7.8
03W107,0301,75,1072,FDP,2.9,2.8,3.0
03W108,0301,75,911,AFD,42.9,41.3,43.6
03W108,0301,75,911,LINKE,23.1,22.7,23.2
03W108,0301,75,911,CDU,20.8,20.6,21.1
03W108,0301,75,911,Sonstige,10.1,9.9,10.3
03W108,0301,75,911,SPD,9.2,8.9,10.5
03W108,0301,75,911,GRUENE,3.8,3.6,4.1
03W108,0301,75,911,FDP,1.8,1.7,2.3
03W109,0301,75,879,AFD,45.0,43.8,45.6
03W109,0301,75,879,CDU,21.6,21.5,22.0
03W109,0301,75,879,LINKE,20.0,19.6,20.3
03W109,0301,75,879,Sonstige,12.8,12.6,13.0
03W109,0301,75,879,SPD,5.0,4.6,8.6
03W109,0301,75,879,GRUENE,2.7,2.5,3.0
03W109,0301,75,879,FDP,1.3,1.2,1.8
03W110,0301,75,843,AFD,44.7,43.5,45.3
03W110,0301,75,843,LINKE,20.2,19.6,20.3
03W110,0301,75,843,CDU,20.1,20.0,20.5
03W110,0301,75,843,Sonstige,13.0,12.9,13.2
03W110,0301,75,843,SPD,7.0,6.6,9.1
03W110,0301,75,843,GRUENE,2.8,2.6,3.1
03W110,0301,75,843,FDP,1.4,1.4,1.9
03W111,0301,75,746,AFD,47.7,46.5,48.3
03W111,0301,75,746,LINKE,21.7,21.1,21.9
03W111,0301,75,746,CDU,16.2,16.0,16.5
03W111,0301,75,746,Sonstige,13.1,12.9,13.4
03W111,0301,75,746,SPD,6.4,6.0,8.8
03W111,0301,75,746,GRUENE,3.2,3.0,3.4
03W111,0301,75,746,FDP,1.3,1.2,1.7
03W112,0301,75,888,AFD,48.7,47.6,49.3
03W112,0301,75,888,LINKE,23.9,23.1,24.1
03W112,0301,75,888,CDU,14.6,14.5,14.9
03W112,0301,75,888,Sonstige,13.6,13.4,13.8
03W112,0301,75,888,SPD,4.1,3.8,6.7
03W112,0301,75,888,GRUENE,3.8,3.6,4.0
03W112,0301,75,888,FDP,0.7,0.5,1.3
03W113,0301,75,868,AFD,48.3,47.2,48.8
03W113,0301,75,868,LINKE,20.2,19.4,20.4
03W113,0301,75,868,CDU,16.0,15.9,16.3
03W113,0301,75,868,Sonstige,13.8,13.7,14.1
03W113,0301,75,868,SPD,6.0,5.6,7.9
03W113,0301,75,868,GRUENE,3.2,3.0,3.4
03W113,0301,75,868,FDP,1.5,1.4,1.9
03W114,0301,75,838,AFD,46.6,45.4,47.2
03W114,0301,75,838,LINKE,22.1,21.5,22.3
03W114,0301,75,838,CDU,16.3,16.1,16.6
03W114,0301,75,838,Sonstige,11.7,11.5,11.9
03W114,0301,75,838,SPD,9.5,9.1,10.4
03W114,0301,75,838,GRUENE,2.9,2.7,3.2
03W114,0301,75,838,FDP,2.0,2.0,2.4
03W115,0301,75,831,AFD,41.5,40.5,42.1
03W115,0301,75,831,CDU,18.6,18.5,19.0
03W115,0301,75,831,LINKE,18.0,17.4,18.2
03W115,0301,75,831,Sonstige,14.2,13.9,14.4
03W115,0301,75,831,GRUENE,8.6,8.4,8.9
03W115,0301,75,831,SPD,5.9,5.6,7.6
03W115,0301,75,831,FDP,1.6,1.5,2.0
03W116,0301,75,822,AFD,37.6,36.2,38.1
03W116,0301,75,822,CDU,27.2,27.1,27.6
03W116,0301,75,822,LINKE,14.2,13.9,14.4
03W116,0301,75,822,Sonstige,9.8,9.6,10.0
03W116,0301,75,822,GRUENE,9.7,9.6,9.9
03W116,0301,75,822,SPD,6.4,6.1,8.1
03W116,0301,75,822,FDP,2.9,2.8,3.2
03W117,0301,75,873,AFD,39.4,38.5,40.0
03W117,0301,75,873,CDU,19.7,19.6,20.1
03W117,0301,75,873,LINKE,17.3,16.6,17.4
03W117,0301,75,873,Sonstige,13.7,13.6,13.9
03W117,0301,75,873,GRUENE,9.1,8.9,9.3
03W117,0301,75,873,SPD,5.6,5.3,7.7
03W117,0301,75,873,FDP,1.7,1.7,2.2
03W118,0301,75,817,AFD,42.1,41.0,42.7
03W118,0301,75,817,CDU,26.3,26.1,26.7
03W118,0301,75,817,LINKE,16.7,16.1,16.9
03W118,0301,75,817,Sonstige,10.3,10.2,10.5
03W118,0301,75,817,GRUENE,5.5,5.3,5.7
03W118,0301,75,817,SPD,4.6,4.4,7.3
03W118,0301,75,817,FDP,2.2,2.1,2.5
03W119,0301,75,815,AFD,36.8,35.8,37.3
03W119,0301,75,815,CDU,23.5,23.4,23.8
03W119,0301,75,815,LINKE,16.6,16.2,16.7
03W119,0301,75,815,Sonstige,10.9,10.8,11.0
03W119,0301,75,815,GRUENE,10.3,10.2,10.5
03W119,0301,75,815,SPD,7.4,7.1,9.0
03W119,0301,75,815,FDP,2.5,2.4,2.9
03W120,0301,75,803,AFD,38.9,37.9,39.4
03W120,0301,75,803,CDU,22.7,22.6,23.0
03W120,0301,75,803,LINKE,14.1,13.7,14.3
03W120,0301,75,803,Sonstige,12.5,12.4,12.6
03W120,0301,75,803,GRUENE,9.0,8.9,9.2
03W120,0301,75,803,SPD,7.0,6.7,8.5
03W120,0301,75,803,FDP,2.2,2.1,2.7
03W121,0301,75,840,AFD,35.5,34.6,36.1
03W121,0301,75,840,CDU,26.3,26.2,26.7
03W121,0301,75,840,LINKE,15.5,15.0,15.6
03W121,0301,75,840,Sonstige,10.1,10.0,10.3
03W121,0301,75,840,GRUENE,8.0,7.8,8.2
03W121,0301,75,840,SPD,7.6,7.4,9.2
03W121,0301,75,840,FDP,3.0,2.9,3.3
03W122,0301,75,783,AFD,33.7,32.5,34.2
03W122,0301,75,783,CDU,26.7,26.6,27.1
03W122,0301,75,783,LINKE,16.9,16.5,17.0
03W122,0301,75,783,GRUENE,10.6,10.5,10.8
03W122,0301,75,783,Sonstige,8.8,8.7,9.0
03W122,0301,75,783,SPD,8.2,8.0,9.9
03W122,0301,75,783,FDP,2.8,2.8,3.2
03W123,0301,75,812,AFD,33.8,32.8,34.5
03W123,0301,75,812,CDU,27.2,27.1,27.6
03W123,0301,75,812,LINKE,17.5,17.1,17.6
03W123,0301,75,812,GRUENE,8.9,8.7,9.1
03W123,0301,75,812,SPD,8.9,8.6,10.0
03W123,0301,75,812,Sonstige,8.5,8.3,8.7
03W123,0301,75,812,FDP,3.3,3.2,3.6
03W124,0301,75,824,AFD,42.0,41.1,42.5
03W124,0301,75,824,CDU,25.5,25.4,25.9
03W124,0301,75,824,LINKE,17.2,16.8,17.4
03W124,0301,75,824,Sonstige,9.9,9.8,10.1
03W124,0301,75,824,SPD,5.7,5.4,8.3
03W124,0301,75,824,GRUENE,5.5,5.3,5.7
03W124,0301,75,824,FDP,2.1,2.0,2.6
03W125,0301,75,885,AFD,35.6,34.5,36.2
03W125,0301,75,885,CDU,28.0,27.9,28.4
03W125,0301,75,885,LINKE,15.6,15.2,15.8
03W125,0301,75,885,GRUENE,9.6,9.4,9.8
03W125,0301,75,885,Sonstige,8.9,8.8,9.1
03W125,0301,75,885,SPD,6.2,6.0,8.2
03W125,0301,75,885,FDP,2.9,2.8,3.2
03W126,0301,75,828,AFD,40.1,38.7,40.6
03W126,0301,75,828,CDU,18.9,18.7,19.2
03W126,0301,75,828,LINKE,17.7,17.1,17.8
03W126,0301,75,828,Sonstige,13.8,13.6,13.9
03W126,0301,75,828,GRUENE,9.8,9.5,10.1
03W126,0301,75,828,SPD,6.4,6.0,7.6
03W126,0301,75,828,FDP,1.9,1.8,2.4
03W127,0301,75,808,AFD,38.9,38.0,39.5
03W127,0301,75,808,CDU,24.1,24.0,24.6
03W127,0301,75,808,LINKE,19.6,18.9,19.9
03W127,0301,75,808,Sonstige,9.4,9.3,9.6
03W127,0301,75,808,GRUENE,7.5,7.3,7.8
03W127,0301,75,808,SPD,6.6,6.3,8.6
03W127,0301,75,808,FDP,2.2,2.1,2.6
03W128,0301,75,986,AFD,39.8,38.7,40.4
03W128,0301,75,986,CDU,27.0,26.9,27.4
03W128,0301,75,986,LINKE,15.0,14.6,15.2
03W128,0301,75,986,Sonstige,9.9,9.7,10.0
03W128,0301,75,986,GRUENE,6.6,6.4,6.8
03W128,0301,75,986,SPD,6.3,6.1,8.7
03W128,0301,75,986,FDP,2.7,2.6,2.9
03W129,0301,75,826,AFD,34.1,32.7,34.5
03W129,0301,75,826,CDU,25.7,25.6,26.1
03W129,0301,75,826,LINKE,16.8,16.2,17.0
03W129,0301,75,826,GRUENE,10.4,10.2,10.6
03W129,0301,75,826,Sonstige,9.3,9.2,9.5
03W129,0301,75,826,SPD,7.6,7.3,9.1
03W129,0301,75,826,FDP,3.1,3.0,3.4
03W130,0301,75,801,AFD,39.8,38.8,40.5
03W130,0301,75,801,CDU,20.8,20.6,21.1
03W130,0301,75,801,LINKE,17.8,17.2,18.0
03W130,0301,75,801,Sonstige,12.7,12.5,12.9
03W130,0301,75,801,GRUENE,7.8,7.6,7.9
03W130,0301,75,801,SPD,7.6,7.2,8.5
03W130,0301,75,801,FDP,2.0,2.0,2.6
03W131,0301,75,854,AFD,37.9,36.5,38.5
03W131,0301,75,854,CDU,27.0,26.9,27.4
03W131,0301,75,854,LINKE,16.2,15.8,16.4
03W131,0301,75,854,Sonstige,9.2,9.0,9.3
03W131,0301,75,854,SPD,7.6,7.4,9.0
03W131,0301,75,854,GRUENE,7.1,7.0,7.3
03W131,0301,75,854,FDP,3.0,2.9,3.3
03W132,0301,75,813,AFD,36.0,35.1,36.7
03W132,0301,75,813,CDU,28.6,28.4,29.0
03W132,0301,75,813,LINKE,16.3,16.0,16.5
03W132,0301,75,813,GRUENE,8.5,8.3,8.6
03W132,0301,75,813,Sonstige,7.8,7.6,8.0
03W132,0301,75,813,SPD,7.3,7.0,9.5
03W132,0301,75,813,FDP,3.2,3.2,3.5
03W133,0301,75,879,AFD,36.4,35.6,37.0
03W133,0301,75,879,CDU,27.3,27.2,27.8
03W133,0301,75,879,LINKE,17.0,16.6,17.1
03W133,0301,75,879,Sonstige,10.0,9.9,10.1
03W133,0301,75,879,GRUENE,9.0,8.8,9.2
03W133,0301,75,879,SPD,5.8,5.5,8.9
03W133,0301,75,879,FDP,2.6,2.6,2.8
03W134,0301,75,860,AFD,34.6,33.5,35.1
03W134,0301,75,860,CDU,27.1,27.0,27.6
03W134,0301,75,860,LINKE,18.0,17.6,18.1
03W134,0301,75,860,GRUENE,10.4,10.3,10.6
03W134,0301,75,860,Sonstige,9.1,8.9,9.2
03W134,0301,75,860,SPD,7.0,6.7,8.8
03W134,0301,75,860,FDP,3.2,3.1,3.4
03W135,0301,75,865,AFD,37.8,37.0,38.3
03W135,0301,75,865,CDU,27.2,27.0,27.6
03W135,0301,75,865,LINKE,16.8,16.4,17.0
03W135,0301,75,865,Sonstige,9.4,9.2,9.5
03W135,0301,75,865,GRUENE,7.6,7.5,7.8
03W135,0301,75,865,SPD,6.0,5.7,8.6
03W135,0301,75,865,FDP,2.9,2.8,3.1
03W136,0301,75,829,AFD,34.1,33.2,34.8
03W136,0301,75,829,CDU,28.6,28.4,29.0
03W136,0301,75,829,LINKE,16.7,16.4,16.9
03W136,0301,75,829,GRUENE,9.5,9.2,9.8
03W136,0301,75,829,Sonstige,9.0,8.9,9.2
03W136,0301,75,829,SPD,6.1,5.9,8.8
03W136,0301,75,829,FDP,3.2,3.1,3.5
03W137,0301,75,986,AFD,37.3,36.1,37.9
03W137,0301,75,986,CDU,29.4,29.3,29.9
03W137,0301,75,986,LINKE,15.1,14.8,15.3
03W137,0301,75,986,Sonstige,10.8,10.7,11.0
03W137,0301,75,986,GRUENE,7.4,7.2,7.6
03W137,0301,75,986,SPD,5.9,5.6,8.6
03W137,0301,75,986,FDP,2.4,2.3,2.8
03W138,0301,75,855,AFD,35.3,34.5,35.8
03W138,0301,75,855,CDU,24.2,24.1,24.6
03W138,0301,75,855,LINKE,16.9,16.5,17.1
03W138,0301,75,855,GRUENE,10.5,10.3,10.6
03W138,0301,75,855,Sonstige,9.9,9.8,10.1
03W138,0301,75,855,SPD,7.8,7.5,9.3
03W138,0301,75,855,FDP,3.0,2.9,3.2
03W139,0301,75,960,AFD,33.5,32.3,34.0
03W139,0301,75,960,CDU,25.4,25.3,25.8
03W139,0301,75,960,LINKE,17.3,16.7,17.4
03W139,0301,75,960,GRUENE,12.1,11.9,12.3
03W139,0301,75,960,Sonstige,10.1,10.0,10.3
03W139,0301,75,960,SPD,6.5,6.3,8.2
03W139,0301,75,960,FDP,2.8,2.8,3.2
03W140,0301,75,828,AFD,32.9,32.1,33.4
03W140,0301,75,828,CDU,23.7,23.5,24.1
03W140,0301,75,828,LINKE,15.6,15.1,15.7
03W140,0301,75,828,GRUENE,13.2,13.0,13.5
03W140,0301,75,828,Sonstige,10.2,10.1,10.4
03W140,0301,75,828,SPD,6.9,6.6,9.5
03W140,0301,75,828,FDP,3.1,3.0,3.3
03W201,0302,75,633,AFD,40.5,39.9,41.5
03W201,0302,75,633,CDU,26.6,26.4,27.0
03W201,0302,75,633,LINKE,15.1,14.0,15.4
03W201,0302,75,633,Sonstige,8.8,8.6,9.1
03W201,0302,75,633,SPD,8.2,7.9,9.3
03W201,0302,75,633,FDP,4.1,4.0,4.3
03W201,0302,75,633,GRUENE,1.0,0.8,1.2
03W202,0302,75,855,AFD,34.6,33.9,35.2
03W202,0302,75,855,CDU,25.5,25.3,26.0
03W202,0302,75,855,LINKE,16.3,15.8,16.5
03W202,0302,75,855,GRUENE,11.1,11.0,11.3
03W202,0302,75,855,SPD,8.4,8.2,9.1
03W202,0302,75,855,Sonstige,8.1,8.0,8.3
03W202,0302,75,855,FDP,3.3,3.2,3.5
03W203,0302,75,1025,AFD,36.4,35.8,36.9
03W203,0302,75,1025,CDU,24.3,24.2,24.7
03W203,0302,75,1025,LINKE,18.2,17.8,18.3
03W203,0302,75,1025,Sonstige,11.1,11.0,11.2
03W203,0302,75,1025,SPD,8.7,8.5,9.6
03W203,0302,75,1025,GRUENE,4.9,4.8,5.1
03W203,0302,75,1025,FDP,2.4,2.3,2.7
03W204,0302,75,926,AFD,36.2,35.1,36.5
03W204,0302,75,926,CDU,22.2,22.1,22.5
03W204,0302,75,926,LINKE,17.5,17.0,17.7
03W204,0302,75,926,Sonstige,12.5,12.3,12.6
03W204,0302,75,926,SPD,8.1,7.9,8.7
03W204,0302,75,926,GRUENE,7.6,7.5,7.8
03W204,0302,75,926,FDP,2.4,2.3,2.7
03W205,0302,75,813,AFD,36.5,35.5,37.0
03W205,0302,75,813,CDU,21.8,21.7,22.2
03W205,0302,75,813,LINKE,19.9,19.2,20.0
03W205,0302,75,813,Sonstige,11.7,11.6,11.9
03W205,0302,75,813,SPD,7.6,7.4,8.2
03W205,0302,75,813,GRUENE,6.9,6.6,7.1
03W205,0302,75,813,FDP,2.4,2.3,2.7
03W206,0302,75,790,AFD,33.9,32.8,34.2
03W206,0302,75,790,CDU,25.4,25.3,25.8
03W206,0302,75,790,LINKE,17.4,17.0,17.6
03W206,0302,75,790,Sonstige,10.0,9.8,10.1
03W206,0302,75,790,SPD,8.9,8.6,9.2
03W206,0302,75,790,GRUENE,7.8,7.7,8.1
03W206,0302,75,790,FDP,2.7,2.6,3.1
03W207,0302,75,852,AFD,34.0,33.4,34.7
03W207,0302,75,852,CDU,24.9,24.8,25.3
03W207,0302,75,852,LINKE,15.9,15.4,16.1
03W207,0302,75,852,GRUENE,9.4,9.2,9.6
03W207,0302,75,852,Sonstige,9.1,8.9,9.2
03W207,0302,75,852,SPD,8.3,8.0,9.4
03W207,0302,75,852,FDP,2.8,2.7,3.1
03W208,0302,75,779,AFD,35.0,34.2,35.5
03W208,0302,75,779,CDU,23.6,23.5,24.0
03W208,0302,75,779,LINKE,17.9,17.4,18.1
03W208,0302,75,779,Sonstige,11.3,11.1,11.4
03W208,0302,75,779,SPD,8.0,7.9,8.7
03W208,0302,75,779,GRUENE,7.0,6.9,7.2
03W208,0302,75,779,FDP,2.6,2.5,3.0
03W209,0302,75,831,AFD,35.2,34.4,35.7
03W209,0302,75,831,CDU,24.3,24.2,24.7
03W209,0302,75,831,LINKE,15.2,14.8,15.4
03W209,0302,75,831,Sonstige,12.2,12.1,12.3
03W209,0302,75,831,GRUENE,8.2,8.0,8.4
03W209,0302,75,831,SPD,7.6,7.3,8.5
03W209,0302,75,831,FDP,2.4,2.3,2.7
03W210,0302,75,881,AFD,36.3,35.6,36.8
03W210,0302,75,881,CDU,23.1,23.0,23.5
03W210,0302,75,881,LINKE,14.8,14.6,15.0
03W210,0302,75,881,Sonstige,10.5,10.4,10.6
03W210,0302,75,881,SPD,9.7,9.6,10.4
03W210,0302,75,881,GRUENE,7.8,7.6,8.0
03W210,0302,75,881,FDP,2.6,2.5,2.8
03W211,0302,75,782,AFD,28.7,27.9,29.1
03W211,0302,75,782,CDU,27.2,27.1,27.6
03W211,0302,75,782,GRUENE,14.7,14.6,14.9
03W211,0302,75,782,LINKE,13.9,13.5,14.1
03W211,0302,75,782,SPD,9.2,8.7,9.4
03W211,0302,75,782,Sonstige,8.5,8.4,8.6
03W211,0302,75,782,FDP,3.5,3.4,3.7
03W212,0302,75,864,AFD,30.9,30.0,31.3
03W212,0302,75,864,CDU,21.6,21.5,21.9
03W212,0302,75,864,LINKE,19.7,19.3,19.8
03W212,0302,75,864,GRUENE,12.6,12.5,12.8
03W212,0302,75,864,SPD,10.5,10.1,10.7
03W212,0302,75,864,Sonstige,8.5,8.4,8.7
03W212,0302,75,864,FDP,2.8,2.7,3.0
03W213,0302,75,898,AFD,32.6,32.0,33.2
03W213,0302,75,898,CDU,24.8,24.7,25.1
03W213,0302,75,898,LINKE,16.7,16.1,16.9
03W213,0302,75,898,GRUENE,9.6,9.4,9.7
03W213,0302,75,898,SPD,9.4,9.2,9.9
03W213,0302,75,898,Sonstige,8.8,8.7,9.0
03W213,0302,75,898,FDP,2.8,2.8,3.1
03W214,0302,75,781,AFD,29.9,29.0,30.3
03W214,0302,75,781,CDU,26.6,26.5,27.0
03W214,0302,75,781,LINKE,13.9,13.5,14.1
03W214,0302,75,781,GRUENE,12.5,12.3,12.7
03W214,0302,75,781,Sonstige,9.3,9.2,9.5
03W214,0302,75,781,SPD,8.8,8.5,9.6
03W214,0302,75,781,FDP,3.3,3.2,3.5
03W215,0302,75,828,AFD,32.3,31.7,32.8
03W215,0302,75,828,CDU,20.9,20.8,21.2
03W215,0302,75,828,LINKE,20.5,19.9,20.7
03W215,0302,75,828,GRUENE,11.1,11.0,11.3
03W215,0302,75,828,Sonstige,9.3,9.1,9.4
03W215,0302,75,828,SPD,8.7,8.5,9.4
03W215,0302,75,828,FDP,2.9,2.8,3.1
03W216,0302,75,1073,AFD,30.4,29.8,30.9
03W216,0302,75,1073,LINKE,20.5,20.0,20.7
03W216,0302,75,1073,CDU,19.5,19.4,19.8
03W216,0302,75,1073,Sonstige,11.5,11.4,11.6
03W216,0302,75,1073,GRUENE,10.7,10.6,10.9
03W216,0302,75,1073,SPD,9.8,9.6,10.3
03W216,0302,75,1073,FDP,2.7,2.7,2.9
03W217,0302,75,913,AFD,30.7,29.6,31.2
03W217,0302,75,913,LINKE,20.5,20.2,20.6
03W217,0302,75,913,GRUENE,16.8,16.7,16.9
03W217,0302,75,913,CDU,16.1,16.0,16.4
03W217,0302,75,913,Sonstige,11.3,11.2,11.5
03W217,0302,75,913,SPD,9.1,8.8,9.6
03W217,0302,75,913,FDP,2.5,2.5,2.7
03W218,0302,75,911,AFD,30.1,28.9,30.4
03W218,0302,75,911,LINKE,22.3,21.9,22.4
03W218,0302,75,911,CDU,17.0,16.8,17.2
03W218,0302,75,911,GRUENE,15.2,15.1,15.5
03W218,0302,75,911,Sonstige,10.3,10.2,10.5
03W218,0302,75,911,SPD,9.5,8.9,9.7
03W218,0302,75,911,FDP,2.2,2.2,2.6
03W219,0302,75,826,AFD,31.7,31.1,32.2
03W219,0302,75,826,CDU,22.2,22.1,22.6
03W219,0302,75,826,LINKE,19.4,19.0,19.6
03W219,0302,75,826,GRUENE,11.1,11.0,11.2
03W219,0302,75,826,SPD,10.5,10.2,10.8
03W219,0302,75,826,Sonstige,8.4,8.3,8.6
03W219,0302,75,826,FDP,2.8,2.7,3.0
03W220,0302,75,750,AFD,30.4,29.5,30.9
03W220,0302,75,750,LINKE,21.1,20.9,21.2
03W220,0302,75,750,CDU,17.8,17.7,18.1
03W220,0302,75,750,GRUENE,15.0,14.9,15.1
03W220,0302,75,750,Sonstige,10.1,10.0,10.2
03W220,0302,75,750,SPD,9.6,9.4,9.9
03W220,0302,75,750,FDP,2.4,2.3,2.8
03W221,0302,75,810,AFD,33.4,32.8,33.8
03W221,0302,75,810,CDU,22.5,22.4,22.8
03W221,0302,75,810,LINKE,17.3,16.9,17.4
03W221,0302,75,810,Sonstige,10.1,9.9,10.2
03W221,0302,75,810,GRUENE,9.8,9.6,9.9
03W221,0302,75,810,SPD,9.6,9.4,10.1
03W221,0302,75,810,FDP,2.5,2.4,2.8
03W222,0302,75,572,AFD,29.1,28.3,29.6
03W222,0302,75,572,CDU,26.4,26.3,26.8
03W222,0302,75,572,LINKE,15.0,14.8,15.2
03W222,0302,75,572,SPD,11.8,11.2,12.1
03W222,0302,75,572,GRUENE,10.7,10.6,10.9
03W222,0302,75,572,Sonstige,9.1,9.0,9.3
03W222,0302,75,572,FDP,3.3,3.2,3.5
03W223,0302,75,882,AFD,27.6,26.3,28.1
03W223,0302,75,882,LINKE,24.4,24.2,24.6
03W223,0302,75,882,GRUENE,20.7,20.5,20.9
03W223,0302,75,882,CDU,14.1,13.9,14.3
03W223,0302,75,882,Sonstige,11.7,11.6,11.9
03W223,0302,75,882,SPD,7.8,7.6,8.3
03W223,0302,75,882,FDP,2.9,2.8,3.0
03W224,0302,75,994,AFD,31.5,30.7,32.0
03W224,0302,75,994,LINKE,19.3,18.9,19.4
03W224,0302,75,994,CDU,19.1,18.9,19.4
03W224,0302,75,994,GRUENE,13.6,13.4,13.7
03W224,0302,75,994,SPD,10.0,9.8,10.3
03W224,0302,75,994,Sonstige,9.5,9.4,9.6
03W224,0302,75,994,FDP,2.6,2.5,2.9
03W225,0302,75,962,AFD,28.2,27.2,28.6
03W225,0302,75,962,CDU,19.8,19.8,20.2
03W225,0302,75,962,LINKE,18.6,18.4,18.7
03W225,0302,75,962,GRUENE,15.7,15.6,15.9
03W225,0302,75,962,SPD,11.2,10.7,11.5
03W225,0302,75,962,Sonstige,11.1,11.0,11.2
03W225,0302,75,962,FDP,3.0,3.0,3.2
03W226,0302,75,834,AFD,31.1,30.0,31.5
03W226,0302,75,834,CDU,20.8,20.7,21.1
03W226,0302,75,834,LINKE,20.3,19.9,20.4
03W226,0302,75,834,GRUENE,12.2,12.0,12.4
03W226,0302,75,834,SPD,11.2,10.1,11.4
03W226,0302,75,834,Sonstige,9.1,9.0,9.3
03W226,0302,75,834,FDP,2.6,2.6,2.9
03W227,0302,75,833,AFD,31.6,30.5,32.0
03W227,0302,75,833,CDU,21.2,21.1,21.5
03W227,0302,75,833,LINKE,20.8,20.6,20.9
03W227,0302,75,833,SPD,11.0,10.6,11.3
03W227,0302,75,833,GRUENE,10.4,10.2,10.5
03W227,0302,75,833,Sonstige,9.8,9.6,9.9
03W227,0302,75,833,FDP,2.2,2.2,2.6
03W228,0302,75,934,AFD,31.7,30.9,32.2
03W228,0302,75,934,CDU,18.7,18.5,19.0
03W228,0302,75,934,LINKE,18.2,17.9,18.3
03W228,0302,75,934,GRUENE,13.3,13.2,13.4
03W228,0302,75,934,Sonstige,12.3,12.2,12.4
03W228,0302,75,934,SPD,10.4,9.9,10.6
03W228,0302,75,934,FDP,2.8,2.7,2.9
03W229,0302,75,922,AFD,29.0,28.3,29.4
03W229,0302,75,922,CDU,20.5,20.4,20.9
03W229,0302,75,922,LINKE,19.4,19.2,19.5
03W229,0302,75,922,GRUENE,15.4,15.2,15.6
03W229,0302,75,922,Sonstige,10.6,10.5,10.7
03W229,0302,75,922,SPD,9.6,9.4,10.2
03W229,0302,75,922,FDP,2.7,2.6,2.8
03W230,0302,75,862,AFD,26.0,24.9,26.4
03W230,0302,75,862,LINKE,20.7,20.5,20.9
03W230,0302,75,862,GRUENE,20.7,20.5,20.8
03W230,0302,75,862,CDU,17.4,17.3,17.7
03W230,0302,75,862,Sonstige,11.2,11.1,11.4
03W230,0302,75,862,SPD,8.9,8.5,9.3
03W230,0302,75,862,FDP,2.8,2.8,3.0
03W231,0302,75,761,AFD,27.1,26.1,27.6
03W231,0302,75,761,LINKE,18.3,18.1,18.4
03W231,0302,75,761,CDU,18.1,18.0,18.4
03W231,0302,75,761,GRUENE,18.1,18.0,18.3
03W231,0302,75,761,Sonstige,11.0,10.9,11.1
03W231,0302,75,761,SPD,10.8,10.0,11.0
03W231,0302,75,761,FDP,2.7,2.7,3.1
03W232,0302,75,912,AFD,31.6,30.4,32.0
03W232,0302,75,912,LINKE,19.3,18.9,19.4
03W232,0302,75,912,CDU,16.0,15.9,16.3
03W232,0302,75,912,GRUENE,14.8,14.6,15.0
03W232,0302,75,912,Sonstige,14.0,13.9,14.1
03W232,0302,75,912,SPD,8.9,8.4,9.1
03W232,0302,75,912,FDP,2.3,2.2,2.6
03W233,0302,75,1025,AFD,25.7,23.7,26.1
03W233,0302,75,1025,LINKE,23.3,23.0,23.4
03W233,0302,75,1025,GRUENE,21.4,21.2,21.6
03W233,0302,75,1025,CDU,16.3,16.2,16.6
03W233,0302,75,1025,Sonstige,10.4,10.3,10.6
03W233,0302,75,1025,SPD,8.2,7.8,9.0
03W233,0302,75,1025,FDP,3.3,3.2,3.4
03W234,0302,75,792,AFD,27.1,26.1,27.6
03W234,0302,75,792,CDU,22.7,22.6,23.0
03W234,0302,75,792,LINKE,17.0,16.7,17.1
03W234,0302,75,792,GRUENE,15.4,15.2,15.5
03W234,0302,75,792,SPD,10.6,10.3,10.8
03W234,0302,75,792,Sonstige,9.3,9.2,9.4
03W234,0302,75,792,FDP,3.5,3.4,3.6
03W235,0302,75,778,AFD,25.0,24.0,25.5
03W235,0302,75,778,LINKE,22.3,22.0,22.4
03W235,0302,75,778,GRUENE,21.4,21.3,21.6
03W235,0302,75,778,CDU,16.5,16.4,16.8
03W235,0302,75,778,Sonstige,11.3,11.2,11.4
03W235,0302,75,778,SPD,8.6,8.3,8.8
03W235,0302,75,778,FDP,2.6,2.5,2.9
03W236,0302,75,931,AFD,28.6,28.0,29.1
03W236,0302,75,931,CDU,23.7,23.6,24.1
03W236,0302,75,931,LINKE,18.5,18.2,18.6
03W236,0302,75,931,GRUENE,12.1,11.9,12.2
03W236,0302,75,931,SPD,10.4,10.2,11.1
03W236,0302,75,931,Sonstige,8.6,8.5,8.7
03W236,0302,75,931,FDP,3.3,3.2,3.4
03W237,0302,75,880,AFD,27.4,25.9,27.8
03W237,0302,75,880,CDU,20.2,20.1,20.6
03W237,0302,75,880,LINKE,19.7,19.4,19.8
03W237,0302,75,880,GRUENE,17.4,17.2,17.5
03W237,0302,75,880,Sonstige,10.1,10.0,10.4
03W237,0302,75,880,SPD,9.0,8.6,9.4
03W237,0302,75,880,FDP,3.0,3.0,3.2
03W238,0302,75,1058,AFD,27.8,26.8,28.2
03W238,0302,75,1058,LINKE,20.8,20.5,20.9
03W238,0302,75,1058,GRUENE,20.4,20.2,20.5
03W238,0302,75,1058,CDU,16.9,16.8,17.1
03W238,0302,75,1058,Sonstige,10.5,10.4,10.7
03W238,0302,75,1058,SPD,9.1,8.6,9.4
03W238,0302,75,1058,FDP,3.0,2.9,3.2
03W301,0303,75,808,AFD,28.9,28.3,29.6
03W301,0303,75,808,CDU,23.3,23.2,23.7
03W301,0303,75,808,LINKE,19.4,19.0,19.6
03W301,0303,75,808,GRUENE,10.4,10.1,10.8
03W301,0303,75,808,Sonstige,8.7,8.5,8.9
03W301,0303,75,808,SPD,7.3,7.1,9.1
03W301,0303,75,808,FDP,2.6,2.5,3.0
03W302,0303,75,861,AFD,27.3,26.7,27.8
03W302,0303,75,861,CDU,22.8,22.7,23.2
03W302,0303,75,861,LINKE,17.5,17.2,17.7
03W302,0303,75,861,GRUENE,11.9,11.7,12.3
03W302,0303,75,861,Sonstige,9.9,9.7,10.1
03W302,0303,75,861,SPD,8.7,8.6,10.1
03W302,0303,75,861,FDP,2.4,2.3,2.8
03W303,0303,75,718,AFD,28.7,28.0,29.2
03W303,0303,75,718,CDU,20.0,19.9,20.3
03W303,0303,75,718,LINKE,19.7,19.4,19.9
03W303,0303,75,718,GRUENE,12.9,12.7,13.2
03W303,0303,75,718,Sonstige,10.8,10.6,11.0
03W303,0303,75,718,SPD,8.3,8.1,10.0
03W303,0303,75,718,FDP,2.3,2.2,2.6
03W304,0303,75,763,AFD,31.8,31.2,32.6
03W304,0303,75,763,LINKE,22.6,22.1,22.8
03W304,0303,75,763,CDU,18.4,18.3,18.8
03W304,0303,75,763,Sonstige,12.9,12.7,13.1
03W304,0303,75,763,GRUENE,8.1,7.8,8.3
03W304,0303,75,763,SPD,7.2,7.0,9.0
03W304,0303,75,763,FDP,1.7,1.7,2.1
03W305,0303,75,839,AFD,26.8,26.0,27.2
03W305,0303,75,839,LINKE,23.4,23.1,23.5
03W305,0303,75,839,CDU,17.0,16.9,17.3
03W305,0303,75,839,GRUENE,16.9,16.7,17.1
03W305,0303,75,839,Sonstige,11.0,10.8,11.1
03W305,0303,75,839,SPD,7.9,7.7,8.8
03W305,0303,75,839,FDP,2.1,2.0,2.5
03W306,0303,75,717,AFD,33.6,33.1,34.6
03W306,0303,75,717,LINKE,22.0,21.7,22.2
03W306,0303,75,717,CDU,17.3,17.2,17.7
03W306,0303,75,717,Sonstige,14.9,14.7,15.1
03W306,0303,75,717,SPD,7.2,7.0,9.0
03W306,0303,75,717,GRUENE,6.0,5.8,6.3
03W306,0303,75,717,FDP,1.1,1.0,1.7
03W307,0303,75,819,AFD,30.9,30.3,31.6
03W307,0303,75,819,LINKE,25.0,24.4,25.1
03W307,0303,75,819,CDU,16.3,16.2,16.5
03W307,0303,75,819,Sonstige,12.3,12.1,12.5
03W307,0303,75,819,GRUENE,10.1,9.9,10.4
03W307,0303,75,819,SPD,6.9,6.7,8.5
03W307,0303,75,819,FDP,1.6,1.5,2.1
03W308,0303,75,1044,AFD,27.2,26.6,27.8
03W308,0303,75,1044,LINKE,21.3,21.0,21.5
03W308,0303,75,1044,CDU,19.8,19.7,20.1
03W308,0303,75,1044,SPD,10.8,10.6,11.9
03W308,0303,75,1044,GRUENE,10.7,10.5,11.0
03W308,0303,75,1044,Sonstige,9.9,9.7,10.1
03W308,0303,75,1044,FDP,2.3,2.2,2.7
03W309,0303,75,838,AFD,23.9,23.1,24.3
03W309,0303,75,838,LINKE,23.1,22.9,23.3
03W309,0303,75,838,GRUENE,18.4,18.1,18.6
03W309,0303,75,838,CDU,17.4,17.3,17.7
03W309,0303,75,838,Sonstige,10.4,10.3,10.6
03W309,0303,75,838,SPD,8.1,7.9,9.3
03W309,0303,75,838,FDP,2.1,2.1,2.5
03W310,0303,75,742,AFD,30.1,29.5,30.8
03W310,0303,75,742,LINKE,22.3,22.0,22.5
03W310,0303,75,742,CDU,18.0,17.9,18.4
03W310,0303,75,742,Sonstige,11.3,11.1,11.5
03W310,0303,75,742,GRUENE,10.7,10.5,11.0
03W310,0303,75,742,SPD,8.0,7.8,9.8
03W310,0303,75,742,FDP,2.2,2.1,2.5
03W311,0303,75,967,AFD,25.1,24.4,25.6
03W311,0303,75,967,LINKE,23.4,23.2,23.6
03W311,0303,75,967,GRUENE,17.0,16.7,17.2
03W311,0303,75,967,CDU,15.7,15.6,15.9
03W311,0303,75,967,Sonstige,13.0,12.8,13.1
03W311,0303,75,967,SPD,8.1,7.9,9.0
03W311,0303,75,967,FDP,1.9,1.8,2.3
03W312,0303,75,957,AFD,33.3,32.7,33.9
03W312,0303,75,957,LINKE,22.1,21.7,22.2
03W312,0303,75,957,CDU,18.1,18.0,18.4
03W312,0303,75,957,Sonstige,14.5,14.3,14.7
03W312,0303,75,957,GRUENE,7.6,7.4,7.9
03W312,0303,75,957,SPD,6.9,6.7,8.4
03W312,0303,75,957,FDP,1.1,1.0,1.7
03W313,0303,75,802,AFD,22.9,22.4,23.5
03W313,0303,75,802,LINKE,21.8,21.5,21.9
03W313,0303,75,802,GRUENE,17.8,17.6,18.0
03W313,0303,75,802,CDU,17.8,17.7,18.0
03W313,0303,75,802,SPD,10.3,10.1,10.7
03W313,0303,75,802,Sonstige,9.7,9.5,9.8
03W313,0303,75,802,FDP,2.3,2.2,2.8
03W314,0303,75,805,AFD,21.0,20.4,21.5
03W314,0303,75,805,LINKE,20.5,20.3,20.6
03W314,0303,75,805,GRUENE,19.4,19.2,19.6
03W314,0303,75,805,CDU,18.6,18.5,18.8
03W314,0303,75,805,Sonstige,10.0,9.9,10.1
03W314,0303,75,805,SPD,9.6,9.4,10.4
03W314,0303,75,805,FDP,2.6,2.5,2.9
03W315,0303,75,889,LINKE,25.4,25.2,25.6
03W315,0303,75,889,GRUENE,21.9,21.7,22.2
03W315,0303,75,889,AFD,21.8,20.9,22.2
03W315,0303,75,889,CDU,13.6,13.4,13.8
03W315,0303,75,889,Sonstige,11.4,11.3,11.6
03W315,0303,75,889,SPD,8.6,8.4,9.8
03W315,0303,75,889,FDP,2.3,2.3,2.6
03W316,0303,75,927,GRUENE,23.0,22.7,23.2
03W316,0303,75,927,LINKE,21.3,21.1,21.5
03W316,0303,75,927,AFD,18.0,17.2,18.3
03W316,0303,75,927,CDU,16.9,16.8,17.2
03W316,0303,75,927,Sonstige,11.3,11.1,11.5
03W316,0303,75,927,SPD,9.6,9.4,10.4
03W316,0303,75,927,FDP,3.2,3.1,3.3
03W317,0303,75,1000,LINKE,25.2,24.9,25.3
03W317,0303,75,1000,AFD,24.8,24.3,25.2
03W317,0303,75,1000,GRUENE,16.7,16.5,17.0
03W317,0303,75,1000,CDU,13.8,13.7,14.0
03W317,0303,75,1000,Sonstige,12.7,12.5,12.9
03W317,0303,75,1000,SPD,9.2,9.0,10.0
03W317,0303,75,1000,FDP,1.9,1.9,2.4
03W318,0303,75,760,AFD,26.8,26.1,27.2
03W318,0303,75,760,LINKE,25.7,25.4,25.9
03W318,0303,75,760,GRUENE,14.8,14.7,15.1
03W318,0303,75,760,CDU,14.6,14.5,14.9
03W318,0303,75,760,Sonstige,11.5,11.3,11.7
03W318,0303,75,760,SPD,9.5,9.3,10.6
03W318,0303,75,760,FDP,2.0,1.9,2.4
03W319,0303,75,707,LINKE,27.6,27.4,27.7
03W319,0303,75,707,GRUENE,22.8,22.6,23.1
03W319,0303,75,707,AFD,19.4,18.6,19.9
03W319,0303,75,707,Sonstige,12.1,11.9,12.2
03W319,0303,75,707,CDU,11.7,11.6,11.9
03W319,0303,75,707,SPD,8.2,8.0,9.0
03W319,0303,75,707,FDP,1.7,1.6,2.3
03W320,0303,75,895,AFD,25.5,25.0,26.3
03W320,0303,75,895,LINKE,23.8,23.6,23.9
03W320,0303,75,895,GRUENE,16.2,16.0,16.5
03W320,0303,75,895,CDU,15.1,15.0,15.3
03W320,0303,75,895,Sonstige,12.7,12.5,12.9
03W320,0303,75,895,SPD,7.6,7.4,9.0
03W320,0303,75,895,FDP,1.9,1.8,2.2
03W321,0303,75,770,LINKE,27.2,26.9,27.3
03W321,0303,75,770,GRUENE,21.8,21.6,22.0
03W321,0303,75,770,AFD,20.4,19.7,20.9
03W321,0303,75,770,CDU,12.6,12.5,12.8
03W321,0303,75,770,Sonstige,11.3,11.1,11.4
03W321,0303,75,770,SPD,9.0,8.8,9.4
03W321,0303,75,770,FDP,2.0,2.0,2.5
03W322,0303,75,841,GRUENE,21.6,21.3,21.9
03W322,0303,75,841,LINKE,21.3,21.1,21.5
03W322,0303,75,841,AFD,19.1,18.4,19.5
03W322,0303,75,841,CDU,16.8,16.7,17.1
03W322,0303,75,841,Sonstige,10.5,10.3,10.7
03W322,0303,75,841,SPD,10.3,10.2,10.8
03W322,0303,75,841,FDP,3.4,3.3,3.6
03W323,0303,75,840,LINKE,25.5,25.1,25.6
03W323,0303,75,840,GRUENE,22.7,22.5,23.0
03W323,0303,75,840,AFD,20.9,20.1,21.4
03W323,0303,75,840,CDU,13.4,13.3,13.7
03W323,0303,75,840,Sonstige,11.4,11.2,11.5
03W323,0303,75,840,SPD,7.3,7.1,8.0
03W323,0303,75,840,FDP,2.1,2.0,2.5
03W324,0303,75,843,LINKE,23.9,23.5,24.0
03W324,0303,75,843,GRUENE,22.6,22.3,22.9
03W324,0303,75,843,AFD,17.7,16.9,18.2
03W324,0303,75,843,CDU,15.0,14.8,15.2
03W324,0303,75,843,SPD,10.9,10.7,11.3
03W324,0303,75,843,Sonstige,9.4,9.2,9.5
03W324,0303,75,843,FDP,3.3,3.3,3.5
03W325,0303,75,789,LINKE,24.7,24.4,24.9
03W325,0303,75,789,GRUENE,24.4,24.2,24.7
03W325,0303,75,789,AFD,19.8,18.6,20.2
03W325,0303,75,789,CDU,12.9,12.8,13.2
03W325,0303,75,789,Sonstige,11.6,11.5,11.8
03W325,0303,75,789,SPD,9.2,9.0,9.6
03W325,0303,75,789,FDP,2.1,2.0,2.6
03W326,0303,75,723,GRUENE,28.4,28.1,28.7
03W326,0303,75,723,LINKE,26.5,26.2,26.7
03W326,0303,75,723,AFD,15.7,15.0,16.2
03W326,0303,75,723,CDU,11.8,11.5,12.1
03W326,0303,75,723,SPD,10.9,10.2,11.2
03W326,0303,75,723,Sonstige,9.7,9.5,9.9
03W326,0303,75,723,FDP,2.5,2.4,2.7
03W327,0303,75,754,LINKE,27.4,27.2,27.6
03W327,0303,75,754,GRUENE,27.4,27.1,27.6
03W327,0303,75,754,AFD,17.2,15.7,17.6
03W327,0303,75,754,CDU,11.6,11.3,11.8
03W327,0303,75,754,Sonstige,9.8,9.7,10.0
03W327,0303,75,754,SPD,9.8,9.4,10.0
03W327,0303,75,754,FDP,2.6,2.5,2.9
03W328,0303,75,881,LINKE,26.5,26.2,26.7
03W328,0303,75,881,GRUENE,25.6,25.4,25.8
03W328,0303,75,881,AFD,19.3,18.7,19.7
03W328,0303,75,881,Sonstige,11.9,11.8,12.0
03W328,0303,75,881,CDU,11.0,10.8,11.2
03W328,0303,75,881,SPD,9.5,9.2,9.8
03W328,0303,75,881,FDP,1.9,1.9,2.4
03W329,0303,75,773,LINKE,30.0,29.6,30.2
03W329,0303,75,773,GRUENE,26.3,25.9,26.6
03W329,0303,75,773,AFD,16.4,14.8,17.1
03W329,0303,75,773,SPD,11.4,10.9,11.7
03W329,0303,75,773,CDU,10.7,10.4,11.0
03W329,0303,75,773,Sonstige,8.7,8.5,8.9
03W329,0303,75,773,FDP,2.9,2.8,3.2
03W330,0303,75,788,LINKE,27.7,27.4,27.8
03W330,0303,75,788,GRUENE,23.1,23.0,23.3
03W330,0303,75,788,AFD,20.0,19.1,20.4
03W330,0303,75,788,Sonstige,11.7,11.6,11.8
03W330,0303,75,788,CDU,11.7,11.6,11.9
03W330,0303,75,788,SPD,7.8,7.6,8.6
03W330,0303,75,788,FDP,1.9,1.9,2.3
03W331,0303,75,843,LINKE,27.7,27.5,27.8
03W331,0303,75,843,GRUENE,25.4,25.2,25.6
03W331,0303,75,843,AFD,18.1,17.3,18.5
03W331,0303,75,843,Sonstige,12.4,12.2,12.5
03W331,0303,75,843,CDU,11.1,11.0,11.4
03W331,0303,75,843,SPD,8.2,8.0,8.7
03W331,0303,75,843,FDP,2.0,1.9,2.4
03W332,0303,75,894,GRUENE,28.6,28.2,28.9
03W332,0303,75,894,LINKE,25.1,24.7,25.4
03W332,0303,75,894,AFD,15.7,14.9,16.3
03W332,0303,75,894,CDU,12.4,12.3,12.7
03W332,0303,75,894,SPD,10.5,10.1,10.8
03W332,0303,75,894,Sonstige,10.0,9.8,10.2
03W332,0303,75,894,FDP,1.9,1.9,2.3
03W333,0303,75,833,LINKE,26.9,26.6,27.0
03W333,0303,75,833,GRUENE,26.8,26.6,27.0
03W333,0303,75,833,AFD,18.1,17.0,18.5
03W333,0303,75,833,CDU,12.4,12.2,12.7
03W333,0303,75,833,Sonstige,10.7,10.5,10.9
03W333,0303,75,833,SPD,9.1,8.8,9.3
03W333,0303,75,833,FDP,2.3,2.2,2.6
03W334,0303,75,821,LINKE,29.5,29.2,29.6
03W334,0303,75,821,GRUENE,27.3,27.0,27.6
03W334,0303,75,821,AFD,17.5,16.8,18.1
03W334,0303,75,821,Sonstige,11.7,11.5,11.9
03W334,0303,75,821,SPD,8.7,8.5,9.2
03W334,0303,75,821,CDU,8.5,8.3,8.7
03W334,0303,75,821,FDP,2.0,1.9,2.5
03W335,0303,75,851,GRUENE,29.8,29.6,30.0
03W335,0303,75,851,LINKE,24.7,24.4,24.8
03W335,0303,75,851,AFD,15.6,14.6,16.2
03W335,0303,75,851,Sonstige,11.4,11.3,11.5
03W335,0303,75,851,CDU,11.3,11.1,11.5
03W335,0303,75,851,SPD,9.4,9.1,9.6
03W335,0303,75,851,FDP,2.3,2.2,2.7
03W336,0303,75,596,GRUENE,30.5,30.3,30.7
03W336,0303,75,596,LINKE,22.5,22.3,22.6
03W336,0303,75,596,AFD,13.4,12.9,13.9
03W336,0303,75,596,CDU,12.6,12.4,12.8
03W336,0303,75,596,Sonstige,11.4,11.3,11.5
03W336,0303,75,596,SPD,9.3,9.1,9.6
03W336,0303,75,596,FDP,2.2,2.1,2.6
03W337,0303,75,767,GRUENE,32.5,32.2,32.7
03W337,0303,75,767,LINKE,24.4,24.1,24.5
03W337,0303,75,767,AFD,15.0,14.2,15.3
03W337,0303,75,767,CDU,11.5,11.3,11.7
03W337,0303,75,767,Sonstige,10.9,10.8,11.0
03W337,0303,75,767,SPD,7.8,7.6,8.5
03W337,0303,75,767,FDP,2.3,2.2,2.5
03W338,0303,75,974,LINKE,28.6,28.3,28.7
03W338,0303,75,974,GRUENE,26.1,25.8,26.3
03W338,0303,75,974,AFD,19.3,18.6,19.7
03W338,0303,75,974,CDU,10.6,10.4,10.8
03W338,0303,75,974,Sonstige,9.6,9.4,9.7
03W338,0303,75,974,SPD,8.5,8.3,9.3
03W338,0303,75,974,FDP,1.8,1.7,2.2
03W339,0303,75,736,LINKE,27.9,27.7,28.1
03W339,0303,75,736,GRUENE,27.6,27.3,27.9
03W339,0303,75,736,AFD,16.7,15.9,17.1
03W339,0303,75,736,CDU,11.6,11.4,11.8
03W339,0303,75,736,Sonstige,10.1,10.0,10.2
03W339,0303,75,736,SPD,8.3,8.1,9.2
03W339,0303,75,736,FDP,2.1,2.0,2.4
03W340,0303,75,858,GRUENE,31.5,31.2,31.8
03W340,0303,75,858,LINKE,26.0,25.8,26.2
03W340,0303,75,858,AFD,14.2,13.7,15.1
03W340,0303,75,858,Sonstige,11.1,11.0,11.2
03W340,0303,75,858,CDU,10.2,10.1,10.4
03W340,0303,75,858,SPD,7.4,7.2,8.6
03W340,0303,75,858,FDP,2.1,2.0,2.4
03W401,0304,75,883,AFD,31.4,30.5,31.9
03W401,0304,75,883,CDU,28.1,28.0,28.5
03W401,0304,75,883,LINKE,16.8,16.6,16.9
03W401,0304,75,883,GRUENE,10.9,10.7,11.1
03W401,0304,75,883,SPD,8.8,8.6,9.7
03W401,0304,75,883,Sonstige,8.5,8.4,8.6
03W401,0304,75,883,FDP,2.8,2.7,3.0
03W402,0304,75,759,AFD,31.5,30.9,32.3
03W402,0304,75,759,CDU,28.5,28.3,28.9
03W402,0304,75,759,LINKE,15.8,15.5,16.0
03W402,0304,75,759,GRUENE,9.5,9.3,9.7
03W402,0304,75,759,Sonstige,9.0,8.8,9.1
03W402,0304,75,759,SPD,8.6,8.2,9.5
03W402,0304,75,759,FDP,3.2,3.1,3.3
03W403,0304,75,879,AFD,35.7,35.0,36.3
03W403,0304,75,879,CDU,27.2,27.1,27.7
03W403,0304,75,879,LINKE,15.2,14.8,15.4
03W403,0304,75,879,Sonstige,9.9,9.8,10.1
03W403,0304,75,879,SPD,8.4,8.2,9.1
03W403,0304,75,879,GRUENE,5.9,5.7,6.1
03W403,0304,75,879,FDP,2.9,2.9,3.2
03W404,0304,75,768,AFD,32.2,31.6,33.4
03W404,0304,75,768,CDU,27.9,27.7,28.4
03W404,0304,75,768,LINKE,16.3,15.7,16.5
03W404,0304,75,768,Sonstige,10.1,10.0,10.3
03W404,0304,75,768,SPD,9.9,9.6,10.7
03W404,0304,75,768,GRUENE,6.3,6.1,6.6
03W404,0304,75,768,FDP,2.8,2.8,3.0
03W405,0304,75,845,AFD,33.8,33.1,34.3
03W405,0304,75,845,CDU,28.3,28.1,28.8
03W405,0304,75,845,LINKE,16.1,15.5,16.3
03W405,0304,75,845,Sonstige,10.3,10.1,10.5
03W405,0304,75,845,GRUENE,7.7,7.4,7.9
03W405,0304,75,845,SPD,6.5,6.3,8.4
03W405,0304,75,845,FDP,2.9,2.8,3.2
03W406,0304,75,790,AFD,32.7,31.7,33.2
03W406,0304,75,790,CDU,28.7,28.6,29.2
03W406,0304,75,790,LINKE,15.6,15.1,15.7
03W406,0304,75,790,Sonstige,9.2,9.1,9.4
03W406,0304,75,790,GRUENE,8.4,8.2,8.6
03W406,0304,75,790,SPD,8.1,7.8,8.6
03W406,0304,75,790,FDP,3.4,3.3,3.6
03W407,0304,75,800,AFD,34.9,34.4,35.9
03W407,0304,75,800,CDU,25.9,25.8,26.4
03W407,0304,75,800,LINKE,16.9,16.3,17.0
03W407,0304,75,800,Sonstige,10.3,10.1,10.5
03W407,0304,75,800,SPD,9.3,9.0,10.1
03W407,0304,75,800,GRUENE,4.1,3.9,4.3
03W407,0304,75,800,FDP,2.6,2.5,2.9
03W408,0304,75,1072,AFD,35.1,34.4,35.6
03W408,0304,75,1072,CDU,27.0,26.9,27.5
03W408,0304,75,1072,LINKE,16.8,16.4,17.0
03W408,0304,75,1072,Sonstige,10.6,10.5,10.8
03W408,0304,75,1072,GRUENE,7.4,7.2,7.7
03W408,0304,75,1072,SPD,5.8,5.6,7.3
03W408,0304,75,1072,FDP,2.5,2.4,2.9
03W409,0304,75,887,AFD,34.4,33.8,35.0
03W409,0304,75,887,CDU,27.8,27.7,28.3
03W409,0304,75,887,LINKE,14.1,13.8,14.3
03W409,0304,75,887,Sonstige,11.8,11.6,11.9
03W409,0304,75,887,SPD,6.9,6.6,8.4
03W409,0304,75,887,GRUENE,6.8,6.6,7.0
03W409,0304,75,887,FDP,2.8,2.8,3.1
03W410,0304,75,828,AFD,34.1,33.3,34.7
03W410,0304,75,828,CDU,20.9,20.8,21.3
03W410,0304,75,828,LINKE,20.6,20.2,20.7
03W410,0304,75,828,Sonstige,12.2,12.0,12.3
03W410,0304,75,828,GRUENE,11.9,11.7,12.1
03W410,0304,75,828,SPD,5.9,5.6,7.6
03W410,0304,75,828,FDP,2.0,1.9,2.2
03W411,0304,75,972,AFD,33.3,32.0,33.7
03W411,0304,75,972,LINKE,25.1,24.9,25.2
03W411,0304,75,972,CDU,17.2,17.1,17.5
03W411,0304,75,972,Sonstige,12.6,12.4,12.7
03W411,0304,75,972,GRUENE,11.7,11.6,11.9
03W411,0304,75,972,SPD,7.8,7.5,9.0
03W411,0304,75,972,FDP,1.6,1.6,2.0
03W412,0304,75,850,AFD,35.7,35.0,36.3
03W412,0304,75,850,CDU,25.6,25.4,26.0
03W412,0304,75,850,LINKE,16.8,16.4,16.9
03W412,0304,75,850,Sonstige,11.8,11.6,11.9
03W412,0304,75,850,GRUENE,8.1,7.9,8.3
03W412,0304,75,850,SPD,6.3,6.0,8.1
03W412,0304,75,850,FDP,2.4,2.3,2.6
03W413,0304,75,780,AFD,30.5,29.2,31.0
03W413,0304,75,780,LINKE,25.5,25.2,25.7
03W413,0304,75,780,CDU,17.0,16.9,17.3
03W413,0304,75,780,GRUENE,12.5,12.3,12.7
03W413,0304,75,780,Sonstige,11.5,11.4,11.8
03W413,0304,75,780,SPD,8.7,8.3,9.9
03W413,0304,75,780,FDP,1.9,1.8,2.1
03W414,0304,75,808,AFD,32.7,31.8,33.1
03W414,0304,75,808,LINKE,24.8,24.5,24.9
03W414,0304,75,808,CDU,16.6,16.5,16.9
03W414,0304,75,808,GRUENE,12.1,12.0,12.3
03W414,0304,75,808,Sonstige,11.4,11.3,11.6
03W414,0304,75,808,SPD,9.3,9.0,9.6
03W414,0304,75,808,FDP,1.7,1.7,2.1
03W415,0304,75,829,AFD,28.0,26.4,28.3
03W415,0304,75,829,LINKE,23.7,23.4,23.8
03W415,0304,75,829,CDU,19.4,19.3,19.7
03W415,0304,75,829,GRUENE,15.1,14.9,15.3
03W415,0304,75,829,Sonstige,9.8,9.7,10.0
03W415,0304,75,829,SPD,9.1,8.8,9.3
03W415,0304,75,829,FDP,2.1,2.1,2.4
03W416,0304,75,765,AFD,32.2,31.2,32.6
03W416,0304,75,765,LINKE,26.3,25.9,26.4
03W416,0304,75,765,CDU,15.2,15.1,15.5
03W416,0304,75,765,Sonstige,12.3,12.1,12.4
03W416,0304,75,765,GRUENE,10.1,10.0,10.3
03W416,0304,75,765,SPD,9.7,9.5,10.4
03W416,0304,75,765,FDP,1.7,1.6,2.0
03W417,0304,75,948,AFD,32.9,31.8,33.2
03W417,0304,75,948,CDU,24.3,24.2,24.6
03W417,0304,75,948,LINKE,17.8,17.6,18.0
03W417,0304,75,948,Sonstige,11.3,11.2,11.4
03W417,0304,75,948,GRUENE,9.5,9.4,9.7
03W417,0304,75,948,SPD,8.8,8.6,9.3
03W417,0304,75,948,FDP,1.9,1.8,2.3
03W418,0304,75,854,AFD,34.3,33.5,34.8
03W418,0304,75,854,CDU,21.2,21.1,21.6
03W418,0304,75,854,LINKE,19.9,19.6,20.0
03W418,0304,75,854,Sonstige,11.2,11.1,11.3
03W418,0304,75,854,SPD,11.1,10.6,11.5
03W418,0304,75,854,GRUENE,8.9,8.7,9.2
03W418,0304,75,854,FDP,1.8,1.8,2.2
03W419,0304,75,795,AFD,27.3,26.6,27.8
03W419,0304,75,795,LINKE,21.7,21.5,21.8
03W419,0304,75,795,CDU,21.7,21.6,22.0
03W419,0304,75,795,GRUENE,14.8,14.7,14.9
03W419,0304,75,795,SPD,10.4,10.1,10.7
03W419,0304,75,795,Sonstige,9.0,8.8,9.1
03W419,0304,75,795,FDP,2.4,2.4,2.7
03W420,0304,75,929,AFD,30.3,29.5,30.8
03W420,0304,75,929,LINKE,22.1,21.8,22.2
03W420,0304,75,929,CDU,16.0,15.9,16.2
03W420,0304,75,929,Sonstige,14.5,14.3,14.6
03W420,0304,75,929,GRUENE,13.7,13.6,13.9
03W420,0304,75,929,SPD,9.0,8.6,9.2
03W420,0304,75,929,FDP,1.7,1.6,2.0
03W421,0304,75,874,AFD,36.1,35.3,36.6
03W421,0304,75,874,LINKE,24.8,24.5,24.9
03W421,0304,75,874,CDU,15.1,15.0,15.4
03W421,0304,75,874,Sonstige,12.6,12.5,12.8
03W421,0304,75,874,SPD,10.3,10.0,10.5
03W421,0304,75,874,GRUENE,8.5,8.4,8.7
03W421,0304,75,874,FDP,1.5,1.5,1.8
03W422,0304,75,887,AFD,32.7,31.7,33.2
03W422,0304,75,887,LINKE,24.4,24.1,24.6
03W422,0304,75,887,CDU,14.9,14.8,15.2
03W422,0304,75,887,Sonstige,13.1,13.0,13.3
03W422,0304,75,887,GRUENE,12.0,11.9,12.2
03W422,0304,75,887,SPD,9.0,8.7,9.6
03W422,0304,75,887,FDP,1.4,1.3,1.8
03W423,0304,75,956,AFD,31.3,29.7,31.6
03W423,0304,75,956,LINKE,27.1,26.8,27.2
03W423,0304,75,956,GRUENE,17.3,17.1,17.5
03W423,0304,75,956,Sonstige,15.9,15.8,16.1
03W423,0304,75,956,CDU,10.0,9.8,10.1
03W423,0304,75,956,SPD,6.6,6.3,7.3
03W423,0304,75,956,FDP,1.6,1.5,2.0
03W424,0304,75,929,AFD,32.7,32.0,33.3
03W424,0304,75,929,LINKE,22.0,21.7,22.1
03W424,0304,75,929,CDU,18.4,18.2,18.7
03W424,0304,75,929,Sonstige,11.1,11.0,11.3
03W424,0304,75,929,SPD,10.5,10.2,11.1
03W424,0304,75,929,GRUENE,9.1,8.9,9.2
03W424,0304,75,929,FDP,1.3,1.2,1.7
03W425,0304,75,824,AFD,35.4,34.6,36.0
03W425,0304,75,824,LINKE,22.1,21.8,22.2
03W425,0304,75,824,CDU,17.8,17.7,18.2
03W425,0304,75,824,Sonstige,14.1,14.0,14.3
03W425,0304,75,824,SPD,9.1,8.9,9.9
03W425,0304,75,824,GRUENE,6.4,6.3,6.6
03W425,0304,75,824,FDP,1.6,1.6,1.9
03W426,0304,75,822,AFD,24.7,23.3,25.1
03W426,0304,75,822,LINKE,23.9,23.7,24.1
03W426,0304,75,822,GRUENE,19.7,19.5,19.9
03W426,0304,75,822,CDU,15.0,14.9,15.3
03W426,0304,75,822,Sonstige,11.1,11.0,11.3
03W426,0304,75,822,SPD,10.6,9.9,10.9
03W426,0304,75,822,FDP,2.5,2.4,2.8
03W427,0304,75,691,LINKE,29.5,29.2,29.6
03W427,0304,75,691,AFD,25.5,24.2,26.0
03W427,0304,75,691,GRUENE,19.0,18.8,19.2
03W427,0304,75,691,CDU,11.9,11.8,12.2
03W427,0304,75,691,Sonstige,11.6,11.5,11.7
03W427,0304,75,691,SPD,8.6,8.3,8.8
03W427,0304,75,691,FDP,2.3,2.2,2.6
03W428,0304,75,844,LINKE,27.7,27.4,27.8
03W428,0304,75,844,AFD,25.2,23.0,25.4
03W428,0304,75,844,GRUENE,20.7,20.5,20.9
03W428,0304,75,844,CDU,13.2,13.0,13.4
03W428,0304,75,844,Sonstige,11.4,11.3,11.6
03W428,0304,75,844,SPD,8.3,8.0,8.6
03W428,0304,75,844,FDP,2.7,2.6,2.9
03W429,0304,75,896,AFD,32.4,31.7,33.0
03W429,0304,75,896,LINKE,20.1,19.8,20.2
03W429,0304,75,896,CDU,18.2,18.0,18.6
03W429,0304,75,896,SPD,14.9,13.6,15.2
03W429,0304,75,896,Sonstige,11.5,11.3,11.7
03W429,0304,75,896,GRUENE,5.9,5.7,6.1
03W429,0304,75,896,FDP,2.1,2.1,2.4
03W430,0304,75,891,LINKE,24.6,24.3,24.7
03W430,0304,75,891,GRUENE,24.0,23.8,24.2
03W430,0304,75,891,AFD,20.9,19.3,21.4
03W430,0304,75,891,CDU,15.0,14.8,15.2
03W430,0304,75,891,SPD,10.7,9.7,11.0
03W430,0304,75,891,Sonstige,9.8,9.7,9.9
03W430,0304,75,891,FDP,3.3,3.2,3.4
03W431,0304,75,995,AFD,31.3,30.4,31.7
03W431,0304,75,995,LINKE,22.0,21.8,22.1
03W431,0304,75,995,CDU,18.7,18.6,19.0
03W431,0304,75,995,SPD,13.1,12.2,13.4
03W431,0304,75,995,Sonstige,11.6,11.5,11.7
03W431,0304,75,995,GRUENE,8.2,8.0,8.4
03W431,0304,75,995,FDP,2.0,2.0,2.4
03W432,0304,75,1041,AFD,36.7,36.0,37.3
03W432,0304,75,1041,LINKE,21.7,21.2,21.9
03W432,0304,75,1041,CDU,17.6,17.5,17.9
03W432,0304,75,1041,Sonstige,14.9,14.8,15.2
03W432,0304,75,1041,SPD,8.0,7.8,8.9
03W432,0304,75,1041,GRUENE,6.2,6.0,6.4
03W432,0304,75,1041,FDP,1.5,1.5,1.9
03W433,0304,75,809,AFD,30.7,30.1,31.4
03W433,0304,75,809,CDU,21.7,21.6,22.1
03W433,0304,75,809,LINKE,19.5,19.2,19.6
03W433,0304,75,809,SPD,12.4,11.7,12.7
03W433,0304,75,809,Sonstige,11.9,11.8,12.1
03W433,0304,75,809,GRUENE,7.3,7.1,7.5
03W433,0304,75,809,FDP,2.4,2.4,2.7
03W501,0305,75,833,AFD,34.0,33.1,34.6
03W501,0305,75,833,CDU,23.2,23.1,23.6
03W501,0305,75,833,LINKE,17.4,17.0,17.6
03W501,0305,75,833,Sonstige,10.6,10.4,10.8
03W501,0305,75,833,SPD,8.1,8.0,8.9
03W501,0305,75,833,GRUENE,7.2,6.9,7.6
03W501,0305,75,833,FDP,2.6,2.6,3.0
03W502,0305,75,654,AFD,31.0,30.0,31.3
03W502,0305,75,654,LINKE,21.9,21.2,22.1
03W502,0305,75,654,CDU,21.0,20.8,21.3
03W502,0305,75,654,Sonstige,10.6,10.4,10.8
03W502,0305,75,654,GRUENE,8.7,8.4,9.0
03W502,0305,75,654,SPD,8.6,8.4,9.0
03W502,0305,75,654,FDP,2.2,2.1,2.7
03W503,0305,75,758,AFD,29.0,28.4,29.5
03W503,0305,75,758,LINKE,25.4,25.0,25.5
03W503,0305,75,758,GRUENE,15.0,14.8,15.2
03W503,0305,75,758,CDU,14.8,14.7,15.1
03W503,0305,75,758,Sonstige,14.0,13.8,14.2
03W503,0305,75,758,SPD,6.2,6.0,8.2
03W503,0305,75,758,FDP,1.4,1.4,1.8
03W504,0305,75,778,AFD,26.8,26.1,27.3
03W504,0305,75,778,CDU,21.5,21.4,21.8
03W504,0305,75,778,LINKE,20.0,19.7,20.1
03W504,0305,75,778,GRUENE,12.4,12.2,12.7
03W504,0305,75,778,Sonstige,11.2,11.1,11.4
03W504,0305,75,778,SPD,9.4,9.3,10.0
03W504,0305,75,778,FDP,2.4,2.3,2.7
03W505,0305,75,837,AFD,27.7,26.8,28.1
03W505,0305,75,837,CDU,21.9,21.8,22.2
03W505,0305,75,837,LINKE,20.0,19.6,20.1
03W505,0305,75,837,GRUENE,11.7,11.5,11.9
03W505,0305,75,837,Sonstige,10.6,10.4,10.9
03W505,0305,75,837,SPD,8.9,8.7,9.8
03W505,0305,75,837,FDP,2.5,2.5,2.8
03W506,0305,75,896,AFD,29.1,28.5,29.6
03W506,0305,75,896,LINKE,26.1,25.9,26.2
03W506,0305,75,896,GRUENE,14.7,14.4,15.0
03W506,0305,75,896,Sonstige,14.2,14.0,14.4
03W506,0305,75,896,CDU,13.4,13.3,13.6
03W506,0305,75,896,SPD,7.7,7.5,8.5
03W506,0305,75,896,FDP,1.2,1.2,1.8
03W507,0305,75,948,AFD,28.4,27.6,28.7
03W507,0305,75,948,LINKE,26.3,25.9,26.4
03W507,0305,75,948,CDU,14.9,14.7,15.2
03W507,0305,75,948,GRUENE,14.0,13.8,14.2
03W507,0305,75,948,SPD,10.4,10.1,10.8
03W507,0305,75,948,Sonstige,10.3,10.1,10.5
03W507,0305,75,948,FDP,2.5,2.5,2.8
03W508,0305,75,780,AFD,29.9,29.2,30.4
03W508,0305,75,780,LINKE,26.6,26.3,26.7
03W508,0305,75,780,GRUENE,15.9,15.7,16.2
03W508,0305,75,780,Sonstige,14.2,13.9,14.4
03W508,0305,75,780,CDU,11.3,11.1,11.5
03W508,0305,75,780,SPD,8.0,7.8,9.0
03W508,0305,75,780,FDP,1.6,1.6,1.9
03W509,0305,75,874,AFD,23.0,22.1,23.7
03W509,0305,75,874,LINKE,21.0,20.6,21.3
03W509,0305,75,874,CDU,20.4,20.3,20.8
03W509,0305,75,874,GRUENE,15.6,15.3,15.8
03W509,0305,75,874,Sonstige,12.2,12.0,12.3
03W509,0305,75,874,SPD,7.4,7.1,8.8
03W509,0305,75,874,FDP,2.5,2.4,2.7
03W510,0305,75,942,LINKE,31.2,30.9,31.4
03W510,0305,75,942,AFD,23.7,22.5,24.0
03W510,0305,75,942,GRUENE,20.9,20.6,21.1
03W510,0305,75,942,Sonstige,12.5,12.3,12.6
03W510,0305,75,942,CDU,11.6,11.4,11.9
03W510,0305,75,942,SPD,7.6,7.3,8.7
03W510,0305,75,942,FDP,1.6,1.6,1.9
03W511,0305,75,834,LINKE,28.8,28.5,29.0
03W511,0305,75,834,AFD,26.3,25.4,26.7
03W511,0305,75,834,GRUENE,17.6,17.4,17.8
03W511,0305,75,834,CDU,12.9,12.7,13.1
03W511,0305,75,834,Sonstige,11.1,10.9,11.3
03W511,0305,75,834,SPD,9.2,9.0,9.6
03W511,0305,75,834,FDP,2.0,1.9,2.4
03W512,0305,75,827,AFD,26.9,26.1,27.5
03W512,0305,75,827,CDU,23.9,23.8,24.3
03W512,0305,75,827,LINKE,17.6,17.4,17.8
03W512,0305,75,827,SPD,10.3,10.1,10.9
03W512,0305,75,827,Sonstige,10.2,10.0,10.3
03W512,0305,75,827,GRUENE,9.9,9.6,10.2
03W512,0305,75,827,FDP,2.7,2.6,3.1
03W513,0305,75,889,AFD,27.7,26.9,28.2
03W513,0305,75,889,LINKE,26.3,26.1,26.5
03W513,0305,75,889,GRUENE,16.5,16.3,16.8
03W513,0305,75,889,Sonstige,12.8,12.6,12.9
03W513,0305,75,889,CDU,12.5,12.4,12.8
03W513,0305,75,889,SPD,9.3,9.1,9.7
03W513,0305,75,889,FDP,1.6,1.5,1.9
03W514,0305,75,865,LINKE,27.2,27.0,27.3
03W514,0305,75,865,GRUENE,24.7,24.5,24.8
03W514,0305,75,865,AFD,21.0,19.5,21.3
03W514,0305,75,865,CDU,11.8,11.7,12.0
03W514,0305,75,865,Sonstige,10.7,10.5,10.8
03W514,0305,75,865,SPD,9.3,9.1,9.6
03W514,0305,75,865,FDP,2.1,2.0,2.3
03W515,0305,75,981,LINKE,28.2,28.0,28.4
03W515,0305,75,981,GRUENE,24.0,23.8,24.2
03W515,0305,75,981,AFD,20.5,19.3,21.0
03W515,0305,75,981,CDU,11.7,11.5,11.9
03W515,0305,75,981,Sonstige,10.5,10.4,10.6
03W515,0305,75,981,SPD,10.0,9.5,10.3
03W515,0305,75,981,FDP,1.9,1.8,2.2
03W516,0305,75,904,LINKE,26.9,26.6,27.1
03W516,0305,75,904,GRUENE,23.0,22.8,23.2
03W516,0305,75,904,AFD,21.6,20.1,21.9
03W516,0305,75,904,CDU,11.8,11.7,12.0
03W516,0305,75,904,Sonstige,11.4,11.3,11.5
03W516,0305,75,904,SPD,9.4,9.1,9.8
03W516,0305,75,904,FDP,2.1,2.0,2.4
03W517,0305,75,841,AFD,28.0,27.0,28.6
03W517,0305,75,841,LINKE,26.8,26.5,26.9
03W517,0305,75,841,CDU,14.3,14.2,14.6
03W517,0305,75,841,GRUENE,13.0,12.7,13.3
03W517,0305,75,841,Sonstige,12.7,12.5,13.2
03W517,0305,75,841,SPD,9.5,9.2,10.5
03W517,0305,75,841,FDP,1.4,1.4,1.9
03W518,0305,75,897,LINKE,24.9,24.6,25.1
03W518,0305,75,897,GRUENE,22.9,22.6,23.1
03W518,0305,75,897,AFD,22.9,21.7,23.3
03W518,0305,75,897,CDU,12.9,12.8,13.1
03W518,0305,75,897,Sonstige,10.7,10.5,10.8
03W518,0305,75,897,SPD,9.9,9.3,10.2
03W518,0305,75,897,FDP,1.3,1.2,2.0
03W519,0305,75,720,LINKE,27.4,27.1,27.5
03W519,0305,75,720,AFD,27.4,26.4,27.9
03W519,0305,75,720,CDU,15.1,15.0,15.4
03W519,0305,75,720,GRUENE,14.5,14.3,14.8
03W519,0305,75,720,Sonstige,11.5,11.3,11.6
03W519,0305,75,720,SPD,9.1,8.9,9.5
03W519,0305,75,720,FDP,1.5,1.4,2.0
03W520,0305,75,926,LINKE,27.4,27.1,27.6
03W520,0305,75,926,AFD,22.9,22.0,23.2
03W520,0305,75,926,GRUENE,17.5,17.3,17.8
03W520,0305,75,926,CDU,14.3,14.2,14.5
03W520,0305,75,926,Sonstige,11.2,11.0,11.4
03W520,0305,75,926,SPD,9.7,9.5,10.4
03W520,0305,75,926,FDP,1.6,1.6,2.1
03W521,0305,75,821,AFD,28.5,27.4,28.8
03W521,0305,75,821,LINKE,25.7,25.4,25.9
03W521,0305,75,821,CDU,15.1,15.0,15.4
03W521,0305,75,821,GRUENE,14.0,13.8,14.3
03W521,0305,75,821,Sonstige,12.6,12.4,12.8
03W521,0305,75,821,SPD,7.5,7.2,8.7
03W521,0305,75,821,FDP,1.3,1.2,1.8
03W522,0305,75,1015,AFD,28.8,27.8,29.2
03W522,0305,75,1015,LINKE,24.2,24.0,24.4
03W522,0305,75,1015,CDU,16.1,16.0,16.3
03W522,0305,75,1015,GRUENE,13.9,13.7,14.2
03W522,0305,75,1015,Sonstige,12.5,12.3,12.6
03W522,0305,75,1015,SPD,8.3,8.1,9.0
03W522,0305,75,1015,FDP,1.5,1.5,2.0
03W523,0305,75,884,AFD,28.0,27.4,28.6
03W523,0305,75,884,LINKE,27.2,27.0,27.4
03W523,0305,75,884,CDU,15.0,14.8,15.3
03W523,0305,75,884,Sonstige,12.8,12.6,13.0
03W523,0305,75,884,GRUENE,11.9,11.7,12.2
03W523,0305,75,884,SPD,9.3,9.1,10.3
03W523,0305,75,884,FDP,1.6,1.6,2.0
03W524,0305,75,811,LINKE,24.3,24.0,24.4
03W524,0305,75,811,AFD,24.2,23.5,24.7
03W524,0305,75,811,GRUENE,17.5,17.3,17.8
03W524,0305,75,811,CDU,15.4,15.3,15.6
03W524,0305,75,811,SPD,11.3,11.2,11.7
03W524,0305,75,811,Sonstige,11.1,10.9,11.2
03W524,0305,75,811,FDP,2.0,2.0,2.4
03W525,0305,75,1065,LINKE,25.3,25.0,25.4
03W525,0305,75,1065,AFD,23.6,22.7,24.0
03W525,0305,75,1065,GRUENE,20.7,20.5,21.0
03W525,0305,75,1065,Sonstige,13.5,13.3,13.6
03W525,0305,75,1065,CDU,10.8,10.7,11.0
03W525,0305,75,1065,SPD,9.6,9.4,10.2
03W525,0305,75,1065,FDP,1.6,1.5,2.0
03W526,0305,75,809,LINKE,26.3,26.0,26.4
03W526,0305,75,809,AFD,21.3,20.6,21.7
03W526,0305,75,809,GRUENE,20.6,20.4,20.8
03W526,0305,75,809,CDU,13.1,13.0,13.3
03W526,0305,75,809,Sonstige,11.6,11.4,11.7
03W526,0305,75,809,SPD,10.1,9.8,10.4
03W526,0305,75,809,FDP,1.7,1.6,2.1
03W527,0305,75,864,LINKE,28.7,28.5,28.9
03W527,0305,75,864,AFD,28.4,27.3,28.8
03W527,0305,75,864,GRUENE,15.1,14.9,15.3
03W527,0305,75,864,CDU,14.6,14.5,14.9
03W527,0305,75,864,Sonstige,11.4,11.3,11.6
03W527,0305,75,864,SPD,8.6,8.3,9.2
03W527,0305,75,864,FDP,1.4,1.3,1.9
03W528,0305,75,984,GRUENE,32.8,32.5,33.0
03W528,0305,75,984,LINKE,26.4,26.1,26.5
03W528,0305,75,984,AFD,13.7,12.5,14.1
03W528,0305,75,984,Sonstige,10.6,10.4,10.8
03W528,0305,75,984,SPD,9.3,8.8,9.7
03W528,0305,75,984,CDU,9.3,9.1,9.5
03W528,0305,75,984,FDP,2.2,2.1,2.6
03W529,0305,75,971,GRUENE,29.6,29.3,29.8
03W529,0305,75,971,LINKE,26.0,25.8,26.1
03W529,0305,75,971,AFD,17.4,16.6,17.8
03W529,0305,75,971,Sonstige,10.9,10.7,11.0
03W529,0305,75,971,SPD,10.3,9.2,10.7
03W529,0305,75,971,CDU,9.8,9.7,10.0
03W529,0305,75,971,FDP,1.7,1.6,2.1
03W530,0305,75,1068,LINKE,26.6,26.3,26.7
03W530,0305,75,1068,AFD,26.5,25.6,26.8
03W530,0305,75,1068,CDU,15.2,15.1,15.4
03W530,0305,75,1068,GRUENE,13.3,13.1,13.6
03W530,0305,75,1068,Sonstige,11.5,11.3,11.7
03W530,0305,75,1068,SPD,10.4,10.2,10.9
03W530,0305,75,1068,FDP,1.7,1.6,2.1
03W531,0305,75,998,LINKE,26.6,26.3,26.7
03W531,0305,75,998,GRUENE,22.3,22.1,22.6
03W531,0305,75,998,AFD,21.1,19.5,21.5
03W531,0305,75,998,Sonstige,12.1,11.9,12.2
03W531,0305,75,998,CDU,12.1,11.9,12.3
03W531,0305,75,998,SPD,7.7,7.1,8.0
03W531,0305,75,998,FDP,1.8,1.7,2.4
03W532,0305,75,945,LINKE,30.8,30.6,30.9
03W532,0305,75,945,GRUENE,27.4,27.2,27.7
03W532,0305,75,945,AFD,18.7,17.6,19.1
03W532,0305,75,945,Sonstige,12.3,12.1,12.4
03W532,0305,75,945,CDU,8.5,8.3,8.7
03W532,0305,75,945,SPD,5.8,5.5,7.1
03W532,0305,75,945,FDP,2.0,1.9,2.3
03W533,0305,75,885,LINKE,25.8,25.5,26.0
03W533,0305,75,885,GRUENE,20.9,20.6,21.2
03W533,0305,75,885,AFD,20.2,19.3,20.6
03W533,0305,75,885,CDU,14.5,14.3,14.8
03W533,0305,75,885,SPD,10.9,10.2,11.3
03W533,0305,75,885,Sonstige,10.9,10.7,11.1
03W533,0305,75,885,FDP,1.5,1.4,2.1
03W534,0305,75,1070,LINKE,24.8,24.6,25.0
03W534,0305,75,1070,AFD,23.7,22.6,24.1
03W534,0305,75,1070,GRUENE,21.1,20.9,21.4
03W534,0305,75,1070,CDU,13.1,13.0,13.4
03W534,0305,75,1070,Sonstige,11.9,11.7,12.0
03W534,0305,75,1070,SPD,8.2,7.9,8.7
03W534,0305,75,1070,FDP,1.7,1.6,2.3
03W601,0306,75,876,GRUENE,31.7,31.5,31.9
03W601,0306,75,876,LINKE,27.0,26.7,27.1
03W601,0306,75,876,AFD,13.9,12.9,14.3
03W601,0306,75,876,Sonstige,12.8,12.7,12.9
03W601,0306,75,876,CDU,8.4,8.2,8.6
03W601,0306,75,876,SPD,8.1,7.8,8.4
03W601,0306,75,876,FDP,2.2,2.1,2.5
03W602,0306,75,740,LINKE,26.9,26.6,27.2
03W602,0306,75,740,GRUENE,25.8,25.6,26.1
03W602,0306,75,740,AFD,16.3,15.3,16.8
03W602,0306,75,740,Sonstige,13.3,13.2,13.5
03W602,0306,75,740,SPD,10.2,9.4,10.5
03W602,0306,75,740,CDU,10.2,10.0,10.4
03W602,0306,75,740,FDP,1.6,1.5,2.1
03W603,0306,75,948,LINKE,29.3,29.1,29.4
03W603,0306,75,948,GRUENE,29.2,29.0,29.5
03W603,0306,75,948,AFD,14.5,13.7,14.9
03W603,0306,75,948,Sonstige,13.1,12.9,13.3
03W603,0306,75,948,CDU,8.3,8.1,8.4
03W603,0306,75,948,SPD,7.0,6.7,8.0
03W603,0306,75,948,FDP,1.8,1.8,2.2
03W604,0306,75,995,GRUENE,30.6,30.4,30.9
03W604,0306,75,995,LINKE,30.3,30.1,30.4
03W604,0306,75,995,AFD,12.6,11.8,12.9
03W604,0306,75,995,Sonstige,10.3,10.1,10.3
03W604,0306,75,995,SPD,9.3,8.9,9.5
03W604,0306,75,995,CDU,8.5,8.2,8.7
03W604,0306,75,995,FDP,2.7,2.7,3.0
03W605,0306,75,757,GRUENE,32.2,31.9,32.4
03W605,0306,75,757,LINKE,31.6,31.3,31.7
03W605,0306,75,757,AFD,12.2,11.4,12.6
03W605,0306,75,757,Sonstige,9.3,9.2,9.4
03W605,0306,75,757,SPD,8.5,8.2,8.8
03W605,0306,75,757,CDU,8.4,8.1,8.6
03W605,0306,75,757,FDP,2.6,2.6,2.9
03W606,0306,75,788,GRUENE,32.8,32.5,33.1
03W606,0306,75,788,LINKE,30.1,29.8,30.2
03W606,0306,75,788,Sonstige,12.7,12.5,12.9
03W606,0306,75,788,AFD,11.7,10.8,12.1
03W606,0306,75,788,SPD,6.8,6.5,8.2
03W606,0306,75,788,CDU,6.5,6.3,6.7
03W606,0306,75,788,FDP,2.3,2.3,2.5
03W607,0306,75,939,GRUENE,33.1,32.8,33.3
03W607,0306,75,939,LINKE,32.3,32.0,32.4
03W607,0306,75,939,AFD,12.8,12.3,13.3
03W607,0306,75,939,Sonstige,11.9,11.6,12.0
03W607,0306,75,939,CDU,7.2,7.0,7.4
03W607,0306,75,939,SPD,5.2,4.9,7.0
03W607,0306,75,939,FDP,1.6,1.5,2.0
03W608,0306,75,759,GRUENE,32.4,32.1,32.6
03W608,0306,75,759,LINKE,30.4,30.2,30.5
03W608,0306,75,759,AFD,12.3,11.6,12.5
03W608,0306,75,759,Sonstige,9.8,9.6,9.9
03W608,0306,75,759,CDU,8.7,8.4,9.0
03W608,0306,75,759,SPD,8.4,8.1,9.0
03W608,0306,75,759,FDP,2.8,2.7,2.9
03W609,0306,75,710,GRUENE,32.6,32.3,32.9
03W609,0306,75,710,LINKE,29.4,29.1,29.5
03W609,0306,75,710,Sonstige,12.6,12.4,12.7
03W609,0306,75,710,AFD,11.5,11.0,11.9
03W609,0306,75,710,SPD,7.5,7.3,8.8
03W609,0306,75,710,CDU,6.8,6.7,7.0
03W609,0306,75,710,FDP,2.2,2.2,2.4
03W610,0306,75,1012,GRUENE,35.6,35.3,35.8
03W610,0306,75,1012,LINKE,30.6,30.3,30.7
03W610,0306,75,1012,Sonstige,11.7,11.5,11.8
03W610,0306,75,1012,AFD,10.1,9.7,10.6
03W610,0306,75,1012,SPD,6.8,6.5,7.6
03W610,0306,75,1012,CDU,5.9,5.6,6.1
03W610,0306,75,1012,FDP,2.2,2.2,2.5
03W611,0306,75,916,GRUENE,33.7,33.4,34.0
03W611,0306,75,916,LINKE,27.5,27.2,27.6
03W611,0306,75,916,AFD,11.5,10.8,11.8
03W611,0306,75,916,Sonstige,10.2,10.0,10.3
03W611,0306,75,916,CDU,9.6,9.3,9.8
03W611,0306,75,916,SPD,8.3,8.0,9.0
03W611,0306,75,916,FDP,2.8,2.7,3.0
03W612,0306,75,799,GRUENE,37.1,36.8,37.4
03W612,0306,75,799,LINKE,28.4,28.1,28.5
03W612,0306,75,799,Sonstige,10.6,10.4,10.8
03W612,0306,75,799,AFD,9.9,9.3,10.4
03W612,0306,75,799,SPD,8.2,8.0,8.6
03W612,0306,75,799,CDU,7.4,7.2,7.6
03W612,0306,75,799,FDP,2.6,2.5,2.8
03W613,0306,75,766,GRUENE,33.1,32.9,33.4
03W613,0306,75,766,LINKE,27.3,27.1,27.4
03W613,0306,75,766,CDU,11.0,10.8,11.2
03W613,0306,75,766,AFD,10.5,10.0,10.9
03W613,0306,75,766,Sonstige,9.7,9.6,9.8
03W613,0306,75,766,SPD,8.8,8.6,9.3
03W613,0306,75,766,FDP,2.7,2.6,2.9
03W614,0306,75,1010,LINKE,31.4,31.1,31.6
03W614,0306,75,1010,GRUENE,31.3,31.0,31.6
03W614,0306,75,1010,Sonstige,12.1,11.9,12.2
03W614,0306,75,1010,AFD,11.9,11.6,12.5
03W614,0306,75,1010,CDU,8.5,8.3,8.8
03W614,0306,75,1010,SPD,6.3,6.1,8.0
03W614,0306,75,1010,FDP,3.0,2.9,3.1
03W615,0306,75,919,LINKE,34.1,33.8,34.2
03W615,0306,75,919,GRUENE,28.9,28.7,29.2
03W615,0306,75,919,AFD,13.7,12.9,14.1
03W615,0306,75,919,Sonstige,9.2,9.0,9.4
03W615,0306,75,919,CDU,8.5,8.2,8.7
03W615,0306,75,919,SPD,7.8,7.6,8.9
03W615,0306,75,919,FDP,3.1,3.1,3.3
03W616,0306,75,779,GRUENE,39.7,39.4,40.0
03W616,0306,75,779,LINKE,29.9,29.6,30.0
03W616,0306,75,779,Sonstige,9.3,9.1,9.4
03W616,0306,75,779,SPD,7.8,7.6,8.5
03W616,0306,75,779,CDU,7.6,7.4,7.8
03W616,0306,75,779,AFD,5.2,4.7,5.6
03W616,0306,75,779,FDP,2.3,2.2,2.6
03W617,0306,75,726,GRUENE,33.7,33.4,33.9
03W617,0306,75,726,LINKE,28.7,28.4,28.8
03W617,0306,75,726,AFD,10.1,9.4,10.4
03W617,0306,75,726,CDU,10.0,9.8,10.3
03W617,0306,75,726,Sonstige,9.9,9.8,10.0
03W617,0306,75,726,SPD,7.6,7.4,8.2
03W617,0306,75,726,FDP,3.1,3.0,3.2
03W618,0306,75,1069,GRUENE,40.9,40.5,41.2
03W618,0306,75,1069,LINKE,32.5,32.2,32.6
03W618,0306,75,1069,Sonstige,9.9,9.7,10.0
03W618,0306,75,1069,SPD,6.9,6.7,7.6
03W618,0306,75,1069,AFD,5.6,5.0,5.9
03W618,0306,75,1069,CDU,4.8,4.5,5.0
03W618,0306,75,1069,FDP,2.6,2.5,2.8
03W619,0306,75,831,GRUENE,38.0,37.7,38.2
03W619,0306,75,831,LINKE,29.5,29.2,29.6
03W619,0306,75,831,Sonstige,10.7,10.5,10.8
03W619,0306,75,831,AFD,8.4,7.9,8.8
03W619,0306,75,831,SPD,7.3,7.1,8.2
03W619,0306,75,831,CDU,7.1,6.8,7.3
03W619,0306,75,831,FDP,2.5,2.4,2.7
03W620,0306,75,798,GRUENE,39.3,38.8,39.6
03W620,0306,75,798,LINKE,28.3,28.0,28.4
03W620,0306,75,798,Sonstige,9.4,9.2,9.6
03W620,0306,75,798,CDU,8.3,8.0,8.5
03W620,0306,75,798,SPD,7.8,7.6,8.9
03W620,0306,75,798,AFD,6.6,6.2,7.1
03W620,0306,75,798,FDP,2.5,2.4,2.8
03W621,0306,75,857,GRUENE,34.7,34.4,35.0
03W621,0306,75,857,LINKE,28.8,28.5,28.9
03W621,0306,75,857,Sonstige,10.8,10.7,11.0
03W621,0306,75,857,AFD,8.3,8.0,8.9
03W621,0306,75,857,CDU,8.3,8.1,8.5
03W621,0306,75,857,SPD,8.1,7.9,8.9
03W621,0306,75,857,FDP,2.6,2.5,2.9
03W622,0306,75,986,GRUENE,34.2,33.9,34.5
03W622,0306,75,986,LINKE,28.8,28.5,28.9
03W622,0306,75,986,AFD,11.2,10.8,11.6
03W622,0306,75,986,Sonstige,10.4,10.2,10.6
03W622,0306,75,986,CDU,8.8,8.6,9.1
03W622,0306,75,986,SPD,7.6,7.4,8.6
03W622,0306,75,986,FDP,3.0,2.9,3.1
03W623,0306,75,932,GRUENE,34.2,33.9,34.5
03W623,0306,75,932,LINKE,30.7,30.4,30.8
03W623,0306,75,932,AFD,9.8,9.3,10.3
03W623,0306,75,932,SPD,8.7,8.3,8.8
03W623,0306,75,932,Sonstige,8.4,8.2,8.6
03W623,0306,75,932,CDU,7.9,7.7,8.1
03W623,0306,75,932,FDP,3.1,3.0,3.3
03W624,0306,75,976,GRUENE,36.3,36.0,36.6
03W624,0306,75,976,LINKE,29.1,28.8,29.3
03W624,0306,75,976,Sonstige,10.3,10.2,10.5
03W624,0306,75,976,AFD,9.5,9.1,9.9
03W624,0306,75,976,SPD,8.3,8.1,8.8
03W624,0306,75,976,CDU,7.4,7.2,7.7
03W624,0306,75,976,FDP,2.9,2.8,3.0
03W625,0306,75,737,GRUENE,33.6,33.3,33.9
03W625,0306,75,737,LINKE,31.6,31.2,31.7
03W625,0306,75,737,AFD,11.9,10.8,12.2
03W625,0306,75,737,Sonstige,10.8,10.7,11.0
03W625,0306,75,737,SPD,8.1,7.8,8.6
03W625,0306,75,737,CDU,7.1,6.8,7.3
03W625,0306,75,737,FDP,2.8,2.7,3.1
03W626,0306,75,776,LINKE,32.9,32.6,33.1
03W626,0306,75,776,GRUENE,32.2,31.9,32.5
03W626,0306,75,776,AFD,11.8,11.0,12.2
03W626,0306,75,776,Sonstige,9.5,9.3,9.7
03W626,0306,75,776,SPD,8.8,8.5,9.0
03W626,0306,75,776,CDU,6.7,6.4,6.9
03W626,0306,75,776,FDP,3.3,3.2,3.5
03W627,0306,75,786,LINKE,31.8,31.5,32.0
03W627,0306,75,786,GRUENE,30.8,30.5,31.1
03W627,0306,75,786,AFD,13.2,12.6,13.6
03W627,0306,75,786,Sonstige,11.9,11.7,12.1
03W627,0306,75,786,SPD,7.2,7.0,8.4
03W627,0306,75,786,CDU,7.0,6.7,7.2
03W627,0306,75,786,FDP,3.0,2.9,3.1
03W628,0306,75,946,LINKE,33.4,33.1,33.6
03W628,0306,75,946,GRUENE,32.9,32.5,33.2
03W628,0306,75,946,Sonstige,11.3,11.1,11.5
03W628,0306,75,946,AFD,10.8,10.4,11.2
03W628,0306,75,946,SPD,7.8,7.6,8.8
03W628,0306,75,946,CDU,5.7,5.5,5.9
03W628,0306,75,946,FDP,2.3,2.2,2.6
03W629,0306,75,1057,LINKE,31.7,31.4,31.8
03W629,0306,75,1057,GRUENE,31.4,31.1,31.6
03W629,0306,75,1057,AFD,12.4,11.9,12.8
03W629,0306,75,1057,Sonstige,11.7,11.5,11.8
03W629,0306,75,1057,CDU,7.9,7.7,8.1
03W629,0306,75,1057,SPD,6.4,6.2,7.9
03W629,0306,75,1057,FDP,2.6,2.5,2.7
03W630,0306,75,845,GRUENE,32.9,32.6,33.2
03W630,0306,75,845,LINKE,31.9,31.6,32.0
03W630,0306,75,845,Sonstige,11.2,11.0,11.3
03W630,0306,75,845,AFD,10.6,9.8,11.1
03W630,0306,75,845,CDU,7.3,7.1,7.5
03W630,0306,75,845,SPD,6.8,6.5,7.9
03W630,0306,75,845,FDP,2.7,2.6,2.9
03W631,0306,75,900,GRUENE,36.1,35.8,36.3
03W631,0306,75,900,LINKE,28.6,28.4,28.7
03W631,0306,75,900,Sonstige,10.9,10.8,11.1
03W631,0306,75,900,CDU,8.4,8.2,8.6
03W631,0306,75,900,AFD,8.4,7.9,8.8
03W631,0306,75,900,SPD,7.4,7.1,8.3
03W631,0306,75,900,FDP,2.7,2.6,2.9
03W632,0306,75,889,GRUENE,36.0,35.7,36.3
03W632,0306,75,889,LINKE,30.3,30.0,30.4
03W632,0306,75,889,AFD,9.3,8.8,9.7
03W632,0306,75,889,Sonstige,9.0,8.8,9.2
03W632,0306,75,889,CDU,8.7,8.4,8.9
03W632,0306,75,889,SPD,7.5,7.2,8.6
03W632,0306,75,889,FDP,2.7,2.7,2.9
03W633,0306,75,843,LINKE,32.7,32.3,32.8
03W633,0306,75,843,GRUENE,31.0,30.7,31.3
03W633,0306,75,843,AFD,12.3,12.0,12.8
03W633,0306,75,843,Sonstige,11.7,11.5,11.9
03W633,0306,75,843,SPD,7.2,6.9,8.6
03W633,0306,75,843,CDU,6.5,6.3,6.7
03W633,0306,75,843,FDP,2.9,2.8,3.0
03W634,0306,75,1060,GRUENE,35.0,34.8,35.3
03W634,0306,75,1060,LINKE,29.6,29.4,29.8
03W634,0306,75,1060,Sonstige,10.7,10.5,10.8
03W634,0306,75,1060,AFD,9.3,8.7,9.8
03W634,0306,75,1060,SPD,8.5,8.3,8.8
03W634,0306,75,1060,CDU,6.8,6.6,7.0
03W634,0306,75,1060,FDP,2.4,2.3,2.8
03W635,0306,75,822,GRUENE,39.1,38.7,39.3
03W635,0306,75,822,LINKE,27.3,27.0,27.4
03W635,0306,75,822,Sonstige,9.7,9.6,9.8
03W635,0306,75,822,SPD,8.7,8.4,8.8
03W635,0306,75,822,CDU,7.7,7.5,8.0
03W635,0306,75,822,AFD,5.9,5.4,6.3
03W635,0306,75,822,FDP,3.3,3.2,3.4
03W701,0307,75,898,LINKE,25.0,24.8,25.2
03W701,0307,75,898,AFD,21.1,20.1,21.4
03W701,0307,75,898,GRUENE,20.8,20.6,21.1
03W701,0307,75,898,Sonstige,13.7,13.5,13.8
03W701,0307,75,898,CDU,12.3,12.2,12.5
03W701,0307,75,898,SPD,8.4,7.7,8.6
03W701,0307,75,898,FDP,1.8,1.7,2.3
03W702,0307,75,702,GRUENE,26.4,26.3,26.6
03W702,0307,75,702,LINKE,23.6,23.4,23.7
03W702,0307,75,702,AFD,19.0,18.3,19.3
03W702,0307,75,702,CDU,12.1,12.0,12.3
03W702,0307,75,702,Sonstige,10.2,10.1,10.4
03W702,0307,75,702,SPD,9.9,8.9,10.2
03W702,0307,75,702,FDP,1.7,1.6,2.2
03W703,0307,75,786,GRUENE,25.3,25.1,25.6
03W703,0307,75,786,LINKE,25.3,25.1,25.4
03W703,0307,75,786,AFD,19.1,18.4,19.4
03W703,0307,75,786,CDU,12.0,11.9,12.2
03W703,0307,75,786,Sonstige,10.8,10.6,10.9
03W703,0307,75,786,SPD,8.7,8.4,8.9
03W703,0307,75,786,FDP,1.9,1.8,2.4
03W704,0307,75,813,LINKE,27.0,26.7,27.1
03W704,0307,75,813,GRUENE,23.5,23.3,23.7
03W704,0307,75,813,AFD,19.7,19.1,20.1
03W704,0307,75,813,Sonstige,12.2,12.1,12.4
03W704,0307,75,813,CDU,11.2,11.1,11.4
03W704,0307,75,813,SPD,7.9,7.6,8.1
03W704,0307,75,813,FDP,2.0,1.9,2.4
03W705,0307,75,892,LINKE,25.3,25.0,25.4
03W705,0307,75,892,AFD,21.9,21.4,22.3
03W705,0307,75,892,GRUENE,21.2,21.0,21.4
03W705,0307,75,892,CDU,12.7,12.5,12.9
03W705,0307,75,892,Sonstige,12.3,12.2,12.4
03W705,0307,75,892,SPD,8.2,7.9,8.4
03W705,0307,75,892,FDP,1.9,1.9,2.4
03W706,0307,75,954,LINKE,28.7,28.3,28.8
03W706,0307,75,954,AFD,25.9,25.6,26.6
03W706,0307,75,954,GRUENE,15.5,15.2,15.7
03W706,0307,75,954,Sonstige,13.3,13.1,13.5
03W706,0307,75,954,CDU,12.8,12.6,13.0
03W706,0307,75,954,SPD,7.2,7.0,8.5
03W706,0307,75,954,FDP,1.8,1.7,2.1
03W707,0307,75,1113,LINKE,30.1,29.9,30.2
03W707,0307,75,1113,GRUENE,26.4,26.2,26.6
03W707,0307,75,1113,AFD,17.0,16.3,17.3
03W707,0307,75,1113,Sonstige,11.9,11.7,11.9
03W707,0307,75,1113,CDU,11.5,11.3,11.7
03W707,0307,75,1113,SPD,7.0,6.7,7.7
03W707,0307,75,1113,FDP,2.0,2.0,2.3
03W708,0307,75,780,GRUENE,28.9,28.6,29.1
03W708,0307,75,780,LINKE,24.7,24.5,24.8
03W708,0307,75,780,AFD,16.5,16.0,16.9
03W708,0307,75,780,Sonstige,11.0,10.9,11.1
03W708,0307,75,780,SPD,10.7,9.1,10.9
03W708,0307,75,780,CDU,10.2,10.1,10.4
03W708,0307,75,780,FDP,2.0,1.9,2.5
03W709,0307,75,881,LINKE,25.0,24.7,25.1
03W709,0307,75,881,GRUENE,24.6,24.4,24.8
03W709,0307,75,881,AFD,21.6,21.0,22.0
03W709,0307,75,881,CDU,12.2,12.0,12.4
03W709,0307,75,881,Sonstige,10.6,10.4,10.7
03W709,0307,75,881,SPD,8.9,8.1,9.1
03W709,0307,75,881,FDP,2.3,2.2,2.7
03W710,0307,75,762,GRUENE,36.3,36.0,36.5
03W710,0307,75,762,LINKE,29.5,29.2,29.6
03W710,0307,75,762,Sonstige,10.7,10.5,10.8
03W710,0307,75,762,AFD,10.1,8.9,10.3
03W710,0307,75,762,CDU,8.7,8.4,8.9
03W710,0307,75,762,SPD,7.6,7.3,7.8
03W710,0307,75,762,FDP,2.2,2.1,2.4
03W711,0307,75,912,LINKE,30.0,29.7,30.1
03W711,0307,75,912,GRUENE,26.2,26.0,26.4
03W711,0307,75,912,AFD,16.7,16.3,17.2
03W711,0307,75,912,Sonstige,13.2,13.0,13.3
03W711,0307,75,912,SPD,9.4,9.2,9.7
03W711,0307,75,912,CDU,8.8,8.6,9.0
03W711,0307,75,912,FDP,1.8,1.8,2.1
03W712,0307,75,935,LINKE,28.9,28.6,29.1
03W712,0307,75,935,GRUENE,24.4,24.1,24.6
03W712,0307,75,935,AFD,18.0,17.4,18.4
03W712,0307,75,935,Sonstige,14.2,14.1,14.3
03W712,0307,75,935,CDU,10.0,9.8,10.2
03W712,0307,75,935,SPD,7.9,7.7,9.0
03W712,0307,75,935,FDP,1.8,1.8,2.1
03W713,0307,75,788,LINKE,32.1,31.8,32.3
03W713,0307,75,788,GRUENE,30.2,29.9,30.5
03W713,0307,75,788,AFD,11.0,10.5,11.4
03W713,0307,75,788,Sonstige,10.9,10.7,11.1
03W713,0307,75,788,SPD,9.2,8.9,10.0
03W713,0307,75,788,CDU,7.4,7.2,7.6
03W713,0307,75,788,FDP,2.3,2.2,2.4
03W714,0307,75,785,GRUENE,32.5,32.2,32.8
03W714,0307,75,785,LINKE,29.4,29.1,29.6
03W714,0307,75,785,AFD,13.0,12.6,13.4
03W714,0307,75,785,Sonstige,10.7,10.6,10.8
03W714,0307,75,785,CDU,9.3,9.1,9.5
03W714,0307,75,785,SPD,8.1,7.9,8.5
03W714,0307,75,785,FDP,2.0,1.9,2.2
03W715,0307,82,1008,LINKE,27.2,26.9,27.3
03W715,0307,82,1008,AFD,20.3,19.8,20.9
03W715,0307,82,1008,GRUENE,19.2,19.0,19.4
03W715,0307,82,1008,Sonstige,14.0,13.8,14.2
03W715,0307,82,1008,CDU,11.6,11.5,11.8
03W715,0307,82,1008,SPD,8.3,8.0,8.9
03W715,0307,82,1008,FDP,1.7,1.6,2.1
03W716,0307,75,872,GRUENE,27.1,26.8,27.3
03W716,0307,75,872,LINKE,23.5,23.3,23.6
03W716,0307,75,872,AFD,18.0,17.3,18.3
03W716,0307,75,872,CDU,11.6,11.5,11.8
03W716,0307,75,872,Sonstige,11.3,11.2,11.4
03W716,0307,75,872,SPD,9.9,9.2,10.2
03W716,0307,75,872,FDP,2.8,2.7,3.0
03W717,0307,82,734,LINKE,29.4,29.1,29.5
03W717,0307,82,734,AFD,24.1,23.5,24.6
03W717,0307,82,734,GRUENE,15.7,15.5,15.9
03W717,0307,82,734,Sonstige,14.0,13.8,14.2
03W717,0307,82,734,CDU,12.2,12.1,12.5
03W717,0307,82,734,SPD,6.9,6.6,8.8
03W717,0307,82,734,FDP,1.7,1.7,1.9
03W718,0307,75,921,LINKE,30.5,30.2,30.7
03W718,0307,75,921,GRUENE,27.6,27.4,27.8
03W718,0307,75,921,AFD,15.6,14.5,15.9
03W718,0307,75,921,Sonstige,11.1,10.9,11.2
03W718,0307,75,921,CDU,9.8,9.6,10.0
03W718,0307,75,921,SPD,9.1,8.7,9.3
03W718,0307,75,921,FDP,2.3,2.2,2.4
03W719,0307,75,1014,LINKE,27.9,27.6,28.0
03W719,0307,75,1014,AFD,22.8,22.0,23.1
03W719,0307,75,1014,GRUENE,20.8,20.5,21.0
03W719,0307,75,1014,Sonstige,13.0,12.8,13.1
03W719,0307,75,1014,CDU,12.3,12.1,12.5
03W719,0307,75,1014,SPD,6.7,6.6,7.8
03W719,0307,75,1014,FDP,1.9,1.9,2.2
03W720,0307,75,739,GRUENE,22.0,21.8,22.2
03W720,0307,75,739,LINKE,21.6,21.4,21.7
03W720,0307,75,739,AFD,21.1,20.3,21.5
03W720,0307,75,739,CDU,14.1,14.0,14.3
03W720,0307,75,739,Sonstige,12.3,12.1,12.5
03W720,0307,75,739,SPD,9.6,8.6,9.9
03W720,0307,75,739,FDP,2.4,2.3,2.8
03W721,0307,75,951,LINKE,30.3,30.0,30.5
03W721,0307,75,951,GRUENE,30.1,29.7,30.3
03W721,0307,75,951,AFD,13.5,13.0,13.8
03W721,0307,75,951,Sonstige,13.1,12.9,13.2
03W721,0307,75,951,CDU,8.2,8.0,8.4
03W721,0307,75,951,SPD,6.9,6.7,8.4
03W721,0307,75,951,FDP,2.1,2.1,2.3
03W722,0307,75,1021,GRUENE,33.8,33.6,34.0
03W722,0307,75,1021,LINKE,28.6,28.3,28.7
03W722,0307,75,1021,Sonstige,11.7,11.5,11.7
03W722,0307,75,1021,AFD,11.4,10.4,11.6
03W722,0307,75,1021,SPD,10.1,8.6,10.3
03W722,0307,75,1021,CDU,6.9,6.7,7.1
03W722,0307,75,1021,FDP,2.3,2.2,2.6
03W723,0307,82,769,LINKE,30.0,29.7,30.2
03W723,0307,82,769,AFD,22.9,22.4,23.5
03W723,0307,82,769,GRUENE,18.1,17.9,18.3
03W723,0307,82,769,Sonstige,13.6,13.5,13.8
03W723,0307,82,769,CDU,10.6,10.5,10.9
03W723,0307,82,769,SPD,7.7,7.4,8.9
03W723,0307,82,769,FDP,1.5,1.4,1.9
03W724,0307,82,711,LINKE,31.4,31.1,31.5
03W724,0307,82,711,AFD,23.4,22.9,24.0
03W724,0307,82,711,GRUENE,14.6,14.4,14.9
03W724,0307,82,711,Sonstige,14.2,14.0,14.3
03W724,0307,82,711,CDU,12.0,11.9,12.3
03W724,0307,82,711,SPD,6.5,6.3,8.9
03W724,0307,82,711,FDP,1.4,1.3,1.6
03W725,0307,75,858,LINKE,29.2,28.9,29.3
03W725,0307,75,858,GRUENE,23.1,22.8,23.3
03W725,0307,75,858,AFD,20.7,20.1,21.2
03W725,0307,75,858,Sonstige,13.4,13.3,13.6
03W725,0307,75,858,CDU,11.0,10.8,11.2
03W725,0307,75,858,SPD,6.4,6.2,7.3
03W725,0307,75,858,FDP,1.7,1.6,2.2
03W726,0307,82,947,LINKE,29.3,29.1,29.4
03W726,0307,82,947,AFD,22.6,22.1,23.1
03W726,0307,82,947,GRUENE,17.3,17.1,17.5
03W726,0307,82,947,Sonstige,13.5,13.4,13.7
03W726,0307,82,947,CDU,12.3,12.2,12.5
03W726,0307,82,947,SPD,6.8,6.5,8.6
03W726,0307,82,947,FDP,1.5,1.4,1.8
03W727,0307,82,992,LINKE,32.8,32.5,32.9
03W727,0307,82,992,GRUENE,23.3,23.1,23.5
03W727,0307,82,992,AFD,18.1,17.7,18.6
03W727,0307,82,992,Sonstige,10.7,10.5,10.8
03W727,0307,82,992,CDU,10.5,10.4,10.7
03W727,0307,82,992,SPD,6.1,5.8,8.0
03W727,0307,82,992,FDP,1.5,1.4,1.8
03W728,0307,82,774,LINKE,29.7,29.5,29.8
03W728,0307,82,774,GRUENE,22.9,22.7,23.1
03W728,0307,82,774,AFD,16.8,16.3,17.3
03W728,0307,82,774,Sonstige,13.1,12.9,13.2
03W728,0307,82,774,CDU,10.3,10.2,10.5
03W728,0307,82,774,SPD,7.2,6.8,8.8
03W728,0307,82,774,FDP,2.2,2.1,2.3
03W729,0307,75,965,GRUENE,33.2,32.9,33.4
03W729,0307,75,965,LINKE,28.9,28.7,29.0
03W729,0307,75,965,AFD,10.7,9.4,10.9
03W729,0307,75,965,Sonstige,10.3,10.2,10.5
03W729,0307,75,965,CDU,9.8,9.6,10.0
03W729,0307,75,965,SPD,8.7,8.2,9.0
03W729,0307,75,965,FDP,2.7,2.6,2.9
03W730,0307,82,740,LINKE,32.4,32.0,32.5
03W730,0307,82,740,GRUENE,23.8,23.6,24.1
03W730,0307,82,740,AFD,15.5,14.8,16.0
03W730,0307,82,740,Sonstige,12.0,11.8,12.1
03W730,0307,82,740,CDU,10.0,9.9,10.3
03W730,0307,82,740,SPD,8.0,7.6,8.7
03W730,0307,82,740,FDP,2.1,2.0,2.4
03W731,0307,75,656,LINKE,31.2,30.9,31.3
03W731,0307,75,656,GRUENE,28.9,28.5,29.1
03W731,0307,75,656,AFD,13.3,12.8,13.8
03W731,0307,75,656,Sonstige,10.6,10.4,10.8
03W731,0307,75,656,CDU,10.4,10.2,10.7
03W731,0307,75,656,SPD,7.1,6.8,8.9
03W731,0307,75,656,FDP,2.6,2.5,2.7
03W732,0307,82,898,LINKE,32.0,31.7,32.1
03W732,0307,82,898,GRUENE,24.1,23.9,24.4
03W732,0307,82,898,AFD,15.2,14.3,15.6
03W732,0307,82,898,Sonstige,12.9,12.7,13.0
03W732,0307,82,898,CDU,9.3,9.2,9.5
03W732,0307,82,898,SPD,7.4,7.0,8.3
03W732,0307,82,898,FDP,2.0,2.0,2.3
03W733,0307,82,1091,LINKE,30.9,30.6,31.0
03W733,0307,82,1091,GRUENE,26.2,26.0,26.4
03W733,0307,82,1091,AFD,14.3,13.8,14.8
03W733,0307,82,1091,Sonstige,11.8,11.7,12.0
03W733,0307,82,1091,CDU,9.7,9.5,9.9
03W733,0307,82,1091,SPD,7.3,6.9,8.3
03W733,0307,82,1091,FDP,2.4,2.3,2.5
03W734,0307,82,919,LINKE,28.9,28.7,29.0
03W734,0307,82,919,GRUENE,28.7,28.4,28.9
03W734,0307,82,919,AFD,12.5,12.0,13.0
03W734,0307,82,919,Sonstige,11.7,11.5,11.8
03W734,0307,82,919,CDU,9.5,9.3,9.7
03W734,0307,82,919,SPD,7.4,7.1,8.2
03W734,0307,82,919,FDP,2.6,2.5,2.8
03W801,0308,82,1020,LINKE,28.7,28.4,28.8
03W801,0308,82,1020,AFD,26.8,26.4,27.9
03W801,0308,82,1020,CDU,14.2,14.0,14.5
03W801,0308,82,1020,Sonstige,13.7,13.5,13.9
03W801,0308,82,1020,GRUENE,9.6,9.3,9.9
03W801,0308,82,1020,SPD,6.8,6.4,9.5
03W801,0308,82,1020,FDP,1.8,1.7,2.1
03W802,0308,82,825,LINKE,27.1,26.9,27.3
03W802,0308,82,825,AFD,21.7,20.9,22.1
03W802,0308,82,825,GRUENE,18.2,18.0,18.5
03W802,0308,82,825,CDU,13.0,12.9,13.2
03W802,0308,82,825,Sonstige,12.5,12.4,12.7
03W802,0308,82,825,SPD,7.7,7.4,9.2
03W802,0308,82,825,FDP,2.4,2.3,2.6
03W803,0308,75,974,GRUENE,33.9,33.6,34.1
03W803,0308,75,974,LINKE,30.9,30.7,31.0
03W803,0308,75,974,AFD,9.9,9.2,10.2
03W803,0308,75,974,Sonstige,9.1,8.9,9.2
03W803,0308,75,974,SPD,8.6,8.4,9.1
03W803,0308,75,974,CDU,7.7,7.5,7.9
03W803,0308,75,974,FDP,2.6,2.6,2.9
03W804,0308,75,903,LINKE,31.8,31.5,31.9
03W804,0308,75,903,GRUENE,30.7,30.4,31.0
03W804,0308,75,903,AFD,10.6,9.5,10.9
03W804,0308,75,903,Sonstige,10.1,9.9,10.3
03W804,0308,75,903,SPD,9.4,9.1,10.4
03W804,0308,75,903,CDU,8.3,8.0,8.4
03W804,0308,75,903,FDP,2.8,2.7,2.9
03W805,0308,75,858,LINKE,31.9,31.6,32.1
03W805,0308,75,858,GRUENE,30.2,29.9,30.5
03W805,0308,75,858,AFD,12.6,11.3,12.9
03W805,0308,75,858,CDU,10.1,9.9,10.3
03W805,0308,75,858,Sonstige,9.3,9.1,9.5
03W805,0308,75,858,SPD,7.7,7.4,8.8
03W805,0308,75,858,FDP,2.8,2.7,3.0
03W806,0308,75,714,GRUENE,32.2,31.8,32.5
03W806,0308,75,714,LINKE,30.9,30.6,31.1
03W806,0308,75,714,AFD,10.7,10.1,11.1
03W806,0308,75,714,Sonstige,9.2,9.0,9.4
03W806,0308,75,714,CDU,9.1,8.9,9.3
03W806,0308,75,714,SPD,7.8,7.6,9.3
03W806,0308,75,714,FDP,3.0,2.9,3.2
03W807,0308,75,914,LINKE,30.0,29.6,30.1
03W807,0308,75,914,GRUENE,29.3,29.0,29.5
03W807,0308,75,914,AFD,12.3,11.6,12.7
03W807,0308,75,914,CDU,11.3,11.1,11.6
03W807,0308,75,914,Sonstige,9.6,9.4,9.7
03W807,0308,75,914,SPD,9.0,8.8,10.1
03W807,0308,75,914,FDP,3.1,3.1,3.2
03W808,0308,82,860,GRUENE,31.3,31.1,31.6
03W808,0308,82,860,LINKE,27.4,27.2,27.5
03W808,0308,82,860,Sonstige,11.0,10.8,11.1
03W808,0308,82,860,CDU,9.7,9.6,9.9
03W808,0308,82,860,AFD,8.5,8.1,9.0
03W808,0308,82,860,SPD,7.6,7.2,9.0
03W808,0308,82,860,FDP,2.5,2.4,3.0
03W809,0308,75,744,GRUENE,32.8,32.4,33.1
03W809,0308,75,744,LINKE,27.2,26.9,27.4
03W809,0308,75,744,AFD,11.8,10.9,12.1
03W809,0308,75,744,Sonstige,10.5,10.4,10.6
03W809,0308,75,744,CDU,9.5,9.3,9.7
03W809,0308,75,744,SPD,8.4,8.1,9.3
03W809,0308,75,744,FDP,2.6,2.5,2.9
03W810,0308,75,656,GRUENE,34.6,34.3,34.8
03W810,0308,75,656,LINKE,27.8,27.6,28.0
03W810,0308,75,656,AFD,11.5,10.8,11.8
03W810,0308,75,656,Sonstige,10.8,10.6,10.9
03W810,0308,75,656,CDU,8.2,8.0,8.3
03W810,0308,75,656,SPD,8.1,7.9,9.1
03W810,0308,75,656,FDP,2.7,2.7,2.9
03W811,0308,75,960,GRUENE,36.0,35.6,36.3
03W811,0308,75,960,LINKE,29.9,29.6,30.0
03W811,0308,75,960,Sonstige,11.1,10.9,11.2
03W811,0308,75,960,AFD,8.5,7.8,8.9
03W811,0308,75,960,SPD,8.0,7.7,9.1
03W811,0308,75,960,CDU,6.3,6.0,6.5
03W811,0308,75,960,FDP,3.3,3.2,3.4
03W812,0308,82,1032,GRUENE,34.9,34.6,35.2
03W812,0308,82,1032,LINKE,28.3,28.0,28.4
03W812,0308,82,1032,CDU,9.6,9.4,9.8
03W812,0308,82,1032,Sonstige,8.7,8.5,8.8
03W812,0308,82,1032,SPD,7.6,7.3,8.7
03W812,0308,82,1032,AFD,7.4,6.8,7.8
03W812,0308,82,1032,FDP,3.4,3.4,3.6
03W813,0308,75,948,LINKE,31.1,30.8,31.2
03W813,0308,75,948,GRUENE,30.9,30.6,31.2
03W813,0308,75,948,AFD,12.7,12.1,13.1
03W813,0308,75,948,Sonstige,12.7,12.6,12.8
03W813,0308,75,948,CDU,7.5,7.3,7.7
03W813,0308,75,948,SPD,7.0,6.8,8.4
03W813,0308,75,948,FDP,2.5,2.5,2.7
03W814,0308,75,886,GRUENE,34.6,34.3,34.9
03W814,0308,75,886,LINKE,32.6,32.2,32.7
03W814,0308,75,886,Sonstige,11.5,11.4,11.6
03W814,0308,75,886,AFD,10.7,9.4,11.0
03W814,0308,75,886,SPD,7.0,6.7,7.9
03W814,0308,75,886,CDU,6.9,6.6,7.1
03W814,0308,75,886,FDP,2.4,2.4,2.7
03W815,0308,82,862,GRUENE,34.7,34.4,35.0
03W815,0308,82,862,LINKE,33.0,32.7,33.0
03W815,0308,82,862,Sonstige,10.7,10.6,10.8
03W815,0308,82,862,AFD,7.9,7.2,8.3
03W815,0308,82,862,CDU,7.0,6.7,7.3
03W815,0308,82,862,SPD,5.4,5.0,7.7
03W815,0308,82,862,FDP,2.9,2.8,3.0
03W816,0308,82,764,GRUENE,33.2,32.8,33.5
03W816,0308,82,764,LINKE,29.5,29.2,29.7
03W816,0308,82,764,Sonstige,11.4,11.2,11.6
03W816,0308,82,764,CDU,9.8,9.6,10.0
03W816,0308,82,764,AFD,9.4,8.9,9.8
03W816,0308,82,764,SPD,6.1,5.8,9.0
03W816,0308,82,764,FDP,2.7,2.6,2.8
03W817,0308,75,1004,LINKE,30.7,30.3,30.8
03W817,0308,75,1004,GRUENE,29.5,29.2,29.7
03W817,0308,75,1004,AFD,13.5,12.6,13.8
03W817,0308,75,1004,Sonstige,12.3,12.2,12.5
03W817,0308,75,1004,CDU,8.9,8.7,9.1
03W817,0308,75,1004,SPD,7.1,6.8,8.7
03W817,0308,75,1004,FDP,2.2,2.2,2.5
03W818,0308,75,897,GRUENE,31.1,30.8,31.4
03W818,0308,75,897,LINKE,29.9,29.5,30.0
03W818,0308,75,897,AFD,12.8,11.9,13.1
03W818,0308,75,897,Sonstige,10.4,10.2,10.6
03W818,0308,75,897,SPD,9.5,9.3,10.0
03W818,0308,75,897,CDU,8.3,8.2,8.5
03W818,0308,75,897,FDP,2.9,2.9,3.1
03W819,0308,82,880,GRUENE,33.9,33.6,34.3
03W819,0308,82,880,LINKE,28.6,28.3,28.7
03W819,0308,82,880,AFD,10.3,9.6,10.6
03W819,0308,82,880,Sonstige,10.0,9.8,10.2
03W819,0308,82,880,CDU,9.2,9.0,9.4
03W819,0308,82,880,SPD,6.4,6.1,8.4
03W819,0308,82,880,FDP,2.9,2.8,3.1
03W820,0308,82,930,GRUENE,35.8,35.5,36.1
03W820,0308,82,930,LINKE,28.0,27.7,28.1
03W820,0308,82,930,Sonstige,10.5,10.4,10.6
03W820,0308,82,930,CDU,9.8,9.6,10.1
03W820,0308,82,930,AFD,7.4,7.0,7.8
03W820,0308,82,930,SPD,6.0,5.7,8.2
03W820,0308,82,930,FDP,2.9,2.9,3.1
03W821,0308,82,1027,GRUENE,33.4,33.1,33.7
03W821,0308,82,1027,LINKE,25.4,25.1,25.5
03W821,0308,82,1027,CDU,11.0,10.9,11.2
03W821,0308,82,1027,Sonstige,10.2,10.0,10.4
03W821,0308,82,1027,AFD,7.8,7.4,8.3
03W821,0308,82,1027,SPD,7.2,6.9,9.0
03W821,0308,82,1027,FDP,3.3,3.3,3.5
03W822,0308,75,874,GRUENE,29.2,28.9,29.5
03W822,0308,75,874,LINKE,27.1,26.8,27.3
03W822,0308,75,874,CDU,13.2,13.0,13.4
03W822,0308,75,874,AFD,12.5,11.4,12.9
03W822,0308,75,874,Sonstige,11.7,11.5,11.8
03W822,0308,75,874,SPD,7.4,7.2,9.0
03W822,0308,75,874,FDP,2.8,2.8,3.0
03W823,0308,75,939,GRUENE,33.7,33.3,34.0
03W823,0308,75,939,LINKE,32.2,31.9,32.3
03W823,0308,75,939,Sonstige,11.1,10.9,11.3
03W823,0308,75,939,AFD,9.7,9.1,10.1
03W823,0308,75,939,CDU,7.8,7.5,8.0
03W823,0308,75,939,SPD,6.6,6.4,8.3
03W823,0308,75,939,FDP,2.7,2.7,2.9
03W824,0308,82,790,GRUENE,36.9,36.6,37.2
03W824,0308,82,790,LINKE,30.5,30.2,30.6
03W824,0308,82,790,Sonstige,10.1,9.9,10.2
03W824,0308,82,790,AFD,7.3,6.3,7.6
03W824,0308,82,790,SPD,7.2,6.9,8.3
03W824,0308,82,790,CDU,6.2,5.9,6.4
03W824,0308,82,790,FDP,2.9,2.9,3.2
03W825,0308,82,892,GRUENE,33.0,32.7,33.3
03W825,0308,82,892,LINKE,27.4,27.1,27.6
03W825,0308,82,892,Sonstige,11.1,10.9,11.2
03W825,0308,82,892,CDU,10.2,10.0,10.5
03W825,0308,82,892,AFD,8.5,8.0,8.9
03W825,0308,82,892,SPD,6.7,6.4,8.5
03W825,0308,82,892,FDP,3.4,3.3,3.5
03W826,0308,75,1055,GRUENE,28.5,28.2,28.9
03W826,0308,75,1055,LINKE,26.8,26.5,27.0
03W826,0308,75,1055,CDU,13.9,13.7,14.1
03W826,0308,75,1055,Sonstige,11.2,11.0,11.4
03W826,0308,75,1055,AFD,10.6,10.1,11.0
03W826,0308,75,1055,SPD,7.2,6.9,9.1
03W826,0308,75,1055,FDP,2.8,2.7,3.1
03W827,0308,82,846,GRUENE,38.1,37.8,38.4
03W827,0308,82,846,LINKE,24.9,24.6,25.0
03W827,0308,82,846,Sonstige,9.7,9.6,9.8
03W827,0308,82,846,CDU,9.5,9.3,9.7
03W827,0308,82,846,SPD,7.9,7.6,8.9
03W827,0308,82,846,AFD,5.2,4.7,5.6
03W827,0308,82,846,FDP,3.5,3.4,3.6
03W828,0308,75,889,GRUENE,33.0,32.6,33.4
03W828,0308,75,889,LINKE,31.1,30.8,31.2
03W828,0308,75,889,Sonstige,9.9,9.7,10.0
03W828,0308,75,889,CDU,9.6,9.4,9.9
03W828,0308,75,889,AFD,8.6,7.9,9.0
03W828,0308,75,889,SPD,7.0,6.7,8.3
03W828,0308,75,889,FDP,3.5,3.4,3.7
03W829,0308,75,886,GRUENE,32.4,32.1,32.7
03W829,0308,75,886,LINKE,31.8,31.5,31.9
03W829,0308,75,886,Sonstige,10.3,10.2,10.5
03W829,0308,75,886,AFD,9.5,8.7,9.9
03W829,0308,75,886,CDU,8.7,8.5,9.0
03W829,0308,75,886,SPD,7.0,6.7,8.2
03W829,0308,75,886,FDP,2.9,2.8,3.1
03W830,0308,82,897,GRUENE,34.9,34.5,35.2
03W830,0308,82,897,LINKE,28.4,28.1,28.5
03W830,0308,82,897,Sonstige,10.8,10.7,11.0
03W830,0308,82,897,CDU,9.6,9.3,9.8
03W830,0308,82,897,AFD,7.6,6.9,7.9
03W830,0308,82,897,SPD,5.9,5.6,7.8
03W830,0308,82,897,FDP,3.5,3.4,3.6
03W831,0308,75,929,GRUENE,31.1,30.8,31.4
03W831,0308,75,929,LINKE,24.0,23.7,24.2
03W831,0308,75,929,CDU,13.6,13.5,13.8
03W831,0308,75,929,Sonstige,11.0,10.7,11.1
03W831,0308,75,929,AFD,9.7,8.1,10.0
03W831,0308,75,929,SPD,8.3,7.8,8.5
03W831,0308,75,929,FDP,3.0,3.0,3.5
03W832,0308,82,1078,LINKE,28.3,27.9,28.4
03W832,0308,82,1078,AFD,18.2,17.7,18.7
03W832,0308,82,1078,GRUENE,15.0,14.8,15.3
03W832,0308,82,1078,CDU,14.0,13.9,14.3
03W832,0308,82,1078,Sonstige,12.2,12.1,12.4
03W832,0308,82,1078,SPD,10.6,10.3,11.8
03W832,0308,82,1078,FDP,2.1,2.1,2.4
03W901,0309,75,951,LINKE,28.1,27.8,28.2
03W901,0309,75,951,GRUENE,24.3,24.1,24.4
03W901,0309,75,951,AFD,17.2,16.7,17.6
03W901,0309,75,951,Sonstige,11.5,11.4,11.7
03W901,0309,75,951,CDU,11.3,11.2,11.5
03W901,0309,75,951,SPD,8.6,8.4,9.2
03W901,0309,75,951,FDP,2.3,2.2,2.6
03W902,0309,75,855,GRUENE,25.9,25.7,26.1
03W902,0309,75,855,LINKE,24.2,24.0,24.4
03W902,0309,75,855,AFD,15.0,14.2,15.3
03W902,0309,75,855,CDU,12.7,12.6,12.9
03W902,0309,75,855,Sonstige,12.0,11.9,12.2
03W902,0309,75,855,SPD,8.9,8.7,9.3
03W902,0309,75,855,FDP,2.7,2.7,2.9
03W903,0309,75,797,LINKE,27.5,27.2,27.6
03W903,0309,75,797,AFD,22.4,22.0,22.9
03W903,0309,75,797,GRUENE,15.9,15.8,16.1
03W903,0309,75,797,CDU,13.7,13.5,13.9
03W903,0309,75,797,Sonstige,11.3,11.2,11.5
03W903,0309,75,797,SPD,9.1,8.8,10.1
03W903,0309,75,797,FDP,2.4,2.3,2.8
03W904,0309,75,830,LINKE,27.2,26.9,27.3
03W904,0309,75,830,GRUENE,22.1,21.8,22.2
03W904,0309,75,830,AFD,18.6,18.3,19.5
03W904,0309,75,830,CDU,11.6,11.4,11.8
03W904,0309,75,830,Sonstige,11.3,11.2,11.5
03W904,0309,75,830,SPD,8.8,8.6,9.3
03W904,0309,75,830,FDP,2.5,2.5,2.8
03W905,0309,75,832,AFD,30.3,29.9,31.4
03W905,0309,75,832,LINKE,23.3,23.0,23.4
03W905,0309,75,832,CDU,16.7,16.5,17.0
03W905,0309,75,832,Sonstige,11.8,11.7,12.0
03W905,0309,75,832,SPD,11.8,11.6,12.1
03W905,0309,75,832,GRUENE,6.1,6.0,6.4
03W905,0309,75,832,FDP,2.5,2.4,2.8
03W906,0309,75,792,GRUENE,27.5,27.1,27.8
03W906,0309,75,792,LINKE,21.6,21.4,21.8
03W906,0309,75,792,AFD,14.9,14.4,15.3
03W906,0309,75,792,CDU,13.0,12.8,13.3
03W906,0309,75,792,Sonstige,11.4,11.2,11.5
03W906,0309,75,792,SPD,8.7,8.5,9.3
03W906,0309,75,792,FDP,3.1,3.0,3.3
03W907,0309,75,775,GRUENE,25.1,24.8,25.3
03W907,0309,75,775,LINKE,22.1,21.9,22.2
03W907,0309,75,775,AFD,16.1,15.5,16.4
03W907,0309,75,775,CDU,14.8,14.6,15.0
03W907,0309,75,775,Sonstige,11.0,10.9,11.2
03W907,0309,75,775,SPD,8.8,8.6,9.0
03W907,0309,75,775,FDP,3.2,3.1,3.5
03W908,0309,75,747,GRUENE,28.8,28.5,29.0
03W908,0309,75,747,LINKE,23.3,23.1,23.5
03W908,0309,75,747,AFD,15.3,14.9,15.8
03W908,0309,75,747,Sonstige,11.3,11.2,11.5
03W908,0309,75,747,CDU,10.7,10.6,10.9
03W908,0309,75,747,SPD,9.5,9.1,9.8
03W908,0309,75,747,FDP,2.8,2.7,3.1
03W909,0309,82,889,LINKE,25.1,24.4,25.7
03W909,0309,82,889,AFD,21.3,20.2,22.2
03W909,0309,82,889,SPD,21.1,19.4,21.4
03W909,0309,82,889,CDU,16.5,16.0,16.9
03W909,0309,82,889,Sonstige,9.8,9.4,10.2
03W909,0309,82,889,GRUENE,3.3,2.9,3.9
03W909,0309,82,889,FDP,2.2,2.1,2.4
03W910,0309,82,930,LINKE,25.4,25.2,25.6
03W910,0309,82,930,AFD,22.6,21.9,23.3
03W910,0309,82,930,CDU,17.2,17.0,17.5
03W910,0309,82,930,Sonstige,11.6,11.5,11.7
03W910,0309,82,930,SPD,10.8,10.5,12.6
03W910,0309,82,930,GRUENE,9.6,9.4,9.8
03W910,0309,82,930,FDP,2.5,2.4,2.6
03W911,0309,82,1085,AFD,26.7,26.1,27.9
03W911,0309,82,1085,LINKE,24.4,24.0,24.5
03W911,0309,82,1085,CDU,19.1,19.0,19.4
03W911,0309,82,1085,SPD,10.4,10.2,12.2
03W911,0309,82,1085,Sonstige,10.2,10.1,10.4
03W911,0309,82,1085,GRUENE,4.7,4.5,5.0
03W911,0309,82,1085,FDP,2.2,2.1,2.5
03W912,0309,82,677,AFD,28.1,27.5,29.3
03W912,0309,82,677,LINKE,24.5,24.3,24.6
03W912,0309,82,677,CDU,17.9,17.7,18.2
03W912,0309,82,677,Sonstige,12.4,12.3,12.7
03W912,0309,82,677,SPD,10.4,10.1,11.9
03W912,0309,82,677,GRUENE,7.4,7.2,7.7
03W912,0309,82,677,FDP,1.2,1.1,1.6
03W913,0309,82,1045,AFD,29.7,29.2,30.8
03W913,0309,82,1045,LINKE,22.3,22.0,22.4
03W913,0309,82,1045,CDU,20.1,19.9,20.4
03W913,0309,82,1045,Sonstige,13.5,13.3,13.7
03W913,0309,82,1045,SPD,8.0,7.7,10.4
03W913,0309,82,1045,GRUENE,4.6,4.4,4.9
03W913,0309,82,1045,FDP,1.8,1.8,2.2
03W914,0309,82,1089,LINKE,29.8,29.5,29.9
03W914,0309,82,1089,AFD,22.2,21.8,23.0
03W914,0309,82,1089,GRUENE,16.7,16.5,16.8
03W914,0309,82,1089,Sonstige,14.0,13.9,14.1
03W914,0309,82,1089,CDU,9.5,9.3,9.7
03W914,0309,82,1089,SPD,6.9,6.6,8.9
03W914,0309,82,1089,FDP,1.7,1.7,2.0
03W915,0309,82,1063,AFD,30.3,29.8,31.8
03W915,0309,82,1063,LINKE,21.1,20.7,21.3
03W915,0309,82,1063,CDU,18.3,18.1,18.6
03W915,0309,82,1063,Sonstige,13.3,13.2,13.5
03W915,0309,82,1063,SPD,8.7,8.4,10.5
03W915,0309,82,1063,GRUENE,5.0,4.8,5.3
03W915,0309,82,1063,FDP,1.7,1.6,2.1
03W916,0309,82,982,AFD,22.7,22.3,24.5
03W916,0309,82,982,CDU,21.0,20.9,21.4
03W916,0309,82,982,LINKE,20.5,20.1,20.6
03W916,0309,82,982,Sonstige,11.4,11.3,11.6
03W916,0309,82,982,GRUENE,11.4,11.2,11.6
03W916,0309,82,982,SPD,8.0,7.8,10.3
03W916,0309,82,982,FDP,2.4,2.3,2.6
03W917,0309,82,831,LINKE,28.6,28.3,28.8
03W917,0309,82,831,GRUENE,22.3,22.1,22.5
03W917,0309,82,831,AFD,16.6,16.1,17.2
03W917,0309,82,831,CDU,12.5,12.4,12.8
03W917,0309,82,831,Sonstige,12.1,12.0,12.2
03W917,0309,82,831,SPD,5.5,5.1,8.0
03W917,0309,82,831,FDP,2.8,2.7,2.9
03W918,0309,82,689,AFD,26.1,25.6,27.4
03W918,0309,82,689,LINKE,24.8,24.6,24.9
03W918,0309,82,689,CDU,17.8,17.7,18.2
03W918,0309,82,689,Sonstige,11.9,11.8,12.0
03W918,0309,82,689,GRUENE,9.6,9.4,9.8
03W918,0309,82,689,SPD,8.7,8.4,11.2
03W918,0309,82,689,FDP,1.7,1.7,1.9
03W919,0309,82,761,AFD,30.7,29.9,31.3
03W919,0309,82,761,LINKE,28.2,27.8,28.4
03W919,0309,82,761,CDU,14.4,14.3,14.7
03W919,0309,82,761,Sonstige,11.8,11.7,12.0
03W919,0309,82,761,SPD,8.9,8.5,10.3
03W919,0309,82,761,GRUENE,8.3,8.1,8.6
03W919,0309,82,761,FDP,1.6,1.5,1.8
03W920,0309,82,673,LINKE,32.7,32.4,32.9
03W920,0309,82,673,GRUENE,30.5,30.2,30.7
03W920,0309,82,673,Sonstige,12.9,12.7,13.1
03W920,0309,82,673,AFD,10.7,9.9,11.2
03W920,0309,82,673,CDU,7.6,7.3,7.8
03W920,0309,82,673,SPD,4.3,4.0,7.2
03W920,0309,82,673,FDP,2.1,2.0,2.2
03W921,0309,82,696,LINKE,30.6,30.2,30.9
03W921,0309,82,696,AFD,22.2,21.5,23.0
03W921,0309,82,696,GRUENE,18.7,18.4,19.0
03W921,0309,82,696,Sonstige,11.8,11.7,12.0
03W921,0309,82,696,CDU,11.4,11.2,11.6
03W921,0309,82,696,SPD,6.7,6.3,8.5
03W921,0309,82,696,FDP,1.8,1.7,1.9
03W922,0309,82,917,GRUENE,30.7,30.5,31.0
03W922,0309,82,917,LINKE,29.3,29.1,29.6
03W922,0309,82,917,Sonstige,12.7,12.5,12.9
03W922,0309,82,917,AFD,11.1,10.3,11.5
03W922,0309,82,917,CDU,8.4,8.2,8.6
03W922,0309,82,917,SPD,5.9,5.6,7.6
03W922,0309,82,917,FDP,2.5,2.4,2.6
03W923,0309,82,673,GRUENE,31.5,31.1,31.7
03W923,0309,82,673,LINKE,27.1,26.9,27.3
03W923,0309,82,673,Sonstige,12.6,12.5,12.7
03W923,0309,82,673,AFD,10.0,9.3,10.5
03W923,0309,82,673,CDU,8.8,8.6,9.0
03W923,0309,82,673,SPD,6.6,6.4,8.2
03W923,0309,82,673,FDP,2.9,2.8,3.0
03W924,0309,82,717,LINKE,28.5,28.2,28.6
03W924,0309,82,717,GRUENE,23.4,23.2,23.6
03W924,0309,82,717,AFD,16.6,15.8,17.1
03W924,0309,82,717,Sonstige,13.0,12.9,13.2
03W924,0309,82,717,CDU,10.3,10.2,10.6
03W924,0309,82,717,SPD,6.4,6.1,8.1
03W924,0309,82,717,FDP,2.6,2.6,2.8
03W925,0309,82,741,GRUENE,35.0,34.6,35.3
03W925,0309,82,741,LINKE,27.7,27.5,28.0
03W925,0309,82,741,Sonstige,11.0,10.8,11.2
03W925,0309,82,741,CDU,9.6,9.4,9.8
03W925,0309,82,741,SPD,6.6,6.3,8.4
03W925,0309,82,741,AFD,6.3,5.7,6.8
03W925,0309,82,741,FDP,2.9,2.8,3.1
03W926,0309,82,870,LINKE,30.8,30.5,30.9
03W926,0309,82,870,GRUENE,25.4,25.1,25.6
03W926,0309,82,870,AFD,14.5,14.0,15.1
03W926,0309,82,870,Sonstige,13.6,13.4,13.7
03W926,0309,82,870,CDU,8.0,7.8,8.2
03W926,0309,82,870,SPD,5.7,5.4,7.9
03W926,0309,82,870,FDP,2.4,2.3,2.5
03W927,0309,82,1048,GRUENE,35.5,35.1,35.8
03W927,0309,82,1048,LINKE,26.7,26.4,26.8
03W927,0309,82,1048,Sonstige,10.6,10.5,10.9
03W927,0309,82,1048,CDU,8.7,8.5,8.9
03W927,0309,82,1048,AFD,7.7,7.2,8.2
03W927,0309,82,1048,SPD,7.6,7.3,8.8
03W927,0309,82,1048,FDP,3.3,3.1,3.4
03W928,0309,82,835,LINKE,27.7,27.5,27.9
03W928,0309,82,835,GRUENE,23.4,23.1,23.6
03W928,0309,82,835,AFD,16.4,15.9,17.0
03W928,0309,82,835,CDU,11.5,11.3,11.7
03W928,0309,82,835,Sonstige,10.3,10.2,10.4
03W928,0309,82,835,SPD,8.8,8.5,10.4
03W928,0309,82,835,FDP,2.1,2.0,2.2
03W929,0309,82,1057,GRUENE,31.6,31.3,31.9
03W929,0309,82,1057,LINKE,27.1,26.8,27.2
03W929,0309,82,1057,Sonstige,10.6,10.5,10.7
03W929,0309,82,1057,SPD,9.0,8.7,10.3
03W929,0309,82,1057,CDU,8.8,8.7,9.0
03W929,0309,82,1057,AFD,8.1,7.5,8.5
03W929,0309,82,1057,FDP,3.1,2.9,3.2
03W930,0309,82,755,LINKE,30.2,29.9,30.3
03W930,0309,82,755,GRUENE,23.0,22.9,23.2
03W930,0309,82,755,AFD,16.8,16.4,17.7
03W930,0309,82,755,Sonstige,12.2,12.1,12.3
03W930,0309,82,755,CDU,9.8,9.7,10.1
03W930,0309,82,755,SPD,6.8,6.5,8.6
03W930,0309,82,755,FDP,1.9,1.8,2.1
03W931,0309,82,1054,GRUENE,34.6,34.2,34.8
03W931,0309,82,1054,LINKE,26.2,26.0,26.4
03W931,0309,82,1054,Sonstige,10.5,10.4,10.7
03W931,0309,82,1054,AFD,8.5,8.0,9.0
03W931,0309,82,1054,SPD,8.2,7.9,9.0
03W931,0309,82,1054,CDU,7.5,7.3,7.7
03W931,0309,82,1054,FDP,3.1,3.0,3.3
03W932,0309,82,697,GRUENE,33.4,33.0,33.8
03W932,0309,82,697,LINKE,22.4,22.2,22.6
03W932,0309,82,697,CDU,12.5,12.4,12.7
03W932,0309,82,697,Sonstige,11.7,11.5,11.9
03W932,0309,82,697,SPD,7.3,7.0,8.8
03W932,0309,82,697,AFD,5.9,5.3,6.6
03W932,0309,82,697,FDP,3.4,3.3,3.6
03W933,0309,82,719,GRUENE,30.8,30.4,31.1
03W933,0309,82,719,LINKE,27.0,26.7,27.2
03W933,0309,82,719,SPD,10.7,10.4,11.6
03W933,0309,82,719,Sonstige,9.5,9.4,9.8
03W933,0309,82,719,CDU,9.1,8.9,9.3
03W933,0309,82,719,AFD,8.2,7.6,8.8
03W933,0309,82,719,FDP,3.1,3.0,3.2
03W934,0309,82,647,GRUENE,30.7,30.4,31.0
03W934,0309,82,647,LINKE,27.6,27.3,27.7
03W934,0309,82,647,SPD,10.3,10.0,11.0
03W934,0309,82,647,Sonstige,10.2,10.0,10.3
03W934,0309,82,647,CDU,8.5,8.3,8.7
03W934,0309,82,647,AFD,8.4,7.9,9.1
03W934,0309,82,647,FDP,2.9,2.8,3.0
03W935,0309,82,725,LINKE,30.6,30.4,30.8
03W935,0309,82,725,GRUENE,24.4,24.2,24.6
03W935,0309,82,725,AFD,15.5,15.0,16.1
03W935,0309,82,725,Sonstige,11.8,11.6,11.9
03W935,0309,82,725,CDU,8.6,8.5,8.8
03W935,0309,82,725,SPD,6.3,6.0,8.3
03W935,0309,82,725,FDP,1.9,1.8,2.2
03W936,0309,82,756,GRUENE,32.8,32.5,33.1
03W936,0309,82,756,LINKE,23.3,23.1,23.5
03W936,0309,82,756,Sonstige,11.8,11.6,12.1
03W936,0309,82,756,CDU,11.2,11.1,11.4
03W936,0309,82,756,SPD,8.7,8.3,9.1
03W936,0309,82,756,AFD,7.3,6.7,7.8
03W936,0309,82,756,FDP,3.2,3.1,3.3
03W937,0309,82,769,LINKE,31.2,30.9,31.3
03W937,0309,82,769,GRUENE,25.3,25.0,25.5
03W937,0309,82,769,AFD,16.1,15.6,17.0
03W937,0309,82,769,Sonstige,11.6,11.5,11.7
03W937,0309,82,769,CDU,7.5,7.3,7.7
03W937,0309,82,769,SPD,7.3,7.0,9.0
03W937,0309,82,769,FDP,2.0,2.0,2.2
03W938,0309,82,923,GRUENE,27.4,27.2,27.6
03W938,0309,82,923,LINKE,21.6,21.4,21.7
03W938,0309,82,923,CDU,15.2,15.1,15.4
03W938,0309,82,923,SPD,12.9,12.5,13.2
03W938,0309,82,923,Sonstige,7.8,7.6,8.1
03W938,0309,82,923,AFD,7.0,6.5,7.7
03W938,0309,82,923,FDP,3.6,3.5,3.6
03W939,0309,82,961,GRUENE,28.5,28.1,28.8
03W939,0309,82,961,LINKE,20.1,19.8,20.3
03W939,0309,82,961,CDU,16.3,16.2,16.6
03W939,0309,82,961,SPD,11.7,11.4,12.7
03W939,0309,82,961,AFD,8.2,7.5,8.8
03W939,0309,82,961,Sonstige,7.4,7.2,7.6
03W939,0309,82,961,FDP,4.1,3.8,4.2
04W101,0401,77,1114,AFD,27.6,26.9,28.1
04W101,0401,77,1114,CDU,20.7,20.5,21.1
04W101,0401,77,1114,LINKE,14.7,14.3,14.8
04W101,0401,77,1114,Sonstige,13.3,13.1,13.4
04W101,0401,77,1114,SPD,11.9,11.2,12.1
04W101,0401,77,1114,GRUENE,11.7,11.6,11.9
04W101,0401,77,1114,FDP,3.1,3.0,3.2
04W102,0401,77,1127,AFD,26.0,25.4,26.5
04W102,0401,77,1127,CDU,18.9,18.7,19.3
04W102,0401,77,1127,SPD,15.4,13.5,15.7
04W102,0401,77,1127,LINKE,14.2,13.9,14.4
04W102,0401,77,1127,GRUENE,12.8,12.7,13.0
04W102,0401,77,1127,Sonstige,11.4,11.2,11.6
04W102,0401,77,1127,FDP,2.9,2.8,3.1
04W103,0401,77,781,AFD,26.7,25.9,27.1
04W103,0401,77,781,CDU,25.2,25.1,25.6
04W103,0401,77,781,LINKE,16.3,15.8,16.5
04W103,0401,77,781,SPD,12.2,11.3,12.4
04W103,0401,77,781,GRUENE,10.1,9.9,10.3
04W103,0401,77,781,Sonstige,9.8,9.7,9.9
04W103,0401,77,781,FDP,2.9,2.9,3.2
04W104,0401,77,1032,AFD,28.5,27.6,28.9
04W104,0401,77,1032,CDU,24.6,24.5,25.1
04W104,0401,77,1032,LINKE,15.3,14.6,15.7
04W104,0401,77,1032,SPD,13.1,11.5,13.3
04W104,0401,77,1032,Sonstige,12.6,12.4,12.8
04W104,0401,77,1032,GRUENE,6.2,5.9,6.6
04W104,0401,77,1032,FDP,2.7,2.6,2.8
04W105,0401,77,1118,AFD,27.4,26.7,27.9
04W105,0401,77,1118,CDU,22.3,22.1,22.8
04W105,0401,77,1118,LINKE,16.1,15.7,16.4
04W105,0401,77,1118,SPD,14.3,13.0,14.5
04W105,0401,77,1118,Sonstige,11.4,11.4,11.6
04W105,0401,77,1118,GRUENE,9.1,8.9,9.6
04W105,0401,77,1118,FDP,2.4,2.3,2.6
04W106,0401,77,990,AFD,25.2,24.3,25.7
04W106,0401,77,990,CDU,18.2,18.0,18.5
04W106,0401,77,990,LINKE,17.0,16.6,17.2
04W106,0401,77,990,SPD,13.9,12.7,14.1
04W106,0401,77,990,GRUENE,13.5,13.3,13.7
04W106,0401,77,990,Sonstige,11.4,11.3,11.6
04W106,0401,77,990,FDP,2.8,2.8,2.9
04W107,0401,77,1155,AFD,29.9,29.4,30.7
04W107,0401,77,1155,CDU,28.3,28.1,28.8
04W107,0401,77,1155,LINKE,14.0,13.3,14.3
04W107,0401,77,1155,SPD,12.3,11.4,12.5
04W107,0401,77,1155,Sonstige,9.3,9.2,9.5
04W107,0401,77,1155,GRUENE,5.0,4.8,5.3
04W107,0401,77,1155,FDP,3.3,3.3,3.5
04W108,0401,77,459,AFD,25.7,24.9,26.1
04W108,0401,77,459,CDU,25.6,25.5,26.0
04W108,0401,77,459,LINKE,15.7,15.2,16.0
04W108,0401,77,459,SPD,14.5,12.9,14.7
04W108,0401,77,459,Sonstige,10.1,10.0,10.2
04W108,0401,77,459,GRUENE,8.7,8.5,9.1
04W108,0401,77,459,FDP,2.4,2.3,2.7
04W109,0401,77,1061,AFD,29.8,29.2,30.4
04W109,0401,77,1061,CDU,24.7,24.5,25.1
04W109,0401,77,1061,LINKE,15.4,14.7,15.8
04W109,0401,77,1061,Sonstige,11.6,11.5,11.8
04W109,0401,77,1061,SPD,11.4,10.0,11.6
04W109,0401,77,1061,GRUENE,7.9,7.7,8.2
04W109,0401,77,1061,FDP,2.5,2.4,2.8
04W110,0401,77,1151,AFD,26.3,25.6,26.7
04W110,0401,77,1151,CDU,24.7,24.6,25.1
04W110,0401,77,1151,SPD,16.3,14.3,16.6
04W110,0401,77,1151,LINKE,13.8,13.2,14.1
04W110,0401,77,1151,Sonstige,9.3,9.2,9.4
04W110,0401,77,1151,GRUENE,8.1,8.0,8.4
04W110,0401,77,1151,FDP,2.8,2.7,3.0
04W111,0401,77,981,AFD,27.6,26.9,28.1
04W111,0401,77,981,CDU,26.9,26.8,27.4
04W111,0401,77,981,LINKE,13.8,13.2,14.2
04W111,0401,77,981,SPD,12.7,11.3,13.0
04W111,0401,77,981,Sonstige,10.8,10.7,10.9
04W111,0401,77,981,GRUENE,6.4,6.2,6.8
04W111,0401,77,981,FDP,3.0,3.0,3.3
04W112,0401,77,1258,AFD,20.7,20.1,21.1
04W112,0401,77,1258,LINKE,20.2,19.9,20.3
04W112,0401,77,1258,GRUENE,17.5,17.3,17.8
04W112,0401,77,1258,CDU,14.9,14.8,15.1
04W112,0401,77,1258,SPD,14.4,12.7,14.6
04W112,0401,77,1258,Sonstige,11.7,11.6,11.8
04W112,0401,77,1258,FDP,2.8,2.7,3.0
04W113,0401,77,1166,GRUENE,20.7,20.5,21.0
04W113,0401,77,1166,LINKE,20.4,20.1,20.5
04W113,0401,77,1166,AFD,18.5,17.3,18.8
04W113,0401,77,1166,CDU,16.1,16.0,16.4
04W113,0401,77,1166,SPD,13.2,11.3,13.3
04W113,0401,77,1166,Sonstige,11.1,11.0,11.2
04W113,0401,77,1166,FDP,3.1,3.0,3.3
04W114,0401,77,1151,GRUENE,22.3,22.2,22.5
04W114,0401,77,1151,LINKE,19.6,19.4,19.8
04W114,0401,77,1151,AFD,17.7,17.1,18.2
04W114,0401,77,1151,CDU,14.9,14.8,15.2
04W114,0401,77,1151,Sonstige,12.2,12.1,12.3
04W114,0401,77,1151,SPD,12.1,11.0,12.3
04W114,0401,77,1151,FDP,2.8,2.7,2.9
04W115,0401,77,1126,GRUENE,25.2,25.1,25.4
04W115,0401,77,1126,LINKE,23.6,23.4,23.8
04W115,0401,77,1126,AFD,17.3,16.1,17.6
04W115,0401,77,1126,CDU,12.3,12.2,12.5
04W115,0401,77,1126,SPD,11.9,10.4,12.0
04W115,0401,77,1126,Sonstige,11.1,10.9,11.2
04W115,0401,77,1126,FDP,2.6,2.5,2.9
04W116,0401,77,1244,GRUENE,26.7,26.6,26.9
04W116,0401,77,1244,LINKE,18.5,18.2,18.7
04W116,0401,77,1244,AFD,15.0,14.3,15.4
04W116,0401,77,1244,CDU,14.1,14.0,14.4
04W116,0401,77,1244,SPD,12.7,10.8,12.8
04W116,0401,77,1244,Sonstige,10.5,10.4,10.7
04W116,0401,77,1244,FDP,3.0,2.9,3.4
04W117,0401,77,1047,AFD,19.3,18.1,19.7
04W117,0401,77,1047,CDU,18.4,18.3,18.7
04W117,0401,77,1047,GRUENE,16.7,16.4,17.0
04W117,0401,77,1047,LINKE,16.0,15.6,16.3
04W117,0401,77,1047,SPD,14.7,12.2,14.9
04W117,0401,77,1047,Sonstige,10.8,10.7,10.9
04W117,0401,77,1047,FDP,3.5,3.4,3.8
04W118,0401,77,1155,GRUENE,25.5,25.4,25.8
04W118,0401,77,1155,LINKE,19.1,18.9,19.3
04W118,0401,77,1155,AFD,17.4,16.2,17.8
04W118,0401,77,1155,CDU,14.2,14.1,14.4
04W118,0401,77,1155,SPD,13.9,11.7,14.1
04W118,0401,77,1155,Sonstige,9.7,9.6,9.9
04W118,0401,77,1155,FDP,2.3,2.2,2.7
04W119,0401,77,1199,LINKE,26.4,26.0,26.6
04W119,0401,77,1199,GRUENE,22.7,22.5,22.9
04W119,0401,77,1199,AFD,16.5,15.4,16.9
04W119,0401,77,1199,SPD,13.2,11.4,13.4
04W119,0401,77,1199,CDU,12.0,11.9,12.2
04W119,0401,77,1199,Sonstige,9.7,9.6,9.8
04W119,0401,77,1199,FDP,2.9,2.8,3.1
04W201,0402,79,921,CDU,26.6,26.5,27.1
04W201,0402,79,921,GRUENE,19.4,19.2,19.5
04W201,0402,79,921,AFD,16.2,15.8,16.9
04W201,0402,79,921,SPD,13.7,13.1,14.0
04W201,0402,79,921,LINKE,8.9,8.6,9.0
04W201,0402,79,921,Sonstige,7.3,7.2,7.5
04W201,0402,79,921,FDP,4.2,4.0,4.3
04W202,0402,79,1078,CDU,25.6,25.5,26.1
04W202,0402,79,1078,AFD,18.3,18.0,19.4
04W202,0402,79,1078,GRUENE,15.7,15.5,15.9
04W202,0402,79,1078,SPD,13.6,13.4,14.0
04W202,0402,79,1078,LINKE,13.4,13.2,13.5
04W202,0402,79,1078,Sonstige,7.9,7.7,8.1
04W202,0402,79,1078,FDP,4.4,4.1,4.6
04W203,0402,79,987,CDU,26.3,26.2,26.7
04W203,0402,79,987,AFD,20.1,19.1,20.4
04W203,0402,79,987,GRUENE,16.2,16.0,16.4
04W203,0402,79,987,LINKE,13.1,12.6,13.3
04W203,0402,79,987,SPD,11.7,11.0,12.0
04W203,0402,79,987,Sonstige,6.9,6.8,7.1
04W203,0402,79,987,FDP,5.2,5.1,5.4
04W204,0402,79,1266,CDU,29.3,29.1,29.8
04W204,0402,79,1266,AFD,19.6,19.2,20.3
04W204,0402,79,1266,SPD,13.9,13.5,14.3
04W204,0402,79,1266,LINKE,13.0,12.8,13.2
04W204,0402,79,1266,GRUENE,10.7,10.5,11.0
04W204,0402,79,1266,Sonstige,7.7,7.5,7.9
04W204,0402,79,1266,FDP,3.5,3.4,3.7
04W205,0402,79,1102,CDU,26.7,26.6,27.2
04W205,0402,79,1102,AFD,17.0,16.5,17.4
04W205,0402,79,1102,GRUENE,16.4,16.3,16.6
04W205,0402,79,1102,SPD,12.9,12.3,13.2
04W205,0402,79,1102,LINKE,11.7,11.3,11.9
04W205,0402,79,1102,Sonstige,7.3,7.2,7.5
04W205,0402,79,1102,FDP,5.6,5.2,5.7
04W206,0402,79,1155,CDU,26.3,26.1,26.7
04W206,0402,79,1155,AFD,19.8,19.6,20.9
04W206,0402,79,1155,LINKE,13.9,13.5,14.0
04W206,0402,79,1155,GRUENE,12.3,12.2,12.5
04W206,0402,79,1155,SPD,11.6,11.3,12.6
04W206,0402,79,1155,Sonstige,8.9,8.8,9.0
04W206,0402,79,1155,FDP,3.7,3.6,3.9
04W207,0402,79,1111,CDU,21.9,21.8,22.3
04W207,0402,79,1111,AFD,19.9,19.6,20.4
04W207,0402,79,1111,LINKE,16.6,16.3,16.7
04W207,0402,79,1111,GRUENE,15.7,15.6,15.9
04W207,0402,79,1111,SPD,11.3,11.0,11.7
04W207,0402,79,1111,Sonstige,10.6,10.5,10.7
04W207,0402,79,1111,FDP,3.9,3.8,4.1
04W208,0402,79,1087,GRUENE,25.0,24.8,25.3
04W208,0402,79,1087,LINKE,18.0,17.8,18.2
04W208,0402,79,1087,CDU,14.8,14.7,15.1
04W208,0402,79,1087,AFD,14.2,13.3,14.6
04W208,0402,79,1087,Sonstige,11.7,11.5,11.9
04W208,0402,79,1087,SPD,11.0,10.7,11.3
04W208,0402,79,1087,FDP,2.8,2.7,2.9
04W209,0402,79,979,CDU,22.9,22.8,23.2
04W209,0402,79,979,GRUENE,20.8,20.6,21.0
04W209,0402,79,979,AFD,15.1,14.7,15.6
04W209,0402,79,979,LINKE,13.2,13.0,13.4
04W209,0402,79,979,SPD,12.7,11.9,13.0
04W209,0402,79,979,Sonstige,9.2,9.1,9.3
04W209,0402,79,979,FDP,3.6,3.6,3.8
04W210,0402,79,1158,CDU,29.8,29.6,30.2
04W210,0402,79,1158,AFD,17.7,17.4,18.6
04W210,0402,79,1158,GRUENE,15.2,15.1,15.5
04W210,0402,79,1158,LINKE,12.5,12.3,12.7
04W210,0402,79,1158,SPD,12.5,12.2,13.3
04W210,0402,79,1158,Sonstige,6.7,6.6,6.9
04W210,0402,79,1158,FDP,3.6,3.5,3.8
04W211,0402,79,1103,CDU,27.7,27.6,28.2
04W211,0402,79,1103,AFD,15.7,15.4,16.6
04W211,0402,79,1103,GRUENE,15.7,15.5,15.8
04W211,0402,79,1103,SPD,15.0,13.8,15.3
04W211,0402,79,1103,LINKE,10.3,10.0,10.4
04W211,0402,79,1103,Sonstige,6.9,6.8,7.1
04W211,0402,79,1103,FDP,5.4,5.1,5.5
04W212,0402,79,1210,CDU,26.0,25.8,26.4
04W212,0402,79,1210,GRUENE,16.6,16.4,16.7
04W212,0402,79,1210,AFD,16.1,15.7,16.9
04W212,0402,79,1210,SPD,15.5,14.4,15.8
04W212,0402,79,1210,LINKE,10.8,10.6,10.9
04W212,0402,79,1210,Sonstige,7.0,6.8,7.1
04W212,0402,79,1210,FDP,4.5,4.4,4.6
04W213,0402,79,1078,CDU,30.1,30.0,30.6
04W213,0402,79,1078,GRUENE,17.9,17.7,18.1
04W213,0402,79,1078,AFD,14.9,14.5,15.6
04W213,0402,79,1078,SPD,11.2,10.9,11.6
04W213,0402,79,1078,LINKE,8.8,8.4,9.0
04W213,0402,79,1078,Sonstige,7.4,7.2,7.6
04W213,0402,79,1078,FDP,5.8,5.6,5.9
04W214,0402,79,1087,CDU,21.7,21.6,22.1
04W214,0402,79,1087,GRUENE,18.6,18.3,18.7
04W214,0402,79,1087,AFD,17.1,16.7,17.7
04W214,0402,79,1087,LINKE,15.4,15.2,15.5
04W214,0402,79,1087,SPD,12.4,12.1,12.9
04W214,0402,79,1087,Sonstige,9.0,8.8,9.1
04W214,0402,79,1087,FDP,4.7,4.3,4.9
04W215,0402,79,1260,GRUENE,23.0,22.8,23.3
04W215,0402,79,1260,LINKE,19.5,19.2,19.7
04W215,0402,79,1260,AFD,15.9,15.5,16.5
04W215,0402,79,1260,CDU,13.8,13.7,14.0
04W215,0402,79,1260,SPD,13.8,12.1,14.1
04W215,0402,79,1260,Sonstige,11.3,11.2,11.5
04W215,0402,79,1260,FDP,2.4,2.3,2.6
04W216,0402,79,1286,CDU,27.9,27.7,28.3
04W216,0402,79,1286,GRUENE,17.3,17.1,17.5
04W216,0402,79,1286,AFD,15.4,14.9,15.8
04W216,0402,79,1286,SPD,13.1,12.8,13.6
04W216,0402,79,1286,LINKE,11.4,11.2,11.6
04W216,0402,79,1286,Sonstige,7.4,7.2,7.5
04W216,0402,79,1286,FDP,4.9,4.7,5.1
04W217,0402,79,1244,CDU,24.1,23.9,24.4
04W217,0402,79,1244,GRUENE,20.7,20.6,20.9
04W217,0402,79,1244,AFD,14.4,13.8,14.7
04W217,0402,79,1244,SPD,13.9,13.2,14.3
04W217,0402,79,1244,LINKE,12.6,12.4,12.8
04W217,0402,79,1244,Sonstige,7.9,7.8,8.1
04W217,0402,79,1244,FDP,4.9,4.7,5.1
04W218,0402,79,1230,CDU,28.1,27.9,28.5
04W218,0402,79,1230,GRUENE,16.3,16.2,16.5
04W218,0402,79,1230,AFD,16.1,15.5,16.3
04W218,0402,79,1230,LINKE,14.1,13.9,14.3
04W218,0402,79,1230,SPD,12.2,11.8,12.5
04W218,0402,79,1230,Sonstige,7.7,7.5,7.9
04W218,0402,79,1230,FDP,4.5,4.4,4.6
04W219,0402,79,1285,CDU,24.4,24.3,24.8
04W219,0402,79,1285,AFD,16.6,16.2,17.0
04W219,0402,79,1285,SPD,15.2,13.7,15.5
04W219,0402,79,1285,GRUENE,14.7,14.5,14.9
04W219,0402,79,1285,LINKE,13.0,12.6,13.2
04W219,0402,79,1285,Sonstige,8.0,7.8,8.1
04W219,0402,79,1285,FDP,5.2,4.9,5.3
04W220,0402,79,973,CDU,24.0,23.8,24.3
04W220,0402,79,973,GRUENE,21.6,21.5,21.8
04W220,0402,79,973,LINKE,14.4,14.0,14.6
04W220,0402,79,973,SPD,14.2,12.4,14.5
04W220,0402,79,973,AFD,12.1,11.3,12.5
04W220,0402,79,973,FDP,5.9,5.7,6.0
04W220,0402,79,973,Sonstige,5.8,5.6,6.1
04W221,0402,79,1218,CDU,23.0,22.9,23.4
04W221,0402,79,1218,GRUENE,18.6,18.5,18.8
04W221,0402,79,1218,AFD,14.6,14.0,14.9
04W221,0402,79,1218,LINKE,13.8,13.6,13.9
04W221,0402,79,1218,SPD,13.1,12.2,13.5
04W221,0402,79,1218,Sonstige,10.1,10.0,10.3
04W221,0402,79,1218,FDP,4.8,4.6,4.9
04W222,0402,79,1215,GRUENE,23.1,23.0,23.4
04W222,0402,79,1215,CDU,19.0,18.9,19.3
04W222,0402,79,1215,AFD,15.7,14.7,16.1
04W222,0402,79,1215,LINKE,15.3,15.1,15.4
04W222,0402,79,1215,SPD,11.2,10.6,11.5
04W222,0402,79,1215,Sonstige,10.8,10.7,10.9
04W222,0402,79,1215,FDP,3.8,3.7,3.9
04W223,0402,79,1095,CDU,20.4,20.3,20.7
04W223,0402,79,1095,GRUENE,20.0,19.9,20.2
04W223,0402,79,1095,AFD,16.8,16.4,17.5
04W223,0402,79,1095,SPD,12.8,11.5,13.1
04W223,0402,79,1095,LINKE,12.6,12.3,12.8
04W223,0402,79,1095,Sonstige,10.8,10.7,10.9
04W223,0402,79,1095,FDP,4.1,4.0,4.2
04W224,0402,79,1058,CDU,25.9,25.8,26.3
04W224,0402,79,1058,GRUENE,23.9,23.6,24.2
04W224,0402,79,1058,SPD,14.3,12.6,14.6
04W224,0402,79,1058,LINKE,11.1,10.7,11.2
04W224,0402,79,1058,AFD,8.8,8.4,9.5
04W224,0402,79,1058,Sonstige,5.9,5.6,6.1
04W224,0402,79,1058,FDP,5.8,5.7,6.0
04W225,0402,79,1234,AFD,19.6,18.9,20.1
04W225,0402,79,1234,GRUENE,18.9,18.7,19.2
04W225,0402,79,1234,LINKE,18.3,17.9,18.4
04W225,0402,79,1234,SPD,14.9,13.3,15.3
04W225,0402,79,1234,CDU,14.6,14.4,14.9
04W225,0402,79,1234,Sonstige,11.1,10.9,11.3
04W225,0402,79,1234,FDP,2.8,2.7,3.0
04W226,0402,79,1269,CDU,23.3,23.2,23.7
04W226,0402,79,1269,GRUENE,17.7,17.5,17.8
04W226,0402,79,1269,SPD,15.2,14.4,15.5
04W226,0402,79,1269,AFD,13.9,13.5,14.4
04W226,0402,79,1269,LINKE,13.8,13.5,14.0
04W226,0402,79,1269,Sonstige,6.8,6.7,6.9
04W226,0402,79,1269,FDP,4.6,4.5,4.8
04W227,0402,79,1045,GRUENE,22.3,22.1,22.5
04W227,0402,79,1045,LINKE,21.9,21.5,22.0
04W227,0402,79,1045,AFD,15.4,15.1,16.0
04W227,0402,79,1045,CDU,13.8,13.7,14.0
04W227,0402,79,1045,Sonstige,11.4,11.3,11.7
04W227,0402,79,1045,SPD,11.1,10.7,11.7
04W227,0402,79,1045,FDP,2.4,2.4,2.7
04W301,0403,79,1270,LINKE,22.5,22.2,22.7
04W301,0403,79,1270,GRUENE,20.3,20.1,20.6
04W301,0403,79,1270,AFD,19.3,18.6,19.8
04W301,0403,79,1270,CDU,13.0,12.9,13.2
04W301,0403,79,1270,SPD,12.7,11.8,13.0
04W301,0403,79,1270,Sonstige,11.0,10.9,11.1
04W301,0403,79,1270,FDP,2.5,2.4,2.7
04W302,0403,79,1049,GRUENE,23.3,23.0,23.5
04W302,0403,79,1049,LINKE,19.1,18.8,19.2
04W302,0403,79,1049,CDU,15.8,15.7,16.0
04W302,0403,79,1049,AFD,14.2,13.5,14.7
04W302,0403,79,1049,SPD,13.1,12.2,13.4
04W302,0403,79,1049,Sonstige,10.3,10.2,10.4
04W302,0403,79,1049,FDP,3.3,3.2,3.5
04W303,0403,79,1157,GRUENE,25.9,25.8,26.2
04W303,0403,79,1157,CDU,19.5,19.4,19.8
04W303,0403,79,1157,LINKE,17.8,17.5,18.0
04W303,0403,79,1157,SPD,13.1,11.5,13.4
04W303,0403,79,1157,AFD,10.8,10.3,11.2
04W303,0403,79,1157,Sonstige,8.1,7.9,8.2
04W303,0403,79,1157,FDP,3.8,3.7,4.1
04W304,0403,79,1039,GRUENE,23.4,23.3,23.6
04W304,0403,79,1039,LINKE,19.4,19.1,19.5
04W304,0403,79,1039,CDU,18.0,17.9,18.3
04W304,0403,79,1039,AFD,14.8,13.7,15.2
04W304,0403,79,1039,SPD,12.1,11.2,12.3
04W304,0403,79,1039,Sonstige,8.7,8.6,8.8
04W304,0403,79,1039,FDP,3.5,3.5,3.8
04W305,0403,79,926,GRUENE,27.9,27.7,28.2
04W305,0403,79,926,LINKE,23.4,23.2,23.7
04W305,0403,79,926,SPD,13.7,12.9,14.1
04W305,0403,79,926,AFD,12.6,11.9,13.2
04W305,0403,79,926,CDU,11.9,11.7,12.1
04W305,0403,79,926,Sonstige,8.5,8.4,8.6
04W305,0403,79,926,FDP,2.5,2.5,2.7
04W306,0403,79,1038,GRUENE,29.9,29.7,30.2
04W306,0403,79,1038,LINKE,25.2,25.0,25.4
04W306,0403,79,1038,SPD,14.0,12.1,14.3
04W306,0403,79,1038,AFD,11.7,10.4,12.1
04W306,0403,79,1038,CDU,11.2,11.0,11.4
04W306,0403,79,1038,Sonstige,8.6,8.5,8.7
04W306,0403,79,1038,FDP,3.0,3.0,3.2
04W307,0403,79,1186,GRUENE,27.9,27.7,28.1
04W307,0403,79,1186,LINKE,19.7,19.5,19.8
04W307,0403,79,1186,CDU,15.0,14.8,15.2
04W307,0403,79,1186,AFD,13.8,13.1,14.2
04W307,0403,79,1186,SPD,11.7,11.2,12.0
04W307,0403,79,1186,Sonstige,10.4,10.3,10.5
04W307,0403,79,1186,FDP,3.1,3.1,3.2
04W308,0403,79,757,CDU,19.4,19.3,19.7
04W308,0403,79,757,GRUENE,17.0,16.8,17.2
04W308,0403,79,757,AFD,16.9,16.2,17.4
04W308,0403,79,757,LINKE,16.7,16.5,16.8
04W308,0403,79,757,SPD,14.1,13.8,14.4
04W308,0403,79,757,Sonstige,10.6,10.4,10.7
04W308,0403,79,757,FDP,4.1,4.0,4.3
04W309,0403,79,1162,CDU,20.6,20.5,20.9
04W309,0403,79,1162,LINKE,18.7,18.4,18.9
04W309,0403,79,1162,AFD,17.8,16.4,18.2
04W309,0403,79,1162,GRUENE,17.6,17.4,17.9
04W309,0403,79,1162,SPD,11.5,11.3,11.9
04W309,0403,79,1162,Sonstige,10.4,10.2,10.5
04W309,0403,79,1162,FDP,3.4,3.3,3.5
04W310,0403,79,1135,GRUENE,22.9,22.6,23.1
04W310,0403,79,1135,LINKE,22.1,21.8,22.1
04W310,0403,79,1135,CDU,16.5,16.4,16.8
04W310,0403,79,1135,AFD,14.8,13.8,15.2
04W310,0403,79,1135,SPD,13.2,12.6,13.5
04W310,0403,79,1135,Sonstige,7.6,7.4,7.7
04W310,0403,79,1135,FDP,3.4,3.4,3.6
04W311,0403,79,971,GRUENE,23.9,23.8,24.2
04W311,0403,79,971,CDU,17.4,17.3,17.7
04W311,0403,79,971,LINKE,16.2,16.0,16.4
04W311,0403,79,971,SPD,14.5,13.1,14.8
04W311,0403,79,971,AFD,13.1,11.5,13.5
04W311,0403,79,971,Sonstige,10.7,10.6,10.8
04W311,0403,79,971,FDP,3.8,3.7,3.9
04W312,0403,79,791,GRUENE,26.8,26.6,27.1
04W312,0403,79,791,LINKE,17.6,17.4,17.8
04W312,0403,79,791,SPD,14.6,13.0,14.8
04W312,0403,79,791,CDU,13.5,13.4,13.7
04W312,0403,79,791,AFD,12.4,11.7,12.8
04W312,0403,79,791,Sonstige,10.7,10.6,10.9
04W312,0403,79,791,FDP,2.3,2.2,2.8
04W313,0403,79,1175,GRUENE,25.1,24.9,25.3
04W313,0403,79,1175,CDU,18.6,18.5,18.9
04W313,0403,79,1175,LINKE,16.3,16.1,16.5
04W313,0403,79,1175,SPD,13.2,12.6,13.4
04W313,0403,79,1175,AFD,12.6,11.7,12.9
04W313,0403,79,1175,Sonstige,9.0,8.8,9.1
04W313,0403,79,1175,FDP,4.1,3.9,4.2
04W314,0403,79,1136,GRUENE,29.2,28.9,29.5
04W314,0403,79,1136,LINKE,21.8,21.6,21.9
04W314,0403,79,1136,CDU,13.8,13.7,14.1
04W314,0403,79,1136,SPD,13.5,12.2,13.8
04W314,0403,79,1136,AFD,9.9,8.3,10.3
04W314,0403,79,1136,Sonstige,7.8,7.7,8.0
04W314,0403,79,1136,FDP,3.4,3.3,3.6
04W315,0403,79,1114,GRUENE,29.0,28.7,29.2
04W315,0403,79,1114,LINKE,20.1,19.8,20.3
04W315,0403,79,1114,CDU,16.4,16.3,16.7
04W315,0403,79,1114,SPD,12.1,11.1,12.4
04W315,0403,79,1114,AFD,11.6,10.3,11.9
04W315,0403,79,1114,Sonstige,7.9,7.7,8.1
04W315,0403,79,1114,FDP,4.0,3.9,4.1
04W316,0403,79,1169,GRUENE,21.4,21.2,21.7
04W316,0403,79,1169,CDU,20.6,20.4,20.9
04W316,0403,79,1169,SPD,16.1,14.3,16.3
04W316,0403,79,1169,LINKE,14.7,14.3,14.9
04W316,0403,79,1169,AFD,11.2,10.4,11.6
04W316,0403,79,1169,Sonstige,6.9,6.7,7.0
04W316,0403,79,1169,FDP,5.3,5.1,5.4
04W317,0403,79,995,CDU,22.9,22.7,23.2
04W317,0403,79,995,GRUENE,22.0,21.8,22.3
04W317,0403,79,995,SPD,15.6,13.8,15.8
04W317,0403,79,995,LINKE,14.5,14.3,14.8
04W317,0403,79,995,AFD,12.2,11.5,12.7
04W317,0403,79,995,Sonstige,7.5,7.2,7.7
04W317,0403,79,995,FDP,4.6,4.4,4.7
04W318,0403,79,1115,GRUENE,28.9,28.6,29.2
04W318,0403,79,1115,LINKE,21.5,21.2,21.6
04W318,0403,79,1115,SPD,13.5,11.9,13.8
04W318,0403,79,1115,CDU,12.2,12.0,12.4
04W318,0403,79,1115,AFD,11.2,10.2,11.7
04W318,0403,79,1115,Sonstige,8.4,8.3,8.6
04W318,0403,79,1115,FDP,4.2,4.1,4.4
04W319,0403,79,905,GRUENE,30.7,30.4,30.9
04W319,0403,79,905,LINKE,20.9,20.7,21.1
04W319,0403,79,905,CDU,14.3,14.2,14.6
04W319,0403,79,905,SPD,13.8,12.8,14.0
04W319,0403,79,905,AFD,9.1,8.2,9.6
04W319,0403,79,905,Sonstige,6.3,6.2,6.4
04W319,0403,79,905,FDP,3.6,3.5,3.7
04W320,0403,79,1017,GRUENE,26.7,26.5,27.0
04W320,0403,79,1017,LINKE,23.3,23.0,23.4
04W320,0403,79,1017,CDU,14.2,14.1,14.5
04W320,0403,79,1017,SPD,12.5,11.0,12.7
04W320,0403,79,1017,AFD,12.3,10.4,12.7
04W320,0403,79,1017,Sonstige,8.0,7.9,8.2
04W320,0403,79,1017,FDP,3.7,3.6,4.0
04W321,0403,79,1105,GRUENE,25.1,24.9,25.4
04W321,0403,79,1105,CDU,17.1,17.0,17.4
04W321,0403,79,1105,LINKE,16.0,15.6,16.2
04W321,0403,79,1105,SPD,15.2,13.0,15.4
04W321,0403,79,1105,AFD,10.7,10.0,11.2
04W321,0403,79,1105,Sonstige,7.9,7.8,8.0
04W321,0403,79,1105,FDP,4.8,4.7,4.9
04W322,0403,79,1199,GRUENE,27.1,26.9,27.4
04W322,0403,79,1199,LINKE,17.8,17.5,17.9
04W322,0403,79,1199,CDU,16.6,16.4,16.9
04W322,0403,79,1199,SPD,13.8,12.4,14.0
04W322,0403,79,1199,AFD,12.1,10.8,12.4
04W322,0403,79,1199,Sonstige,8.4,8.2,8.5
04W322,0403,79,1199,FDP,4.2,4.1,4.3
04W323,0403,79,1108,GRUENE,23.3,23.1,23.7
04W323,0403,79,1108,CDU,19.8,19.7,20.1
04W323,0403,79,1108,SPD,15.2,12.6,15.5
04W323,0403,79,1108,LINKE,14.4,14.1,14.7
04W323,0403,79,1108,AFD,13.5,12.6,13.9
04W323,0403,79,1108,Sonstige,8.0,7.9,8.1
04W323,0403,79,1108,FDP,4.2,4.1,4.4
04W324,0403,79,1090,GRUENE,21.5,21.4,21.9
04W324,0403,79,1090,CDU,20.7,20.5,21.0
04W324,0403,79,1090,LINKE,15.9,15.6,16.2
04W324,0403,79,1090,SPD,14.9,13.6,15.1
04W324,0403,79,1090,AFD,12.6,11.9,13.0
04W324,0403,79,1090,Sonstige,7.9,7.7,8.0
04W324,0403,79,1090,FDP,4.1,3.9,4.2
04W325,0403,79,695,GRUENE,27.9,27.8,28.2
04W325,0403,79,695,LINKE,17.8,17.5,18.0
04W325,0403,79,695,CDU,14.6,14.5,14.9
04W325,0403,79,695,SPD,12.4,10.9,12.6
04W325,0403,79,695,AFD,12.0,10.8,12.5
04W325,0403,79,695,Sonstige,9.8,9.7,9.9
04W325,0403,79,695,FDP,4.0,3.9,4.1
04W326,0403,79,915,GRUENE,23.6,23.4,23.9
04W326,0403,79,915,LINKE,21.1,20.8,21.2
04W326,0403,79,915,CDU,16.7,16.6,17.0
04W326,0403,79,915,AFD,13.5,12.4,13.9
04W326,0403,79,915,SPD,11.2,10.9,11.5
04W326,0403,79,915,Sonstige,9.3,9.2,9.4
04W326,0403,79,915,FDP,3.6,3.5,3.8
04W327,0403,79,976,GRUENE,26.6,26.4,26.8
04W327,0403,79,976,LINKE,18.4,18.2,18.6
04W327,0403,79,976,CDU,15.3,15.3,15.6
04W327,0403,79,976,SPD,14.0,13.1,14.2
04W327,0403,79,976,AFD,13.0,12.2,13.4
04W327,0403,79,976,Sonstige,9.6,9.5,9.7
04W327,0403,79,976,FDP,2.4,2.3,2.8
04W328,0403,79,1102,LINKE,18.6,18.3,18.7
04W328,0403,79,1102,CDU,18.1,18.0,18.4
04W328,0403,79,1102,GRUENE,18.0,17.8,18.3
04W328,0403,79,1102,AFD,16.0,15.5,16.4
04W328,0403,79,1102,SPD,14.9,14.4,15.1
04W328,0403,79,1102,Sonstige,10.2,10.0,10.4
04W328,0403,79,1102,FDP,2.9,2.8,3.1
04W329,0403,79,1203,GRUENE,26.3,26.1,26.6
04W329,0403,79,1203,LINKE,24.1,23.8,24.2
04W329,0403,79,1203,CDU,15.1,14.9,15.3
04W329,0403,79,1203,AFD,13.7,12.5,14.0
04W329,0403,79,1203,SPD,11.8,11.4,12.1
04W329,0403,79,1203,Sonstige,8.9,8.8,9.1
04W329,0403,79,1203,FDP,2.7,2.7,3.0
04W401,0404,79,1253,GRUENE,23.6,23.5,23.8
04W401,0404,79,1253,LINKE,19.7,19.6,19.9
04W401,0404,79,1253,AFD,17.0,15.9,17.3
04W401,0404,79,1253,CDU,15.3,15.2,15.6
04W401,0404,79,1253,SPD,11.7,11.0,12.0
04W401,0404,79,1253,Sonstige,11.1,11.0,11.3
04W401,0404,79,1253,FDP,3.5,3.0,3.8
04W402,0404,79,1263,AFD,20.2,19.2,20.5
04W402,0404,79,1263,LINKE,19.7,19.4,20.0
04W402,0404,79,1263,CDU,18.8,18.8,19.2
04W402,0404,79,1263,GRUENE,15.7,15.5,16.0
04W402,0404,79,1263,SPD,12.8,12.4,13.0
04W402,0404,79,1263,Sonstige,10.4,10.3,10.5
04W402,0404,79,1263,FDP,3.8,3.2,4.1
04W403,0404,79,804,GRUENE,26.9,26.6,27.1
04W403,0404,79,804,CDU,19.6,19.4,19.9
04W403,0404,79,804,LINKE,14.9,14.6,15.2
04W403,0404,79,804,SPD,13.8,11.6,14.0
04W403,0404,79,804,AFD,12.0,10.3,12.1
04W403,0404,79,804,Sonstige,6.8,6.7,7.0
04W403,0404,79,804,FDP,6.3,5.3,6.6
04W404,0404,79,1033,GRUENE,21.7,21.5,21.9
04W404,0404,79,1033,LINKE,17.5,17.3,17.7
04W404,0404,79,1033,CDU,17.1,17.0,17.4
04W404,0404,79,1033,SPD,16.5,14.6,16.8
04W404,0404,79,1033,AFD,16.1,15.4,16.4
04W404,0404,79,1033,Sonstige,7.3,7.2,7.5
04W404,0404,79,1033,FDP,4.3,3.7,4.7
04W405,0404,79,1121,GRUENE,27.9,27.7,28.1
04W405,0404,79,1121,LINKE,22.2,21.9,22.3
04W405,0404,79,1121,CDU,14.1,14.0,14.4
04W405,0404,79,1121,AFD,13.8,12.3,14.0
04W405,0404,79,1121,SPD,11.0,10.6,11.2
04W405,0404,79,1121,Sonstige,9.5,9.4,9.7
04W405,0404,79,1121,FDP,4.1,3.4,4.4
04W406,0404,79,1205,CDU,20.3,20.1,20.6
04W406,0404,79,1205,LINKE,19.4,19.1,19.6
04W406,0404,79,1205,GRUENE,18.2,18.0,18.5
04W406,0404,79,1205,AFD,17.5,16.7,17.8
04W406,0404,79,1205,SPD,12.5,11.8,12.7
04W406,0404,79,1205,Sonstige,9.5,9.4,9.6
04W406,0404,79,1205,FDP,3.5,3.0,3.8
04W407,0404,79,960,GRUENE,25.6,25.4,25.8
04W407,0404,79,960,LINKE,21.2,21.0,21.3
04W407,0404,79,960,CDU,15.2,15.1,15.4
04W407,0404,79,960,AFD,14.4,12.4,14.5
04W407,0404,79,960,SPD,12.9,12.0,13.1
04W407,0404,79,960,Sonstige,8.4,8.3,8.5
04W407,0404,79,960,FDP,4.3,3.7,4.7
04W408,0404,79,1151,AFD,20.5,18.7,20.7
04W408,0404,79,1151,CDU,20.2,20.1,20.6
04W408,0404,79,1151,LINKE,19.5,19.2,19.8
04W408,0404,79,1151,GRUENE,16.5,16.3,16.9
04W408,0404,79,1151,SPD,13.8,12.6,14.0
04W408,0404,79,1151,Sonstige,8.4,8.3,8.5
04W408,0404,79,1151,FDP,4.0,3.4,4.3
04W409,0404,79,1263,GRUENE,23.3,23.2,23.5
04W409,0404,79,1263,LINKE,19.1,18.9,19.3
04W409,0404,79,1263,CDU,18.4,18.3,18.7
04W409,0404,79,1263,AFD,13.9,12.8,14.3
04W409,0404,79,1263,SPD,11.8,11.6,12.1
04W409,0404,79,1263,Sonstige,9.0,8.8,9.1
04W409,0404,79,1263,FDP,4.5,3.8,4.8
04W410,0404,79,1202,GRUENE,25.1,24.8,25.4
04W410,0404,79,1202,LINKE,21.8,21.5,22.1
04W410,0404,79,1202,CDU,13.7,13.6,13.9
04W410,0404,79,1202,AFD,13.5,11.5,13.7
04W410,0404,79,1202,SPD,13.5,11.7,13.6
04W410,0404,79,1202,Sonstige,9.8,9.7,10.0
04W410,0404,79,1202,FDP,5.0,4.2,5.3
04W411,0404,79,1178,GRUENE,23.3,23.1,23.7
04W411,0404,79,1178,CDU,19.1,19.0,19.4
04W411,0404,79,1178,LINKE,18.5,18.3,18.7
04W411,0404,79,1178,AFD,13.5,12.2,13.8
04W411,0404,79,1178,SPD,13.2,11.4,13.4
04W411,0404,79,1178,Sonstige,8.3,8.1,8.5
04W411,0404,79,1178,FDP,4.1,3.7,4.5
04W412,0404,79,1031,GRUENE,24.1,23.9,24.4
04W412,0404,79,1031,CDU,20.5,20.4,20.9
04W412,0404,79,1031,LINKE,17.0,16.7,17.1
04W412,0404,79,1031,AFD,14.0,12.9,14.3
04W412,0404,79,1031,SPD,12.1,11.8,12.4
04W412,0404,79,1031,Sonstige,8.9,8.8,9.1
04W412,0404,79,1031,FDP,3.9,3.4,4.3
04W413,0404,79,1116,GRUENE,23.6,23.4,23.9
04W413,0404,79,1116,LINKE,19.3,19.0,19.5
04W413,0404,79,1116,CDU,15.8,15.7,16.0
04W413,0404,79,1116,SPD,14.2,12.9,14.5
04W413,0404,79,1116,AFD,13.9,12.4,14.1
04W413,0404,79,1116,Sonstige,8.8,8.7,9.0
04W413,0404,79,1116,FDP,4.9,4.2,5.3
04W414,0404,79,1198,GRUENE,23.5,23.3,23.7
04W414,0404,79,1198,LINKE,17.4,17.2,17.5
04W414,0404,79,1198,CDU,17.2,17.1,17.4
04W414,0404,79,1198,SPD,13.8,12.8,14.1
04W414,0404,79,1198,AFD,12.9,11.6,13.2
04W414,0404,79,1198,Sonstige,9.3,9.1,9.4
04W414,0404,79,1198,FDP,4.9,4.3,5.2
04W415,0404,79,1137,GRUENE,23.6,23.4,23.8
04W415,0404,79,1137,LINKE,18.5,18.1,18.6
04W415,0404,79,1137,CDU,17.6,17.5,17.9
04W415,0404,79,1137,AFD,14.8,13.7,15.1
04W415,0404,79,1137,SPD,12.3,11.5,12.6
04W415,0404,79,1137,Sonstige,9.9,9.8,10.0
04W415,0404,79,1137,FDP,4.4,3.7,4.7
04W416,0404,79,869,GRUENE,24.1,23.9,24.4
04W416,0404,79,869,LINKE,20.9,20.6,21.1
04W416,0404,79,869,AFD,15.2,13.5,15.5
04W416,0404,79,869,CDU,13.6,13.5,13.8
04W416,0404,79,869,SPD,12.8,11.7,13.0
04W416,0404,79,869,Sonstige,10.2,10.1,10.4
04W416,0404,79,869,FDP,4.1,3.5,4.4
04W417,0404,79,1098,GRUENE,24.2,24.0,24.5
04W417,0404,79,1098,CDU,21.4,21.2,21.8
04W417,0404,79,1098,LINKE,14.3,14.0,14.5
04W417,0404,79,1098,SPD,13.9,12.2,14.1
04W417,0404,79,1098,AFD,12.9,11.6,13.1
04W417,0404,79,1098,Sonstige,7.7,7.6,7.9
04W417,0404,79,1098,FDP,5.4,4.7,5.7
04W418,0404,79,848,CDU,21.5,21.3,21.8
04W418,0404,79,848,GRUENE,21.4,21.2,21.6
04W418,0404,79,848,SPD,15.8,14.5,16.0
04W418,0404,79,848,AFD,13.4,12.5,13.7
04W418,0404,79,848,LINKE,11.9,11.6,12.0
04W418,0404,79,848,Sonstige,7.8,7.7,8.0
04W418,0404,79,848,FDP,5.8,4.9,6.1
04W419,0404,79,1245,GRUENE,24.4,24.3,24.7
04W419,0404,79,1245,CDU,19.6,19.5,20.0
04W419,0404,79,1245,LINKE,19.5,19.3,19.7
04W419,0404,79,1245,SPD,13.0,11.8,13.2
04W419,0404,79,1245,AFD,11.9,10.6,12.2
04W419,0404,79,1245,Sonstige,7.8,7.6,8.0
04W419,0404,79,1245,FDP,5.4,4.7,5.7
04W420,0404,79,790,CDU,22.0,21.9,22.4
04W420,0404,79,790,AFD,18.8,17.1,19.1
04W420,0404,79,790,GRUENE,18.4,18.2,18.9
04W420,0404,79,790,LINKE,15.3,14.9,15.7
04W420,0404,79,790,SPD,14.8,12.2,15.1
04W420,0404,79,790,Sonstige,7.3,7.2,7.5
04W420,0404,79,790,FDP,4.9,4.3,5.2
04W421,0404,79,959,CDU,21.2,21.1,21.6
04W421,0404,79,959,GRUENE,18.1,17.9,18.4
04W421,0404,79,959,AFD,15.8,15.1,16.1
04W421,0404,79,959,LINKE,15.3,14.9,15.6
04W421,0404,79,959,SPD,12.6,12.2,12.8
04W421,0404,79,959,Sonstige,9.9,9.8,10.0
04W421,0404,79,959,FDP,5.1,4.4,5.4
04W422,0404,79,1264,GRUENE,26.4,26.2,26.6
04W422,0404,79,1264,CDU,19.5,19.4,19.8
04W422,0404,79,1264,AFD,13.6,12.2,13.9
04W422,0404,79,1264,SPD,13.1,11.2,13.3
04W422,0404,79,1264,LINKE,12.7,12.4,13.0
04W422,0404,79,1264,Sonstige,8.4,8.3,8.6
04W422,0404,79,1264,FDP,5.6,4.9,6.0
04W423,0404,79,838,CDU,29.1,29.0,29.6
04W423,0404,79,838,AFD,19.3,18.3,19.5
04W423,0404,79,838,GRUENE,14.3,14.0,14.7
04W423,0404,79,838,SPD,11.0,10.5,11.3
04W423,0404,79,838,LINKE,10.8,10.5,11.1
04W423,0404,79,838,Sonstige,10.5,10.3,10.6
04W423,0404,79,838,FDP,4.5,4.0,4.8
04W424,0404,79,1182,CDU,25.4,25.2,25.8
04W424,0404,79,1182,AFD,17.1,15.8,17.4
04W424,0404,79,1182,GRUENE,15.6,15.4,15.8
04W424,0404,79,1182,LINKE,14.8,14.5,15.0
04W424,0404,79,1182,SPD,14.6,13.3,14.8
04W424,0404,79,1182,Sonstige,7.4,7.3,7.6
04W424,0404,79,1182,FDP,5.4,4.7,5.8
04W425,0404,79,1153,CDU,27.7,27.5,28.1
04W425,0404,79,1153,GRUENE,18.0,17.8,18.2
04W425,0404,79,1153,AFD,16.8,16.0,17.0
04W425,0404,79,1153,LINKE,12.7,12.4,12.9
04W425,0404,79,1153,SPD,11.3,11.0,11.5
04W425,0404,79,1153,Sonstige,7.7,7.6,7.9
04W425,0404,79,1153,FDP,5.4,4.7,5.7
04W426,0404,79,1051,GRUENE,27.8,27.6,28.0
04W426,0404,79,1051,CDU,17.5,17.4,17.8
04W426,0404,79,1051,LINKE,15.0,14.8,15.2
04W426,0404,79,1051,SPD,13.5,12.4,13.7
04W426,0404,79,1051,AFD,10.3,9.1,10.5
04W426,0404,79,1051,Sonstige,9.7,9.6,9.9
04W426,0404,79,1051,FDP,4.8,4.1,5.1
04W427,0404,79,1077,GRUENE,22.1,21.9,22.5
04W427,0404,79,1077,CDU,19.3,19.2,19.6
04W427,0404,79,1077,LINKE,17.7,17.3,18.0
04W427,0404,79,1077,AFD,17.0,15.3,17.2
04W427,0404,79,1077,Sonstige,10.3,10.1,10.4
04W427,0404,79,1077,SPD,10.2,9.7,10.4
04W427,0404,79,1077,FDP,3.0,2.6,3.4
04W428,0404,79,1210,GRUENE,23.8,23.6,24.0
04W428,0404,79,1210,LINKE,19.5,19.2,19.6
04W428,0404,79,1210,CDU,17.5,17.3,17.7
04W428,0404,79,1210,AFD,15.8,14.2,16.0
04W428,0404,79,1210,SPD,11.9,11.7,12.2
04W428,0404,79,1210,Sonstige,8.8,8.6,9.0
04W428,0404,79,1210,FDP,4.6,3.8,5.0
04W429,0404,79,1160,GRUENE,22.9,22.7,23.2
04W429,0404,79,1160,LINKE,21.3,20.9,21.5
04W429,0404,79,1160,CDU,17.3,17.2,17.6
04W429,0404,79,1160,AFD,13.5,12.7,13.9
04W429,0404,79,1160,SPD,11.8,11.3,12.1
04W429,0404,79,1160,Sonstige,9.3,9.2,9.5
04W429,0404,79,1160,FDP,3.9,3.3,4.3
04W501,0405,79,1115,CDU,31.1,30.9,31.7
04W501,0405,79,1115,AFD,17.4,16.9,17.9
04W501,0405,79,1115,LINKE,11.9,11.4,12.2
04W501,0405,79,1115,GRUENE,11.8,11.7,12.1
04W501,0405,79,1115,SPD,11.4,11.1,12.2
04W501,0405,79,1115,FDP,7.8,6.4,8.1
04W501,0405,79,1115,Sonstige,7.0,6.8,7.1
04W502,0405,79,1074,CDU,35.6,35.4,36.2
04W502,0405,79,1074,AFD,14.6,14.2,15.3
04W502,0405,79,1074,GRUENE,13.8,13.6,14.1
04W502,0405,79,1074,SPD,11.3,11.0,12.1
04W502,0405,79,1074,LINKE,10.3,9.8,10.5
04W502,0405,79,1074,FDP,7.0,6.0,7.2
04W502,0405,79,1074,Sonstige,4.9,4.7,5.1
04W503,0405,79,1087,CDU,36.0,35.8,36.6
04W503,0405,79,1087,AFD,15.6,15.1,16.0
04W503,0405,79,1087,GRUENE,13.9,13.7,14.3
04W503,0405,79,1087,LINKE,11.2,10.7,11.4
04W503,0405,79,1087,SPD,11.0,10.7,11.7
04W503,0405,79,1087,FDP,6.8,5.8,7.0
04W503,0405,79,1087,Sonstige,5.1,4.9,5.3
04W504,0405,79,1233,CDU,24.6,24.5,25.1
04W504,0405,79,1233,GRUENE,17.0,16.8,17.4
04W504,0405,79,1233,AFD,16.7,15.7,16.9
04W504,0405,79,1233,LINKE,16.0,15.7,16.1
04W504,0405,79,1233,SPD,12.3,12.0,12.7
04W504,0405,79,1233,Sonstige,8.4,8.3,8.7
04W504,0405,79,1233,FDP,5.4,4.5,5.6
04W505,0405,79,1130,CDU,21.6,21.4,21.9
04W505,0405,79,1130,GRUENE,18.2,18.0,18.6
04W505,0405,79,1130,LINKE,15.3,15.0,15.6
04W505,0405,79,1130,AFD,14.6,13.8,14.9
04W505,0405,79,1130,SPD,12.1,11.8,12.3
04W505,0405,79,1130,Sonstige,9.2,9.1,9.3
04W505,0405,79,1130,FDP,5.4,4.7,5.7
04W506,0405,79,1156,CDU,23.1,22.9,23.4
04W506,0405,79,1156,GRUENE,21.0,20.8,21.2
04W506,0405,79,1156,AFD,14.3,13.4,14.5
04W506,0405,79,1156,LINKE,13.5,13.2,13.7
04W506,0405,79,1156,SPD,12.2,11.8,12.4
04W506,0405,79,1156,Sonstige,7.8,7.7,8.0
04W506,0405,79,1156,FDP,5.8,4.9,6.0
04W507,0405,79,900,CDU,23.2,23.1,23.6
04W507,0405,79,900,AFD,17.1,16.3,17.3
04W507,0405,79,900,GRUENE,16.4,16.2,16.7
04W507,0405,79,900,SPD,13.9,13.5,14.1
04W507,0405,79,900,LINKE,13.9,13.6,14.1
04W507,0405,79,900,Sonstige,8.5,8.4,8.6
04W507,0405,79,900,FDP,5.5,4.6,5.7
04W508,0405,79,825,GRUENE,21.0,20.9,21.3
04W508,0405,79,825,CDU,20.4,20.2,20.7
04W508,0405,79,825,LINKE,16.3,16.0,16.5
04W508,0405,79,825,AFD,15.1,14.3,15.4
04W508,0405,79,825,SPD,13.1,12.9,13.3
04W508,0405,79,825,Sonstige,6.7,6.6,6.8
04W508,0405,79,825,FDP,5.5,4.5,5.7
04W509,0405,79,1153,GRUENE,21.7,21.6,22.0
04W509,0405,79,1153,CDU,20.8,20.6,21.2
04W509,0405,79,1153,LINKE,15.6,15.4,15.8
04W509,0405,79,1153,SPD,13.5,12.8,13.7
04W509,0405,79,1153,AFD,12.5,12.1,12.9
04W509,0405,79,1153,Sonstige,8.6,8.4,8.8
04W509,0405,79,1153,FDP,5.2,4.4,5.4
04W510,0405,79,1107,CDU,23.8,23.6,24.2
04W510,0405,79,1107,AFD,17.7,17.1,18.0
04W510,0405,79,1107,GRUENE,17.6,17.4,17.9
04W510,0405,79,1107,LINKE,13.6,13.2,13.9
04W510,0405,79,1107,SPD,10.9,10.6,11.5
04W510,0405,79,1107,Sonstige,8.5,8.4,8.6
04W510,0405,79,1107,FDP,6.5,5.3,6.8
04W511,0405,79,1179,CDU,26.1,25.9,26.5
04W511,0405,79,1179,AFD,17.0,16.6,17.4
04W511,0405,79,1179,GRUENE,16.1,15.9,16.5
04W511,0405,79,1179,LINKE,13.7,13.4,13.9
04W511,0405,79,1179,SPD,11.6,11.3,12.5
04W511,0405,79,1179,Sonstige,9.3,9.2,9.4
04W511,0405,79,1179,FDP,4.8,4.0,5.1
04W512,0405,79,1233,CDU,25.2,25.0,25.6
04W512,0405,79,1233,AFD,17.9,17.6,18.6
04W512,0405,79,1233,LINKE,16.1,15.8,16.3
04W512,0405,79,1233,GRUENE,15.2,15.0,15.6
04W512,0405,79,1233,SPD,11.1,10.8,12.0
04W512,0405,79,1233,Sonstige,8.4,8.3,8.5
04W512,0405,79,1233,FDP,4.8,4.0,5.1
04W513,0405,79,883,CDU,24.2,24.1,24.7
04W513,0405,79,883,AFD,18.6,18.1,19.0
04W513,0405,79,883,LINKE,18.5,18.2,18.6
04W513,0405,79,883,GRUENE,13.8,13.6,14.1
04W513,0405,79,883,SPD,11.8,11.5,12.5
04W513,0405,79,883,Sonstige,8.8,8.6,8.9
04W513,0405,79,883,FDP,5.0,4.1,5.2
04W514,0405,79,875,CDU,24.7,24.5,25.1
04W514,0405,79,875,GRUENE,21.6,21.4,21.9
04W514,0405,79,875,AFD,13.5,13.0,13.9
04W514,0405,79,875,LINKE,12.2,12.0,12.5
04W514,0405,79,875,SPD,11.3,11.0,11.4
04W514,0405,79,875,Sonstige,8.3,8.1,8.4
04W514,0405,79,875,FDP,5.6,4.7,5.8
04W515,0405,79,851,CDU,22.9,22.8,23.3
04W515,0405,79,851,GRUENE,19.3,19.1,19.7
04W515,0405,79,851,LINKE,14.5,14.2,14.7
04W515,0405,79,851,AFD,13.7,13.2,14.1
04W515,0405,79,851,SPD,13.0,12.3,13.2
04W515,0405,79,851,Sonstige,9.5,9.4,9.6
04W515,0405,79,851,FDP,5.5,4.6,5.7
04W516,0405,79,970,CDU,20.0,19.9,20.3
04W516,0405,79,970,GRUENE,17.7,17.6,17.9
04W516,0405,79,970,LINKE,17.4,17.1,17.6
04W516,0405,79,970,AFD,16.6,15.8,16.8
04W516,0405,79,970,SPD,12.7,12.4,13.1
04W516,0405,79,970,Sonstige,8.3,8.2,8.4
04W516,0405,79,970,FDP,5.5,4.5,5.7
04W517,0405,79,1274,CDU,22.5,22.4,22.9
04W517,0405,79,1274,AFD,19.4,19.1,19.9
04W517,0405,79,1274,LINKE,16.5,16.3,16.7
04W517,0405,79,1274,GRUENE,15.8,15.7,16.1
04W517,0405,79,1274,SPD,10.7,10.4,12.0
04W517,0405,79,1274,Sonstige,10.5,10.4,10.6
04W517,0405,79,1274,FDP,4.5,3.7,4.8
04W518,0405,79,1169,CDU,22.3,22.1,22.7
04W518,0405,79,1169,AFD,19.1,18.8,19.8
04W518,0405,79,1169,GRUENE,15.7,15.5,16.2
04W518,0405,79,1169,LINKE,15.1,14.8,15.4
04W518,0405,79,1169,Sonstige,11.7,11.6,11.8
04W518,0405,79,1169,SPD,9.7,9.4,10.6
04W518,0405,79,1169,FDP,4.1,3.5,4.4
04W519,0405,79,1214,CDU,23.6,23.5,24.0
04W519,0405,79,1214,AFD,19.5,19.1,20.0
04W519,0405,79,1214,GRUENE,16.9,16.7,17.3
04W519,0405,79,1214,LINKE,13.0,12.8,13.2
04W519,0405,79,1214,SPD,11.9,11.6,12.2
04W519,0405,79,1214,Sonstige,10.3,10.2,10.4
04W519,0405,79,1214,FDP,5.0,4.2,5.3
04W520,0405,79,1282,CDU,26.9,26.8,27.4
04W520,0405,79,1282,AFD,19.7,19.1,20.0
04W520,0405,79,1282,GRUENE,14.2,14.0,14.4
04W520,0405,79,1282,LINKE,13.5,13.2,13.6
04W520,0405,79,1282,SPD,11.9,11.6,12.9
04W520,0405,79,1282,Sonstige,7.7,7.6,7.8
04W520,0405,79,1282,FDP,5.4,4.5,5.6
04W521,0405,79,961,CDU,35.9,35.7,36.5
04W521,0405,79,961,AFD,17.7,17.1,18.1
04W521,0405,79,961,SPD,11.9,11.5,12.3
04W521,0405,79,961,GRUENE,10.4,10.2,10.7
04W521,0405,79,961,LINKE,9.6,9.2,9.8
04W521,0405,79,961,Sonstige,6.8,6.6,7.1
04W521,0405,79,961,FDP,6.6,5.8,6.9
04W522,0405,79,1122,CDU,36.1,35.9,36.7
04W522,0405,79,1122,AFD,18.9,18.3,19.1
04W522,0405,79,1122,GRUENE,11.3,11.1,11.6
04W522,0405,79,1122,LINKE,10.4,9.7,10.7
04W522,0405,79,1122,SPD,9.4,9.2,10.1
04W522,0405,79,1122,FDP,7.5,6.5,7.8
04W522,0405,79,1122,Sonstige,5.3,5.1,5.5
04W523,0405,79,1085,CDU,29.1,28.9,29.5
04W523,0405,79,1085,AFD,16.3,15.5,16.5
04W523,0405,79,1085,GRUENE,14.4,14.2,14.5
04W523,0405,79,1085,SPD,13.8,13.5,13.9
04W523,0405,79,1085,LINKE,11.8,11.4,11.9
04W523,0405,79,1085,FDP,6.7,5.7,6.9
04W523,0405,79,1085,Sonstige,6.5,6.3,6.6
04W524,0405,79,1173,CDU,39.7,39.4,40.3
04W524,0405,79,1173,AFD,17.6,17.1,18.3
04W524,0405,79,1173,GRUENE,12.6,12.4,12.9
04W524,0405,79,1173,SPD,8.6,8.4,10.6
04W524,0405,79,1173,LINKE,7.7,7.3,8.0
04W524,0405,79,1173,FDP,6.8,5.7,7.1
04W524,0405,79,1173,Sonstige,6.0,5.8,6.2
04W525,0405,79,1126,CDU,33.2,33.0,33.7
04W525,0405,79,1126,AFD,15.3,14.8,15.7
04W525,0405,79,1126,GRUENE,14.2,14.0,14.5
04W525,0405,79,1126,SPD,12.3,12.1,12.5
04W525,0405,79,1126,LINKE,8.4,8.1,8.6
04W525,0405,79,1126,Sonstige,6.9,6.8,7.1
04W525,0405,79,1126,FDP,6.7,5.7,6.9
04W526,0405,79,1035,CDU,24.9,24.8,25.4
04W526,0405,79,1035,AFD,20.1,19.6,20.7
04W526,0405,79,1035,GRUENE,13.3,13.2,13.5
04W526,0405,79,1035,LINKE,12.6,12.1,12.9
04W526,0405,79,1035,SPD,11.9,11.7,12.2
04W526,0405,79,1035,Sonstige,8.2,8.0,8.3
04W526,0405,79,1035,FDP,6.6,5.6,6.8
04W527,0405,79,1110,CDU,22.1,21.9,22.4
04W527,0405,79,1110,GRUENE,18.5,18.3,18.9
04W527,0405,79,1110,AFD,15.9,15.1,16.2
04W527,0405,79,1110,LINKE,14.0,13.8,14.2
04W527,0405,79,1110,SPD,11.4,11.2,12.1
04W527,0405,79,1110,Sonstige,11.0,10.9,11.2
04W527,0405,79,1110,FDP,5.1,4.1,5.3
04W528,0405,79,772,CDU,24.1,23.9,24.5
04W528,0405,79,772,GRUENE,20.2,19.9,20.5
04W528,0405,79,772,AFD,15.0,14.2,15.3
04W528,0405,79,772,LINKE,14.2,14.0,14.4
04W528,0405,79,772,SPD,13.4,13.0,13.6
04W528,0405,79,772,Sonstige,6.6,6.4,6.8
04W528,0405,79,772,FDP,6.0,4.9,6.3
04W601,0406,79,1038,CDU,23.2,23.1,23.6
04W601,0406,79,1038,GRUENE,20.0,19.9,20.2
04W601,0406,79,1038,AFD,15.8,14.8,16.2
04W601,0406,79,1038,SPD,14.9,13.4,15.0
04W601,0406,79,1038,LINKE,14.3,14.0,14.5
04W601,0406,79,1038,Sonstige,6.9,6.8,7.1
04W601,0406,79,1038,FDP,5.2,4.8,5.3
04W602,0406,79,1055,CDU,23.0,22.8,23.4
04W602,0406,79,1055,LINKE,18.9,18.5,19.0
04W602,0406,79,1055,GRUENE,18.7,18.6,18.9
04W602,0406,79,1055,SPD,14.9,12.9,15.1
04W602,0406,79,1055,AFD,14.8,13.4,15.0
04W602,0406,79,1055,Sonstige,6.3,6.1,6.4
04W602,0406,79,1055,FDP,5.3,5.0,5.4
04W603,0406,79,1138,CDU,21.8,21.6,22.2
04W603,0406,79,1138,LINKE,20.3,20.0,20.4
04W603,0406,79,1138,GRUENE,19.2,19.0,19.4
04W603,0406,79,1138,AFD,15.7,14.7,16.0
04W603,0406,79,1138,SPD,13.8,12.6,14.1
04W603,0406,79,1138,Sonstige,7.4,7.3,7.6
04W603,0406,79,1138,FDP,4.7,4.4,4.8
04W604,0406,79,1222,CDU,21.8,21.6,22.2
04W604,0406,79,1222,GRUENE,18.4,18.2,18.8
04W604,0406,79,1222,AFD,17.5,16.1,17.8
04W604,0406,79,1222,LINKE,16.9,16.6,17.2
04W604,0406,79,1222,SPD,13.6,12.2,13.9
04W604,0406,79,1222,Sonstige,9.8,9.7,10.0
04W604,0406,79,1222,FDP,4.4,4.0,4.5
04W605,0406,79,1043,GRUENE,21.9,21.7,22.1
04W605,0406,79,1043,LINKE,20.2,19.9,20.3
04W605,0406,79,1043,CDU,17.4,17.2,17.7
04W605,0406,79,1043,SPD,16.0,13.9,16.2
04W605,0406,79,1043,AFD,14.8,13.5,15.1
04W605,0406,79,1043,Sonstige,7.1,6.9,7.2
04W605,0406,79,1043,FDP,4.3,4.0,4.4
04W606,0406,79,1158,GRUENE,21.6,21.5,21.9
04W606,0406,79,1158,CDU,20.3,20.1,20.6
04W606,0406,79,1158,LINKE,16.6,16.3,16.7
04W606,0406,79,1158,SPD,14.5,12.9,14.7
04W606,0406,79,1158,AFD,13.3,12.2,13.7
04W606,0406,79,1158,Sonstige,8.9,8.8,9.0
04W606,0406,79,1158,FDP,4.3,4.1,4.4
04W607,0406,79,1100,GRUENE,25.7,25.5,25.9
04W607,0406,79,1100,CDU,19.7,19.5,20.0
04W607,0406,79,1100,LINKE,16.2,16.0,16.4
04W607,0406,79,1100,AFD,13.6,12.3,13.9
04W607,0406,79,1100,SPD,13.0,11.3,13.2
04W607,0406,79,1100,Sonstige,8.1,7.9,8.3
04W607,0406,79,1100,FDP,4.8,4.5,4.9
04W608,0406,79,1187,GRUENE,21.0,20.8,21.3
04W608,0406,79,1187,CDU,20.0,19.9,20.4
04W608,0406,79,1187,LINKE,18.4,18.1,18.6
04W608,0406,79,1187,AFD,16.3,14.8,16.6
04W608,0406,79,1187,SPD,12.6,11.1,12.8
04W608,0406,79,1187,Sonstige,8.7,8.6,8.9
04W608,0406,79,1187,FDP,4.2,4.0,4.3
04W609,0406,79,1116,CDU,23.1,22.9,23.4
04W609,0406,79,1116,AFD,21.2,20.0,21.6
04W609,0406,79,1116,LINKE,18.1,17.7,18.3
04W609,0406,79,1116,SPD,13.8,13.1,14.0
04W609,0406,79,1116,GRUENE,12.8,12.6,13.0
04W609,0406,79,1116,Sonstige,8.0,7.8,8.1
04W609,0406,79,1116,FDP,4.1,3.9,4.2
04W610,0406,79,1144,GRUENE,25.1,24.9,25.3
04W610,0406,79,1144,LINKE,18.0,17.7,18.1
04W610,0406,79,1144,CDU,17.9,17.7,18.2
04W610,0406,79,1144,AFD,14.1,12.9,14.4
04W610,0406,79,1144,SPD,13.8,12.4,13.9
04W610,0406,79,1144,Sonstige,7.2,7.1,7.4
04W610,0406,79,1144,FDP,4.4,4.2,4.5
04W611,0406,79,1200,CDU,23.1,23.0,23.5
04W611,0406,79,1200,GRUENE,20.4,20.2,20.6
04W611,0406,79,1200,SPD,16.4,14.5,16.6
04W611,0406,79,1200,LINKE,15.5,15.3,15.6
04W611,0406,79,1200,AFD,13.8,12.7,14.1
04W611,0406,79,1200,Sonstige,6.7,6.5,6.8
04W611,0406,79,1200,FDP,4.9,4.6,4.9
04W612,0406,79,1093,CDU,22.2,22.1,22.6
04W612,0406,79,1093,GRUENE,17.2,17.1,17.5
04W612,0406,79,1093,LINKE,16.6,16.4,16.7
04W612,0406,79,1093,AFD,15.6,14.5,15.9
04W612,0406,79,1093,SPD,15.3,13.6,15.5
04W612,0406,79,1093,Sonstige,8.9,8.8,9.0
04W612,0406,79,1093,FDP,4.7,4.4,4.7
04W613,0406,79,1207,GRUENE,27.6,27.4,27.8
04W613,0406,79,1207,CDU,17.2,17.1,17.5
04W613,0406,79,1207,LINKE,16.7,16.5,16.8
04W613,0406,79,1207,SPD,13.6,12.5,13.8
04W613,0406,79,1207,AFD,11.8,10.6,12.1
04W613,0406,79,1207,Sonstige,8.7,8.6,8.9
04W613,0406,79,1207,FDP,3.7,3.5,3.8
04W614,0406,79,1115,CDU,20.4,20.2,20.7
04W614,0406,79,1115,GRUENE,19.1,18.9,19.3
04W614,0406,79,1115,LINKE,16.5,16.3,16.7
04W614,0406,79,1115,AFD,14.7,13.3,15.0
04W614,0406,79,1115,SPD,13.8,12.4,14.0
04W614,0406,79,1115,Sonstige,10.5,10.4,10.7
04W614,0406,79,1115,FDP,4.5,4.3,4.6
04W615,0406,79,1107,GRUENE,22.1,22.0,22.3
04W615,0406,79,1107,CDU,18.6,18.5,18.9
04W615,0406,79,1107,LINKE,17.4,17.2,17.5
04W615,0406,79,1107,AFD,16.2,15.1,16.5
04W615,0406,79,1107,SPD,14.3,13.5,14.5
04W615,0406,79,1107,Sonstige,9.3,9.2,9.5
04W615,0406,79,1107,FDP,3.2,3.0,3.3
04W616,0406,79,1037,GRUENE,30.1,29.9,30.3
04W616,0406,79,1037,LINKE,19.4,19.2,19.5
04W616,0406,79,1037,SPD,14.2,11.9,14.4
04W616,0406,79,1037,CDU,13.4,13.2,13.6
04W616,0406,79,1037,AFD,11.3,9.4,11.4
04W616,0406,79,1037,Sonstige,8.8,8.7,9.0
04W616,0406,79,1037,FDP,4.1,4.0,4.2
04W617,0406,79,1258,GRUENE,22.3,22.2,22.6
04W617,0406,79,1258,LINKE,20.5,20.3,20.7
04W617,0406,79,1258,CDU,20.1,20.0,20.4
04W617,0406,79,1258,AFD,15.4,13.7,15.7
04W617,0406,79,1258,SPD,12.9,11.5,13.1
04W617,0406,79,1258,Sonstige,7.6,7.4,7.7
04W617,0406,79,1258,FDP,4.1,4.0,4.2
04W618,0406,79,1125,GRUENE,25.0,24.8,25.2
04W618,0406,79,1125,LINKE,18.4,18.1,18.5
04W618,0406,79,1125,CDU,16.2,16.1,16.4
04W618,0406,79,1125,AFD,14.2,13.0,14.5
04W618,0406,79,1125,SPD,14.1,12.9,14.3
04W618,0406,79,1125,Sonstige,7.8,7.7,8.0
04W618,0406,79,1125,FDP,3.7,3.5,3.8
04W619,0406,79,1135,GRUENE,21.6,21.4,21.8
04W619,0406,79,1135,LINKE,20.0,19.7,20.1
04W619,0406,79,1135,CDU,16.7,16.6,17.0
04W619,0406,79,1135,AFD,15.3,14.0,15.5
04W619,0406,79,1135,SPD,14.9,13.5,15.1
04W619,0406,79,1135,Sonstige,7.7,7.5,7.8
04W619,0406,79,1135,FDP,4.2,3.9,4.3
04W620,0406,79,1261,GRUENE,20.0,19.9,20.2
04W620,0406,79,1261,LINKE,19.8,19.5,19.9
04W620,0406,79,1261,CDU,19.6,19.5,19.9
04W620,0406,79,1261,AFD,17.8,16.1,18.1
04W620,0406,79,1261,SPD,12.1,11.1,12.3
04W620,0406,79,1261,Sonstige,9.4,9.3,9.5
04W620,0406,79,1261,FDP,4.0,3.9,4.1
04W621,0406,79,1260,GRUENE,26.2,26.0,26.4
04W621,0406,79,1260,LINKE,17.7,17.5,17.9
04W621,0406,79,1260,CDU,17.1,17.0,17.3
04W621,0406,79,1260,SPD,13.4,12.3,13.6
04W621,0406,79,1260,AFD,12.9,11.7,13.2
04W621,0406,79,1260,Sonstige,8.6,8.5,8.8
04W621,0406,79,1260,FDP,3.7,3.5,3.8
04W622,0406,79,1284,GRUENE,23.3,23.1,23.5
04W622,0406,79,1284,LINKE,18.1,17.9,18.2
04W622,0406,79,1284,CDU,16.2,16.0,16.4
04W622,0406,79,1284,SPD,15.5,13.7,15.7
04W622,0406,79,1284,AFD,14.2,12.8,14.5
04W622,0406,79,1284,Sonstige,9.1,9.0,9.3
04W622,0406,79,1284,FDP,4.3,4.0,4.4
04W623,0406,79,1231,CDU,21.6,21.4,22.0
04W623,0406,79,1231,GRUENE,17.8,17.7,18.0
04W623,0406,79,1231,LINKE,17.3,17.0,17.4
04W623,0406,79,1231,SPD,16.4,14.9,16.6
04W623,0406,79,1231,AFD,14.7,13.9,15.0
04W623,0406,79,1231,Sonstige,7.9,7.8,8.1
04W623,0406,79,1231,FDP,4.4,4.2,4.5
04W624,0406,79,1233,GRUENE,24.4,24.2,24.6
04W624,0406,79,1233,LINKE,20.7,20.5,20.8
04W624,0406,79,1233,CDU,17.2,17.0,17.5
04W624,0406,79,1233,AFD,15.2,13.3,15.4
04W624,0406,79,1233,SPD,14.2,13.0,14.4
04W624,0406,79,1233,Sonstige,8.2,8.1,8.3
04W624,0406,79,1233,FDP,4.1,3.8,4.1
04W625,0406,79,1204,GRUENE,26.1,25.9,26.2
04W625,0406,79,1204,LINKE,19.2,19.1,19.4
04W625,0406,79,1204,CDU,18.0,17.9,18.3
04W625,0406,79,1204,AFD,13.2,11.7,13.5
04W625,0406,79,1204,SPD,12.5,11.8,12.6
04W625,0406,79,1204,Sonstige,9.3,9.2,9.5
04W625,0406,79,1204,FDP,3.6,3.5,3.7
04W626,0406,79,1096,GRUENE,26.7,26.5,26.9
04W626,0406,79,1096,LINKE,20.9,20.7,21.1
04W626,0406,79,1096,AFD,15.2,13.1,15.5
04W626,0406,79,1096,CDU,13.8,13.7,14.0
04W626,0406,79,1096,SPD,12.2,11.0,12.4
04W626,0406,79,1096,Sonstige,10.9,10.8,11.1
04W626,0406,79,1096,FDP,3.1,3.1,3.3
04W627,0406,79,930,AFD,20.2,18.9,20.7
04W627,0406,79,930,CDU,19.7,19.6,20.0
04W627,0406,79,930,GRUENE,16.6,16.4,17.1
04W627,0406,79,930,LINKE,15.9,15.5,16.3
04W627,0406,79,930,SPD,13.6,12.1,13.8
04W627,0406,79,930,Sonstige,10.7,10.6,10.9
04W627,0406,79,930,FDP,3.5,3.3,3.7
04W701,0407,79,1221,GRUENE,20.4,20.2,20.6
04W701,0407,79,1221,CDU,19.5,19.4,19.9
04W701,0407,79,1221,LINKE,17.3,17.1,17.5
04W701,0407,79,1221,SPD,15.7,13.5,16.0
04W701,0407,79,1221,AFD,15.6,15.1,16.0
04W701,0407,79,1221,Sonstige,8.7,8.6,8.8
04W701,0407,79,1221,FDP,3.2,3.1,3.3
04W702,0407,79,1115,CDU,23.1,23.0,23.5
04W702,0407,79,1115,AFD,21.1,20.6,21.5
04W702,0407,79,1115,LINKE,17.7,17.4,17.8
04W702,0407,79,1115,GRUENE,14.3,14.2,14.6
04W702,0407,79,1115,Sonstige,11.9,11.7,12.0
04W702,0407,79,1115,SPD,10.8,10.5,11.0
04W702,0407,79,1115,FDP,3.3,3.2,3.4
04W703,0407,79,1228,GRUENE,24.8,24.6,25.0
04W703,0407,79,1228,LINKE,21.8,21.5,21.9
04W703,0407,79,1228,CDU,15.9,15.8,16.2
04W703,0407,79,1228,AFD,13.2,12.6,13.6
04W703,0407,79,1228,SPD,11.4,10.9,11.7
04W703,0407,79,1228,Sonstige,10.6,10.4,10.7
04W703,0407,79,1228,FDP,3.0,3.0,3.2
04W704,0407,79,1183,CDU,20.6,20.5,20.9
04W704,0407,79,1183,AFD,20.4,20.0,20.8
04W704,0407,79,1183,GRUENE,16.3,16.2,16.5
04W704,0407,79,1183,LINKE,15.7,15.5,15.9
04W704,0407,79,1183,SPD,14.3,13.0,14.6
04W704,0407,79,1183,Sonstige,9.9,9.8,10.0
04W704,0407,79,1183,FDP,2.8,2.7,2.9
04W705,0407,79,1061,GRUENE,25.9,25.8,26.1
04W705,0407,79,1061,CDU,17.8,17.7,18.1
04W705,0407,79,1061,LINKE,17.4,17.2,17.6
04W705,0407,79,1061,AFD,13.3,12.6,13.6
04W705,0407,79,1061,SPD,12.4,11.6,12.6
04W705,0407,79,1061,Sonstige,8.6,8.6,8.8
04W705,0407,79,1061,FDP,3.7,3.6,3.8
04W706,0407,79,1168,GRUENE,26.6,26.4,26.8
04W706,0407,79,1168,CDU,18.2,18.0,18.5
04W706,0407,79,1168,SPD,15.9,14.2,16.1
04W706,0407,79,1168,LINKE,15.1,14.9,15.2
04W706,0407,79,1168,AFD,12.3,11.5,12.7
04W706,0407,79,1168,Sonstige,7.8,7.7,7.9
04W706,0407,79,1168,FDP,4.1,3.9,4.2
04W707,0407,79,981,GRUENE,19.9,19.7,20.1
04W707,0407,79,981,LINKE,19.8,19.6,19.9
04W707,0407,79,981,AFD,16.2,15.5,16.6
04W707,0407,79,981,CDU,16.1,16.1,16.4
04W707,0407,79,981,SPD,14.6,13.1,14.9
04W707,0407,79,981,Sonstige,10.4,10.2,10.5
04W707,0407,79,981,FDP,3.6,3.5,3.6
04W708,0407,79,1229,CDU,22.2,22.1,22.5
04W708,0407,79,1229,GRUENE,19.2,19.1,19.4
04W708,0407,79,1229,AFD,17.1,16.2,17.5
04W708,0407,79,1229,LINKE,14.4,14.2,14.6
04W708,0407,79,1229,SPD,14.2,12.6,14.5
04W708,0407,79,1229,Sonstige,8.9,8.8,9.0
04W708,0407,79,1229,FDP,4.3,4.1,4.3
04W709,0407,79,1252,CDU,26.2,26.0,26.7
04W709,0407,79,1252,AFD,24.8,24.5,25.6
04W709,0407,79,1252,LINKE,14.8,14.4,15.0
04W709,0407,79,1252,SPD,12.9,12.4,13.2
04W709,0407,79,1252,Sonstige,10.1,9.9,10.2
04W709,0407,79,1252,GRUENE,9.9,9.6,10.1
04W709,0407,79,1252,FDP,3.4,3.2,3.5
04W710,0407,79,1277,GRUENE,22.8,22.6,23.0
04W710,0407,79,1277,CDU,21.8,21.7,22.2
04W710,0407,79,1277,SPD,16.5,15.0,16.7
04W710,0407,79,1277,LINKE,12.9,12.8,13.1
04W710,0407,79,1277,AFD,12.7,12.1,13.1
04W710,0407,79,1277,Sonstige,7.2,7.1,7.4
04W710,0407,79,1277,FDP,4.4,4.2,4.5
04W711,0407,79,1271,CDU,22.2,22.1,22.6
04W711,0407,79,1271,AFD,20.0,18.9,20.3
04W711,0407,79,1271,GRUENE,16.6,16.5,16.8
04W711,0407,79,1271,LINKE,14.7,14.4,14.8
04W711,0407,79,1271,SPD,13.2,12.0,13.5
04W711,0407,79,1271,Sonstige,9.5,9.4,9.7
04W711,0407,79,1271,FDP,4.2,4.1,4.3
04W712,0407,79,1241,GRUENE,22.5,22.4,22.6
04W712,0407,79,1241,CDU,19.5,19.4,19.8
04W712,0407,79,1241,LINKE,17.0,16.8,17.1
04W712,0407,79,1241,SPD,15.1,13.5,15.3
04W712,0407,79,1241,AFD,14.6,13.3,14.9
04W712,0407,79,1241,Sonstige,7.6,7.5,7.8
04W712,0407,79,1241,FDP,4.6,4.4,4.7
04W713,0407,79,1212,CDU,23.1,23.0,23.5
04W713,0407,79,1212,GRUENE,21.8,21.7,22.0
04W713,0407,79,1212,SPD,14.7,13.4,15.0
04W713,0407,79,1212,LINKE,14.6,14.4,14.7
04W713,0407,79,1212,AFD,14.3,13.7,14.6
04W713,0407,79,1212,Sonstige,6.8,6.7,6.9
04W713,0407,79,1212,FDP,4.8,4.5,4.9
04W714,0407,79,1270,GRUENE,22.2,22.1,22.4
04W714,0407,79,1270,CDU,18.4,18.3,18.7
04W714,0407,79,1270,LINKE,16.5,16.3,16.6
04W714,0407,79,1270,SPD,15.7,14.0,15.9
04W714,0407,79,1270,AFD,15.3,14.6,15.7
04W714,0407,79,1270,Sonstige,8.7,8.6,8.8
04W714,0407,79,1270,FDP,4.1,4.0,4.2
04W715,0407,79,1160,CDU,27.3,27.1,27.8
04W715,0407,79,1160,AFD,23.1,22.5,23.5
04W715,0407,79,1160,GRUENE,13.7,13.6,13.9
04W715,0407,79,1160,SPD,12.8,12.2,13.1
04W715,0407,79,1160,LINKE,10.1,9.8,10.3
04W715,0407,79,1160,Sonstige,9.5,9.3,9.6
04W715,0407,79,1160,FDP,3.8,3.7,3.8
04W716,0407,79,1252,GRUENE,21.7,21.5,21.9
04W716,0407,79,1252,LINKE,21.0,20.8,21.2
04W716,0407,79,1252,AFD,20.6,20.1,21.0
04W716,0407,79,1252,CDU,15.5,15.3,15.8
04W716,0407,79,1252,SPD,12.2,11.7,12.5
04W716,0407,79,1252,Sonstige,9.6,9.5,9.8
04W716,0407,79,1252,FDP,3.3,3.1,3.4
04W717,0407,79,1230,GRUENE,22.3,22.0,22.5
04W717,0407,79,1230,LINKE,20.8,20.6,20.8
04W717,0407,79,1230,CDU,15.5,15.4,15.8
04W717,0407,79,1230,SPD,15.2,14.7,15.4
04W717,0407,79,1230,AFD,15.2,14.5,15.6
04W717,0407,79,1230,Sonstige,8.1,8.0,8.3
04W717,0407,79,1230,FDP,3.9,3.6,3.9
04W718,0407,79,996,CDU,25.4,25.3,25.7
04W718,0407,79,996,AFD,19.3,18.8,19.7
04W718,0407,79,996,GRUENE,15.1,15.0,15.4
04W718,0407,79,996,SPD,13.2,12.4,13.5
04W718,0407,79,996,LINKE,11.7,11.3,11.9
04W718,0407,79,996,Sonstige,9.5,9.4,9.6
04W718,0407,79,996,FDP,4.6,4.4,4.6
04W719,0407,79,980,CDU,27.3,27.1,27.7
04W719,0407,79,980,AFD,22.0,21.6,22.4
04W719,0407,79,980,LINKE,14.3,13.8,14.5
04W719,0407,79,980,SPD,13.1,11.9,13.4
04W719,0407,79,980,GRUENE,11.5,11.3,11.7
04W719,0407,79,980,Sonstige,8.7,8.6,8.9
04W719,0407,79,980,FDP,4.1,4.0,4.3
04W720,0407,79,1250,CDU,28.3,28.2,28.8
04W720,0407,79,1250,SPD,15.9,13.6,16.2
04W720,0407,79,1250,AFD,15.9,15.5,16.3
04W720,0407,79,1250,GRUENE,15.0,14.8,15.2
04W720,0407,79,1250,LINKE,11.9,11.6,12.1
04W720,0407,79,1250,Sonstige,6.7,6.5,6.9
04W720,0407,79,1250,FDP,5.3,5.1,5.4
04W721,0407,79,1232,CDU,28.3,28.2,28.8
04W721,0407,79,1232,AFD,19.3,18.6,19.6
04W721,0407,79,1232,GRUENE,14.3,14.1,14.4
04W721,0407,79,1232,SPD,13.5,12.3,13.8
04W721,0407,79,1232,LINKE,13.1,12.8,13.3
04W721,0407,79,1232,Sonstige,7.0,6.9,7.2
04W721,0407,79,1232,FDP,5.1,4.9,5.1
04W722,0407,79,1290,CDU,24.9,24.7,25.3
04W722,0407,79,1290,AFD,18.3,17.9,18.7
04W722,0407,79,1290,GRUENE,17.9,17.8,18.1
04W722,0407,79,1290,LINKE,15.2,14.9,15.3
04W722,0407,79,1290,SPD,13.2,12.2,13.5
04W722,0407,79,1290,Sonstige,7.5,7.4,7.7
04W722,0407,79,1290,FDP,4.4,4.3,4.5
04W723,0407,79,1137,CDU,25.5,25.4,25.9
04W723,0407,79,1137,GRUENE,19.3,19.0,19.7
04W723,0407,79,1137,AFD,14.4,13.0,14.7
04W723,0407,79,1137,SPD,13.2,11.5,13.5
04W723,0407,79,1137,LINKE,12.9,12.6,13.2
04W723,0407,79,1137,Sonstige,8.4,8.2,8.5
04W723,0407,79,1137,FDP,4.1,4.0,4.3
04W724,0407,79,1156,CDU,25.1,24.9,25.4
04W724,0407,79,1156,AFD,19.7,19.0,20.0
04W724,0407,79,1156,GRUENE,16.2,16.1,16.4
04W724,0407,79,1156,SPD,14.2,13.7,14.5
04W724,0407,79,1156,LINKE,13.7,13.5,13.8
04W724,0407,79,1156,Sonstige,7.7,7.6,7.8
04W724,0407,79,1156,FDP,3.7,3.6,3.8
04W725,0407,79,1189,GRUENE,20.7,20.6,21.0
04W725,0407,79,1189,CDU,19.6,19.5,19.9
04W725,0407,79,1189,LINKE,17.7,17.5,17.9
04W725,0407,79,1189,AFD,15.9,15.4,16.3
04W725,0407,79,1189,SPD,14.2,12.7,14.5
04W725,0407,79,1189,Sonstige,8.7,8.5,8.8
04W725,0407,79,1189,FDP,3.5,3.4,3.5
04W726,0407,79,1230,CDU,22.3,22.2,22.6
04W726,0407,79,1230,GRUENE,18.4,18.3,18.5
04W726,0407,79,1230,AFD,17.7,17.0,18.0
04W726,0407,79,1230,SPD,15.2,13.6,15.4
04W726,0407,79,1230,LINKE,14.5,14.3,14.6
04W726,0407,79,1230,Sonstige,7.7,7.6,7.9
04W726,0407,79,1230,FDP,4.6,4.4,4.7
04W727,0407,79,1247,CDU,28.3,28.2,28.8
04W727,0407,79,1247,GRUENE,18.2,18.1,18.4
04W727,0407,79,1247,AFD,16.7,16.3,17.1
04W727,0407,79,1247,SPD,14.5,12.6,14.8
04W727,0407,79,1247,LINKE,9.0,8.7,9.2
04W727,0407,79,1247,Sonstige,6.6,6.5,6.8
04W727,0407,79,1247,FDP,5.8,5.6,5.9
04W801,0401,79,982,GRUENE,21.0,20.8,21.2
04W801,0401,79,982,CDU,20.6,20.5,21.0
04W801,0401,79,982,LINKE,19.9,19.6,20.1
04W801,0401,79,982,AFD,15.8,14.5,16.3
04W801,0401,79,982,SPD,14.6,12.5,14.7
04W801,0401,79,982,Sonstige,6.5,6.3,6.6
04W801,0401,79,982,FDP,3.7,3.6,3.8
04W802,0401,79,1082,GRUENE,24.4,24.2,24.6
04W802,0401,79,1082,AFD,18.1,16.2,18.4
04W802,0401,79,1082,CDU,18.0,17.9,18.3
04W802,0401,79,1082,LINKE,16.9,16.7,17.1
04W802,0401,79,1082,Sonstige,11.6,11.5,11.8
04W802,0401,79,1082,SPD,11.3,10.3,11.4
04W802,0401,79,1082,FDP,2.7,2.6,2.8
04W803,0401,79,1151,AFD,19.2,17.7,19.7
04W803,0401,79,1151,GRUENE,19.1,18.9,19.3
04W803,0401,79,1151,LINKE,18.6,18.4,18.8
04W803,0401,79,1151,CDU,16.5,16.3,16.8
04W803,0401,79,1151,SPD,15.3,13.1,15.4
04W803,0401,79,1151,Sonstige,11.2,11.0,11.4
04W803,0401,79,1151,FDP,3.4,3.1,3.5
04W804,0401,79,1071,GRUENE,20.1,19.8,20.5
04W804,0401,79,1071,LINKE,20.0,19.6,20.3
04W804,0401,79,1071,CDU,18.1,18.0,18.4
04W804,0401,79,1071,AFD,17.9,16.2,18.4
04W804,0401,79,1071,Sonstige,11.4,11.2,11.5
04W804,0401,79,1071,SPD,10.8,9.3,11.0
04W804,0401,79,1071,FDP,3.0,2.9,3.2
04W805,0401,79,1169,GRUENE,22.5,22.3,22.8
04W805,0401,79,1169,LINKE,18.5,18.2,18.7
04W805,0401,79,1169,AFD,17.1,15.7,17.5
04W805,0401,79,1169,CDU,16.6,16.5,16.9
04W805,0401,79,1169,SPD,14.6,12.0,14.8
04W805,0401,79,1169,Sonstige,11.0,10.9,11.1
04W805,0401,79,1169,FDP,2.9,2.9,3.0
04W806,0401,79,1227,GRUENE,25.7,25.5,25.9
04W806,0401,79,1227,LINKE,21.1,20.9,21.2
04W806,0401,79,1227,AFD,13.7,12.0,14.2
04W806,0401,79,1227,SPD,13.7,11.9,13.9
04W806,0401,79,1227,CDU,13.6,13.5,13.8
04W806,0401,79,1227,Sonstige,11.3,11.2,11.5
04W806,0401,79,1227,FDP,2.8,2.7,2.9
04W807,0401,79,1130,LINKE,23.4,23.2,23.6
04W807,0401,79,1130,GRUENE,22.9,22.8,23.1
04W807,0401,79,1130,AFD,17.4,15.7,17.8
04W807,0401,79,1130,CDU,15.6,15.5,15.9
04W807,0401,79,1130,Sonstige,11.8,11.7,12.0
04W807,0401,79,1130,SPD,10.3,9.6,10.5
04W807,0401,79,1130,FDP,2.4,2.3,2.6
05W101,0501,77,733,GRUENE,19.4,18.9,19.8
05W101,0501,77,733,CDU,19.1,18.9,19.6
05W101,0501,77,733,SPD,18.5,15.8,19.0
05W101,0501,77,733,AFD,16.3,15.5,17.0
05W101,0501,77,733,LINKE,15.8,15.3,16.0
05W101,0501,77,733,Sonstige,9.7,9.5,10.0
05W101,0501,77,733,FDP,4.1,3.9,4.3
05W102,0501,77,1127,CDU,28.7,28.5,29.3
05W102,0501,77,1127,AFD,24.0,23.1,24.4
05W102,0501,77,1127,GRUENE,13.8,13.5,14.1
05W102,0501,77,1127,SPD,11.4,9.8,11.7
05W102,0501,77,1127,Sonstige,10.8,10.6,10.9
05W102,0501,77,1127,LINKE,8.8,8.4,9.1
05W102,0501,77,1127,FDP,3.4,3.3,3.6
05W103,0501,77,1028,CDU,25.4,25.2,25.7
05W103,0501,77,1028,AFD,21.0,20.2,21.5
05W103,0501,77,1028,GRUENE,15.9,15.6,16.1
05W103,0501,77,1028,SPD,15.1,13.1,15.4
05W103,0501,77,1028,LINKE,12.0,11.7,12.1
05W103,0501,77,1028,Sonstige,9.2,9.1,9.4
05W103,0501,77,1028,FDP,4.3,4.2,4.4
05W104,0501,77,931,AFD,29.6,28.9,30.0
05W104,0501,77,931,CDU,23.7,23.5,24.1
05W104,0501,77,931,Sonstige,14.5,14.4,14.7
05W104,0501,77,931,SPD,13.5,12.4,13.8
05W104,0501,77,931,LINKE,12.6,12.4,12.7
05W104,0501,77,931,GRUENE,8.7,8.6,8.9
05W104,0501,77,931,FDP,2.5,2.5,2.7
05W105,0501,77,1001,CDU,34.5,34.2,35.0
05W105,0501,77,1001,AFD,22.7,21.8,23.2
05W105,0501,77,1001,SPD,14.4,12.8,14.8
05W105,0501,77,1001,GRUENE,12.2,12.0,12.4
05W105,0501,77,1001,LINKE,8.4,8.0,8.6
05W105,0501,77,1001,Sonstige,5.9,5.7,6.0
05W105,0501,77,1001,FDP,4.5,4.3,4.7
05W106,0501,77,1162,CDU,33.2,33.1,33.8
05W106,0501,77,1162,AFD,24.0,23.2,24.6
05W106,0501,77,1162,LINKE,13.1,12.6,13.2
05W106,0501,77,1162,SPD,11.9,11.6,12.2
05W106,0501,77,1162,Sonstige,8.5,8.3,8.8
05W106,0501,77,1162,GRUENE,7.6,7.4,7.8
05W106,0501,77,1162,FDP,3.9,3.8,4.1
05W107,0501,77,804,AFD,29.3,28.6,29.7
05W107,0501,77,804,CDU,29.1,28.9,29.5
05W107,0501,77,804,SPD,13.8,12.5,14.1
05W107,0501,77,804,Sonstige,11.3,11.2,11.5
05W107,0501,77,804,LINKE,10.5,10.2,10.7
05W107,0501,77,804,GRUENE,5.7,5.6,5.9
05W107,0501,77,804,FDP,3.3,3.2,3.5
05W108,0501,77,933,AFD,31.4,30.8,32.0
05W108,0501,77,933,CDU,18.8,18.6,19.2
05W108,0501,77,933,LINKE,14.9,14.4,15.2
05W108,0501,77,933,Sonstige,13.8,13.6,14.0
05W108,0501,77,933,GRUENE,12.8,12.6,13.0
05W108,0501,77,933,SPD,10.0,8.1,10.3
05W108,0501,77,933,FDP,2.2,2.1,2.6
05W109,0501,77,1189,AFD,26.7,25.9,27.2
05W109,0501,77,1189,CDU,25.5,25.2,26.0
05W109,0501,77,1189,SPD,19.7,16.8,20.1
05W109,0501,77,1189,Sonstige,12.3,12.1,12.5
05W109,0501,77,1189,LINKE,10.1,9.8,10.4
05W109,0501,77,1189,GRUENE,5.2,5.0,5.6
05W109,0501,77,1189,FDP,2.2,2.1,2.5
05W110,0501,77,841,AFD,27.7,26.7,28.0
05W110,0501,77,841,CDU,22.7,22.6,23.1
05W110,0501,77,841,LINKE,13.8,13.4,13.9
05W110,0501,77,841,GRUENE,12.4,12.3,12.6
05W110,0501,77,841,Sonstige,12.3,12.2,12.4
05W110,0501,77,841,SPD,11.1,9.9,11.3
05W110,0501,77,841,FDP,3.0,2.9,3.3
05W111,0501,77,1199,CDU,30.9,30.8,31.4
05W111,0501,77,1199,AFD,27.5,27.0,28.1
05W111,0501,77,1199,SPD,13.2,12.1,13.4
05W111,0501,77,1199,LINKE,11.3,11.0,11.4
05W111,0501,77,1199,Sonstige,9.9,9.8,10.1
05W111,0501,77,1199,GRUENE,7.4,7.3,7.7
05W111,0501,77,1199,FDP,3.1,3.1,3.4
05W112,0501,77,1041,AFD,27.5,26.9,28.0
05W112,0501,77,1041,CDU,23.9,23.8,24.2
05W112,0501,77,1041,Sonstige,14.4,14.3,14.5
05W112,0501,77,1041,SPD,13.2,12.2,13.4
05W112,0501,77,1041,LINKE,12.1,12.0,12.3
05W112,0501,77,1041,GRUENE,10.5,10.3,10.6
05W112,0501,77,1041,FDP,2.6,2.5,2.8
05W113,0501,77,983,CDU,29.1,29.0,29.6
05W113,0501,77,983,AFD,25.9,25.3,26.5
05W113,0501,77,983,LINKE,12.0,11.5,12.2
05W113,0501,77,983,GRUENE,12.0,11.9,12.2
05W113,0501,77,983,SPD,11.4,10.6,11.7
05W113,0501,77,983,Sonstige,8.9,8.7,9.0
05W113,0501,77,983,FDP,3.9,3.8,4.0
05W114,0501,77,879,AFD,29.0,28.2,29.4
05W114,0501,77,879,CDU,20.6,20.4,21.0
05W114,0501,77,879,LINKE,15.1,14.7,15.2
05W114,0501,77,879,Sonstige,13.4,13.1,13.6
05W114,0501,77,879,SPD,12.9,12.0,13.1
05W114,0501,77,879,GRUENE,9.6,9.4,9.8
05W114,0501,77,879,FDP,2.9,2.8,3.2
05W115,0501,77,1186,AFD,31.0,30.2,31.4
05W115,0501,77,1186,CDU,22.1,22.0,22.5
05W115,0501,77,1186,Sonstige,14.9,14.7,15.0
05W115,0501,77,1186,LINKE,12.7,12.3,12.9
05W115,0501,77,1186,SPD,11.4,10.6,11.6
05W115,0501,77,1186,GRUENE,9.4,9.3,9.6
05W115,0501,77,1186,FDP,2.6,2.5,3.0
05W116,0501,77,749,AFD,30.7,30.1,31.3
05W116,0501,77,749,CDU,23.6,23.5,24.0
05W116,0501,77,749,SPD,13.2,12.3,13.5
05W116,0501,77,749,LINKE,12.8,12.4,13.0
05W116,0501,77,749,Sonstige,10.9,10.6,11.0
05W116,0501,77,749,GRUENE,7.8,7.7,8.1
05W116,0501,77,749,FDP,2.8,2.7,3.1
05W117,0501,77,957,AFD,35.1,34.4,35.6
05W117,0501,77,957,CDU,21.5,21.4,21.9
05W117,0501,77,957,LINKE,14.8,14.2,15.2
05W117,0501,77,957,Sonstige,13.6,13.5,13.8
05W117,0501,77,957,SPD,11.7,10.4,11.9
05W117,0501,77,957,GRUENE,5.4,5.3,5.6
05W117,0501,77,957,FDP,2.3,2.2,2.6
05W118,0501,77,639,AFD,30.9,30.2,31.5
05W118,0501,77,639,CDU,24.2,24.1,24.7
05W118,0501,77,639,Sonstige,14.9,14.6,15.1
05W118,0501,77,639,LINKE,12.0,11.4,12.2
05W118,0501,77,639,SPD,9.3,8.7,9.6
05W118,0501,77,639,GRUENE,8.2,8.0,8.4
05W118,0501,77,639,FDP,2.7,2.6,3.2
05W119,0501,77,1159,AFD,31.2,30.6,31.8
05W119,0501,77,1159,CDU,23.7,23.5,24.2
05W119,0501,77,1159,Sonstige,14.2,14.0,14.3
05W119,0501,77,1159,SPD,12.8,12.0,13.1
05W119,0501,77,1159,LINKE,10.2,10.0,10.4
05W119,0501,77,1159,GRUENE,8.7,8.5,8.9
05W119,0501,77,1159,FDP,2.0,2.0,2.4
05W120,0501,77,1215,CDU,26.9,26.7,27.3
05W120,0501,77,1215,AFD,26.2,25.3,26.5
05W120,0501,77,1215,SPD,17.6,14.9,17.9
05W120,0501,77,1215,LINKE,13.8,13.3,14.1
05W120,0501,77,1215,Sonstige,8.9,8.8,9.0
05W120,0501,77,1215,GRUENE,5.8,5.6,6.1
05W120,0501,77,1215,FDP,3.2,3.2,3.4
05W121,0501,77,697,CDU,29.0,28.8,29.5
05W121,0501,77,697,AFD,28.2,27.2,28.5
05W121,0501,77,697,LINKE,13.4,12.7,13.7
05W121,0501,77,697,SPD,12.9,11.0,13.2
05W121,0501,77,697,Sonstige,10.9,10.7,11.0
05W121,0501,77,697,GRUENE,6.3,6.1,6.8
05W121,0501,77,697,FDP,2.7,2.6,3.1
05W122,0501,77,843,AFD,33.2,32.6,33.8
05W122,0501,77,843,CDU,31.2,30.9,31.8
05W122,0501,77,843,SPD,13.2,11.8,13.5
05W122,0501,77,843,Sonstige,10.6,10.5,10.8
05W122,0501,77,843,LINKE,10.6,10.1,10.8
05W122,0501,77,843,GRUENE,3.2,3.0,3.5
05W122,0501,77,843,FDP,2.4,2.3,2.8
05W123,0501,77,722,CDU,31.1,30.9,31.6
05W123,0501,77,722,AFD,26.5,25.9,27.0
05W123,0501,77,722,SPD,18.5,16.1,18.8
05W123,0501,77,722,LINKE,12.1,11.5,12.4
05W123,0501,77,722,Sonstige,6.8,6.7,6.9
05W123,0501,77,722,GRUENE,3.9,3.7,4.2
05W123,0501,77,722,FDP,3.1,3.0,3.4
05W124,0501,77,1292,AFD,31.7,31.0,32.3
05W124,0501,77,1292,CDU,25.1,25.0,25.5
05W124,0501,77,1292,SPD,16.0,14.1,16.3
05W124,0501,77,1292,LINKE,10.5,9.8,10.9
05W124,0501,77,1292,Sonstige,10.2,10.1,10.4
05W124,0501,77,1292,GRUENE,4.8,4.6,5.1
05W124,0501,77,1292,FDP,3.0,3.0,3.2
05W125,0501,77,963,AFD,33.6,32.8,34.0
05W125,0501,77,963,CDU,21.7,21.6,22.2
05W125,0501,77,963,LINKE,15.8,15.1,16.1
05W125,0501,77,963,SPD,13.7,12.5,13.9
05W125,0501,77,963,Sonstige,11.5,11.4,11.6
05W125,0501,77,963,GRUENE,4.9,4.7,5.2
05W125,0501,77,963,FDP,2.0,1.9,2.3
05W126,0501,77,1111,AFD,31.4,30.6,31.8
05W126,0501,77,1111,CDU,18.5,18.3,18.9
05W126,0501,77,1111,LINKE,15.4,15.0,15.6
05W126,0501,77,1111,Sonstige,13.2,13.0,13.4
05W126,0501,77,1111,SPD,12.2,11.1,12.4
05W126,0501,77,1111,GRUENE,10.2,10.0,10.4
05W126,0501,77,1111,FDP,1.9,1.8,2.4
05W127,0501,77,894,AFD,30.7,30.0,31.3
05W127,0501,77,894,CDU,20.6,20.5,21.1
05W127,0501,77,894,SPD,17.1,14.4,17.4
05W127,0501,77,894,LINKE,14.6,13.8,15.0
05W127,0501,77,894,Sonstige,9.9,9.8,10.1
05W127,0501,77,894,GRUENE,5.7,5.5,6.1
05W127,0501,77,894,FDP,1.8,1.8,2.3
05W128,0501,77,876,AFD,30.9,30.2,31.9
05W128,0501,77,876,CDU,25.3,24.9,25.9
05W128,0501,77,876,SPD,13.8,13.2,14.1
05W128,0501,77,876,Sonstige,12.5,12.4,12.7
05W128,0501,77,876,LINKE,11.7,11.4,12.0
05W128,0501,77,876,GRUENE,8.1,7.9,8.4
05W128,0501,77,876,FDP,1.8,1.7,2.0
05W129,0501,77,956,AFD,32.1,31.4,32.6
05W129,0501,77,956,CDU,25.5,25.4,26.0
05W129,0501,77,956,SPD,13.4,12.0,13.6
05W129,0501,77,956,LINKE,12.2,11.7,12.5
05W129,0501,77,956,Sonstige,11.2,11.1,11.4
05W129,0501,77,956,GRUENE,6.2,6.1,6.4
05W129,0501,77,956,FDP,2.8,2.8,3.0
05W130,0501,77,1089,AFD,35.9,35.1,36.4
05W130,0501,77,1089,CDU,24.4,24.3,24.8
05W130,0501,77,1089,LINKE,14.7,13.7,15.2
05W130,0501,77,1089,SPD,12.5,10.5,12.8
05W130,0501,77,1089,Sonstige,10.1,9.9,10.3
05W130,0501,77,1089,GRUENE,4.6,4.4,4.9
05W130,0501,77,1089,FDP,2.6,2.5,2.8
05W131,0501,77,599,AFD,23.9,21.8,24.3
05W131,0501,77,599,CDU,23.2,23.1,23.7
05W131,0501,77,599,LINKE,16.8,16.5,17.1
05W131,0501,77,599,GRUENE,16.5,16.3,17.0
05W131,0501,77,599,SPD,12.0,10.0,12.2
05W131,0501,77,599,Sonstige,9.2,9.0,9.3
05W131,0501,77,599,FDP,2.7,2.6,3.0
05W132,0501,77,832,AFD,32.0,31.0,32.6
05W132,0501,77,832,CDU,19.5,19.3,19.9
05W132,0501,77,832,Sonstige,14.9,14.8,15.0
05W132,0501,77,832,LINKE,13.9,13.4,14.2
05W132,0501,77,832,SPD,13.1,12.1,13.4
05W132,0501,77,832,GRUENE,8.7,8.6,9.0
05W132,0501,77,832,FDP,2.1,2.0,2.3
05W133,0501,77,1193,AFD,27.0,26.0,27.5
05W133,0501,77,1193,CDU,24.0,23.8,24.6
05W133,0501,77,1193,LINKE,15.1,14.5,15.4
05W133,0501,77,1193,Sonstige,13.1,12.9,13.3
05W133,0501,77,1193,SPD,11.2,10.0,11.5
05W133,0501,77,1193,GRUENE,7.7,7.4,8.1
05W133,0501,77,1193,FDP,2.5,2.4,2.9
05W134,0501,77,623,AFD,26.6,25.9,27.2
05W134,0501,77,623,CDU,24.9,24.7,25.4
05W134,0501,77,623,SPD,14.5,12.8,14.8
05W134,0501,77,623,LINKE,13.3,12.9,13.6
05W134,0501,77,623,Sonstige,12.4,12.3,12.6
05W134,0501,77,623,GRUENE,9.2,9.0,9.7
05W134,0501,77,623,FDP,1.9,1.9,2.3
05W135,0501,77,328,AFD,26.7,25.8,27.5
05W135,0501,77,328,CDU,23.9,23.7,24.4
05W135,0501,77,328,Sonstige,14.5,14.3,14.7
05W135,0501,77,328,LINKE,12.2,11.8,12.6
05W135,0501,77,328,GRUENE,10.7,10.5,11.0
05W135,0501,77,328,SPD,10.3,9.7,10.6
05W135,0501,77,328,FDP,2.5,2.4,2.9
05W136,0501,77,330,CDU,29.3,29.2,29.9
05W136,0501,77,330,AFD,26.4,25.7,27.0
05W136,0501,77,330,LINKE,12.7,12.2,13.1
05W136,0501,77,330,SPD,11.6,11.1,11.9
05W136,0501,77,330,Sonstige,10.8,10.6,11.0
05W136,0501,77,330,GRUENE,8.4,8.1,8.8
05W136,0501,77,330,FDP,2.9,2.9,3.1
05W137,0501,77,496,AFD,28.5,27.8,29.1
05W137,0501,77,496,CDU,24.4,24.2,24.9
05W137,0501,77,496,Sonstige,14.6,14.5,14.8
05W137,0501,77,496,LINKE,12.8,12.3,13.0
05W137,0501,77,496,GRUENE,9.5,9.3,9.7
05W137,0501,77,496,SPD,7.7,7.4,8.6
05W137,0501,77,496,FDP,2.4,2.3,2.9
05W138,0501,77,31,CDU,24.8,24.6,25.4
05W138,0501,77,31,AFD,24.8,23.5,25.4
05W138,0501,77,31,Sonstige,14.3,14.1,14.5
05W138,0501,77,31,GRUENE,12.8,12.5,13.3
05W138,0501,77,31,LINKE,12.4,11.7,12.9
05W138,0501,77,31,SPD,7.3,6.8,8.2
05W138,0501,77,31,FDP,2.7,2.6,3.0
05W201,0502,77,1199,AFD,30.2,29.5,31.1
05W201,0502,77,1199,CDU,27.2,27.0,27.7
05W201,0502,77,1199,SPD,14.5,12.9,14.9
05W201,0502,77,1199,LINKE,13.0,12.6,13.2
05W201,0502,77,1199,Sonstige,9.2,9.1,9.3
05W201,0502,77,1199,GRUENE,7.1,6.9,7.4
05W201,0502,77,1199,FDP,2.6,2.5,2.9
05W202,0502,77,1080,AFD,33.2,32.3,34.1
05W202,0502,77,1080,CDU,23.2,23.0,23.6
05W202,0502,77,1080,SPD,14.7,12.1,15.0
05W202,0502,77,1080,Sonstige,12.4,12.2,12.6
05W202,0502,77,1080,LINKE,11.9,11.2,12.3
05W202,0502,77,1080,GRUENE,4.9,4.6,5.2
05W202,0502,77,1080,FDP,2.5,2.4,2.7
05W203,0502,77,1166,AFD,30.4,29.7,31.1
05W203,0502,77,1166,CDU,21.0,20.9,21.4
05W203,0502,77,1166,SPD,15.5,13.4,15.8
05W203,0502,77,1166,LINKE,14.9,14.3,15.1
05W203,0502,77,1166,Sonstige,11.8,11.7,12.0
05W203,0502,77,1166,GRUENE,7.2,7.0,7.4
05W203,0502,77,1166,FDP,2.3,2.2,2.6
05W204,0502,77,885,AFD,33.3,32.4,33.9
05W204,0502,77,885,CDU,16.4,16.3,16.8
05W204,0502,77,885,Sonstige,16.4,16.2,16.6
05W204,0502,77,885,LINKE,14.5,13.9,14.7
05W204,0502,77,885,SPD,11.2,10.2,11.6
05W204,0502,77,885,GRUENE,8.4,8.3,8.6
05W204,0502,77,885,FDP,1.8,1.7,2.1
05W205,0502,77,984,AFD,28.9,28.1,29.7
05W205,0502,77,984,CDU,22.3,22.2,22.7
05W205,0502,77,984,Sonstige,15.2,15.1,15.4
05W205,0502,77,984,SPD,13.5,11.9,13.8
05W205,0502,77,984,LINKE,11.4,11.1,11.7
05W205,0502,77,984,GRUENE,8.9,8.7,9.1
05W205,0502,77,984,FDP,2.5,2.4,2.7
05W206,0502,77,666,AFD,25.3,24.3,25.9
05W206,0502,77,666,CDU,23.3,23.1,23.8
05W206,0502,77,666,GRUENE,14.0,13.7,14.3
05W206,0502,77,666,LINKE,13.6,13.2,13.9
05W206,0502,77,666,SPD,12.5,10.9,12.8
05W206,0502,77,666,Sonstige,10.4,10.3,10.6
05W206,0502,77,666,FDP,2.8,2.7,2.9
05W207,0502,77,1003,AFD,34.8,33.9,35.8
05W207,0502,77,1003,CDU,21.3,21.2,21.8
05W207,0502,77,1003,SPD,13.6,10.8,14.0
05W207,0502,77,1003,LINKE,13.6,12.6,14.2
05W207,0502,77,1003,Sonstige,13.6,13.4,13.7
05W207,0502,77,1003,GRUENE,3.0,2.7,3.4
05W207,0502,77,1003,FDP,1.8,1.7,2.1
05W208,0502,77,1168,AFD,30.5,29.2,31.0
05W208,0502,77,1168,LINKE,19.2,18.8,19.4
05W208,0502,77,1168,Sonstige,15.7,15.5,15.9
05W208,0502,77,1168,CDU,15.5,15.4,15.8
05W208,0502,77,1168,SPD,12.8,11.3,13.1
05W208,0502,77,1168,GRUENE,9.7,9.5,9.9
05W208,0502,77,1168,FDP,2.1,2.1,2.4
05W209,0502,77,974,AFD,28.5,27.8,29.3
05W209,0502,77,974,CDU,22.9,22.8,23.4
05W209,0502,77,974,LINKE,13.5,13.1,13.7
05W209,0502,77,974,SPD,13.4,12.6,13.7
05W209,0502,77,974,Sonstige,12.1,12.0,12.2
05W209,0502,77,974,GRUENE,9.0,8.9,9.1
05W209,0502,77,974,FDP,2.9,2.9,3.1
05W210,0502,77,887,AFD,28.6,27.5,29.1
05W210,0502,77,887,CDU,17.9,17.8,18.3
05W210,0502,77,887,Sonstige,16.5,16.4,16.8
05W210,0502,77,887,LINKE,13.5,13.0,13.7
05W210,0502,77,887,GRUENE,13.0,12.8,13.2
05W210,0502,77,887,SPD,11.7,10.5,12.1
05W210,0502,77,887,FDP,1.5,1.4,2.0
05W211,0502,77,764,AFD,28.1,27.4,28.9
05W211,0502,77,764,CDU,23.7,23.6,24.2
05W211,0502,77,764,SPD,15.9,14.0,16.2
05W211,0502,77,764,LINKE,13.4,13.0,13.7
05W211,0502,77,764,Sonstige,9.2,9.1,9.3
05W211,0502,77,764,GRUENE,9.0,8.9,9.2
05W211,0502,77,764,FDP,2.8,2.8,3.1
05W212,0502,77,866,AFD,30.1,29.3,30.8
05W212,0502,77,866,CDU,25.1,24.9,25.5
05W212,0502,77,866,LINKE,15.1,14.6,15.5
05W212,0502,77,866,SPD,13.4,11.6,13.7
05W212,0502,77,866,Sonstige,10.8,10.7,10.9
05W212,0502,77,866,GRUENE,7.1,6.9,7.4
05W212,0502,77,866,FDP,2.6,2.6,2.9
05W213,0502,77,968,CDU,32.5,32.4,33.0
05W213,0502,77,968,AFD,22.2,21.4,23.0
05W213,0502,77,968,SPD,15.8,13.6,16.1
05W213,0502,77,968,LINKE,11.2,10.8,11.4
05W213,0502,77,968,GRUENE,9.4,9.3,9.7
05W213,0502,77,968,Sonstige,7.1,7.0,7.2
05W213,0502,77,968,FDP,4.1,4.0,4.2
05W214,0502,77,1153,AFD,33.1,32.3,34.2
05W214,0502,77,1153,CDU,25.7,25.6,26.2
05W214,0502,77,1153,SPD,13.9,11.2,14.3
05W214,0502,77,1153,Sonstige,12.3,12.2,12.5
05W214,0502,77,1153,LINKE,12.2,11.2,12.7
05W214,0502,77,1153,GRUENE,2.9,2.6,3.3
05W214,0502,77,1153,FDP,2.4,2.3,2.7
05W215,0502,77,1024,AFD,33.0,32.2,33.6
05W215,0502,77,1024,CDU,18.2,18.0,18.6
05W215,0502,77,1024,Sonstige,15.3,15.1,15.6
05W215,0502,77,1024,LINKE,14.8,14.5,15.0
05W215,0502,77,1024,SPD,11.7,11.1,12.0
05W215,0502,77,1024,GRUENE,7.7,7.5,7.9
05W215,0502,77,1024,FDP,1.3,1.2,1.8
05W216,0502,77,940,AFD,31.9,31.1,32.6
05W216,0502,77,940,CDU,22.8,22.6,23.2
05W216,0502,77,940,Sonstige,12.4,12.2,12.5
05W216,0502,77,940,SPD,12.2,11.0,12.6
05W216,0502,77,940,LINKE,12.1,11.7,12.3
05W216,0502,77,940,GRUENE,9.1,9.0,9.3
05W216,0502,77,940,FDP,2.6,2.5,2.9
05W217,0502,77,705,AFD,31.5,30.7,32.1
05W217,0502,77,705,CDU,28.7,28.6,29.3
05W217,0502,77,705,LINKE,13.6,13.2,13.7
05W217,0502,77,705,Sonstige,12.6,12.4,12.7
05W217,0502,77,705,SPD,11.8,11.0,12.1
05W217,0502,77,705,GRUENE,5.7,5.5,5.9
05W217,0502,77,705,FDP,2.8,2.8,3.0
05W218,0502,77,940,AFD,26.6,25.2,27.0
05W218,0502,77,940,CDU,18.7,18.6,19.1
05W218,0502,77,940,LINKE,18.1,17.7,18.2
05W218,0502,77,940,SPD,14.1,12.5,14.5
05W218,0502,77,940,Sonstige,12.4,12.3,12.6
05W218,0502,77,940,GRUENE,11.6,11.4,11.8
05W218,0502,77,940,FDP,2.8,2.8,3.0
05W219,0502,77,1196,AFD,26.4,25.6,27.2
05W219,0502,77,1196,CDU,20.0,19.9,20.3
05W219,0502,77,1196,SPD,15.3,12.8,15.6
05W219,0502,77,1196,LINKE,13.8,13.4,14.1
05W219,0502,77,1196,GRUENE,12.1,12.0,12.4
05W219,0502,77,1196,Sonstige,11.6,11.4,11.7
05W219,0502,77,1196,FDP,2.6,2.5,3.0
05W220,0502,77,994,AFD,28.3,27.4,29.0
05W220,0502,77,994,CDU,27.8,27.7,28.3
05W220,0502,77,994,SPD,13.8,12.0,14.2
05W220,0502,77,994,LINKE,13.0,12.6,13.2
05W220,0502,77,994,Sonstige,10.0,10.0,10.1
05W220,0502,77,994,GRUENE,7.7,7.6,8.0
05W220,0502,77,994,FDP,2.8,2.8,3.1
05W221,0502,77,790,AFD,27.2,26.4,28.1
05W221,0502,77,790,CDU,20.4,20.3,20.7
05W221,0502,77,790,SPD,15.4,12.2,15.8
05W221,0502,77,790,LINKE,13.8,13.5,14.0
05W221,0502,77,790,GRUENE,13.0,12.9,13.3
05W221,0502,77,790,Sonstige,11.1,11.0,11.1
05W221,0502,77,790,FDP,3.0,2.9,3.2
05W222,0502,77,850,CDU,25.3,25.2,25.8
05W222,0502,77,850,AFD,24.4,23.2,25.0
05W222,0502,77,850,LINKE,14.8,14.4,15.1
05W222,0502,77,850,SPD,13.6,11.2,13.9
05W222,0502,77,850,GRUENE,11.9,11.8,12.3
05W222,0502,77,850,Sonstige,10.0,9.8,10.2
05W222,0502,77,850,FDP,3.7,3.6,3.9
05W223,0502,77,1021,AFD,32.2,31.4,33.0
05W223,0502,77,1021,CDU,18.4,18.3,18.8
05W223,0502,77,1021,SPD,15.1,13.4,15.5
05W223,0502,77,1021,Sonstige,14.0,13.8,14.2
05W223,0502,77,1021,LINKE,12.2,11.8,12.4
05W223,0502,77,1021,GRUENE,8.1,8.0,8.4
05W223,0502,77,1021,FDP,2.8,2.6,2.9
05W224,0502,77,870,AFD,31.1,30.4,31.8
05W224,0502,77,870,CDU,19.1,19.0,19.5
05W224,0502,77,870,LINKE,15.6,15.0,15.8
05W224,0502,77,870,Sonstige,13.3,13.0,13.5
05W224,0502,77,870,SPD,12.3,11.7,12.6
05W224,0502,77,870,GRUENE,9.1,8.9,9.3
05W224,0502,77,870,FDP,2.9,2.8,3.0
05W225,0502,77,934,AFD,33.4,31.8,33.8
05W225,0502,77,934,LINKE,18.6,18.2,18.7
05W225,0502,77,934,CDU,16.4,16.3,16.7
05W225,0502,77,934,Sonstige,15.8,15.6,16.0
05W225,0502,77,934,SPD,12.1,10.6,12.4
05W225,0502,77,934,GRUENE,8.3,8.2,8.5
05W225,0502,77,934,FDP,2.4,2.3,2.7
05W226,0502,77,1004,CDU,25.3,25.2,25.8
05W226,0502,77,1004,AFD,24.7,23.6,25.2
05W226,0502,77,1004,LINKE,14.7,14.5,14.9
05W226,0502,77,1004,GRUENE,13.0,12.9,13.2
05W226,0502,77,1004,SPD,12.4,10.8,12.7
05W226,0502,77,1004,Sonstige,11.7,11.5,11.8
05W226,0502,77,1004,FDP,2.8,2.8,3.2
05W227,0502,77,1231,AFD,27.1,26.2,27.9
05W227,0502,77,1231,CDU,24.4,24.2,24.8
05W227,0502,77,1231,LINKE,16.9,16.5,17.2
05W227,0502,77,1231,SPD,16.8,14.2,17.1
05W227,0502,77,1231,Sonstige,11.6,11.5,11.7
05W227,0502,77,1231,GRUENE,6.1,5.9,6.5
05W227,0502,77,1231,FDP,1.9,1.8,2.1
05W228,0502,77,705,CDU,36.1,35.8,36.7
05W228,0502,77,705,AFD,26.0,25.2,26.8
05W228,0502,77,705,SPD,13.1,12.6,13.3
05W228,0502,77,705,LINKE,12.3,12.1,12.5
05W228,0502,77,705,Sonstige,9.2,9.0,9.3
05W228,0502,77,705,GRUENE,5.5,5.4,5.9
05W228,0502,77,705,FDP,3.0,2.9,3.4
05W229,0502,77,951,AFD,37.2,36.3,37.8
05W229,0502,77,951,CDU,23.8,23.7,24.3
05W229,0502,77,951,LINKE,16.1,15.6,16.3
05W229,0502,77,951,Sonstige,12.0,11.8,12.2
05W229,0502,77,951,SPD,9.5,9.0,9.8
05W229,0502,77,951,GRUENE,5.9,5.7,6.2
05W229,0502,77,951,FDP,1.4,1.3,1.8
05W230,0502,77,623,AFD,29.2,28.6,30.2
05W230,0502,77,623,CDU,23.4,23.3,23.8
05W230,0502,77,623,LINKE,15.1,14.5,15.3
05W230,0502,77,623,Sonstige,12.7,12.6,12.8
05W230,0502,77,623,GRUENE,10.4,10.2,10.6
05W230,0502,77,623,SPD,10.4,9.7,10.8
05W230,0502,77,623,FDP,2.7,2.7,3.0
05W301,0503,77,1158,AFD,27.8,27.2,28.2
05W301,0503,77,1158,CDU,27.4,27.3,27.9
05W301,0503,77,1158,SPD,15.2,13.3,15.5
05W301,0503,77,1158,Sonstige,11.6,11.4,11.9
05W301,0503,77,1158,LINKE,10.7,10.3,10.8
05W301,0503,77,1158,GRUENE,5.7,5.6,6.0
05W301,0503,77,1158,FDP,2.9,2.8,3.2
05W302,0503,77,891,AFD,27.5,26.9,28.3
05W302,0503,77,891,CDU,26.8,26.6,27.2
05W302,0503,77,891,SPD,17.0,14.1,17.3
05W302,0503,77,891,LINKE,12.5,12.0,12.9
05W302,0503,77,891,Sonstige,11.8,11.7,12.1
05W302,0503,77,891,GRUENE,5.5,5.2,5.9
05W302,0503,77,891,FDP,2.2,2.2,2.6
05W303,0503,77,1094,AFD,26.2,25.6,26.5
05W303,0503,77,1094,CDU,23.4,23.3,23.8
05W303,0503,77,1094,LINKE,14.3,14.0,14.4
05W303,0503,77,1094,SPD,13.7,12.3,13.9
05W303,0503,77,1094,GRUENE,11.6,11.5,11.9
05W303,0503,77,1094,Sonstige,11.0,10.9,11.2
05W303,0503,77,1094,FDP,3.3,3.2,3.5
05W304,0503,77,777,CDU,31.5,31.3,32.0
05W304,0503,77,777,AFD,21.4,20.7,22.1
05W304,0503,77,777,SPD,16.8,14.8,17.1
05W304,0503,77,777,LINKE,11.6,11.0,12.1
05W304,0503,77,777,GRUENE,8.0,7.8,8.4
05W304,0503,77,777,Sonstige,6.8,6.7,7.0
05W304,0503,77,777,FDP,3.5,3.4,3.6
05W305,0503,77,1163,CDU,25.9,25.7,26.4
05W305,0503,77,1163,AFD,25.9,25.2,26.4
05W305,0503,77,1163,LINKE,16.3,15.7,16.7
05W305,0503,77,1163,SPD,13.6,12.0,13.8
05W305,0503,77,1163,Sonstige,10.4,10.3,10.7
05W305,0503,77,1163,GRUENE,8.5,8.2,9.0
05W305,0503,77,1163,FDP,2.4,2.3,2.6
05W306,0503,77,811,CDU,30.7,30.5,31.2
05W306,0503,77,811,AFD,22.6,22.0,23.0
05W306,0503,77,811,SPD,13.2,12.2,13.4
05W306,0503,77,811,Sonstige,11.9,11.8,12.3
05W306,0503,77,811,LINKE,11.7,11.5,11.9
05W306,0503,77,811,GRUENE,10.8,10.6,11.1
05W306,0503,77,811,FDP,2.3,2.2,2.7
05W307,0503,77,1233,AFD,35.4,34.7,36.0
05W307,0503,77,1233,CDU,23.0,22.9,23.5
05W307,0503,77,1233,LINKE,14.7,14.2,15.0
05W307,0503,77,1233,Sonstige,13.2,13.1,13.6
05W307,0503,77,1233,SPD,10.1,8.8,10.4
05W307,0503,77,1233,GRUENE,7.1,6.9,7.6
05W307,0503,77,1233,FDP,2.0,1.9,2.3
05W308,0503,77,1149,AFD,29.8,29.3,30.3
05W308,0503,77,1149,CDU,25.2,25.1,25.6
05W308,0503,77,1149,SPD,14.1,12.3,14.4
05W308,0503,77,1149,LINKE,11.9,11.5,12.1
05W308,0503,77,1149,Sonstige,11.4,11.3,11.7
05W308,0503,77,1149,GRUENE,7.7,7.6,7.9
05W308,0503,77,1149,FDP,2.6,2.5,2.9
05W309,0503,77,1188,CDU,26.9,26.7,27.5
05W309,0503,77,1188,AFD,26.0,25.3,26.4
05W309,0503,77,1188,SPD,14.8,12.8,15.1
05W309,0503,77,1188,Sonstige,12.7,12.6,13.0
05W309,0503,77,1188,LINKE,11.4,10.9,11.8
05W309,0503,77,1188,GRUENE,6.1,5.9,6.5
05W309,0503,77,1188,FDP,2.1,2.0,2.5
05W310,0503,77,1139,AFD,28.3,27.7,28.8
05W310,0503,77,1139,CDU,18.6,18.5,19.0
05W310,0503,77,1139,LINKE,15.5,15.0,15.7
05W310,0503,77,1139,Sonstige,13.9,13.8,14.2
05W310,0503,77,1139,GRUENE,12.2,12.1,12.4
05W310,0503,77,1139,SPD,10.1,9.4,10.4
05W310,0503,77,1139,FDP,2.5,2.4,2.8
05W311,0503,77,1100,AFD,23.5,22.7,23.8
05W311,0503,77,1100,CDU,19.4,19.3,19.8
05W311,0503,77,1100,LINKE,17.2,17.0,17.4
05W311,0503,77,1100,GRUENE,14.8,14.6,15.0
05W311,0503,77,1100,SPD,14.5,12.3,14.7
05W311,0503,77,1100,Sonstige,10.8,10.7,11.1
05W311,0503,77,1100,FDP,2.8,2.7,3.2
05W312,0503,77,771,AFD,27.0,26.3,27.3
05W312,0503,77,771,CDU,22.5,22.3,22.8
05W312,0503,77,771,LINKE,15.4,15.2,15.6
05W312,0503,77,771,Sonstige,12.5,12.4,12.8
05W312,0503,77,771,SPD,12.2,11.1,12.4
05W312,0503,77,771,GRUENE,11.3,11.2,11.5
05W312,0503,77,771,FDP,2.6,2.6,2.9
05W313,0503,77,985,AFD,28.8,28.0,29.1
05W313,0503,77,985,CDU,21.0,20.8,21.4
05W313,0503,77,985,LINKE,16.1,15.5,16.3
05W313,0503,77,985,Sonstige,12.0,11.8,12.2
05W313,0503,77,985,SPD,11.8,10.9,12.2
05W313,0503,77,985,GRUENE,9.6,9.5,9.8
05W313,0503,77,985,FDP,2.9,2.9,3.2
05W314,0503,77,1160,AFD,27.6,27.0,28.0
05W314,0503,77,1160,CDU,20.6,20.5,21.0
05W314,0503,77,1160,LINKE,14.9,14.5,15.1
05W314,0503,77,1160,SPD,13.3,11.8,13.6
05W314,0503,77,1160,Sonstige,11.5,11.3,11.7
05W314,0503,77,1160,GRUENE,10.3,10.2,10.5
05W314,0503,77,1160,FDP,3.1,3.0,3.4
05W315,0503,77,1125,CDU,22.4,22.3,22.8
05W315,0503,77,1125,GRUENE,20.1,19.9,20.3
05W315,0503,77,1125,AFD,17.6,16.8,18.0
05W315,0503,77,1125,SPD,14.2,12.2,14.4
05W315,0503,77,1125,LINKE,13.1,12.9,13.2
05W315,0503,77,1125,Sonstige,10.5,10.4,10.8
05W315,0503,77,1125,FDP,3.4,3.3,3.6
05W316,0503,77,1253,AFD,28.6,27.9,29.1
05W316,0503,77,1253,CDU,19.8,19.7,20.2
05W316,0503,77,1253,Sonstige,15.2,15.0,15.5
05W316,0503,77,1253,LINKE,13.9,13.6,14.1
05W316,0503,77,1253,SPD,10.8,10.3,11.1
05W316,0503,77,1253,GRUENE,10.1,10.0,10.3
05W316,0503,77,1253,FDP,2.9,2.8,3.2
05W317,0503,77,1055,AFD,30.8,30.2,31.6
05W317,0503,77,1055,CDU,24.2,24.0,24.7
05W317,0503,77,1055,LINKE,13.7,13.2,14.1
05W317,0503,77,1055,SPD,11.5,10.4,11.8
05W317,0503,77,1055,Sonstige,11.0,10.9,11.3
05W317,0503,77,1055,GRUENE,9.4,9.2,9.7
05W317,0503,77,1055,FDP,2.4,2.3,2.6
05W318,0503,77,1144,AFD,25.4,24.5,25.6
05W318,0503,77,1144,CDU,22.0,21.9,22.5
05W318,0503,77,1144,LINKE,17.2,17.0,17.4
05W318,0503,77,1144,SPD,13.5,12.2,13.7
05W318,0503,77,1144,GRUENE,13.3,13.2,13.5
05W318,0503,77,1144,Sonstige,11.0,10.9,11.3
05W318,0503,77,1144,FDP,2.1,2.0,2.4
05W319,0503,77,641,AFD,25.8,25.2,26.6
05W319,0503,77,641,CDU,22.8,22.6,23.2
05W319,0503,77,641,SPD,19.0,16.4,19.3
05W319,0503,77,641,LINKE,14.8,14.3,15.2
05W319,0503,77,641,Sonstige,12.0,11.8,12.3
05W319,0503,77,641,GRUENE,5.3,5.0,5.8
05W319,0503,77,641,FDP,2.1,2.1,2.3
05W320,0503,77,916,AFD,33.5,32.9,34.0
05W320,0503,77,916,CDU,22.8,22.6,23.2
05W320,0503,77,916,LINKE,14.1,13.4,14.5
05W320,0503,77,916,SPD,12.4,11.3,12.7
05W320,0503,77,916,Sonstige,11.6,11.5,11.9
05W320,0503,77,916,GRUENE,4.8,4.6,5.1
05W320,0503,77,916,FDP,2.2,2.1,2.6
05W321,0503,77,1104,AFD,26.1,25.5,26.5
05W321,0503,77,1104,CDU,22.4,22.3,22.8
05W321,0503,77,1104,LINKE,13.6,13.4,13.8
05W321,0503,77,1104,Sonstige,13.6,13.5,13.9
05W321,0503,77,1104,GRUENE,12.9,12.8,13.1
05W321,0503,77,1104,SPD,12.1,11.2,12.3
05W321,0503,77,1104,FDP,2.1,2.0,2.5
05W322,0503,77,1064,AFD,26.6,26.1,27.0
05W322,0503,77,1064,CDU,23.3,23.2,23.8
05W322,0503,77,1064,LINKE,15.4,15.1,15.6
05W322,0503,77,1064,Sonstige,13.1,13.0,13.4
05W322,0503,77,1064,SPD,10.8,10.5,11.0
05W322,0503,77,1064,GRUENE,10.8,10.6,11.0
05W322,0503,77,1064,FDP,2.6,2.5,2.9
05W323,0503,77,836,CDU,28.6,28.4,29.2
05W323,0503,77,836,AFD,17.0,16.3,17.7
05W323,0503,77,836,LINKE,14.5,14.1,14.8
05W323,0503,77,836,GRUENE,13.5,13.2,14.0
05W323,0503,77,836,SPD,13.0,11.3,13.3
05W323,0503,77,836,Sonstige,11.5,11.2,11.8
05W323,0503,77,836,FDP,2.1,2.0,2.5
05W324,0503,77,765,AFD,28.7,28.0,29.0
05W324,0503,77,765,CDU,21.5,21.3,21.9
05W324,0503,77,765,LINKE,16.8,16.5,17.0
05W324,0503,77,765,Sonstige,13.4,13.3,13.7
05W324,0503,77,765,SPD,13.0,11.5,13.2
05W324,0503,77,765,GRUENE,8.8,8.7,9.1
05W324,0503,77,765,FDP,3.1,3.0,3.2
05W325,0503,77,1212,CDU,21.4,21.3,21.7
05W325,0503,77,1212,AFD,21.0,20.4,21.4
05W325,0503,77,1212,LINKE,17.1,16.9,17.2
05W325,0503,77,1212,GRUENE,15.2,15.1,15.5
05W325,0503,77,1212,SPD,13.4,11.8,13.6
05W325,0503,77,1212,Sonstige,11.9,11.8,12.2
05W325,0503,77,1212,FDP,2.8,2.7,3.0
05W326,0503,77,1063,CDU,26.5,26.2,27.0
05W326,0503,77,1063,AFD,26.3,25.7,26.8
05W326,0503,77,1063,SPD,16.7,14.9,17.1
05W326,0503,77,1063,Sonstige,13.0,12.9,13.3
05W326,0503,77,1063,LINKE,9.4,9.1,9.7
05W326,0503,77,1063,GRUENE,6.7,6.5,7.0
05W326,0503,77,1063,FDP,2.1,2.1,2.4
05W327,0503,77,1039,CDU,21.6,21.5,22.1
05W327,0503,77,1039,AFD,21.5,20.8,21.9
05W327,0503,77,1039,LINKE,17.2,16.9,17.4
05W327,0503,77,1039,GRUENE,15.3,15.1,15.6
05W327,0503,77,1039,Sonstige,12.3,12.2,12.6
05W327,0503,77,1039,SPD,12.2,10.7,12.4
05W327,0503,77,1039,FDP,3.1,3.0,3.2
05W328,0503,77,1191,AFD,22.0,21.4,22.5
05W328,0503,77,1191,CDU,21.3,21.2,21.7
05W328,0503,77,1191,LINKE,15.6,15.3,15.9
05W328,0503,77,1191,SPD,14.4,12.0,14.7
05W328,0503,77,1191,GRUENE,13.8,13.7,14.1
05W328,0503,77,1191,Sonstige,11.3,11.2,11.5
05W328,0503,77,1191,FDP,2.8,2.8,3.1
05W329,0503,77,933,AFD,19.9,19.4,20.4
05W329,0503,77,933,CDU,19.8,19.7,20.2
05W329,0503,77,933,LINKE,17.7,17.4,17.9
05W329,0503,77,933,GRUENE,15.6,15.5,15.8
05W329,0503,77,933,SPD,12.8,11.5,13.1
05W329,0503,77,933,Sonstige,12.1,11.9,12.4
05W329,0503,77,933,FDP,2.7,2.6,2.9
05W330,0503,77,705,AFD,24.6,23.7,25.1
05W330,0503,77,705,CDU,18.3,18.1,18.8
05W330,0503,77,705,LINKE,17.5,16.9,17.8
05W330,0503,77,705,Sonstige,15.5,15.3,15.9
05W330,0503,77,705,GRUENE,12.2,11.9,12.6
05W330,0503,77,705,SPD,10.2,8.6,10.5
05W330,0503,77,705,FDP,2.4,2.2,2.8
05W331,0503,77,562,CDU,23.4,23.2,23.9
05W331,0503,77,562,AFD,19.5,18.7,20.3
05W331,0503,77,562,LINKE,15.6,14.8,16.1
05W331,0503,77,562,SPD,14.6,11.6,15.0
05W331,0503,77,562,Sonstige,10.7,10.6,11.0
05W331,0503,77,562,GRUENE,10.7,10.4,11.3
05W331,0503,77,562,FDP,3.1,2.9,3.5
05W332,0503,77,387,CDU,23.0,22.8,23.7
05W332,0503,77,387,GRUENE,17.5,17.2,17.9
05W332,0503,77,387,Sonstige,16.7,16.3,17.1
05W332,0503,77,387,AFD,15.7,15.0,16.3
05W332,0503,77,387,LINKE,12.4,12.0,12.7
05W332,0503,77,387,SPD,11.1,9.7,11.4
05W332,0503,77,387,FDP,2.0,1.9,2.5
05W333,0503,77,732,AFD,21.6,20.8,22.0
05W333,0503,77,732,CDU,21.3,21.1,21.8
05W333,0503,77,732,LINKE,18.7,18.2,19.0
05W333,0503,77,732,Sonstige,14.2,14.0,14.5
05W333,0503,77,732,SPD,11.5,10.4,11.9
05W333,0503,77,732,GRUENE,10.3,10.0,10.8
05W333,0503,77,732,FDP,2.2,2.1,2.6
05W334,0503,77,0,CDU,28.2,28.1,28.7
05W334,0503,77,0,AFD,26.0,25.2,27.0
05W334,0503,77,0,SPD,15.7,13.7,16.0
05W334,0503,77,0,LINKE,11.8,11.4,12.0
05W334,0503,77,0,Sonstige,8.9,8.8,9.2
05W334,0503,77,0,GRUENE,8.2,8.1,8.5
05W334,0503,77,0,FDP,3.1,3.0,3.3
05W335,0503,77,0,AFD,26.3,25.7,27.0
05W335,0503,77,0,CDU,24.9,24.8,25.4
05W335,0503,77,0,SPD,14.2,12.7,14.5
05W335,0503,77,0,LINKE,13.5,13.1,13.7
05W335,0503,77,0,Sonstige,11.6,11.6,11.9
05W335,0503,77,0,GRUENE,8.5,8.4,8.8
05W335,0503,77,0,FDP,2.7,2.7,2.9
05W336,0503,77,117,CDU,31.9,31.7,32.6
05W336,0503,77,117,AFD,20.1,19.2,20.9
05W336,0503,77,117,SPD,15.6,14.9,15.9
05W336,0503,77,117,LINKE,13.9,13.2,14.2
05W336,0503,77,117,GRUENE,8.1,7.8,8.6
05W336,0503,77,117,Sonstige,6.2,6.0,6.6
05W336,0503,77,117,FDP,3.1,3.0,3.3
05W401,0504,77,1075,CDU,32.2,32.0,32.8
05W401,0504,77,1075,AFD,25.6,25.0,26.2
05W401,0504,77,1075,SPD,12.7,12.5,13.0
05W401,0504,77,1075,LINKE,11.4,11.2,11.6
05W401,0504,77,1075,Sonstige,10.2,10.1,10.3
05W401,0504,77,1075,GRUENE,6.8,6.6,7.1
05W401,0504,77,1075,FDP,2.5,2.5,2.9
05W402,0504,77,701,CDU,30.7,30.5,31.2
05W402,0504,77,701,AFD,20.9,20.5,21.6
05W402,0504,77,701,SPD,15.7,14.2,16.0
05W402,0504,77,701,GRUENE,11.7,11.6,12.0
05W402,0504,77,701,LINKE,9.4,9.1,9.6
05W402,0504,77,701,Sonstige,7.8,7.7,7.9
05W402,0504,77,701,FDP,3.5,3.4,3.7
05W403,0504,77,933,CDU,33.8,33.6,34.3
05W403,0504,77,933,AFD,19.7,19.3,20.3
05W403,0504,77,933,SPD,17.5,15.5,17.8
05W403,0504,77,933,LINKE,8.8,8.4,9.1
05W403,0504,77,933,GRUENE,8.1,7.9,8.4
05W403,0504,77,933,Sonstige,7.5,7.3,7.5
05W403,0504,77,933,FDP,4.2,4.1,4.3
05W404,0504,77,1015,CDU,28.5,28.4,29.0
05W404,0504,77,1015,AFD,23.4,23.0,23.9
05W404,0504,77,1015,GRUENE,12.1,12.0,12.3
05W404,0504,77,1015,LINKE,12.1,11.7,12.2
05W404,0504,77,1015,SPD,11.3,11.1,11.7
05W404,0504,77,1015,Sonstige,9.7,9.6,9.9
05W404,0504,77,1015,FDP,3.5,3.4,3.6
05W405,0504,77,1055,CDU,32.4,32.2,33.0
05W405,0504,77,1055,AFD,25.4,24.9,25.9
05W405,0504,77,1055,SPD,13.2,12.6,13.4
05W405,0504,77,1055,LINKE,10.2,9.8,10.4
05W405,0504,77,1055,Sonstige,9.8,9.7,9.9
05W405,0504,77,1055,GRUENE,7.2,7.0,7.4
05W405,0504,77,1055,FDP,3.6,3.6,3.8
05W406,0504,77,984,AFD,31.5,30.9,32.0
05W406,0504,77,984,CDU,27.3,27.2,27.8
05W406,0504,77,984,Sonstige,12.9,12.7,13.0
05W406,0504,77,984,SPD,12.2,11.6,12.5
05W406,0504,77,984,LINKE,11.1,10.8,11.3
05W406,0504,77,984,GRUENE,4.7,4.6,4.9
05W406,0504,77,984,FDP,2.8,2.7,3.2
05W407,0504,77,979,CDU,29.7,29.5,30.2
05W407,0504,77,979,AFD,23.2,22.7,23.9
05W407,0504,77,979,SPD,13.7,12.4,14.0
05W407,0504,77,979,LINKE,11.4,10.7,11.6
05W407,0504,77,979,GRUENE,8.6,8.4,8.8
05W407,0504,77,979,Sonstige,7.9,7.7,8.0
05W407,0504,77,979,FDP,4.3,4.2,4.4
05W408,0504,77,833,AFD,31.7,31.0,32.3
05W408,0504,77,833,CDU,23.0,22.8,23.5
05W408,0504,77,833,SPD,15.2,12.9,15.6
05W408,0504,77,833,LINKE,15.0,14.2,15.4
05W408,0504,77,833,Sonstige,11.7,11.6,11.9
05W408,0504,77,833,GRUENE,4.9,4.6,5.3
05W408,0504,77,833,FDP,2.0,1.9,2.3
05W409,0504,77,1081,CDU,34.1,33.9,34.6
05W409,0504,77,1081,AFD,22.4,22.0,23.2
05W409,0504,77,1081,SPD,14.9,13.2,15.3
05W409,0504,77,1081,LINKE,10.1,9.6,10.3
05W409,0504,77,1081,GRUENE,7.2,7.1,7.5
05W409,0504,77,1081,Sonstige,6.8,6.6,6.9
05W409,0504,77,1081,FDP,4.0,4.0,4.3
05W410,0504,77,702,AFD,29.3,28.8,29.9
05W410,0504,77,702,CDU,28.2,28.0,28.7
05W410,0504,77,702,SPD,13.1,12.5,13.3
05W410,0504,77,702,LINKE,12.9,12.3,13.2
05W410,0504,77,702,Sonstige,8.9,8.8,9.0
05W410,0504,77,702,GRUENE,5.4,5.3,5.7
05W410,0504,77,702,FDP,2.6,2.5,2.8
05W411,0504,77,1006,AFD,31.7,31.3,32.3
05W411,0504,77,1006,CDU,27.6,27.5,28.1
05W411,0504,77,1006,LINKE,13.3,12.8,13.5
05W411,0504,77,1006,Sonstige,11.4,11.2,11.5
05W411,0504,77,1006,SPD,10.2,10.0,10.5
05W411,0504,77,1006,GRUENE,6.3,6.1,6.4
05W411,0504,77,1006,FDP,2.7,2.6,3.0
05W412,0504,77,1279,AFD,33.8,33.4,34.6
05W412,0504,77,1279,CDU,31.7,31.5,32.3
05W412,0504,77,1279,SPD,12.3,11.3,12.6
05W412,0504,77,1279,LINKE,10.4,9.8,10.8
05W412,0504,77,1279,Sonstige,9.4,9.2,9.5
05W412,0504,77,1279,GRUENE,2.8,2.6,3.1
05W412,0504,77,1279,FDP,2.5,2.4,2.9
05W413,0504,77,1205,CDU,30.3,30.2,30.9
05W413,0504,77,1205,AFD,27.8,27.3,28.4
05W413,0504,77,1205,SPD,13.6,12.0,13.9
05W413,0504,77,1205,Sonstige,10.2,10.0,10.3
05W413,0504,77,1205,LINKE,9.8,9.4,10.0
05W413,0504,77,1205,GRUENE,6.8,6.6,7.1
05W413,0504,77,1205,FDP,2.7,2.6,3.0
05W414,0504,77,765,AFD,33.7,33.3,34.5
05W414,0504,77,765,CDU,26.0,25.9,26.5
05W414,0504,77,765,LINKE,12.7,12.1,13.0
05W414,0504,77,765,SPD,12.2,11.6,12.5
05W414,0504,77,765,Sonstige,10.3,10.1,10.5
05W414,0504,77,765,GRUENE,4.3,4.2,4.5
05W414,0504,77,765,FDP,2.8,2.7,3.1
05W415,0504,77,1255,AFD,33.6,33.1,34.2
05W415,0504,77,1255,CDU,24.7,24.5,25.2
05W415,0504,77,1255,LINKE,12.8,12.2,13.0
05W415,0504,77,1255,SPD,12.8,12.3,13.0
05W415,0504,77,1255,Sonstige,12.5,12.3,12.6
05W415,0504,77,1255,GRUENE,3.1,3.0,3.3
05W415,0504,77,1255,FDP,2.1,2.0,2.4
05W416,0504,77,811,CDU,28.5,28.4,29.2
05W416,0504,77,811,AFD,26.9,26.1,27.3
05W416,0504,77,811,SPD,11.3,10.7,11.5
05W416,0504,77,811,Sonstige,10.8,10.7,10.9
05W416,0504,77,811,LINKE,10.6,10.2,10.8
05W416,0504,77,811,GRUENE,10.0,9.8,10.3
05W416,0504,77,811,FDP,2.9,2.8,3.1
05W417,0504,77,940,CDU,32.9,32.8,33.5
05W417,0504,77,940,AFD,23.3,22.8,24.3
05W417,0504,77,940,SPD,12.9,11.5,13.3
05W417,0504,77,940,LINKE,9.7,9.2,10.0
05W417,0504,77,940,GRUENE,8.8,8.6,9.1
05W417,0504,77,940,Sonstige,7.3,7.2,7.4
05W417,0504,77,940,FDP,3.9,3.8,4.1
05W418,0504,77,718,AFD,34.6,33.9,35.1
05W418,0504,77,718,CDU,28.8,28.6,29.3
05W418,0504,77,718,LINKE,13.4,12.9,13.6
05W418,0504,77,718,SPD,12.8,11.2,13.1
05W418,0504,77,718,Sonstige,11.3,11.2,11.4
05W418,0504,77,718,GRUENE,3.0,2.7,3.4
05W418,0504,77,718,FDP,2.2,2.1,2.6
05W419,0504,77,1078,CDU,35.8,35.6,36.4
05W419,0504,77,1078,AFD,24.8,24.1,25.2
05W419,0504,77,1078,LINKE,11.7,11.4,11.9
05W419,0504,77,1078,SPD,10.6,10.3,10.9
05W419,0504,77,1078,GRUENE,8.5,8.3,8.8
05W419,0504,77,1078,Sonstige,8.4,8.3,8.6
05W419,0504,77,1078,FDP,3.4,3.4,3.6
05W420,0504,77,1072,CDU,32.0,31.8,32.6
05W420,0504,77,1072,AFD,24.1,23.5,24.5
05W420,0504,77,1072,GRUENE,11.7,11.5,12.0
05W420,0504,77,1072,SPD,11.7,10.9,12.0
05W420,0504,77,1072,Sonstige,9.5,9.4,9.6
05W420,0504,77,1072,LINKE,8.5,8.3,8.7
05W420,0504,77,1072,FDP,3.7,3.7,4.0
05W421,0504,77,1195,AFD,28.9,28.2,29.3
05W421,0504,77,1195,CDU,25.5,25.4,26.0
05W421,0504,77,1195,LINKE,14.6,14.0,14.9
05W421,0504,77,1195,SPD,14.1,12.6,14.4
05W421,0504,77,1195,Sonstige,10.0,9.9,10.2
05W421,0504,77,1195,GRUENE,6.6,6.5,6.9
05W421,0504,77,1195,FDP,2.7,2.6,3.0
05W422,0504,77,951,AFD,33.5,33.0,34.2
05W422,0504,77,951,CDU,22.2,22.0,22.6
05W422,0504,77,951,LINKE,15.8,15.1,16.1
05W422,0504,77,951,Sonstige,13.1,13.0,13.3
05W422,0504,77,951,SPD,11.8,11.1,12.2
05W422,0504,77,951,GRUENE,4.3,4.1,4.6
05W422,0504,77,951,FDP,1.8,1.8,2.2
05W423,0504,77,825,CDU,32.2,32.1,32.8
05W423,0504,77,825,AFD,28.1,27.6,28.9
05W423,0504,77,825,SPD,14.5,13.1,14.8
05W423,0504,77,825,LINKE,13.3,12.5,13.5
05W423,0504,77,825,Sonstige,7.7,7.6,7.9
05W423,0504,77,825,FDP,3.0,3.0,3.4
05W423,0504,77,825,GRUENE,2.8,2.6,3.2
05W424,0504,77,1040,AFD,27.0,26.4,27.5
05W424,0504,77,1040,CDU,25.7,25.5,26.1
05W424,0504,77,1040,SPD,15.2,13.5,15.5
05W424,0504,77,1040,LINKE,11.8,11.3,12.1
05W424,0504,77,1040,Sonstige,10.1,9.9,10.3
05W424,0504,77,1040,GRUENE,8.3,8.1,8.6
05W424,0504,77,1040,FDP,3.0,3.0,3.2
05W425,0504,77,1000,CDU,32.2,32.1,32.8
05W425,0504,77,1000,AFD,22.2,21.7,22.7
05W425,0504,77,1000,SPD,12.7,11.7,13.0
05W425,0504,77,1000,GRUENE,10.5,10.3,10.7
05W425,0504,77,1000,Sonstige,9.2,9.1,9.4
05W425,0504,77,1000,LINKE,9.0,8.6,9.3
05W425,0504,77,1000,FDP,3.5,3.5,3.8
05W426,0504,77,1159,CDU,31.1,30.9,31.6
05W426,0504,77,1159,AFD,25.1,24.5,25.6
05W426,0504,77,1159,SPD,12.3,11.2,12.5
05W426,0504,77,1159,LINKE,11.9,11.6,12.1
05W426,0504,77,1159,Sonstige,9.6,9.5,9.7
05W426,0504,77,1159,GRUENE,8.2,8.0,8.5
05W426,0504,77,1159,FDP,3.1,3.0,3.5
05W427,0504,77,748,AFD,30.9,30.4,31.9
05W427,0504,77,748,CDU,21.1,20.9,21.4
05W427,0504,77,748,SPD,15.4,12.7,15.8
05W427,0504,77,748,LINKE,15.2,14.3,15.6
05W427,0504,77,748,Sonstige,10.3,10.1,10.4
05W427,0504,77,748,GRUENE,5.9,5.7,6.2
05W427,0504,77,748,FDP,3.1,3.0,3.3
05W428,0504,77,1080,AFD,29.0,28.6,29.6
05W428,0504,77,1080,CDU,28.5,28.4,28.9
05W428,0504,77,1080,Sonstige,12.8,12.5,12.9
05W428,0504,77,1080,SPD,12.7,12.4,13.0
05W428,0504,77,1080,LINKE,8.5,8.0,8.7
05W428,0504,77,1080,GRUENE,5.9,5.6,6.1
05W428,0504,77,1080,FDP,3.8,3.7,4.0
05W429,0504,77,1068,CDU,26.9,26.8,27.3
05W429,0504,77,1068,AFD,21.8,21.3,22.4
05W429,0504,77,1068,SPD,14.4,12.9,14.8
05W429,0504,77,1068,GRUENE,12.2,12.1,12.4
05W429,0504,77,1068,LINKE,11.7,11.1,11.9
05W429,0504,77,1068,Sonstige,9.2,9.1,9.3
05W429,0504,77,1068,FDP,3.2,3.2,3.5
05W430,0504,77,1002,CDU,30.0,29.9,30.6
05W430,0504,77,1002,AFD,24.9,24.2,25.4
05W430,0504,77,1002,SPD,12.0,11.1,12.3
05W430,0504,77,1002,LINKE,11.4,11.1,11.6
05W430,0504,77,1002,GRUENE,10.6,10.4,11.0
05W430,0504,77,1002,Sonstige,9.7,9.6,9.8
05W430,0504,77,1002,FDP,3.2,3.2,3.4
05W431,0504,77,679,CDU,30.4,30.2,31.1
05W431,0504,77,679,AFD,25.9,25.1,26.2
05W431,0504,77,679,SPD,11.5,10.8,11.8
05W431,0504,77,679,Sonstige,10.7,10.5,10.8
05W431,0504,77,679,LINKE,10.5,10.2,10.7
05W431,0504,77,679,GRUENE,9.1,8.9,9.5
05W431,0504,77,679,FDP,2.7,2.7,3.1
05W432,0504,77,752,AFD,30.8,30.3,31.5
05W432,0504,77,752,CDU,27.9,27.8,28.4
05W432,0504,77,752,SPD,14.4,12.6,14.7
05W432,0504,77,752,LINKE,12.0,11.3,12.4
05W432,0504,77,752,Sonstige,9.1,9.0,9.3
05W432,0504,77,752,GRUENE,4.9,4.7,5.3
05W432,0504,77,752,FDP,2.4,2.4,2.7
05W501,0505,77,985,AFD,27.8,27.3,28.4
05W501,0505,77,985,CDU,27.1,26.9,27.6
05W501,0505,77,985,LINKE,16.0,15.6,16.2
05W501,0505,77,985,SPD,9.8,9.6,10.8
05W501,0505,77,985,Sonstige,9.4,9.3,9.5
05W501,0505,77,985,GRUENE,9.3,9.2,9.5
05W501,0505,77,985,FDP,2.9,2.8,3.3
05W502,0505,77,1174,AFD,25.3,24.9,26.2
05W502,0505,77,1174,CDU,21.1,21.0,21.5
05W502,0505,77,1174,SPD,15.9,14.3,16.1
05W502,0505,77,1174,GRUENE,13.3,13.2,13.6
05W502,0505,77,1174,LINKE,11.2,10.9,11.4
05W502,0505,77,1174,Sonstige,10.2,10.0,10.3
05W502,0505,77,1174,FDP,3.3,3.2,3.5
05W503,0505,77,783,CDU,32.2,32.0,32.7
05W503,0505,77,783,AFD,19.9,19.4,20.8
05W503,0505,77,783,SPD,13.6,13.2,13.8
05W503,0505,77,783,GRUENE,11.4,11.3,11.6
05W503,0505,77,783,LINKE,11.3,10.8,11.5
05W503,0505,77,783,Sonstige,5.9,5.8,6.1
05W503,0505,77,783,FDP,4.7,4.6,4.8
05W504,0505,77,911,CDU,31.7,31.6,32.2
05W504,0505,77,911,AFD,18.1,17.6,19.0
05W504,0505,77,911,SPD,14.7,13.9,14.9
05W504,0505,77,911,GRUENE,11.7,11.5,11.8
05W504,0505,77,911,LINKE,9.5,9.2,9.7
05W504,0505,77,911,Sonstige,7.8,7.6,7.9
05W504,0505,77,911,FDP,4.4,4.3,4.6
05W505,0505,77,1098,CDU,30.7,30.4,31.2
05W505,0505,77,1098,AFD,20.1,19.5,21.7
05W505,0505,77,1098,SPD,16.0,15.3,16.3
05W505,0505,77,1098,GRUENE,11.9,11.7,12.1
05W505,0505,77,1098,LINKE,8.9,8.8,9.1
05W505,0505,77,1098,Sonstige,6.6,6.4,6.8
05W505,0505,77,1098,FDP,4.1,3.9,4.2
05W506,0505,77,1065,CDU,33.4,33.2,33.9
05W506,0505,77,1065,AFD,21.3,20.8,22.2
05W506,0505,77,1065,SPD,13.6,13.0,13.8
05W506,0505,77,1065,LINKE,9.7,9.4,9.9
05W506,0505,77,1065,Sonstige,8.9,8.8,9.1
05W506,0505,77,1065,GRUENE,8.2,8.0,8.4
05W506,0505,77,1065,FDP,3.9,3.9,4.2
05W507,0505,77,984,CDU,30.7,30.5,31.2
05W507,0505,77,984,AFD,16.5,16.1,17.6
05W507,0505,77,984,GRUENE,16.1,16.0,16.3
05W507,0505,77,984,SPD,13.4,12.4,13.6
05W507,0505,77,984,LINKE,7.8,7.4,8.0
05W507,0505,77,984,Sonstige,7.3,7.2,7.5
05W507,0505,77,984,FDP,5.2,5.0,5.3
05W508,0505,77,970,CDU,31.5,31.3,32.0
05W508,0505,77,970,AFD,17.5,17.1,18.5
05W508,0505,77,970,GRUENE,14.5,14.3,14.7
05W508,0505,77,970,SPD,13.0,12.3,13.2
05W508,0505,77,970,LINKE,8.9,8.5,9.1
05W508,0505,77,970,Sonstige,8.3,8.2,8.5
05W508,0505,77,970,FDP,4.6,4.5,4.8
05W509,0505,77,695,CDU,30.8,30.5,31.3
05W509,0505,77,695,GRUENE,17.9,17.6,18.2
05W509,0505,77,695,AFD,17.7,17.3,18.5
05W509,0505,77,695,SPD,10.5,9.5,10.8
05W509,0505,77,695,LINKE,9.8,9.2,10.0
05W509,0505,77,695,Sonstige,7.0,6.8,7.2
05W509,0505,77,695,FDP,4.7,4.6,4.9
05W510,0505,77,965,CDU,31.0,30.8,31.4
05W510,0505,77,965,AFD,20.5,19.9,21.0
05W510,0505,77,965,SPD,13.8,13.3,14.0
05W510,0505,77,965,GRUENE,11.1,11.0,11.3
05W510,0505,77,965,LINKE,9.7,9.2,9.8
05W510,0505,77,965,Sonstige,8.1,8.0,8.3
05W510,0505,77,965,FDP,5.1,4.9,5.2
05W511,0505,77,916,CDU,34.1,33.9,34.6
05W511,0505,77,916,AFD,18.8,18.2,19.4
05W511,0505,77,916,GRUENE,13.7,13.5,13.9
05W511,0505,77,916,SPD,12.1,11.7,12.3
05W511,0505,77,916,LINKE,10.3,9.8,10.5
05W511,0505,77,916,FDP,5.6,5.5,5.8
05W511,0505,77,916,Sonstige,4.8,4.6,5.0
05W512,0505,77,858,CDU,39.1,38.9,39.7
05W512,0505,77,858,AFD,18.7,18.1,19.5
05W512,0505,77,858,SPD,11.6,11.5,12.0
05W512,0505,77,858,GRUENE,11.2,11.0,11.5
05W512,0505,77,858,LINKE,7.2,6.9,7.4
05W512,0505,77,858,Sonstige,5.9,5.7,6.1
05W512,0505,77,858,FDP,5.0,5.0,5.2
05W513,0505,77,970,CDU,32.6,32.4,33.2
05W513,0505,77,970,AFD,19.1,18.5,19.8
05W513,0505,77,970,GRUENE,12.9,12.6,13.1
05W513,0505,77,970,SPD,12.7,12.5,12.9
05W513,0505,77,970,LINKE,10.2,9.6,10.4
05W513,0505,77,970,Sonstige,6.8,6.6,7.1
05W513,0505,77,970,FDP,4.7,4.6,4.9
05W514,0505,77,986,AFD,35.1,34.4,36.1
05W514,0505,77,986,CDU,27.1,26.9,27.6
05W514,0505,77,986,LINKE,13.4,12.5,13.8
05W514,0505,77,986,Sonstige,12.1,11.9,12.3
05W514,0505,77,986,SPD,10.1,9.9,10.5
05W514,0505,77,986,GRUENE,2.1,1.9,2.6
05W514,0505,77,986,FDP,1.9,1.8,2.3
05W515,0505,77,1069,CDU,34.7,34.5,35.3
05W515,0505,77,1069,AFD,19.8,19.4,20.6
05W515,0505,77,1069,SPD,15.0,14.1,15.2
05W515,0505,77,1069,LINKE,10.6,10.3,10.7
05W515,0505,77,1069,GRUENE,8.6,8.4,8.8
05W515,0505,77,1069,Sonstige,6.8,6.6,6.9
05W515,0505,77,1069,FDP,4.4,4.3,4.6
05W516,0505,77,1203,CDU,31.4,31.3,32.0
05W516,0505,77,1203,AFD,18.9,18.4,19.6
05W516,0505,77,1203,SPD,14.7,14.2,14.9
05W516,0505,77,1203,GRUENE,11.4,11.3,11.6
05W516,0505,77,1203,LINKE,9.9,9.5,10.1
05W516,0505,77,1203,Sonstige,6.8,6.7,6.9
05W516,0505,77,1203,FDP,4.9,4.8,5.0
05W517,0505,77,995,AFD,28.8,28.3,29.6
05W517,0505,77,995,CDU,25.7,25.5,26.1
05W517,0505,77,995,SPD,13.9,13.5,14.1
05W517,0505,77,995,Sonstige,12.6,12.5,12.8
05W517,0505,77,995,LINKE,9.5,9.1,9.7
05W517,0505,77,995,GRUENE,6.1,6.0,6.3
05W517,0505,77,995,FDP,2.4,2.3,2.8
05W518,0505,77,913,CDU,37.5,37.3,38.1
05W518,0505,77,913,AFD,21.3,20.8,22.0
05W518,0505,77,913,GRUENE,11.5,11.3,11.7
05W518,0505,77,913,SPD,9.6,9.4,10.8
05W518,0505,77,913,LINKE,7.5,7.1,7.7
05W518,0505,77,913,Sonstige,7.5,7.3,7.6
05W518,0505,77,913,FDP,4.8,4.7,4.9
05W519,0505,77,970,CDU,28.8,28.6,29.3
05W519,0505,77,970,AFD,27.0,26.5,28.1
05W519,0505,77,970,SPD,12.1,11.8,12.3
05W519,0505,77,970,LINKE,11.4,10.8,11.6
05W519,0505,77,970,Sonstige,9.8,9.6,9.9
05W519,0505,77,970,GRUENE,6.7,6.5,6.9
05W519,0505,77,970,FDP,3.2,3.1,3.4
05W520,0505,77,1129,AFD,30.4,29.9,31.9
05W520,0505,77,1129,CDU,28.4,28.3,29.0
05W520,0505,77,1129,SPD,11.7,11.5,12.0
05W520,0505,77,1129,LINKE,11.6,10.9,11.8
05W520,0505,77,1129,Sonstige,11.0,10.9,11.1
05W520,0505,77,1129,GRUENE,4.9,4.7,5.2
05W520,0505,77,1129,FDP,2.6,2.5,2.8
05W521,0505,77,1108,AFD,33.4,32.7,34.1
05W521,0505,77,1108,CDU,23.0,22.8,23.4
05W521,0505,77,1108,LINKE,14.9,14.2,15.2
05W521,0505,77,1108,Sonstige,13.1,13.0,13.3
05W521,0505,77,1108,SPD,11.7,11.4,12.0
05W521,0505,77,1108,GRUENE,4.0,3.8,4.4
05W521,0505,77,1108,FDP,2.0,1.9,2.2
05W522,0505,77,954,CDU,29.2,29.0,29.6
05W522,0505,77,954,AFD,20.4,19.9,21.2
05W522,0505,77,954,SPD,13.7,13.5,14.0
05W522,0505,77,954,LINKE,13.2,12.8,13.3
05W522,0505,77,954,GRUENE,12.4,12.3,12.6
05W522,0505,77,954,Sonstige,6.5,6.4,6.7
05W522,0505,77,954,FDP,4.2,4.0,4.3
05W523,0505,77,952,CDU,35.7,35.5,36.3
05W523,0505,77,952,AFD,20.0,19.4,21.0
05W523,0505,77,952,GRUENE,12.8,12.6,13.0
05W523,0505,77,952,SPD,10.8,10.6,11.8
05W523,0505,77,952,LINKE,9.1,8.7,9.3
05W523,0505,77,952,Sonstige,5.8,5.7,6.0
05W523,0505,77,952,FDP,4.9,4.7,5.0
05W524,0505,77,967,CDU,31.6,31.4,32.0
05W524,0505,77,967,GRUENE,16.5,16.3,16.7
05W524,0505,77,967,AFD,16.3,15.6,17.0
05W524,0505,77,967,SPD,14.7,13.8,15.0
05W524,0505,77,967,LINKE,7.0,6.8,7.2
05W524,0505,77,967,Sonstige,6.8,6.6,7.0
05W524,0505,77,967,FDP,4.9,4.7,5.0
05W525,0505,77,799,CDU,33.4,33.2,33.9
05W525,0505,77,799,AFD,20.3,19.8,21.3
05W525,0505,77,799,SPD,12.5,11.4,12.7
05W525,0505,77,799,GRUENE,12.2,11.9,12.4
05W525,0505,77,799,LINKE,9.0,8.7,9.2
05W525,0505,77,799,Sonstige,7.2,7.0,7.3
05W525,0505,77,799,FDP,4.9,4.8,5.1
05W526,0505,77,1113,CDU,27.6,27.5,28.0
05W526,0505,77,1113,AFD,25.4,25.0,26.5
05W526,0505,77,1113,SPD,13.8,13.2,14.0
05W526,0505,77,1113,LINKE,9.9,9.4,10.1
05W526,0505,77,1113,Sonstige,9.2,9.0,9.3
05W526,0505,77,1113,GRUENE,9.1,8.9,9.3
05W526,0505,77,1113,FDP,3.8,3.7,3.9
05W527,0505,77,743,AFD,33.0,32.4,34.2
05W527,0505,77,743,CDU,19.0,18.8,19.4
05W527,0505,77,743,Sonstige,14.3,14.1,14.5
05W527,0505,77,743,LINKE,12.5,11.6,13.1
05W527,0505,77,743,SPD,12.5,11.0,12.8
05W527,0505,77,743,GRUENE,5.0,4.7,5.4
05W527,0505,77,743,FDP,1.9,1.8,2.2
05W528,0505,77,884,CDU,32.6,32.4,33.1
05W528,0505,77,884,AFD,17.6,17.1,18.5
05W528,0505,77,884,SPD,13.5,13.1,13.8
05W528,0505,77,884,GRUENE,12.8,12.5,13.0
05W528,0505,77,884,LINKE,8.7,8.1,8.8
05W528,0505,77,884,Sonstige,6.5,6.3,6.7
05W528,0505,77,884,FDP,5.7,5.5,5.8
05W529,0505,77,899,CDU,36.5,36.3,37.1
05W529,0505,77,899,AFD,17.7,17.1,18.3
05W529,0505,77,899,GRUENE,12.2,12.0,12.4
05W529,0505,77,899,SPD,11.0,10.8,11.6
05W529,0505,77,899,LINKE,10.4,10.0,10.6
05W529,0505,77,899,Sonstige,6.9,6.7,7.1
05W529,0505,77,899,FDP,5.1,5.0,5.4
05W530,0505,77,954,AFD,27.9,27.5,28.6
05W530,0505,77,954,CDU,24.2,24.0,24.6
05W530,0505,77,954,Sonstige,14.1,14.0,14.3
05W530,0505,77,954,LINKE,14.0,13.8,14.2
05W530,0505,77,954,SPD,11.5,11.3,12.3
05W530,0505,77,954,GRUENE,6.9,6.8,7.1
05W530,0505,77,954,FDP,2.6,2.6,2.8
05W531,0505,77,786,CDU,27.8,27.6,28.2
05W531,0505,77,786,AFD,25.1,24.5,25.7
05W531,0505,77,786,GRUENE,13.6,13.4,13.8
05W531,0505,77,786,Sonstige,11.6,11.5,11.7
05W531,0505,77,786,LINKE,9.3,8.9,9.5
05W531,0505,77,786,SPD,9.1,8.9,9.7
05W531,0505,77,786,FDP,3.7,3.7,3.9
05W532,0505,77,1022,CDU,33.0,32.8,33.5
05W532,0505,77,1022,AFD,19.0,18.4,19.7
05W532,0505,77,1022,GRUENE,15.1,14.9,15.3
05W532,0505,77,1022,SPD,10.8,10.6,11.2
05W532,0505,77,1022,LINKE,10.6,10.1,10.8
05W532,0505,77,1022,Sonstige,5.8,5.6,6.0
05W532,0505,77,1022,FDP,5.0,4.9,5.2
05W533,0505,77,652,AFD,33.0,32.1,34.4
05W533,0505,77,652,CDU,19.2,19.0,19.6
05W533,0505,77,652,Sonstige,13.9,13.8,14.2
05W533,0505,77,652,LINKE,13.4,12.2,14.2
05W533,0505,77,652,SPD,13.2,11.0,13.5
05W533,0505,77,652,GRUENE,4.1,3.8,4.6
05W533,0505,77,652,FDP,1.7,1.6,2.1
06W101,0601,78,1099,CDU,22.6,22.5,22.9
06W101,0601,78,1099,GRUENE,20.2,20.1,20.4
06W101,0601,78,1099,SPD,15.7,13.7,15.9
06W101,0601,78,1099,AFD,14.0,13.8,14.5
06W101,0601,78,1099,LINKE,12.7,12.5,12.8
06W101,0601,78,1099,Sonstige,8.4,8.3,8.5
06W101,0601,78,1099,FDP,4.5,4.4,4.6
06W102,0601,78,1085,GRUENE,22.6,22.5,22.8
06W102,0601,78,1085,CDU,18.7,18.6,19.0
06W102,0601,78,1085,SPD,16.0,13.6,16.2
06W102,0601,78,1085,LINKE,15.1,14.9,15.2
06W102,0601,78,1085,AFD,13.6,13.1,13.9
06W102,0601,78,1085,Sonstige,9.3,9.2,9.4
06W102,0601,78,1085,FDP,4.0,3.8,4.1
06W103,0601,78,960,GRUENE,25.1,24.9,25.3
06W103,0601,78,960,CDU,17.2,17.1,17.5
06W103,0601,78,960,LINKE,16.9,16.6,17.0
06W103,0601,78,960,AFD,14.4,13.9,14.7
06W103,0601,78,960,SPD,13.4,11.7,13.5
06W103,0601,78,960,Sonstige,9.7,9.7,9.9
06W103,0601,78,960,FDP,3.6,3.6,3.7
06W104,0601,78,798,GRUENE,26.5,26.4,26.7
06W104,0601,78,798,LINKE,17.6,17.4,17.8
06W104,0601,78,798,CDU,17.6,17.5,17.9
06W104,0601,78,798,AFD,13.7,13.3,14.0
06W104,0601,78,798,SPD,12.6,11.5,12.7
06W104,0601,78,798,Sonstige,8.9,8.8,9.0
06W104,0601,78,798,FDP,3.7,3.5,3.8
06W105,0601,78,1071,GRUENE,24.4,24.3,24.6
06W105,0601,78,1071,LINKE,19.3,19.0,19.4
06W105,0601,78,1071,CDU,18.2,18.1,18.5
06W105,0601,78,1071,AFD,14.0,13.5,14.3
06W105,0601,78,1071,SPD,12.3,11.3,12.4
06W105,0601,78,1071,Sonstige,9.3,9.2,9.4
06W105,0601,78,1071,FDP,3.4,3.3,3.5
06W106,0601,78,1082,GRUENE,22.6,22.4,22.8
06W106,0601,78,1082,LINKE,19.9,19.6,20.1
06W106,0601,78,1082,CDU,16.3,16.2,16.6
06W106,0601,78,1082,AFD,15.0,14.6,15.3
06W106,0601,78,1082,SPD,13.1,11.9,13.2
06W106,0601,78,1082,Sonstige,9.5,9.4,9.6
06W106,0601,78,1082,FDP,3.8,3.6,3.9
06W107,0601,78,1059,GRUENE,21.0,20.8,21.2
06W107,0601,78,1059,CDU,19.2,19.1,19.6
06W107,0601,78,1059,LINKE,16.9,16.6,17.0
06W107,0601,78,1059,AFD,16.7,16.4,17.1
06W107,0601,78,1059,SPD,12.9,11.3,13.1
06W107,0601,78,1059,Sonstige,10.9,10.8,11.0
06W107,0601,78,1059,FDP,3.3,3.2,3.3
06W108,0601,78,1089,GRUENE,24.6,24.4,24.8
06W108,0601,78,1089,CDU,17.6,17.5,17.8
06W108,0601,78,1089,LINKE,15.7,15.5,15.8
06W108,0601,78,1089,AFD,14.6,14.3,15.0
06W108,0601,78,1089,SPD,13.5,12.0,13.7
06W108,0601,78,1089,Sonstige,10.5,10.3,10.6
06W108,0601,78,1089,FDP,2.9,2.8,3.1
06W109,0601,78,1096,AFD,22.8,22.6,23.5
06W109,0601,78,1096,CDU,19.8,19.7,20.2
06W109,0601,78,1096,LINKE,16.4,16.1,16.6
06W109,0601,78,1096,GRUENE,15.4,15.3,15.5
06W109,0601,78,1096,Sonstige,12.8,12.8,12.9
06W109,0601,78,1096,SPD,11.2,10.5,11.4
06W109,0601,78,1096,FDP,3.2,3.2,3.4
06W110,0601,78,1092,CDU,22.0,21.8,22.3
06W110,0601,78,1092,AFD,18.7,18.4,19.1
06W110,0601,78,1092,GRUENE,16.3,16.2,16.4
06W110,0601,78,1092,SPD,14.4,12.7,14.7
06W110,0601,78,1092,LINKE,13.1,13.0,13.2
06W110,0601,78,1092,Sonstige,11.9,11.8,12.0
06W110,0601,78,1092,FDP,3.6,3.6,3.8
06W111,0601,78,1064,GRUENE,20.1,19.9,20.3
06W111,0601,78,1064,CDU,19.3,19.1,19.5
06W111,0601,78,1064,AFD,17.9,17.6,18.3
06W111,0601,78,1064,LINKE,15.2,15.0,15.3
06W111,0601,78,1064,SPD,14.6,12.5,14.7
06W111,0601,78,1064,Sonstige,10.2,10.1,10.3
06W111,0601,78,1064,FDP,3.1,3.1,3.3
06W112,0601,78,1029,CDU,20.2,20.1,20.5
06W112,0601,78,1029,AFD,19.1,18.8,19.7
06W112,0601,78,1029,GRUENE,18.6,18.5,18.8
06W112,0601,78,1029,LINKE,15.7,15.4,15.8
06W112,0601,78,1029,SPD,13.1,11.4,13.2
06W112,0601,78,1029,Sonstige,11.2,11.1,11.3
06W112,0601,78,1029,FDP,3.3,3.3,3.4
06W113,0601,78,1084,CDU,20.2,20.1,20.5
06W113,0601,78,1084,GRUENE,19.4,19.3,19.5
06W113,0601,78,1084,AFD,18.1,17.8,18.5
06W113,0601,78,1084,LINKE,16.3,16.0,16.4
06W113,0601,78,1084,SPD,11.8,10.7,11.9
06W113,0601,78,1084,Sonstige,11.3,11.2,11.4
06W113,0601,78,1084,FDP,3.3,3.3,3.5
06W114,0601,78,1096,GRUENE,20.8,20.7,21.1
06W114,0601,78,1096,LINKE,20.0,19.8,20.2
06W114,0601,78,1096,CDU,19.9,19.8,20.2
06W114,0601,78,1096,AFD,16.3,15.6,16.6
06W114,0601,78,1096,SPD,11.8,10.8,12.0
06W114,0601,78,1096,Sonstige,10.5,10.4,10.6
06W114,0601,78,1096,FDP,3.3,3.2,3.4
06W115,0601,78,1013,GRUENE,24.5,24.4,24.8
06W115,0601,78,1013,LINKE,17.6,17.4,17.8
06W115,0601,78,1013,CDU,16.4,16.3,16.7
06W115,0601,78,1013,AFD,14.1,13.8,14.4
06W115,0601,78,1013,SPD,14.1,12.3,14.3
06W115,0601,78,1013,Sonstige,9.1,9.0,9.2
06W115,0601,78,1013,FDP,3.4,3.3,3.5
06W116,0601,78,1045,GRUENE,22.9,22.8,23.2
06W116,0601,78,1045,LINKE,17.7,17.6,17.9
06W116,0601,78,1045,CDU,17.5,17.4,17.8
06W116,0601,78,1045,AFD,14.0,13.4,14.3
06W116,0601,78,1045,SPD,13.8,11.8,13.9
06W116,0601,78,1045,Sonstige,10.4,10.3,10.6
06W116,0601,78,1045,FDP,3.5,3.4,3.6
06W117,0601,78,1037,GRUENE,22.7,22.5,22.8
06W117,0601,78,1037,CDU,21.0,20.8,21.3
06W117,0601,78,1037,SPD,15.3,13.4,15.6
06W117,0601,78,1037,LINKE,14.8,14.6,14.9
06W117,0601,78,1037,AFD,14.0,13.5,14.4
06W117,0601,78,1037,Sonstige,8.2,8.0,8.3
06W117,0601,78,1037,FDP,4.2,4.1,4.3
06W118,0601,78,1079,CDU,25.1,24.9,25.4
06W118,0601,78,1079,GRUENE,21.6,21.5,21.8
06W118,0601,78,1079,LINKE,14.0,13.7,14.1
06W118,0601,78,1079,SPD,13.5,12.0,13.7
06W118,0601,78,1079,AFD,12.9,12.3,13.2
06W118,0601,78,1079,Sonstige,8.0,7.9,8.2
06W118,0601,78,1079,FDP,4.6,4.5,4.7
06W119,0601,78,1078,GRUENE,22.8,22.6,23.1
06W119,0601,78,1078,CDU,19.8,19.6,20.2
06W119,0601,78,1078,LINKE,16.8,16.4,16.9
06W119,0601,78,1078,SPD,15.9,13.6,16.1
06W119,0601,78,1078,AFD,12.4,12.0,12.8
06W119,0601,78,1078,Sonstige,8.4,8.2,8.6
06W119,0601,78,1078,FDP,5.0,4.6,5.1
06W120,0601,78,1077,GRUENE,22.8,22.6,23.0
06W120,0601,78,1077,CDU,18.3,18.2,18.6
06W120,0601,78,1077,LINKE,16.3,16.1,16.4
06W120,0601,78,1077,SPD,14.8,12.4,15.0
06W120,0601,78,1077,AFD,14.2,13.7,14.6
06W120,0601,78,1077,Sonstige,9.2,9.1,9.4
06W120,0601,78,1077,FDP,4.8,4.6,4.9
06W121,0601,78,1078,GRUENE,23.0,22.9,23.2
06W121,0601,78,1078,CDU,18.4,18.3,18.6
06W121,0601,78,1078,AFD,15.2,14.7,15.5
06W121,0601,78,1078,LINKE,14.5,14.3,14.6
06W121,0601,78,1078,SPD,14.4,12.3,14.6
06W121,0601,78,1078,Sonstige,9.9,9.8,10.0
06W121,0601,78,1078,FDP,3.5,3.4,3.7
06W122,0601,78,1074,GRUENE,23.5,23.3,23.7
06W122,0601,78,1074,CDU,18.9,18.8,19.2
06W122,0601,78,1074,SPD,14.3,12.5,14.5
06W122,0601,78,1074,AFD,14.1,13.8,14.5
06W122,0601,78,1074,LINKE,13.7,13.6,13.9
06W122,0601,78,1074,Sonstige,10.7,10.6,10.8
06W122,0601,78,1074,FDP,3.6,3.5,3.7
06W123,0601,78,1089,CDU,22.4,22.3,22.8
06W123,0601,78,1089,GRUENE,22.0,21.9,22.2
06W123,0601,78,1089,AFD,15.4,14.9,15.8
06W123,0601,78,1089,SPD,13.3,11.3,13.5
06W123,0601,78,1089,LINKE,13.3,13.0,13.4
06W123,0601,78,1089,Sonstige,9.4,9.3,9.5
06W123,0601,78,1089,FDP,4.9,4.6,5.0
06W124,0601,78,1069,GRUENE,21.2,21.0,21.4
06W124,0601,78,1069,CDU,18.6,18.6,18.9
06W124,0601,78,1069,AFD,15.9,15.4,16.2
06W124,0601,78,1069,LINKE,15.3,15.0,15.5
06W124,0601,78,1069,SPD,14.2,12.2,14.4
06W124,0601,78,1069,Sonstige,10.0,10.0,10.2
06W124,0601,78,1069,FDP,4.1,3.9,4.2
06W125,0601,78,1047,CDU,20.9,20.8,21.2
06W125,0601,78,1047,GRUENE,20.7,20.5,20.9
06W125,0601,78,1047,AFD,16.8,16.4,17.1
06W125,0601,78,1047,LINKE,14.0,13.7,14.1
06W125,0601,78,1047,SPD,12.5,11.0,12.7
06W125,0601,78,1047,Sonstige,10.5,10.4,10.6
06W125,0601,78,1047,FDP,4.2,4.1,4.3
06W126,0601,78,1090,GRUENE,22.1,21.9,22.2
06W126,0601,78,1090,CDU,18.6,18.5,18.9
06W126,0601,78,1090,AFD,16.7,16.4,17.1
06W126,0601,78,1090,LINKE,15.7,15.5,15.8
06W126,0601,78,1090,SPD,14.2,12.0,14.4
06W126,0601,78,1090,Sonstige,9.7,9.6,9.8
06W126,0601,78,1090,FDP,3.8,3.7,3.9
06W127,0601,78,1029,GRUENE,21.2,21.1,21.3
06W127,0601,78,1029,CDU,18.5,18.4,18.8
06W127,0601,78,1029,AFD,16.6,16.3,16.9
06W127,0601,78,1029,LINKE,15.9,15.7,16.0
06W127,0601,78,1029,SPD,14.8,12.8,15.0
06W127,0601,78,1029,Sonstige,9.4,9.3,9.5
06W127,0601,78,1029,FDP,3.7,3.6,3.8
06W128,0601,78,1032,CDU,23.5,23.4,23.8
06W128,0601,78,1032,GRUENE,20.1,19.9,20.2
06W128,0601,78,1032,AFD,16.4,15.9,16.7
06W128,0601,78,1032,SPD,12.7,11.5,12.9
06W128,0601,78,1032,LINKE,12.5,12.3,12.6
06W128,0601,78,1032,Sonstige,9.6,9.5,9.7
06W128,0601,78,1032,FDP,4.7,4.6,4.8
06W129,0601,78,1084,CDU,22.2,22.1,22.6
06W129,0601,78,1084,GRUENE,19.8,19.6,20.0
06W129,0601,78,1084,AFD,15.7,15.4,16.1
06W129,0601,78,1084,LINKE,14.9,14.7,15.0
06W129,0601,78,1084,SPD,14.4,12.6,14.5
06W129,0601,78,1084,Sonstige,9.0,8.9,9.1
06W129,0601,78,1084,FDP,4.7,4.4,4.8
06W130,0601,78,926,CDU,23.0,22.9,23.3
06W130,0601,78,926,GRUENE,20.8,20.6,21.1
06W130,0601,78,926,AFD,14.9,14.5,15.3
06W130,0601,78,926,SPD,13.5,11.7,13.8
06W130,0601,78,926,LINKE,13.0,12.6,13.1
06W130,0601,78,926,Sonstige,9.0,8.9,9.1
06W130,0601,78,926,FDP,5.1,4.9,5.2
06W201,0602,78,961,GRUENE,21.7,21.5,21.9
06W201,0602,78,961,CDU,20.9,20.8,21.2
06W201,0602,78,961,LINKE,17.1,16.8,17.2
06W201,0602,78,961,AFD,15.5,14.6,15.8
06W201,0602,78,961,SPD,12.9,11.2,13.0
06W201,0602,78,961,Sonstige,8.3,8.2,8.4
06W201,0602,78,961,FDP,3.9,3.8,4.0
06W202,0602,78,1034,CDU,21.1,21.0,21.4
06W202,0602,78,1034,GRUENE,19.5,19.4,19.8
06W202,0602,78,1034,AFD,17.2,16.9,17.6
06W202,0602,78,1034,LINKE,15.2,14.8,15.4
06W202,0602,78,1034,SPD,13.9,12.0,14.1
06W202,0602,78,1034,Sonstige,8.8,8.6,8.9
06W202,0602,78,1034,FDP,3.6,3.6,3.7
06W203,0602,78,1004,CDU,20.9,20.8,21.2
06W203,0602,78,1004,GRUENE,20.3,20.1,20.5
06W203,0602,78,1004,AFD,16.4,15.9,16.7
06W203,0602,78,1004,LINKE,15.5,15.2,15.6
06W203,0602,78,1004,SPD,13.7,12.1,13.9
06W203,0602,78,1004,Sonstige,8.9,8.8,9.0
06W203,0602,78,1004,FDP,4.1,4.0,4.2
06W204,0602,78,1084,GRUENE,24.5,24.3,24.8
06W204,0602,78,1084,LINKE,18.8,18.6,18.9
06W204,0602,78,1084,CDU,17.4,17.3,17.7
06W204,0602,78,1084,AFD,14.2,13.9,14.7
06W204,0602,78,1084,SPD,14.2,12.0,14.4
06W204,0602,78,1084,Sonstige,9.1,9.0,9.3
06W204,0602,78,1084,FDP,3.3,3.2,3.4
06W205,0602,78,1018,GRUENE,21.1,21.0,21.3
06W205,0602,78,1018,CDU,19.4,19.3,19.7
06W205,0602,78,1018,AFD,16.6,15.9,16.9
06W205,0602,78,1018,LINKE,16.5,16.3,16.7
06W205,0602,78,1018,SPD,14.2,12.2,14.3
06W205,0602,78,1018,Sonstige,9.1,9.0,9.2
06W205,0602,78,1018,FDP,3.4,3.3,3.5
06W206,0602,78,1045,GRUENE,20.8,20.7,21.0
06W206,0602,78,1045,CDU,19.8,19.7,20.1
06W206,0602,78,1045,AFD,17.2,16.8,17.6
06W206,0602,78,1045,LINKE,16.0,15.8,16.1
06W206,0602,78,1045,SPD,14.0,12.0,14.1
06W206,0602,78,1045,Sonstige,9.9,9.8,10.1
06W206,0602,78,1045,FDP,3.1,3.0,3.3
06W207,0602,78,1078,AFD,20.1,19.8,20.5
06W207,0602,78,1078,CDU,20.1,20.0,20.4
06W207,0602,78,1078,GRUENE,17.2,17.1,17.6
06W207,0602,78,1078,SPD,15.8,13.1,15.9
06W207,0602,78,1078,LINKE,14.0,13.8,14.2
06W207,0602,78,1078,Sonstige,10.5,10.4,10.6
06W207,0602,78,1078,FDP,3.0,2.9,3.1
06W208,0602,78,1026,CDU,21.5,21.4,21.9
06W208,0602,78,1026,AFD,16.9,16.6,17.4
06W208,0602,78,1026,GRUENE,16.5,16.3,16.7
06W208,0602,78,1026,SPD,16.2,13.6,16.4
06W208,0602,78,1026,LINKE,13.3,13.1,13.5
06W208,0602,78,1026,Sonstige,10.5,10.4,10.6
06W208,0602,78,1026,FDP,3.7,3.6,3.8
06W209,0602,78,1072,CDU,24.6,24.5,25.0
06W209,0602,78,1072,AFD,17.8,17.5,18.1
06W209,0602,78,1072,GRUENE,15.7,15.6,16.0
06W209,0602,78,1072,SPD,15.2,13.0,15.4
06W209,0602,78,1072,LINKE,13.0,12.8,13.1
06W209,0602,78,1072,Sonstige,9.6,9.5,9.7
06W209,0602,78,1072,FDP,3.8,3.8,4.0
06W210,0602,78,983,CDU,25.1,25.0,25.5
06W210,0602,78,983,AFD,17.9,17.6,18.3
06W210,0602,78,983,GRUENE,16.3,16.2,16.5
06W210,0602,78,983,SPD,14.3,12.6,14.4
06W210,0602,78,983,LINKE,13.1,12.8,13.3
06W210,0602,78,983,Sonstige,9.9,9.8,10.0
06W210,0602,78,983,FDP,3.7,3.6,3.8
06W211,0602,78,1045,CDU,27.6,27.5,28.1
06W211,0602,78,1045,AFD,17.3,17.0,17.6
06W211,0602,78,1045,GRUENE,17.2,17.1,17.4
06W211,0602,78,1045,LINKE,14.1,13.9,14.3
06W211,0602,78,1045,SPD,12.2,11.5,12.3
06W211,0602,78,1045,Sonstige,8.3,8.1,8.4
06W211,0602,78,1045,FDP,3.8,3.8,4.0
06W212,0602,78,1043,CDU,29.9,29.8,30.4
06W212,0602,78,1043,GRUENE,16.2,16.1,16.5
06W212,0602,78,1043,AFD,15.8,15.5,16.3
06W212,0602,78,1043,LINKE,13.0,12.7,13.1
06W212,0602,78,1043,SPD,12.6,11.7,12.9
06W212,0602,78,1043,Sonstige,8.0,7.8,8.1
06W212,0602,78,1043,FDP,3.8,3.8,3.9
06W213,0602,78,1031,CDU,25.6,25.4,26.0
06W213,0602,78,1031,AFD,20.0,19.6,20.6
06W213,0602,78,1031,SPD,14.3,12.6,14.5
06W213,0602,78,1031,GRUENE,14.0,13.9,14.3
06W213,0602,78,1031,LINKE,13.2,13.0,13.4
06W213,0602,78,1031,Sonstige,9.8,9.7,9.9
06W213,0602,78,1031,FDP,3.3,3.2,3.4
06W214,0602,78,822,AFD,19.9,19.6,20.3
06W214,0602,78,822,CDU,18.4,18.3,18.7
06W214,0602,78,822,LINKE,17.7,17.5,17.8
06W214,0602,78,822,GRUENE,17.3,17.1,17.4
06W214,0602,78,822,SPD,14.4,13.2,14.6
06W214,0602,78,822,Sonstige,10.5,10.4,10.6
06W214,0602,78,822,FDP,3.4,3.2,3.4
06W215,0602,78,982,GRUENE,21.7,21.5,21.9
06W215,0602,78,982,LINKE,18.0,17.7,18.1
06W215,0602,78,982,CDU,17.0,16.8,17.2
06W215,0602,78,982,AFD,15.9,15.6,16.3
06W215,0602,78,982,SPD,12.9,11.1,13.1
06W215,0602,78,982,Sonstige,11.2,11.1,11.4
06W215,0602,78,982,FDP,3.6,3.5,3.7
06W216,0602,78,1004,CDU,20.0,19.9,20.3
06W216,0602,78,1004,GRUENE,19.8,19.6,20.0
06W216,0602,78,1004,AFD,18.1,17.4,18.4
06W216,0602,78,1004,LINKE,15.7,15.5,15.8
06W216,0602,78,1004,SPD,12.5,11.1,12.6
06W216,0602,78,1004,Sonstige,10.6,10.4,10.7
06W216,0602,78,1004,FDP,3.3,3.3,3.4
06W217,0602,78,990,GRUENE,21.2,21.1,21.4
06W217,0602,78,990,CDU,18.9,18.8,19.2
06W217,0602,78,990,LINKE,16.9,16.6,17.1
06W217,0602,78,990,AFD,15.0,14.7,15.4
06W217,0602,78,990,SPD,14.8,12.3,15.0
06W217,0602,78,990,Sonstige,10.1,10.0,10.2
06W217,0602,78,990,FDP,3.4,3.3,3.5
06W218,0602,78,983,GRUENE,18.6,18.5,18.8
06W218,0602,78,983,LINKE,18.4,18.1,18.5
06W218,0602,78,983,CDU,18.4,18.3,18.6
06W218,0602,78,983,AFD,17.5,17.2,17.8
06W218,0602,78,983,SPD,14.0,12.7,14.2
06W218,0602,78,983,Sonstige,10.3,10.2,10.4
06W218,0602,78,983,FDP,3.0,3.0,3.2
06W219,0602,78,972,CDU,22.0,21.8,22.3
06W219,0602,78,972,GRUENE,17.8,17.7,18.0
06W219,0602,78,972,AFD,17.4,17.1,18.0
06W219,0602,78,972,SPD,15.9,13.4,16.1
06W219,0602,78,972,LINKE,13.8,13.5,14.0
06W219,0602,78,972,Sonstige,9.7,9.6,9.8
06W219,0602,78,972,FDP,3.5,3.4,3.7
06W220,0602,78,1024,GRUENE,22.1,22.0,22.3
06W220,0602,78,1024,CDU,20.3,20.2,20.6
06W220,0602,78,1024,SPD,15.4,12.7,15.6
06W220,0602,78,1024,AFD,14.9,14.5,15.2
06W220,0602,78,1024,LINKE,14.6,14.4,14.6
06W220,0602,78,1024,Sonstige,9.0,8.9,9.2
06W220,0602,78,1024,FDP,4.1,4.0,4.2
06W221,0602,78,988,GRUENE,22.8,22.6,23.0
06W221,0602,78,988,LINKE,18.5,18.2,18.6
06W221,0602,78,988,CDU,17.1,17.0,17.4
06W221,0602,78,988,AFD,14.9,14.3,15.1
06W221,0602,78,988,SPD,14.2,11.8,14.4
06W221,0602,78,988,Sonstige,9.9,9.8,10.0
06W221,0602,78,988,FDP,3.3,3.2,3.4
06W222,0602,78,997,GRUENE,21.4,21.2,21.6
06W222,0602,78,997,CDU,19.3,19.2,19.6
06W222,0602,78,997,AFD,15.2,14.9,15.6
06W222,0602,78,997,LINKE,15.1,14.8,15.2
06W222,0602,78,997,SPD,13.9,11.8,14.1
06W222,0602,78,997,Sonstige,10.4,10.2,10.5
06W222,0602,78,997,FDP,3.7,3.6,3.8
06W223,0602,78,1040,GRUENE,20.3,20.1,20.4
06W223,0602,78,1040,CDU,19.4,19.3,19.7
06W223,0602,78,1040,AFD,17.5,17.2,17.9
06W223,0602,78,1040,LINKE,17.0,16.7,17.1
06W223,0602,78,1040,SPD,12.9,11.5,13.1
06W223,0602,78,1040,Sonstige,10.1,9.9,10.2
06W223,0602,78,1040,FDP,3.4,3.4,3.5
06W224,0602,78,1026,CDU,21.7,21.6,22.0
06W224,0602,78,1026,GRUENE,19.6,19.4,19.8
06W224,0602,78,1026,AFD,15.5,15.2,15.8
06W224,0602,78,1026,SPD,14.7,12.7,14.9
06W224,0602,78,1026,LINKE,14.5,14.3,14.6
06W224,0602,78,1026,Sonstige,9.5,9.4,9.7
06W224,0602,78,1026,FDP,4.0,3.9,4.1
06W225,0602,78,1078,GRUENE,20.4,20.3,20.6
06W225,0602,78,1078,CDU,19.6,19.5,19.9
06W225,0602,78,1078,AFD,17.2,16.9,17.4
06W225,0602,78,1078,LINKE,14.7,14.4,14.8
06W225,0602,78,1078,SPD,13.3,11.5,13.5
06W225,0602,78,1078,Sonstige,11.0,10.9,11.1
06W225,0602,78,1078,FDP,3.4,3.4,3.5
06W226,0602,78,1092,CDU,20.4,20.3,20.7
06W226,0602,78,1092,GRUENE,19.5,19.4,19.7
06W226,0602,78,1092,LINKE,15.9,15.6,16.0
06W226,0602,78,1092,AFD,15.3,15.0,15.5
06W226,0602,78,1092,SPD,14.9,13.4,15.1
06W226,0602,78,1092,Sonstige,9.7,9.6,9.8
06W226,0602,78,1092,FDP,3.3,3.3,3.4
06W227,0602,78,1086,CDU,20.8,20.7,21.1
06W227,0602,78,1086,GRUENE,20.1,20.0,20.2
06W227,0602,78,1086,AFD,17.8,17.4,18.0
06W227,0602,78,1086,LINKE,14.0,13.8,14.1
06W227,0602,78,1086,SPD,13.3,11.5,13.4
06W227,0602,78,1086,Sonstige,10.9,10.8,11.0
06W227,0602,78,1086,FDP,3.6,3.5,3.7
06W228,0602,78,1092,GRUENE,20.8,20.6,20.9
06W228,0602,78,1092,CDU,19.6,19.5,19.9
06W228,0602,78,1092,AFD,18.8,18.2,19.0
06W228,0602,78,1092,LINKE,16.1,15.9,16.2
06W228,0602,78,1092,SPD,13.6,11.9,13.8
06W228,0602,78,1092,Sonstige,10.6,10.5,10.8
06W228,0602,78,1092,FDP,3.7,3.6,3.8
06W229,0602,78,1059,GRUENE,20.2,20.0,20.4
06W229,0602,78,1059,CDU,19.1,18.9,19.4
06W229,0602,78,1059,AFD,18.8,18.5,19.2
06W229,0602,78,1059,LINKE,17.5,17.3,17.7
06W229,0602,78,1059,SPD,12.5,10.7,12.8
06W229,0602,78,1059,Sonstige,10.7,10.6,10.8
06W229,0602,78,1059,FDP,3.1,3.1,3.3
06W230,0602,78,1092,CDU,20.1,20.0,20.4
06W230,0602,78,1092,AFD,18.7,18.1,18.9
06W230,0602,78,1092,GRUENE,18.7,18.6,18.8
06W230,0602,78,1092,SPD,14.7,12.6,14.9
06W230,0602,78,1092,LINKE,12.4,12.1,12.6
06W230,0602,78,1092,Sonstige,9.1,9.0,9.2
06W230,0602,78,1092,FDP,4.4,4.3,4.5
06W301,0603,78,1158,CDU,23.6,23.4,23.9
06W301,0603,78,1158,GRUENE,20.3,20.2,20.5
06W301,0603,78,1158,SPD,14.5,13.6,14.7
06W301,0603,78,1158,AFD,13.1,12.8,13.6
06W301,0603,78,1158,LINKE,11.6,11.5,11.8
06W301,0603,78,1158,Sonstige,9.8,9.7,10.0
06W301,0603,78,1158,FDP,4.1,4.0,4.2
06W302,0603,78,1123,CDU,21.4,21.3,21.8
06W302,0603,78,1123,GRUENE,20.8,20.7,21.0
06W302,0603,78,1123,AFD,15.7,15.3,16.1
06W302,0603,78,1123,SPD,14.1,13.3,14.3
06W302,0603,78,1123,LINKE,12.9,12.7,13.0
06W302,0603,78,1123,Sonstige,8.4,8.3,8.6
06W302,0603,78,1123,FDP,4.7,4.3,4.8
06W303,0603,78,1157,CDU,22.7,22.6,23.0
06W303,0603,78,1157,GRUENE,19.4,19.2,19.5
06W303,0603,78,1157,AFD,14.7,14.2,15.0
06W303,0603,78,1157,SPD,14.4,13.4,14.6
06W303,0603,78,1157,LINKE,13.2,13.0,13.3
06W303,0603,78,1157,Sonstige,8.5,8.4,8.6
06W303,0603,78,1157,FDP,4.8,4.7,4.9
06W304,0603,78,1088,CDU,22.4,22.3,22.8
06W304,0603,78,1088,GRUENE,18.0,17.9,18.1
06W304,0603,78,1088,LINKE,15.2,15.0,15.3
06W304,0603,78,1088,SPD,15.0,14.0,15.2
06W304,0603,78,1088,AFD,14.9,14.5,15.4
06W304,0603,78,1088,Sonstige,9.0,8.9,9.2
06W304,0603,78,1088,FDP,4.3,4.1,4.4
06W305,0603,78,1097,CDU,20.5,20.4,20.8
06W305,0603,78,1097,GRUENE,19.4,19.3,19.6
06W305,0603,78,1097,AFD,15.7,15.3,16.7
06W305,0603,78,1097,SPD,14.5,12.9,14.8
06W305,0603,78,1097,LINKE,14.3,14.1,14.5
06W305,0603,78,1097,Sonstige,8.7,8.6,8.9
06W305,0603,78,1097,FDP,4.4,4.3,4.5
06W306,0603,78,1081,CDU,23.0,22.9,23.3
06W306,0603,78,1081,GRUENE,19.7,19.5,19.9
06W306,0603,78,1081,SPD,14.2,13.0,14.4
06W306,0603,78,1081,LINKE,13.2,12.9,13.2
06W306,0603,78,1081,AFD,12.5,12.2,13.0
06W306,0603,78,1081,Sonstige,8.7,8.5,8.8
06W306,0603,78,1081,FDP,4.7,4.6,4.8
06W307,0603,78,1149,CDU,23.1,23.0,23.5
06W307,0603,78,1149,GRUENE,21.5,21.3,21.6
06W307,0603,78,1149,SPD,14.3,12.5,14.5
06W307,0603,78,1149,AFD,13.1,12.5,13.5
06W307,0603,78,1149,LINKE,12.5,12.3,12.6
06W307,0603,78,1149,Sonstige,8.4,8.3,8.6
06W307,0603,78,1149,FDP,5.3,5.1,5.4
06W308,0603,78,1141,CDU,25.5,25.4,25.9
06W308,0603,78,1141,GRUENE,19.0,18.9,19.2
06W308,0603,78,1141,SPD,14.3,13.0,14.5
06W308,0603,78,1141,AFD,13.2,12.9,13.7
06W308,0603,78,1141,LINKE,10.3,10.0,10.4
06W308,0603,78,1141,Sonstige,8.0,7.9,8.1
06W308,0603,78,1141,FDP,5.9,5.7,6.0
06W309,0603,78,1155,CDU,27.4,27.2,27.8
06W309,0603,78,1155,GRUENE,17.8,17.6,18.0
06W309,0603,78,1155,SPD,14.1,12.5,14.4
06W309,0603,78,1155,AFD,13.7,13.4,14.4
06W309,0603,78,1155,LINKE,8.7,8.4,8.8
06W309,0603,78,1155,Sonstige,8.2,8.1,8.3
06W309,0603,78,1155,FDP,5.6,5.4,5.7
06W310,0603,78,1159,CDU,24.4,24.2,24.7
06W310,0603,78,1159,GRUENE,23.3,23.0,23.4
06W310,0603,78,1159,SPD,14.5,12.6,14.7
06W310,0603,78,1159,AFD,10.5,10.0,10.9
06W310,0603,78,1159,LINKE,10.1,9.8,10.2
06W310,0603,78,1159,Sonstige,7.5,7.4,7.7
06W310,0603,78,1159,FDP,6.0,5.8,6.1
06W311,0603,78,1155,CDU,23.2,23.1,23.6
06W311,0603,78,1155,GRUENE,19.8,19.7,20.0
06W311,0603,78,1155,AFD,16.2,15.8,16.6
06W311,0603,78,1155,LINKE,13.1,12.9,13.2
06W311,0603,78,1155,SPD,12.3,11.6,12.5
06W311,0603,78,1155,Sonstige,9.2,9.1,9.3
06W311,0603,78,1155,FDP,4.8,4.6,4.9
06W312,0603,78,1146,CDU,27.3,27.2,27.7
06W312,0603,78,1146,GRUENE,18.7,18.5,18.9
06W312,0603,78,1146,AFD,15.6,15.2,16.0
06W312,0603,78,1146,SPD,12.9,12.1,13.2
06W312,0603,78,1146,LINKE,9.4,9.1,9.6
06W312,0603,78,1146,Sonstige,7.6,7.5,7.8
06W312,0603,78,1146,FDP,5.0,4.7,5.1
06W313,0603,78,1138,CDU,26.9,26.8,27.3
06W313,0603,78,1138,GRUENE,17.5,17.4,17.6
06W313,0603,78,1138,SPD,14.3,13.0,14.6
06W313,0603,78,1138,AFD,14.1,13.9,15.2
06W313,0603,78,1138,LINKE,10.3,9.9,10.4
06W313,0603,78,1138,Sonstige,7.6,7.4,7.7
06W313,0603,78,1138,FDP,5.1,5.0,5.2
06W314,0603,78,1156,CDU,29.5,29.4,30.0
06W314,0603,78,1156,GRUENE,16.9,16.8,17.1
06W314,0603,78,1156,SPD,13.6,12.3,13.9
06W314,0603,78,1156,AFD,13.6,13.3,14.7
06W314,0603,78,1156,LINKE,8.7,8.3,8.8
06W314,0603,78,1156,Sonstige,7.2,7.1,7.3
06W314,0603,78,1156,FDP,5.8,5.6,5.9
06W315,0603,78,1146,CDU,28.8,28.7,29.3
06W315,0603,78,1146,GRUENE,16.9,16.8,17.0
06W315,0603,78,1146,AFD,14.1,13.9,14.9
06W315,0603,78,1146,SPD,13.8,12.7,14.1
06W315,0603,78,1146,LINKE,9.1,8.7,9.2
06W315,0603,78,1146,Sonstige,7.2,7.0,7.3
06W315,0603,78,1146,FDP,5.4,5.2,5.4
06W316,0603,78,1150,CDU,28.0,27.9,28.4
06W316,0603,78,1150,GRUENE,19.0,18.8,19.2
06W316,0603,78,1150,SPD,13.8,12.5,14.1
06W316,0603,78,1150,AFD,12.8,12.5,13.3
06W316,0603,78,1150,LINKE,8.8,8.4,9.0
06W316,0603,78,1150,Sonstige,7.2,7.1,7.4
06W316,0603,78,1150,FDP,5.6,5.4,5.7
06W317,0603,78,1150,CDU,26.9,26.8,27.3
06W317,0603,78,1150,GRUENE,17.2,16.9,17.4
06W317,0603,78,1150,SPD,13.7,12.8,14.0
06W317,0603,78,1150,AFD,13.2,12.8,13.8
06W317,0603,78,1150,LINKE,11.5,11.1,11.7
06W317,0603,78,1150,Sonstige,8.7,8.5,8.9
06W317,0603,78,1150,FDP,5.3,5.1,5.4
06W318,0603,78,1154,CDU,26.5,26.3,26.9
06W318,0603,78,1154,AFD,18.0,17.6,19.2
06W318,0603,78,1154,SPD,14.7,13.8,15.0
06W318,0603,78,1154,GRUENE,13.3,13.1,13.6
06W318,0603,78,1154,Sonstige,10.2,10.1,10.4
06W318,0603,78,1154,LINKE,9.3,9.0,9.5
06W318,0603,78,1154,FDP,4.3,4.1,4.4
06W319,0603,78,1148,CDU,27.5,27.4,28.0
06W319,0603,78,1148,GRUENE,19.2,19.0,19.3
06W319,0603,78,1148,AFD,14.7,14.2,15.1
06W319,0603,78,1148,SPD,12.8,11.5,13.0
06W319,0603,78,1148,LINKE,11.2,11.0,11.3
06W319,0603,78,1148,Sonstige,8.2,8.0,8.3
06W319,0603,78,1148,FDP,5.0,4.9,5.1
06W320,0603,78,1156,CDU,25.9,25.7,26.3
06W320,0603,78,1156,AFD,18.7,18.3,19.6
06W320,0603,78,1156,GRUENE,14.8,14.6,15.0
06W320,0603,78,1156,SPD,14.5,12.8,14.7
06W320,0603,78,1156,LINKE,12.0,11.6,12.2
06W320,0603,78,1156,Sonstige,8.4,8.2,8.5
06W320,0603,78,1156,FDP,4.5,4.3,4.6
06W321,0603,78,1229,CDU,28.6,28.5,29.1
06W321,0603,78,1229,GRUENE,16.1,15.9,16.2
06W321,0603,78,1229,AFD,14.4,14.1,15.1
06W321,0603,78,1229,SPD,14.2,13.0,14.4
06W321,0603,78,1229,LINKE,9.8,9.4,9.9
06W321,0603,78,1229,Sonstige,7.1,7.0,7.3
06W321,0603,78,1229,FDP,5.0,4.8,5.0
06W322,0603,78,1140,CDU,29.9,29.8,30.4
06W322,0603,78,1140,GRUENE,15.6,15.4,15.8
06W322,0603,78,1140,AFD,15.4,15.0,16.1
06W322,0603,78,1140,SPD,13.6,12.2,13.9
06W322,0603,78,1140,LINKE,9.2,8.8,9.4
06W322,0603,78,1140,Sonstige,7.1,7.0,7.2
06W322,0603,78,1140,FDP,5.2,5.0,5.3
06W323,0603,78,1150,CDU,29.7,29.6,30.2
06W323,0603,78,1150,AFD,17.1,16.4,17.6
06W323,0603,78,1150,GRUENE,14.5,14.3,15.0
06W323,0603,78,1150,SPD,12.9,11.2,13.2
06W323,0603,78,1150,LINKE,10.9,10.6,11.2
06W323,0603,78,1150,Sonstige,7.2,7.0,7.3
06W323,0603,78,1150,FDP,4.7,4.6,4.9
06W324,0603,78,1124,CDU,30.2,30.1,30.7
06W324,0603,78,1124,AFD,16.8,16.5,17.5
06W324,0603,78,1124,GRUENE,15.0,14.8,15.2
06W324,0603,78,1124,SPD,12.7,11.6,13.0
06W324,0603,78,1124,LINKE,9.9,9.5,10.1
06W324,0603,78,1124,Sonstige,7.2,7.0,7.3
06W324,0603,78,1124,FDP,5.0,4.8,5.1
06W325,0603,78,1140,CDU,24.5,24.4,24.8
06W325,0603,78,1140,AFD,19.4,19.2,20.2
06W325,0603,78,1140,GRUENE,17.2,17.1,17.3
06W325,0603,78,1140,SPD,11.6,11.4,11.9
06W325,0603,78,1140,LINKE,11.4,11.1,11.5
06W325,0603,78,1140,Sonstige,9.6,9.5,9.8
06W325,0603,78,1140,FDP,4.3,4.1,4.3
06W326,0603,78,1153,CDU,24.8,24.7,25.2
06W326,0603,78,1153,AFD,18.2,17.9,18.7
06W326,0603,78,1153,GRUENE,16.9,16.7,17.0
06W326,0603,78,1153,SPD,13.0,12.0,13.2
06W326,0603,78,1153,LINKE,10.5,10.1,10.6
06W326,0603,78,1153,Sonstige,9.6,9.6,9.8
06W326,0603,78,1153,FDP,4.3,4.2,4.3
06W327,0603,78,1150,CDU,24.4,24.3,24.8
06W327,0603,78,1150,AFD,23.1,22.8,24.4
06W327,0603,78,1150,GRUENE,13.0,12.9,13.1
06W327,0603,78,1150,SPD,12.2,12.0,12.4
06W327,0603,78,1150,Sonstige,10.2,10.1,10.3
06W327,0603,78,1150,LINKE,9.8,9.5,10.0
06W327,0603,78,1150,FDP,3.5,3.5,3.6
06W328,0603,78,1116,AFD,19.4,19.1,20.3
06W328,0603,78,1116,CDU,18.8,18.7,19.1
06W328,0603,78,1116,GRUENE,18.2,18.1,18.4
06W328,0603,78,1116,SPD,13.6,12.4,13.9
06W328,0603,78,1116,LINKE,13.2,12.9,13.4
06W328,0603,78,1116,Sonstige,9.4,9.3,9.5
06W328,0603,78,1116,FDP,3.5,3.4,3.7
06W329,0603,78,1154,AFD,25.7,25.3,26.5
06W329,0603,78,1154,CDU,24.1,24.0,24.6
06W329,0603,78,1154,LINKE,14.3,14.0,14.5
06W329,0603,78,1154,Sonstige,12.6,12.5,12.8
06W329,0603,78,1154,GRUENE,10.8,10.7,11.0
06W329,0603,78,1154,SPD,9.4,9.2,10.5
06W329,0603,78,1154,FDP,3.4,3.3,3.5
06W401,0604,78,965,CDU,23.4,23.3,23.7
06W401,0604,78,965,GRUENE,20.6,20.4,20.7
06W401,0604,78,965,LINKE,14.8,14.5,14.9
06W401,0604,78,965,AFD,14.8,14.4,15.5
06W401,0604,78,965,SPD,13.1,12.3,13.4
06W401,0604,78,965,Sonstige,8.0,7.8,8.1
06W401,0604,78,965,FDP,4.3,4.1,4.4
06W402,0604,78,888,CDU,23.5,23.4,23.8
06W402,0604,78,888,GRUENE,19.5,19.4,19.6
06W402,0604,78,888,AFD,14.6,14.3,15.4
06W402,0604,78,888,LINKE,14.4,14.1,14.5
06W402,0604,78,888,SPD,14.0,12.5,14.3
06W402,0604,78,888,Sonstige,8.2,8.1,8.4
06W402,0604,78,888,FDP,4.1,4.1,4.2
06W403,0604,78,995,CDU,25.2,25.1,25.6
06W403,0604,78,995,AFD,18.1,17.9,18.9
06W403,0604,78,995,GRUENE,15.3,15.2,15.4
06W403,0604,78,995,LINKE,13.1,12.8,13.2
06W403,0604,78,995,SPD,12.8,12.2,13.1
06W403,0604,78,995,Sonstige,9.2,9.1,9.3
06W403,0604,78,995,FDP,3.7,3.7,3.8
06W404,0604,78,994,CDU,25.7,25.5,26.1
06W404,0604,78,994,AFD,18.4,18.0,18.9
06W404,0604,78,994,GRUENE,16.5,16.3,16.6
06W404,0604,78,994,SPD,12.3,11.4,12.5
06W404,0604,78,994,LINKE,11.8,11.6,12.0
06W404,0604,78,994,Sonstige,8.6,8.5,8.8
06W404,0604,78,994,FDP,4.5,4.4,4.6
06W405,0604,78,902,CDU,23.8,23.8,24.2
06W405,0604,78,902,AFD,18.9,18.5,19.5
06W405,0604,78,902,GRUENE,15.6,15.5,15.7
06W405,0604,78,902,LINKE,12.5,12.4,12.6
06W405,0604,78,902,SPD,12.4,12.1,12.6
06W405,0604,78,902,Sonstige,11.0,10.9,11.1
06W405,0604,78,902,FDP,3.4,3.4,3.5
06W406,0604,78,994,CDU,24.5,24.4,24.9
06W406,0604,78,994,AFD,22.4,22.1,23.2
06W406,0604,78,994,GRUENE,13.1,12.9,13.2
06W406,0604,78,994,SPD,12.5,11.6,12.8
06W406,0604,78,994,LINKE,12.4,12.1,12.6
06W406,0604,78,994,Sonstige,10.0,9.9,10.1
06W406,0604,78,994,FDP,3.8,3.7,3.9
06W407,0604,78,926,CDU,24.0,23.8,24.3
06W407,0604,78,926,AFD,17.3,17.0,18.1
06W407,0604,78,926,GRUENE,16.0,15.9,16.2
06W407,0604,78,926,SPD,13.9,13.0,14.2
06W407,0604,78,926,LINKE,12.5,12.3,12.6
06W407,0604,78,926,Sonstige,10.0,9.9,10.1
06W407,0604,78,926,FDP,4.0,3.9,4.0
06W408,0604,78,1000,CDU,25.2,25.1,25.5
06W408,0604,78,1000,GRUENE,18.5,18.4,18.6
06W408,0604,78,1000,AFD,16.1,15.9,16.7
06W408,0604,78,1000,SPD,13.2,12.3,13.4
06W408,0604,78,1000,LINKE,11.8,11.6,11.9
06W408,0604,78,1000,Sonstige,8.6,8.5,8.7
06W408,0604,78,1000,FDP,4.5,4.4,4.6
06W409,0604,78,1006,CDU,27.1,27.0,27.5
06W409,0604,78,1006,GRUENE,17.5,17.4,17.7
06W409,0604,78,1006,AFD,16.6,16.3,17.2
06W409,0604,78,1006,SPD,13.0,11.5,13.2
06W409,0604,78,1006,LINKE,11.4,11.1,11.5
06W409,0604,78,1006,Sonstige,7.3,7.2,7.5
06W409,0604,78,1006,FDP,4.7,4.6,4.9
06W410,0604,78,947,CDU,27.1,27.0,27.6
06W410,0604,78,947,AFD,20.4,20.1,21.0
06W410,0604,78,947,GRUENE,13.4,13.3,13.6
06W410,0604,78,947,SPD,13.2,12.3,13.3
06W410,0604,78,947,LINKE,12.6,12.4,12.8
06W410,0604,78,947,Sonstige,9.0,8.9,9.2
06W410,0604,78,947,FDP,3.6,3.5,3.7
06W411,0604,78,987,CDU,27.2,27.1,27.6
06W411,0604,78,987,AFD,19.5,19.1,20.0
06W411,0604,78,987,GRUENE,14.6,14.5,14.8
06W411,0604,78,987,SPD,13.8,12.6,14.0
06W411,0604,78,987,LINKE,10.2,10.0,10.4
06W411,0604,78,987,Sonstige,8.8,8.7,8.8
06W411,0604,78,987,FDP,4.0,3.9,4.0
06W412,0604,78,794,CDU,28.5,28.4,28.9
06W412,0604,78,794,AFD,16.7,16.4,17.5
06W412,0604,78,794,GRUENE,14.6,14.5,14.8
06W412,0604,78,794,SPD,12.3,12.0,12.5
06W412,0604,78,794,LINKE,11.5,11.2,11.6
06W412,0604,78,794,Sonstige,8.4,8.3,8.6
06W412,0604,78,794,FDP,4.4,4.3,4.5
06W413,0604,78,799,CDU,29.6,29.5,30.2
06W413,0604,78,799,AFD,18.0,17.7,18.9
06W413,0604,78,799,SPD,13.5,12.7,13.7
06W413,0604,78,799,GRUENE,12.8,12.7,13.0
06W413,0604,78,799,LINKE,11.6,11.3,11.7
06W413,0604,78,799,Sonstige,8.3,8.1,8.4
06W413,0604,78,799,FDP,4.2,4.2,4.4
06W414,0604,78,802,CDU,29.3,29.2,29.8
06W414,0604,78,802,GRUENE,15.9,15.7,16.1
06W414,0604,78,802,AFD,15.5,15.1,16.1
06W414,0604,78,802,SPD,12.9,12.5,13.1
06W414,0604,78,802,LINKE,11.3,10.9,11.4
06W414,0604,78,802,Sonstige,7.5,7.4,7.7
06W414,0604,78,802,FDP,4.4,4.2,4.5
06W415,0604,78,862,CDU,28.2,28.1,28.6
06W415,0604,78,862,AFD,15.8,15.4,16.5
06W415,0604,78,862,GRUENE,15.6,15.5,15.9
06W415,0604,78,862,SPD,12.9,12.6,13.1
06W415,0604,78,862,LINKE,12.3,12.0,12.4
06W415,0604,78,862,Sonstige,7.8,7.7,7.9
06W415,0604,78,862,FDP,4.2,4.1,4.3
06W416,0604,78,998,CDU,26.6,26.5,27.0
06W416,0604,78,998,AFD,24.2,23.8,24.8
06W416,0604,78,998,SPD,12.8,12.5,13.1
06W416,0604,78,998,LINKE,11.8,11.5,11.9
06W416,0604,78,998,Sonstige,10.2,10.0,10.3
06W416,0604,78,998,GRUENE,9.5,9.4,9.7
06W416,0604,78,998,FDP,3.4,3.4,3.6
06W417,0604,78,996,CDU,26.7,26.6,27.1
06W417,0604,78,996,AFD,22.1,21.8,22.9
06W417,0604,78,996,LINKE,13.6,13.4,13.8
06W417,0604,78,996,SPD,12.6,12.0,12.8
06W417,0604,78,996,GRUENE,10.7,10.5,10.9
06W417,0604,78,996,Sonstige,9.5,9.4,9.6
06W417,0604,78,996,FDP,3.2,3.2,3.4
06W418,0604,78,987,CDU,28.8,28.7,29.3
06W418,0604,78,987,AFD,21.1,20.8,21.6
06W418,0604,78,987,SPD,16.0,14.6,16.3
06W418,0604,78,987,GRUENE,11.6,11.4,11.7
06W418,0604,78,987,LINKE,10.2,10.0,10.3
06W418,0604,78,987,Sonstige,8.6,8.5,8.7
06W418,0604,78,987,FDP,4.0,3.8,4.1
06W419,0604,78,979,CDU,28.2,28.0,28.7
06W419,0604,78,979,AFD,22.3,21.8,23.1
06W419,0604,78,979,SPD,14.9,13.3,15.2
06W419,0604,78,979,LINKE,10.9,10.6,11.2
06W419,0604,78,979,GRUENE,10.7,10.6,11.0
06W419,0604,78,979,Sonstige,8.4,8.3,8.5
06W419,0604,78,979,FDP,3.2,3.1,3.4
06W420,0604,78,999,AFD,25.4,24.9,26.3
06W420,0604,78,999,CDU,23.9,23.7,24.3
06W420,0604,78,999,LINKE,13.5,12.7,13.9
06W420,0604,78,999,SPD,13.2,11.8,13.4
06W420,0604,78,999,Sonstige,12.0,11.9,12.2
06W420,0604,78,999,GRUENE,7.5,7.3,8.0
06W420,0604,78,999,FDP,2.8,2.7,2.9
06W421,0604,78,981,CDU,26.6,26.4,27.0
06W421,0604,78,981,AFD,23.6,23.2,24.7
06W421,0604,78,981,SPD,13.0,12.2,13.3
06W421,0604,78,981,LINKE,11.9,11.4,12.1
06W421,0604,78,981,Sonstige,10.1,10.0,10.3
06W421,0604,78,981,GRUENE,9.8,9.6,10.2
06W421,0604,78,981,FDP,3.1,3.0,3.2
06W422,0604,78,953,CDU,27.5,27.4,27.9
06W422,0604,78,953,AFD,20.3,19.8,20.8
06W422,0604,78,953,GRUENE,15.1,14.9,15.4
06W422,0604,78,953,SPD,12.4,11.2,12.6
06W422,0604,78,953,LINKE,11.4,11.2,11.6
06W422,0604,78,953,Sonstige,8.8,8.7,9.0
06W422,0604,78,953,FDP,4.2,4.0,4.3
06W423,0604,78,1004,CDU,30.6,30.4,31.0
06W423,0604,78,1004,GRUENE,17.1,17.0,17.3
06W423,0604,78,1004,AFD,15.1,14.8,15.7
06W423,0604,78,1004,SPD,12.1,11.1,12.3
06W423,0604,78,1004,LINKE,10.4,10.1,10.5
06W423,0604,78,1004,Sonstige,7.7,7.6,7.9
06W423,0604,78,1004,FDP,4.9,4.8,5.0
06W424,0604,78,948,CDU,26.2,26.1,26.6
06W424,0604,78,948,GRUENE,18.9,18.7,19.0
06W424,0604,78,948,SPD,13.8,12.3,14.1
06W424,0604,78,948,AFD,13.3,13.0,14.0
06W424,0604,78,948,LINKE,12.4,12.0,12.6
06W424,0604,78,948,Sonstige,7.9,7.8,8.0
06W424,0604,78,948,FDP,4.7,4.7,4.8
06W425,0604,78,986,CDU,29.8,29.6,30.2
06W425,0604,78,986,GRUENE,16.8,16.7,16.9
06W425,0604,78,986,AFD,15.1,14.8,15.7
06W425,0604,78,986,SPD,13.4,12.4,13.5
06W425,0604,78,986,LINKE,9.9,9.7,10.0
06W425,0604,78,986,Sonstige,7.7,7.5,7.8
06W425,0604,78,986,FDP,4.7,4.6,4.8
06W426,0604,78,1007,CDU,30.8,30.6,31.2
06W426,0604,78,1007,AFD,15.5,15.2,16.4
06W426,0604,78,1007,GRUENE,14.4,14.3,14.6
06W426,0604,78,1007,SPD,14.4,13.2,14.6
06W426,0604,78,1007,LINKE,10.1,9.9,10.2
06W426,0604,78,1007,Sonstige,7.1,7.0,7.3
06W426,0604,78,1007,FDP,4.5,4.4,4.6
06W427,0604,78,987,CDU,31.7,31.6,32.2
06W427,0604,78,987,SPD,15.1,13.6,15.4
06W427,0604,78,987,AFD,14.6,14.3,15.5
06W427,0604,78,987,GRUENE,13.9,13.7,14.1
06W427,0604,78,987,LINKE,9.2,8.8,9.4
06W427,0604,78,987,Sonstige,6.8,6.7,7.0
06W427,0604,78,987,FDP,5.1,4.9,5.2
06W428,0604,78,996,CDU,27.1,27.0,27.5
06W428,0604,78,996,AFD,19.8,19.5,20.6
06W428,0604,78,996,GRUENE,15.0,14.9,15.2
06W428,0604,78,996,SPD,12.7,11.7,12.9
06W428,0604,78,996,LINKE,11.0,10.8,11.1
06W428,0604,78,996,Sonstige,9.1,9.0,9.2
06W428,0604,78,996,FDP,3.8,3.7,3.9
06W429,0604,78,951,CDU,25.0,24.8,25.4
06W429,0604,78,951,AFD,19.8,19.4,20.5
06W429,0604,78,951,GRUENE,15.3,15.2,15.5
06W429,0604,78,951,SPD,13.5,12.3,13.9
06W429,0604,78,951,LINKE,11.9,11.6,12.1
06W429,0604,78,951,Sonstige,8.5,8.4,8.6
06W429,0604,78,951,FDP,3.8,3.6,3.9
06W430,0604,78,1001,CDU,28.0,27.9,28.4
06W430,0604,78,1001,AFD,21.3,21.0,21.8
06W430,0604,78,1001,SPD,14.4,13.9,14.6
06W430,0604,78,1001,GRUENE,11.9,11.8,12.2
06W430,0604,78,1001,LINKE,11.5,11.3,11.7
06W430,0604,78,1001,Sonstige,8.6,8.5,8.7
06W430,0604,78,1001,FDP,3.7,3.6,3.8
06W501,0605,78,1066,CDU,29.1,28.9,29.6
06W501,0605,78,1066,AFD,15.9,15.6,16.7
06W501,0605,78,1066,SPD,15.9,13.3,16.1
06W501,0605,78,1066,GRUENE,15.4,15.2,15.5
06W501,0605,78,1066,LINKE,11.4,11.1,11.6
06W501,0605,78,1066,Sonstige,6.8,6.6,7.0
06W501,0605,78,1066,FDP,5.2,5.1,5.3
06W502,0605,78,1036,CDU,26.7,26.6,27.1
06W502,0605,78,1036,GRUENE,17.2,17.1,17.4
06W502,0605,78,1036,AFD,17.1,16.9,18.2
06W502,0605,78,1036,SPD,14.3,12.9,14.5
06W502,0605,78,1036,LINKE,11.9,11.6,12.0
06W502,0605,78,1036,Sonstige,7.3,7.2,7.5
06W502,0605,78,1036,FDP,4.2,4.1,4.2
06W503,0605,78,1039,CDU,27.7,27.6,28.2
06W503,0605,78,1039,GRUENE,18.0,17.9,18.2
06W503,0605,78,1039,AFD,17.2,16.6,17.7
06W503,0605,78,1039,SPD,14.6,12.6,14.8
06W503,0605,78,1039,LINKE,10.7,10.5,10.8
06W503,0605,78,1039,Sonstige,7.3,7.2,7.5
06W503,0605,78,1039,FDP,4.8,4.7,4.9
06W504,0605,78,1065,AFD,22.0,21.7,22.8
06W504,0605,78,1065,CDU,20.9,20.8,21.2
06W504,0605,78,1065,LINKE,16.8,16.5,16.9
06W504,0605,78,1065,GRUENE,14.9,14.7,15.0
06W504,0605,78,1065,SPD,11.5,11.2,11.7
06W504,0605,78,1065,Sonstige,10.2,10.1,10.3
06W504,0605,78,1065,FDP,3.3,3.2,3.4
06W505,0605,78,1065,CDU,26.2,26.1,26.6
06W505,0605,78,1065,AFD,20.0,19.5,20.5
06W505,0605,78,1065,GRUENE,15.8,15.7,16.0
06W505,0605,78,1065,SPD,13.9,12.8,14.1
06W505,0605,78,1065,LINKE,11.2,10.9,11.3
06W505,0605,78,1065,Sonstige,8.4,8.3,8.6
06W505,0605,78,1065,FDP,4.7,4.5,4.8
06W506,0605,78,1039,CDU,26.0,25.9,26.4
06W506,0605,78,1039,GRUENE,16.9,16.8,17.1
06W506,0605,78,1039,AFD,16.4,16.0,17.0
06W506,0605,78,1039,SPD,14.8,13.2,15.0
06W506,0605,78,1039,LINKE,12.5,12.1,12.6
06W506,0605,78,1039,Sonstige,8.3,8.2,8.4
06W506,0605,78,1039,FDP,4.6,4.4,4.7
06W507,0605,78,1052,CDU,25.3,25.2,25.7
06W507,0605,78,1052,AFD,18.1,17.7,18.8
06W507,0605,78,1052,GRUENE,15.4,15.2,15.6
06W507,0605,78,1052,SPD,14.9,12.7,15.1
06W507,0605,78,1052,LINKE,13.6,13.3,13.8
06W507,0605,78,1052,Sonstige,8.1,8.0,8.2
06W507,0605,78,1052,FDP,4.1,4.0,4.2
06W508,0605,78,1032,CDU,24.1,24.0,24.5
06W508,0605,78,1032,AFD,22.3,21.8,22.8
06W508,0605,78,1032,LINKE,14.7,14.4,14.9
06W508,0605,78,1032,GRUENE,13.7,13.5,13.9
06W508,0605,78,1032,SPD,12.8,11.8,13.0
06W508,0605,78,1032,Sonstige,9.7,9.6,9.9
06W508,0605,78,1032,FDP,3.6,3.5,3.7
06W509,0605,78,1069,CDU,25.6,25.5,26.0
06W509,0605,78,1069,AFD,20.6,20.4,21.3
06W509,0605,78,1069,GRUENE,14.7,14.5,14.8
06W509,0605,78,1069,LINKE,13.4,13.1,13.5
06W509,0605,78,1069,SPD,12.5,12.0,12.8
06W509,0605,78,1069,Sonstige,9.6,9.6,9.8
06W509,0605,78,1069,FDP,4.1,3.9,4.2
06W510,0605,78,895,CDU,29.3,29.1,29.7
06W510,0605,78,895,AFD,23.6,23.3,24.4
06W510,0605,78,895,LINKE,12.6,12.2,12.7
06W510,0605,78,895,SPD,11.4,11.2,11.7
06W510,0605,78,895,GRUENE,11.2,11.1,11.4
06W510,0605,78,895,Sonstige,9.1,9.0,9.3
06W510,0605,78,895,FDP,3.7,3.6,3.7
06W511,0605,78,1070,CDU,30.7,30.5,31.2
06W511,0605,78,1070,AFD,23.5,23.1,24.3
06W511,0605,78,1070,SPD,13.0,12.4,13.2
06W511,0605,78,1070,LINKE,11.6,11.2,11.8
06W511,0605,78,1070,Sonstige,9.0,8.9,9.2
06W511,0605,78,1070,GRUENE,8.7,8.5,8.9
06W511,0605,78,1070,FDP,3.3,3.2,3.5
06W512,0605,78,1070,CDU,27.3,27.2,27.8
06W512,0605,78,1070,AFD,21.7,21.2,22.2
06W512,0605,78,1070,LINKE,14.2,13.8,14.3
06W512,0605,78,1070,GRUENE,12.7,12.5,12.9
06W512,0605,78,1070,Sonstige,11.3,11.2,11.4
06W512,0605,78,1070,SPD,10.4,10.0,11.0
06W512,0605,78,1070,FDP,3.4,3.3,3.5
06W513,0605,78,1033,CDU,28.0,27.8,28.4
06W513,0605,78,1033,AFD,25.1,24.8,25.8
06W513,0605,78,1033,LINKE,13.0,12.7,13.2
06W513,0605,78,1033,GRUENE,12.2,12.0,12.4
06W513,0605,78,1033,Sonstige,10.2,10.0,10.3
06W513,0605,78,1033,SPD,10.1,9.9,10.3
06W513,0605,78,1033,FDP,3.5,3.5,3.6
06W514,0605,78,1072,CDU,25.2,25.1,25.6
06W514,0605,78,1072,AFD,21.0,20.6,21.7
06W514,0605,78,1072,LINKE,14.2,13.9,14.4
06W514,0605,78,1072,GRUENE,13.7,13.5,13.9
06W514,0605,78,1072,SPD,12.0,11.1,12.1
06W514,0605,78,1072,Sonstige,10.2,10.1,10.3
06W514,0605,78,1072,FDP,3.6,3.6,3.7
06W515,0605,78,1039,AFD,21.8,21.6,22.7
06W515,0605,78,1039,CDU,20.5,20.4,20.9
06W515,0605,78,1039,GRUENE,14.6,14.5,14.8
06W515,0605,78,1039,LINKE,13.9,13.6,14.1
06W515,0605,78,1039,SPD,13.8,12.4,14.0
06W515,0605,78,1039,Sonstige,12.0,11.8,12.1
06W515,0605,78,1039,FDP,3.0,3.0,3.2
06W516,0605,78,1073,AFD,23.6,23.2,24.4
06W516,0605,78,1073,CDU,21.9,21.8,22.3
06W516,0605,78,1073,GRUENE,14.8,14.6,15.0
06W516,0605,78,1073,LINKE,13.8,13.5,14.0
06W516,0605,78,1073,SPD,12.2,11.4,12.4
06W516,0605,78,1073,Sonstige,12.0,11.9,12.1
06W516,0605,78,1073,FDP,2.8,2.8,2.9
06W517,0605,78,1029,AFD,22.3,21.8,23.3
06W517,0605,78,1029,CDU,20.9,20.7,21.2
06W517,0605,78,1029,GRUENE,14.7,14.6,14.9
06W517,0605,78,1029,LINKE,14.5,14.2,14.7
06W517,0605,78,1029,Sonstige,12.3,12.2,12.4
06W517,0605,78,1029,SPD,11.9,11.5,12.1
06W517,0605,78,1029,FDP,2.8,2.7,2.9
06W518,0605,78,1070,AFD,25.1,24.8,25.9
06W518,0605,78,1070,CDU,22.5,22.4,22.9
06W518,0605,78,1070,SPD,14.2,12.2,14.4
06W518,0605,78,1070,LINKE,13.6,13.3,13.8
06W518,0605,78,1070,GRUENE,11.5,11.3,11.8
06W518,0605,78,1070,Sonstige,10.6,10.5,10.8
06W518,0605,78,1070,FDP,3.4,3.3,3.5
06W519,0605,78,1068,CDU,27.4,27.2,27.8
06W519,0605,78,1068,AFD,23.8,23.4,24.9
06W519,0605,78,1068,LINKE,12.7,12.2,12.9
06W519,0605,78,1068,SPD,12.0,11.7,12.2
06W519,0605,78,1068,Sonstige,11.0,10.8,11.1
06W519,0605,78,1068,GRUENE,9.2,9.0,9.4
06W519,0605,78,1068,FDP,3.3,3.2,3.4
06W520,0605,78,1069,CDU,26.3,26.2,26.7
06W520,0605,78,1069,AFD,22.7,22.2,23.4
06W520,0605,78,1069,LINKE,14.2,13.8,14.4
06W520,0605,78,1069,SPD,11.9,11.6,12.1
06W520,0605,78,1069,GRUENE,11.1,10.9,11.3
06W520,0605,78,1069,Sonstige,9.9,9.8,10.0
06W520,0605,78,1069,FDP,3.5,3.4,3.6
06W521,0605,78,969,CDU,28.0,27.9,28.4
06W521,0605,78,969,AFD,21.2,20.7,21.8
06W521,0605,78,969,GRUENE,14.0,13.7,14.2
06W521,0605,78,969,SPD,12.6,11.9,12.8
06W521,0605,78,969,LINKE,12.6,12.1,12.7
06W521,0605,78,969,Sonstige,8.4,8.2,8.6
06W521,0605,78,969,FDP,4.3,3.9,4.4
06W522,0605,78,1009,AFD,26.0,25.6,26.9
06W522,0605,78,1009,CDU,25.0,24.8,25.4
06W522,0605,78,1009,LINKE,14.3,13.9,14.5
06W522,0605,78,1009,Sonstige,12.1,12.0,12.3
06W522,0605,78,1009,SPD,10.5,10.2,10.7
06W522,0605,78,1009,GRUENE,9.8,9.7,10.0
06W522,0605,78,1009,FDP,2.7,2.7,3.0
06W523,0605,78,1011,CDU,23.9,23.8,24.3
06W523,0605,78,1011,AFD,21.0,20.7,22.1
06W523,0605,78,1011,SPD,14.8,13.6,15.0
06W523,0605,78,1011,GRUENE,13.3,13.1,13.4
06W523,0605,78,1011,LINKE,12.1,11.8,12.3
06W523,0605,78,1011,Sonstige,9.8,9.7,9.9
06W523,0605,78,1011,FDP,3.4,3.4,3.5
06W524,0605,78,894,CDU,29.4,29.3,29.9
06W524,0605,78,894,AFD,16.6,16.3,17.6
06W524,0605,78,894,GRUENE,16.4,16.3,16.6
06W524,0605,78,894,SPD,12.9,12.0,13.2
06W524,0605,78,894,LINKE,9.9,9.5,10.1
06W524,0605,78,894,Sonstige,7.5,7.4,7.7
06W524,0605,78,894,FDP,4.8,4.6,4.9
06W525,0605,78,1068,CDU,23.4,23.2,23.7
06W525,0605,78,1068,AFD,22.5,22.2,23.3
06W525,0605,78,1068,SPD,15.7,14.1,15.9
06W525,0605,78,1068,LINKE,13.9,13.6,14.1
06W525,0605,78,1068,GRUENE,11.4,11.2,11.5
06W525,0605,78,1068,Sonstige,10.5,10.4,10.6
06W525,0605,78,1068,FDP,3.5,3.4,3.6
06W526,0605,78,902,AFD,26.6,26.2,27.4
06W526,0605,78,902,CDU,24.6,24.4,25.0
06W526,0605,78,902,LINKE,15.3,15.0,15.4
06W526,0605,78,902,Sonstige,12.8,12.6,12.9
06W526,0605,78,902,GRUENE,10.8,10.5,11.2
06W526,0605,78,902,SPD,10.7,10.4,11.0
06W526,0605,78,902,FDP,2.8,2.7,2.9
06W527,0605,78,973,CDU,22.4,22.3,22.8
06W527,0605,78,973,AFD,19.9,19.5,20.6
06W527,0605,78,973,LINKE,16.8,16.4,16.9
06W527,0605,78,973,GRUENE,14.0,13.8,14.2
06W527,0605,78,973,SPD,12.8,12.5,13.0
06W527,0605,78,973,Sonstige,10.4,10.3,10.6
06W527,0605,78,973,FDP,2.7,2.7,2.9
06W528,0605,78,900,CDU,28.8,28.7,29.3
06W528,0605,78,900,AFD,18.1,17.8,18.9
06W528,0605,78,900,GRUENE,15.1,15.0,15.3
06W528,0605,78,900,SPD,12.6,12.0,12.8
06W528,0605,78,900,LINKE,11.4,11.1,11.5
06W528,0605,78,900,Sonstige,7.2,7.1,7.4
06W528,0605,78,900,FDP,4.8,4.7,4.9
06W529,0605,78,920,CDU,32.7,32.5,33.2
06W529,0605,78,920,AFD,16.9,16.5,17.6
06W529,0605,78,920,GRUENE,15.8,15.7,16.0
06W529,0605,78,920,SPD,14.5,13.0,14.7
06W529,0605,78,920,LINKE,8.8,8.6,9.0
06W529,0605,78,920,Sonstige,6.3,6.2,6.4
06W529,0605,78,920,FDP,4.7,4.6,4.8
06W601,0606,78,1060,GRUENE,21.7,21.5,21.9
06W601,0606,78,1060,CDU,20.9,20.8,21.3
06W601,0606,78,1060,AFD,14.4,14.1,15.1
06W601,0606,78,1060,SPD,14.1,13.8,14.3
06W601,0606,78,1060,LINKE,11.5,11.3,11.6
06W601,0606,78,1060,Sonstige,7.9,7.7,8.0
06W601,0606,78,1060,FDP,5.0,4.7,5.2
06W602,0606,78,1025,GRUENE,25.3,25.1,25.5
06W602,0606,78,1025,CDU,23.0,22.9,23.4
06W602,0606,78,1025,LINKE,12.5,12.2,12.6
06W602,0606,78,1025,AFD,12.3,11.8,12.7
06W602,0606,78,1025,SPD,12.2,11.8,12.3
06W602,0606,78,1025,Sonstige,7.5,7.4,7.7
06W602,0606,78,1025,FDP,4.9,4.7,5.1
06W603,0606,78,1016,CDU,26.1,25.9,26.5
06W603,0606,78,1016,GRUENE,17.1,16.9,17.4
06W603,0606,78,1016,AFD,16.7,16.2,17.3
06W603,0606,78,1016,LINKE,12.9,12.5,13.2
06W603,0606,78,1016,SPD,12.3,12.0,12.5
06W603,0606,78,1016,Sonstige,7.4,7.3,7.7
06W603,0606,78,1016,FDP,5.0,4.8,5.2
06W604,0606,78,1050,CDU,34.9,34.7,35.5
06W604,0606,78,1050,GRUENE,14.4,14.3,14.7
06W604,0606,78,1050,AFD,13.3,13.0,14.3
06W604,0606,78,1050,SPD,11.5,10.6,11.8
06W604,0606,78,1050,LINKE,8.9,8.3,9.2
06W604,0606,78,1050,FDP,6.6,6.4,6.8
06W604,0606,78,1050,Sonstige,6.3,6.1,6.5
06W605,0606,78,1054,CDU,35.2,35.0,35.8
06W605,0606,78,1054,GRUENE,16.0,15.8,16.2
06W605,0606,78,1054,AFD,13.2,12.9,13.9
06W605,0606,78,1054,SPD,10.7,10.5,10.9
06W605,0606,78,1054,LINKE,8.0,7.5,8.2
06W605,0606,78,1054,FDP,6.4,6.3,6.6
06W605,0606,78,1054,Sonstige,6.3,6.2,6.5
06W606,0606,78,1019,CDU,34.4,34.2,35.0
06W606,0606,78,1019,GRUENE,15.2,15.0,15.4
06W606,0606,78,1019,AFD,13.2,12.9,14.3
06W606,0606,78,1019,SPD,11.2,11.0,11.5
06W606,0606,78,1019,LINKE,9.1,8.6,9.4
06W606,0606,78,1019,Sonstige,6.0,5.8,6.3
06W606,0606,78,1019,FDP,6.0,5.8,6.1
06W607,0606,78,1062,CDU,29.2,29.0,29.6
06W607,0606,78,1062,GRUENE,19.6,19.3,19.8
06W607,0606,78,1062,AFD,12.2,11.7,12.9
06W607,0606,78,1062,SPD,11.5,11.2,11.8
06W607,0606,78,1062,LINKE,11.4,10.9,11.6
06W607,0606,78,1062,FDP,6.7,6.1,6.9
06W607,0606,78,1062,Sonstige,6.0,5.8,6.3
06W608,0606,78,1049,CDU,27.5,27.4,28.0
06W608,0606,78,1049,GRUENE,19.8,19.6,19.9
06W608,0606,78,1049,AFD,14.5,14.1,15.0
06W608,0606,78,1049,LINKE,12.1,11.9,12.3
06W608,0606,78,1049,SPD,12.0,11.8,12.1
06W608,0606,78,1049,Sonstige,6.5,6.4,6.7
06W608,0606,78,1049,FDP,5.7,5.4,5.9
06W609,0606,78,999,CDU,29.0,28.9,29.5
06W609,0606,78,999,GRUENE,18.1,17.9,18.4
06W609,0606,78,999,SPD,11.8,11.5,12.0
06W609,0606,78,999,LINKE,11.3,10.8,11.5
06W609,0606,78,999,AFD,11.2,10.8,12.0
06W609,0606,78,999,Sonstige,7.1,6.9,7.3
06W609,0606,78,999,FDP,6.1,5.9,6.2
06W610,0606,78,1032,CDU,28.8,28.7,29.3
06W610,0606,78,1032,AFD,16.1,15.8,17.1
06W610,0606,78,1032,GRUENE,15.9,15.7,16.2
06W610,0606,78,1032,SPD,11.9,11.3,12.2
06W610,0606,78,1032,LINKE,11.0,10.7,11.2
06W610,0606,78,1032,Sonstige,7.9,7.7,8.0
06W610,0606,78,1032,FDP,4.6,4.5,4.7
06W611,0606,78,1066,GRUENE,25.2,25.0,25.4
06W611,0606,78,1066,CDU,21.7,21.5,22.0
06W611,0606,78,1066,LINKE,13.6,13.3,13.8
06W611,0606,78,1066,AFD,12.9,12.5,13.3
06W611,0606,78,1066,SPD,12.8,12.2,13.0
06W611,0606,78,1066,Sonstige,7.6,7.5,7.8
06W611,0606,78,1066,FDP,4.3,4.2,4.5
06W612,0606,78,1038,CDU,21.7,21.6,22.0
06W612,0606,78,1038,GRUENE,20.8,20.6,21.1
06W612,0606,78,1038,AFD,15.6,15.2,16.4
06W612,0606,78,1038,LINKE,13.2,13.0,13.3
06W612,0606,78,1038,SPD,12.5,12.2,13.0
06W612,0606,78,1038,Sonstige,9.2,9.1,9.4
06W612,0606,78,1038,FDP,4.5,4.4,4.7
06W613,0606,78,1031,GRUENE,20.7,20.5,21.0
06W613,0606,78,1031,CDU,19.9,19.8,20.3
06W613,0606,78,1031,AFD,17.4,16.9,18.4
06W613,0606,78,1031,LINKE,15.6,15.4,15.8
06W613,0606,78,1031,SPD,12.0,11.6,12.7
06W613,0606,78,1031,Sonstige,9.3,9.2,9.4
06W613,0606,78,1031,FDP,3.8,3.7,4.0
06W614,0606,78,1015,CDU,21.4,21.3,21.8
06W614,0606,78,1015,GRUENE,19.8,19.6,20.0
06W614,0606,78,1015,AFD,16.8,16.5,17.7
06W614,0606,78,1015,SPD,12.0,11.8,12.3
06W614,0606,78,1015,LINKE,11.8,11.5,11.9
06W614,0606,78,1015,Sonstige,10.1,10.0,10.2
06W614,0606,78,1015,FDP,5.1,4.8,5.3
06W615,0606,78,1000,GRUENE,22.2,21.8,22.4
06W615,0606,78,1000,CDU,22.0,22.0,22.4
06W615,0606,78,1000,AFD,15.4,14.8,15.7
06W615,0606,78,1000,SPD,12.0,11.8,12.5
06W615,0606,78,1000,LINKE,11.7,11.5,11.8
06W615,0606,78,1000,Sonstige,9.0,8.9,9.2
06W615,0606,78,1000,FDP,5.1,4.9,5.3
06W616,0606,78,1041,GRUENE,27.2,26.9,27.4
06W616,0606,78,1041,CDU,20.3,20.3,20.7
06W616,0606,78,1041,SPD,13.2,12.2,13.4
06W616,0606,78,1041,LINKE,12.4,12.2,12.6
06W616,0606,78,1041,AFD,11.1,10.7,11.5
06W616,0606,78,1041,Sonstige,7.9,7.8,8.1
06W616,0606,78,1041,FDP,4.7,4.6,4.9
06W617,0606,78,983,CDU,25.6,25.5,26.0
06W617,0606,78,983,GRUENE,20.7,20.5,20.8
06W617,0606,78,983,SPD,13.5,12.6,13.7
06W617,0606,78,983,AFD,13.2,12.8,13.9
06W617,0606,78,983,LINKE,9.9,9.5,10.0
06W617,0606,78,983,Sonstige,7.7,7.5,7.8
06W617,0606,78,983,FDP,5.8,5.6,6.0
06W618,0606,78,1053,CDU,26.2,26.1,26.6
06W618,0606,78,1053,GRUENE,21.2,21.0,21.4
06W618,0606,78,1053,AFD,13.3,12.7,13.6
06W618,0606,78,1053,SPD,12.4,11.8,12.5
06W618,0606,78,1053,LINKE,11.9,11.5,12.0
06W618,0606,78,1053,Sonstige,6.1,6.0,6.3
06W618,0606,78,1053,FDP,6.0,5.8,6.2
06W619,0606,78,1008,CDU,24.8,24.7,25.1
06W619,0606,78,1008,GRUENE,17.9,17.7,18.1
06W619,0606,78,1008,SPD,14.5,14.0,14.8
06W619,0606,78,1008,AFD,13.8,13.5,14.5
06W619,0606,78,1008,LINKE,12.8,12.4,12.9
06W619,0606,78,1008,Sonstige,7.3,7.2,7.4
06W619,0606,78,1008,FDP,4.8,4.7,5.0
06W620,0606,78,1057,CDU,30.2,29.8,30.7
06W620,0606,78,1057,SPD,17.2,16.4,17.5
06W620,0606,78,1057,LINKE,14.8,14.1,15.2
06W620,0606,78,1057,AFD,13.7,13.0,15.5
06W620,0606,78,1057,GRUENE,11.3,10.9,11.7
06W620,0606,78,1057,Sonstige,5.8,5.5,6.1
06W620,0606,78,1057,FDP,5.0,4.8,5.3
06W621,0606,78,1051,CDU,28.1,27.9,28.5
06W621,0606,78,1051,GRUENE,16.6,16.5,16.8
06W621,0606,78,1051,AFD,15.8,15.5,16.3
06W621,0606,78,1051,SPD,13.4,12.9,13.6
06W621,0606,78,1051,LINKE,11.6,11.3,11.7
06W621,0606,78,1051,Sonstige,7.2,7.0,7.3
06W621,0606,78,1051,FDP,5.1,5.0,5.3
06W622,0606,78,1021,CDU,23.0,22.9,23.4
06W622,0606,78,1021,GRUENE,17.8,17.6,17.9
06W622,0606,78,1021,AFD,16.5,16.2,17.1
06W622,0606,78,1021,LINKE,13.4,13.2,13.5
06W622,0606,78,1021,SPD,12.0,11.8,12.6
06W622,0606,78,1021,Sonstige,10.3,10.2,10.4
06W622,0606,78,1021,FDP,4.5,4.3,4.7
06W623,0606,78,1064,CDU,23.3,23.2,23.6
06W623,0606,78,1064,GRUENE,19.7,19.6,19.9
06W623,0606,78,1064,AFD,15.2,14.9,15.8
06W623,0606,78,1064,LINKE,13.5,13.3,13.6
06W623,0606,78,1064,SPD,12.3,12.0,12.5
06W623,0606,78,1064,Sonstige,9.0,9.0,9.2
06W623,0606,78,1064,FDP,4.3,4.2,4.5
06W624,0606,78,1043,CDU,21.4,21.3,21.8
06W624,0606,78,1043,GRUENE,20.1,19.9,20.2
06W624,0606,78,1043,AFD,15.4,15.0,16.1
06W624,0606,78,1043,LINKE,13.8,13.6,14.0
06W624,0606,78,1043,SPD,12.6,12.3,13.1
06W624,0606,78,1043,Sonstige,9.5,9.4,9.6
06W624,0606,78,1043,FDP,4.2,4.1,4.4
06W625,0606,78,1062,CDU,21.5,21.4,21.8
06W625,0606,78,1062,AFD,18.6,18.1,19.1
06W625,0606,78,1062,GRUENE,17.5,17.4,17.7
06W625,0606,78,1062,LINKE,14.4,14.2,14.5
06W625,0606,78,1062,SPD,12.7,12.2,12.8
06W625,0606,78,1062,Sonstige,10.7,10.6,10.8
06W625,0606,78,1062,FDP,3.9,3.8,4.1
06W626,0606,78,1068,CDU,22.0,21.9,22.4
06W626,0606,78,1068,GRUENE,18.1,18.0,18.3
06W626,0606,78,1068,AFD,16.8,16.4,17.7
06W626,0606,78,1068,LINKE,16.2,15.9,16.4
06W626,0606,78,1068,SPD,11.3,11.0,12.0
06W626,0606,78,1068,Sonstige,9.2,9.1,9.3
06W626,0606,78,1068,FDP,4.4,4.2,4.5
06W627,0606,78,1066,CDU,26.9,26.7,27.2
06W627,0606,78,1066,AFD,18.0,17.6,18.9
06W627,0606,78,1066,GRUENE,14.3,14.2,14.6
06W627,0606,78,1066,LINKE,14.0,13.7,14.2
06W627,0606,78,1066,SPD,12.0,11.7,12.2
06W627,0606,78,1066,Sonstige,7.5,7.3,7.6
06W627,0606,78,1066,FDP,4.5,4.4,4.6
06W628,0606,78,1064,CDU,22.9,22.8,23.3
06W628,0606,78,1064,AFD,19.0,18.3,19.3
06W628,0606,78,1064,GRUENE,17.1,16.9,17.3
06W628,0606,78,1064,LINKE,14.9,14.7,15.0
06W628,0606,78,1064,SPD,12.3,12.0,12.9
06W628,0606,78,1064,Sonstige,10.1,10.1,10.2
06W628,0606,78,1064,FDP,4.1,3.9,4.3
06W629,0606,78,1061,CDU,23.8,23.7,24.2
06W629,0606,78,1061,GRUENE,17.6,17.5,17.8
06W629,0606,78,1061,AFD,17.0,16.7,17.9
06W629,0606,78,1061,SPD,13.5,13.0,13.7
06W629,0606,78,1061,LINKE,12.4,12.3,12.5
06W629,0606,78,1061,Sonstige,9.6,9.5,9.8
06W629,0606,78,1061,FDP,4.0,3.9,4.1
06W630,0606,78,1038,CDU,24.8,24.7,25.2
06W630,0606,78,1038,GRUENE,18.3,18.2,18.5
06W630,0606,78,1038,AFD,15.9,15.4,16.5
06W630,0606,78,1038,LINKE,13.8,13.5,14.0
06W630,0606,78,1038,SPD,11.7,11.4,12.2
06W630,0606,78,1038,Sonstige,8.9,8.7,9.0
06W630,0606,78,1038,FDP,4.9,4.7,5.1
06W701,0607,78,1065,CDU,29.1,28.9,29.6
06W701,0607,78,1065,AFD,16.9,16.5,17.3
06W701,0607,78,1065,GRUENE,16.9,16.7,17.0
06W701,0607,78,1065,SPD,10.3,10.0,11.7
06W701,0607,78,1065,LINKE,9.5,9.2,9.6
06W701,0607,78,1065,Sonstige,7.6,7.5,7.7
06W701,0607,78,1065,FDP,6.4,5.4,6.7
06W702,0607,78,1067,CDU,28.1,28.0,28.5
06W702,0607,78,1067,GRUENE,17.4,17.2,17.5
06W702,0607,78,1067,AFD,15.3,15.1,15.7
06W702,0607,78,1067,SPD,12.4,12.2,12.7
06W702,0607,78,1067,LINKE,9.9,9.5,10.0
06W702,0607,78,1067,Sonstige,7.2,7.1,7.3
06W702,0607,78,1067,FDP,6.5,5.7,6.8
06W703,0607,78,1066,CDU,30.5,30.4,31.0
06W703,0607,78,1066,GRUENE,17.4,17.3,17.6
06W703,0607,78,1066,AFD,16.4,16.1,16.8
06W703,0607,78,1066,SPD,11.4,11.2,12.0
06W703,0607,78,1066,LINKE,9.1,8.8,9.3
06W703,0607,78,1066,Sonstige,6.5,6.4,6.7
06W703,0607,78,1066,FDP,6.0,5.3,6.3
06W704,0607,78,1067,CDU,29.1,29.0,29.6
06W704,0607,78,1067,AFD,16.6,16.4,17.3
06W704,0607,78,1067,GRUENE,16.4,16.2,16.5
06W704,0607,78,1067,SPD,11.5,11.3,12.0
06W704,0607,78,1067,LINKE,8.9,8.5,9.1
06W704,0607,78,1067,Sonstige,7.2,7.1,7.4
06W704,0607,78,1067,FDP,6.1,5.3,6.4
06W705,0607,78,1076,CDU,31.1,30.9,31.6
06W705,0607,78,1076,GRUENE,15.7,15.5,15.9
06W705,0607,78,1076,SPD,14.8,13.9,15.0
06W705,0607,78,1076,AFD,14.6,14.3,15.2
06W705,0607,78,1076,LINKE,8.5,8.2,8.7
06W705,0607,78,1076,FDP,6.5,5.8,6.8
06W705,0607,78,1076,Sonstige,5.8,5.6,6.0
06W706,0607,78,1264,CDU,29.4,29.3,29.9
06W706,0607,78,1264,GRUENE,16.8,16.6,17.0
06W706,0607,78,1264,AFD,16.7,16.4,17.5
06W706,0607,78,1264,SPD,11.0,10.8,11.5
06W706,0607,78,1264,LINKE,9.2,8.9,9.4
06W706,0607,78,1264,FDP,6.7,5.9,7.0
06W706,0607,78,1264,Sonstige,6.4,6.3,6.5
06W707,0607,78,1072,CDU,23.1,23.0,23.6
06W707,0607,78,1072,GRUENE,20.7,20.5,20.9
06W707,0607,78,1072,AFD,14.8,14.5,15.5
06W707,0607,78,1072,SPD,13.2,12.8,13.7
06W707,0607,78,1072,LINKE,10.6,10.2,10.7
06W707,0607,78,1072,Sonstige,7.4,7.3,7.6
06W707,0607,78,1072,FDP,6.7,5.6,7.0
06W708,0607,78,1043,CDU,25.4,25.2,25.9
06W708,0607,78,1043,AFD,17.3,16.9,18.1
06W708,0607,78,1043,GRUENE,17.0,16.9,17.2
06W708,0607,78,1043,SPD,11.2,10.9,11.9
06W708,0607,78,1043,LINKE,9.7,9.4,9.9
06W708,0607,78,1043,Sonstige,8.8,8.7,9.0
06W708,0607,78,1043,FDP,6.0,5.1,6.3
06W709,0607,78,1075,CDU,28.5,28.4,29.0
06W709,0607,78,1075,GRUENE,18.8,18.6,19.0
06W709,0607,78,1075,AFD,13.3,13.0,13.9
06W709,0607,78,1075,SPD,11.6,11.4,12.1
06W709,0607,78,1075,LINKE,10.2,9.7,10.3
06W709,0607,78,1075,Sonstige,7.1,7.0,7.3
06W709,0607,78,1075,FDP,6.5,5.7,6.8
06W710,0607,78,1068,CDU,29.0,28.9,29.5
06W710,0607,78,1068,GRUENE,20.4,20.2,20.6
06W710,0607,78,1068,AFD,12.0,11.8,12.7
06W710,0607,78,1068,SPD,12.0,11.6,12.3
06W710,0607,78,1068,LINKE,7.6,7.3,7.7
06W710,0607,78,1068,Sonstige,7.0,6.9,7.2
06W710,0607,78,1068,FDP,7.0,6.1,7.3
06W711,0607,78,1074,CDU,28.0,27.9,28.5
06W711,0607,78,1074,GRUENE,20.8,20.6,20.9
06W711,0607,78,1074,SPD,11.7,11.5,12.0
06W711,0607,78,1074,AFD,11.2,10.9,12.0
06W711,0607,78,1074,LINKE,8.3,7.9,8.5
06W711,0607,78,1074,FDP,7.1,6.2,7.4
06W711,0607,78,1074,Sonstige,7.1,6.9,7.2
06W712,0607,78,1004,CDU,26.3,26.2,26.7
06W712,0607,78,1004,GRUENE,19.7,19.6,19.9
06W712,0607,78,1004,SPD,14.0,13.1,14.3
06W712,0607,78,1004,AFD,13.8,13.5,14.3
06W712,0607,78,1004,LINKE,8.8,8.6,8.9
06W712,0607,78,1004,Sonstige,7.6,7.5,7.8
06W712,0607,78,1004,FDP,6.5,5.7,6.7
06W713,0607,78,984,CDU,27.9,27.8,28.4
06W713,0607,78,984,GRUENE,19.7,19.5,19.9
06W713,0607,78,984,SPD,12.4,12.0,12.7
06W713,0607,78,984,AFD,11.6,11.3,12.1
06W713,0607,78,984,LINKE,9.0,8.7,9.1
06W713,0607,78,984,Sonstige,7.7,7.6,7.9
06W713,0607,78,984,FDP,6.4,5.6,6.6
06W714,0607,78,1047,CDU,29.4,29.3,29.8
06W714,0607,78,1047,GRUENE,18.5,18.4,18.7
06W714,0607,78,1047,AFD,14.3,14.0,14.8
06W714,0607,78,1047,SPD,12.9,12.2,13.1
06W714,0607,78,1047,LINKE,8.7,8.4,8.8
06W714,0607,78,1047,Sonstige,6.8,6.6,6.9
06W714,0607,78,1047,FDP,6.6,5.8,6.8
06W715,0607,78,1065,CDU,26.2,26.1,26.6
06W715,0607,78,1065,GRUENE,17.3,17.1,17.5
06W715,0607,78,1065,AFD,14.7,14.3,15.0
06W715,0607,78,1065,SPD,13.6,12.8,13.9
06W715,0607,78,1065,LINKE,10.6,10.1,10.7
06W715,0607,78,1065,Sonstige,8.2,8.0,8.3
06W715,0607,78,1065,FDP,6.0,5.3,6.2
06W716,0607,78,1052,CDU,27.4,27.3,27.8
06W716,0607,78,1052,GRUENE,19.7,19.3,19.9
06W716,0607,78,1052,AFD,14.1,13.7,14.5
06W716,0607,78,1052,SPD,11.0,10.8,12.2
06W716,0607,78,1052,LINKE,10.4,9.9,10.5
06W716,0607,78,1052,Sonstige,6.7,6.6,6.9
06W716,0607,78,1052,FDP,6.5,5.6,6.7
06W717,0607,78,1074,CDU,30.6,30.5,31.1
06W717,0607,78,1074,GRUENE,17.0,16.8,17.2
06W717,0607,78,1074,AFD,14.0,13.7,14.4
06W717,0607,78,1074,SPD,11.6,11.4,12.2
06W717,0607,78,1074,LINKE,9.8,9.4,9.9
06W717,0607,78,1074,Sonstige,6.9,6.8,7.1
06W717,0607,78,1074,FDP,6.5,5.7,6.8
06W718,0607,78,1073,CDU,30.2,30.1,30.7
06W718,0607,78,1073,GRUENE,17.8,17.6,17.9
06W718,0607,78,1073,AFD,15.0,14.7,15.6
06W718,0607,78,1073,SPD,11.2,11.0,12.4
06W718,0607,78,1073,LINKE,9.7,9.3,9.8
06W718,0607,78,1073,Sonstige,6.6,6.4,6.8
06W718,0607,78,1073,FDP,6.5,5.6,6.8
06W719,0607,78,1074,CDU,27.6,27.5,28.0
06W719,0607,78,1074,GRUENE,18.0,17.8,18.2
06W719,0607,78,1074,AFD,14.0,13.8,14.5
06W719,0607,78,1074,SPD,12.7,12.5,13.0
06W719,0607,78,1074,LINKE,10.8,10.3,10.9
06W719,0607,78,1074,Sonstige,7.0,6.9,7.2
06W719,0607,78,1074,FDP,6.6,5.8,6.9
06W720,0607,78,947,CDU,28.7,28.6,29.2
06W720,0607,78,947,AFD,17.1,16.8,18.0
06W720,0607,78,947,GRUENE,14.3,14.2,14.4
06W720,0607,78,947,SPD,12.8,12.4,13.1
06W720,0607,78,947,LINKE,11.0,10.5,11.1
06W720,0607,78,947,Sonstige,6.8,6.6,6.9
06W720,0607,78,947,FDP,6.1,5.4,6.4
06W721,0607,78,905,CDU,23.7,23.6,24.1
06W721,0607,78,905,GRUENE,20.0,19.8,20.2
06W721,0607,78,905,SPD,14.5,13.2,14.8
06W721,0607,78,905,AFD,13.7,13.3,14.0
06W721,0607,78,905,LINKE,10.5,10.2,10.6
06W721,0607,78,905,Sonstige,7.9,7.7,8.1
06W721,0607,78,905,FDP,6.1,5.4,6.4
06W722,0607,78,899,CDU,22.4,22.2,22.7
06W722,0607,78,899,GRUENE,21.2,21.0,21.4
06W722,0607,78,899,AFD,13.0,12.6,13.8
06W722,0607,78,899,LINKE,12.7,12.4,12.9
06W722,0607,78,899,SPD,12.1,11.6,12.8
06W722,0607,78,899,Sonstige,8.0,7.8,8.3
06W722,0607,78,899,FDP,5.5,4.8,5.8
06W723,0607,78,965,CDU,25.1,24.9,25.4
06W723,0607,78,965,GRUENE,16.7,16.6,16.9
06W723,0607,78,965,AFD,16.3,15.7,16.6
06W723,0607,78,965,SPD,13.1,12.7,13.4
06W723,0607,78,965,LINKE,11.5,11.1,11.6
06W723,0607,78,965,Sonstige,8.3,8.2,8.4
06W723,0607,78,965,FDP,5.8,5.2,6.0
06W724,0607,78,1047,CDU,29.0,28.9,29.4
06W724,0607,78,1047,GRUENE,16.5,16.3,16.6
06W724,0607,78,1047,AFD,15.8,15.5,16.5
06W724,0607,78,1047,SPD,12.1,11.8,13.0
06W724,0607,78,1047,LINKE,9.3,8.9,9.4
06W724,0607,78,1047,Sonstige,6.8,6.7,6.9
06W724,0607,78,1047,FDP,5.9,5.0,6.2
06W725,0607,78,1073,GRUENE,23.1,22.9,23.3
06W725,0607,78,1073,CDU,21.3,21.2,21.6
06W725,0607,78,1073,SPD,14.4,13.6,14.7
06W725,0607,78,1073,AFD,13.5,13.0,13.8
06W725,0607,78,1073,LINKE,12.7,12.4,12.8
06W725,0607,78,1073,Sonstige,7.3,7.2,7.5
06W725,0607,78,1073,FDP,5.8,4.9,6.1
06W726,0607,78,1153,GRUENE,22.2,22.0,22.3
06W726,0607,78,1153,CDU,19.1,19.0,19.4
06W726,0607,78,1153,AFD,15.9,15.4,16.3
06W726,0607,78,1153,SPD,13.1,12.9,13.5
06W726,0607,78,1153,LINKE,12.9,12.7,13.0
06W726,0607,78,1153,Sonstige,10.4,10.3,10.5
06W726,0607,78,1153,FDP,4.5,3.9,4.7
06W727,0607,78,1059,CDU,27.0,26.9,27.4
06W727,0607,78,1059,AFD,19.2,18.9,20.1
06W727,0607,78,1059,SPD,13.3,13.0,13.8
06W727,0607,78,1059,GRUENE,13.2,13.1,13.4
06W727,0607,78,1059,LINKE,9.6,9.3,9.8
06W727,0607,78,1059,Sonstige,9.3,9.2,9.5
06W727,0607,78,1059,FDP,4.3,3.8,4.6
06W728,0607,78,1058,CDU,29.4,29.3,29.9
06W728,0607,78,1058,AFD,16.7,16.4,17.9
06W728,0607,78,1058,GRUENE,14.5,14.3,14.6
06W728,0607,78,1058,SPD,13.1,12.8,13.4
06W728,0607,78,1058,LINKE,9.6,9.2,9.8
06W728,0607,78,1058,Sonstige,6.9,6.8,7.1
06W728,0607,78,1058,FDP,5.7,5.0,5.9
07W101,0701,80,1112,CDU,22.0,21.8,22.4
07W101,0701,80,1112,LINKE,17.9,17.4,18.3
07W101,0701,80,1112,GRUENE,16.9,16.6,17.3
07W101,0701,80,1112,SPD,16.4,13.4,16.8
07W101,0701,80,1112,AFD,13.8,13.2,15.0
07W101,0701,80,1112,Sonstige,8.1,7.9,8.3
07W101,0701,80,1112,FDP,3.4,3.3,3.5
07W102,0701,80,962,GRUENE,22.2,21.9,22.7
07W102,0701,80,962,CDU,20.7,20.4,21.1
07W102,0701,80,962,LINKE,18.8,18.3,19.1
07W102,0701,80,962,SPD,13.7,12.2,14.2
07W102,0701,80,962,AFD,10.6,10.1,12.0
07W102,0701,80,962,Sonstige,7.8,7.6,7.9
07W102,0701,80,962,FDP,4.1,3.7,4.2
07W103,0701,80,851,LINKE,23.9,23.4,24.3
07W103,0701,80,851,GRUENE,19.8,19.4,20.3
07W103,0701,80,851,CDU,18.1,17.7,18.4
07W103,0701,80,851,AFD,13.8,13.4,15.4
07W103,0701,80,851,SPD,13.7,12.1,14.1
07W103,0701,80,851,Sonstige,8.6,8.4,8.9
07W103,0701,80,851,FDP,2.4,2.3,2.5
07W104,0701,80,841,GRUENE,29.6,29.1,30.0
07W104,0701,80,841,LINKE,21.6,21.3,21.7
07W104,0701,80,841,CDU,15.0,14.7,15.4
07W104,0701,80,841,SPD,12.9,11.7,13.3
07W104,0701,80,841,Sonstige,9.4,9.3,9.5
07W104,0701,80,841,AFD,6.7,6.2,8.2
07W104,0701,80,841,FDP,2.9,2.8,3.0
07W105,0701,80,1012,GRUENE,26.2,25.6,26.8
07W105,0701,80,1012,LINKE,19.7,19.5,19.9
07W105,0701,80,1012,CDU,18.7,18.3,19.2
07W105,0701,80,1012,SPD,12.3,11.9,12.9
07W105,0701,80,1012,AFD,10.5,9.9,12.3
07W105,0701,80,1012,Sonstige,8.8,8.6,9.0
07W105,0701,80,1012,FDP,3.7,3.2,4.0
07W106,0701,80,1077,GRUENE,23.7,23.4,24.1
07W106,0701,80,1077,CDU,21.0,20.8,21.4
07W106,0701,80,1077,LINKE,18.3,18.0,18.4
07W106,0701,80,1077,SPD,13.2,12.4,13.6
07W106,0701,80,1077,AFD,9.9,9.5,11.5
07W106,0701,80,1077,Sonstige,7.7,7.5,7.8
07W106,0701,80,1077,FDP,3.7,3.4,3.8
07W107,0701,80,955,GRUENE,24.9,24.6,25.2
07W107,0701,80,955,CDU,21.6,21.3,22.0
07W107,0701,80,955,LINKE,17.7,17.5,17.9
07W107,0701,80,955,SPD,12.1,11.7,12.3
07W107,0701,80,955,AFD,9.0,8.5,10.5
07W107,0701,80,955,Sonstige,8.1,7.9,8.3
07W107,0701,80,955,FDP,3.5,3.3,3.6
07W108,0701,80,956,GRUENE,22.9,22.7,23.2
07W108,0701,80,956,LINKE,21.4,21.1,21.6
07W108,0701,80,956,CDU,16.8,16.6,17.1
07W108,0701,80,956,SPD,13.5,12.2,13.9
07W108,0701,80,956,AFD,12.1,11.7,13.4
07W108,0701,80,956,Sonstige,8.7,8.6,8.8
07W108,0701,80,956,FDP,2.9,2.8,3.0
07W109,0701,80,867,GRUENE,28.8,28.5,29.1
07W109,0701,80,867,LINKE,25.1,24.8,25.2
07W109,0701,80,867,SPD,12.8,12.0,13.1
07W109,0701,80,867,CDU,12.3,12.1,12.6
07W109,0701,80,867,AFD,8.7,8.2,10.1
07W109,0701,80,867,Sonstige,8.2,8.1,8.3
07W109,0701,80,867,FDP,2.7,2.6,2.8
07W110,0701,80,871,GRUENE,30.3,30.0,30.6
07W110,0701,80,871,LINKE,21.8,21.5,21.9
07W110,0701,80,871,CDU,13.7,13.4,14.0
07W110,0701,80,871,SPD,12.8,12.0,13.1
07W110,0701,80,871,AFD,9.4,9.0,10.6
07W110,0701,80,871,Sonstige,8.7,8.6,8.8
07W110,0701,80,871,FDP,2.9,2.7,3.0
07W111,0701,80,916,GRUENE,32.4,32.1,32.8
07W111,0701,80,916,LINKE,25.8,25.6,26.0
07W111,0701,80,916,SPD,12.4,11.0,12.8
07W111,0701,80,916,CDU,11.1,10.8,11.4
07W111,0701,80,916,Sonstige,8.3,8.1,8.4
07W111,0701,80,916,AFD,6.8,6.3,7.9
07W111,0701,80,916,FDP,2.4,2.3,2.6
07W112,0701,80,954,GRUENE,25.7,25.3,26.2
07W112,0701,80,954,LINKE,24.5,24.1,24.7
07W112,0701,80,954,SPD,13.2,11.8,13.5
07W112,0701,80,954,Sonstige,12.4,12.3,12.5
07W112,0701,80,954,AFD,12.3,11.8,13.5
07W112,0701,80,954,CDU,11.7,11.4,12.0
07W112,0701,80,954,FDP,1.9,1.8,2.0
07W113,0701,80,1063,LINKE,25.9,25.5,26.0
07W113,0701,80,1063,GRUENE,23.6,23.0,24.2
07W113,0701,80,1063,AFD,14.2,13.6,15.5
07W113,0701,80,1063,CDU,13.7,13.3,14.1
07W113,0701,80,1063,SPD,11.4,11.1,11.9
07W113,0701,80,1063,Sonstige,10.3,10.1,10.4
07W113,0701,80,1063,FDP,2.4,2.1,2.6
07W114,0701,80,1094,LINKE,27.1,26.8,27.4
07W114,0701,80,1094,GRUENE,24.4,24.0,24.8
07W114,0701,80,1094,AFD,12.7,12.3,13.6
07W114,0701,80,1094,SPD,12.1,11.0,12.5
07W114,0701,80,1094,CDU,11.8,11.5,12.1
07W114,0701,80,1094,Sonstige,11.7,11.5,11.8
07W114,0701,80,1094,FDP,1.8,1.7,2.0
07W115,0701,80,1042,LINKE,29.8,29.3,30.2
07W115,0701,80,1042,GRUENE,23.9,23.6,24.4
07W115,0701,80,1042,CDU,12.9,12.7,13.2
07W115,0701,80,1042,SPD,11.7,9.9,12.0
07W115,0701,80,1042,AFD,11.1,10.6,11.9
07W115,0701,80,1042,Sonstige,10.4,10.2,10.7
07W115,0701,80,1042,FDP,1.7,1.7,2.2
07W116,0701,80,1124,LINKE,28.1,27.7,28.4
07W116,0701,80,1124,GRUENE,24.3,24.1,24.7
07W116,0701,80,1124,AFD,14.0,13.4,14.6
07W116,0701,80,1124,CDU,12.9,12.7,13.1
07W116,0701,80,1124,SPD,12.4,9.9,12.7
07W116,0701,80,1124,Sonstige,10.3,10.1,10.4
07W116,0701,80,1124,FDP,1.7,1.6,2.2
07W117,0701,80,1059,GRUENE,26.3,26.0,26.8
07W117,0701,80,1059,LINKE,25.7,25.3,26.0
07W117,0701,80,1059,SPD,14.2,11.7,14.4
07W117,0701,80,1059,CDU,11.6,11.4,11.9
07W117,0701,80,1059,Sonstige,11.3,11.1,11.8
07W117,0701,80,1059,AFD,9.8,9.4,10.7
07W117,0701,80,1059,FDP,1.4,1.3,1.9
07W118,0701,80,987,GRUENE,33.0,32.7,33.3
07W118,0701,80,987,LINKE,22.6,22.4,22.7
07W118,0701,80,987,SPD,13.0,11.8,13.2
07W118,0701,80,987,CDU,11.8,11.5,12.1
07W118,0701,80,987,Sonstige,9.4,9.3,9.6
07W118,0701,80,987,AFD,6.3,5.8,7.1
07W118,0701,80,987,FDP,3.1,2.9,3.2
07W119,0701,80,1005,GRUENE,33.4,33.1,33.7
07W119,0701,80,1005,LINKE,22.1,21.9,22.3
07W119,0701,80,1005,SPD,12.6,11.6,12.9
07W119,0701,80,1005,CDU,11.5,11.3,11.7
07W119,0701,80,1005,Sonstige,9.1,9.0,9.2
07W119,0701,80,1005,AFD,5.1,4.7,6.0
07W119,0701,80,1005,FDP,3.0,2.9,3.1
07W120,0701,80,1082,GRUENE,30.8,30.5,31.0
07W120,0701,80,1082,LINKE,21.4,21.2,21.5
07W120,0701,80,1082,CDU,13.8,13.7,14.1
07W120,0701,80,1082,SPD,13.0,11.8,13.3
07W120,0701,80,1082,Sonstige,8.2,8.0,8.3
07W120,0701,80,1082,AFD,7.3,6.8,7.9
07W120,0701,80,1082,FDP,3.0,2.9,3.2
07W121,0701,80,961,GRUENE,26.2,26.0,26.5
07W121,0701,80,961,LINKE,21.4,21.1,21.5
07W121,0701,80,961,CDU,16.1,16.0,16.4
07W121,0701,80,961,SPD,12.9,12.2,13.2
07W121,0701,80,961,AFD,9.2,8.8,9.7
07W121,0701,80,961,Sonstige,8.5,8.3,8.6
07W121,0701,80,961,FDP,3.1,3.1,3.4
07W122,0701,80,928,GRUENE,24.9,24.7,25.1
07W122,0701,80,928,LINKE,22.3,22.0,22.5
07W122,0701,80,928,CDU,15.4,15.2,15.6
07W122,0701,80,928,SPD,13.1,11.9,13.4
07W122,0701,80,928,AFD,11.5,11.0,12.1
07W122,0701,80,928,Sonstige,8.7,8.5,8.8
07W122,0701,80,928,FDP,3.1,3.0,3.2
07W123,0701,80,972,GRUENE,24.9,24.7,25.1
07W123,0701,80,972,LINKE,19.8,19.6,20.0
07W123,0701,80,972,CDU,17.8,17.7,18.2
07W123,0701,80,972,SPD,13.2,11.8,13.5
07W123,0701,80,972,AFD,10.9,10.3,11.8
07W123,0701,80,972,Sonstige,8.9,8.8,9.0
07W123,0701,80,972,FDP,3.5,3.4,3.6
07W124,0701,80,1065,GRUENE,29.8,29.6,30.1
07W124,0701,80,1065,LINKE,18.9,18.7,19.1
07W124,0701,80,1065,CDU,15.6,15.4,15.9
07W124,0701,80,1065,SPD,12.8,11.2,13.2
07W124,0701,80,1065,Sonstige,9.0,8.8,9.1
07W124,0701,80,1065,AFD,7.7,7.2,8.5
07W124,0701,80,1065,FDP,3.3,3.2,3.5
07W125,0701,80,993,GRUENE,25.4,25.2,25.6
07W125,0701,80,993,LINKE,19.7,19.4,19.8
07W125,0701,80,993,CDU,16.8,16.6,17.1
07W125,0701,80,993,SPD,13.1,12.0,13.5
07W125,0701,80,993,AFD,10.9,10.4,11.5
07W125,0701,80,993,Sonstige,9.1,9.0,9.2
07W125,0701,80,993,FDP,3.5,3.4,3.6
07W126,0701,80,1017,GRUENE,25.9,25.7,26.1
07W126,0701,80,1017,LINKE,22.7,22.4,22.8
07W126,0701,80,1017,CDU,14.5,14.4,14.7
07W126,0701,80,1017,SPD,12.6,11.7,12.9
07W126,0701,80,1017,AFD,11.1,10.7,11.5
07W126,0701,80,1017,Sonstige,9.7,9.6,9.8
07W126,0701,80,1017,FDP,3.1,3.0,3.2
07W127,0701,80,1075,GRUENE,34.1,33.7,34.4
07W127,0701,80,1075,LINKE,21.9,21.7,22.0
07W127,0701,80,1075,SPD,13.2,11.7,13.5
07W127,0701,80,1075,CDU,11.3,11.0,11.5
07W127,0701,80,1075,Sonstige,9.3,9.1,9.4
07W127,0701,80,1075,AFD,4.9,4.5,6.2
07W127,0701,80,1075,FDP,2.9,2.9,3.2
07W128,0701,80,911,GRUENE,34.6,34.3,34.8
07W128,0701,80,911,LINKE,25.0,24.8,25.1
07W128,0701,80,911,SPD,11.9,10.6,12.2
07W128,0701,80,911,Sonstige,9.5,9.4,9.7
07W128,0701,80,911,CDU,8.9,8.7,9.2
07W128,0701,80,911,AFD,7.6,7.0,8.1
07W128,0701,80,911,FDP,2.7,2.6,2.8
07W129,0701,80,776,GRUENE,35.4,35.1,35.8
07W129,0701,80,776,LINKE,23.9,23.7,24.0
07W129,0701,80,776,SPD,12.5,10.8,12.8
07W129,0701,80,776,Sonstige,9.5,9.4,9.7
07W129,0701,80,776,CDU,9.0,8.8,9.3
07W129,0701,80,776,AFD,4.9,4.5,6.0
07W129,0701,80,776,FDP,2.5,2.4,2.8
07W130,0701,80,1037,GRUENE,32.1,31.7,32.5
07W130,0701,80,1037,LINKE,23.9,23.6,24.0
07W130,0701,80,1037,SPD,12.2,10.9,12.5
07W130,0701,80,1037,CDU,11.2,11.0,11.5
07W130,0701,80,1037,Sonstige,9.4,9.3,9.5
07W130,0701,80,1037,AFD,6.6,6.1,7.6
07W130,0701,80,1037,FDP,2.8,2.7,3.0
07W131,0701,80,888,GRUENE,30.7,30.5,30.9
07W131,0701,80,888,LINKE,26.4,26.2,26.6
07W131,0701,80,888,SPD,12.2,10.7,12.5
07W131,0701,80,888,CDU,9.9,9.6,10.1
07W131,0701,80,888,Sonstige,9.9,9.8,10.0
07W131,0701,80,888,AFD,9.6,9.0,9.9
07W131,0701,80,888,FDP,2.4,2.4,2.7
07W132,0701,80,1065,GRUENE,29.4,29.2,29.7
07W132,0701,80,1065,LINKE,29.1,28.8,29.3
07W132,0701,80,1065,SPD,11.9,10.3,12.2
07W132,0701,80,1065,CDU,10.9,10.7,11.2
07W132,0701,80,1065,Sonstige,9.8,9.6,9.9
07W132,0701,80,1065,AFD,7.6,7.2,8.3
07W132,0701,80,1065,FDP,2.0,1.9,2.4
07W133,0701,80,1100,GRUENE,30.3,30.1,30.6
07W133,0701,80,1100,LINKE,28.7,28.4,28.9
07W133,0701,80,1100,SPD,12.0,9.9,12.3
07W133,0701,80,1100,CDU,10.1,9.8,10.3
07W133,0701,80,1100,Sonstige,9.6,9.5,9.8
07W133,0701,80,1100,AFD,9.5,9.1,10.1
07W133,0701,80,1100,FDP,2.2,2.1,2.5
07W134,0701,80,966,GRUENE,34.3,34.1,34.6
07W134,0701,80,966,LINKE,25.9,25.6,26.0
07W134,0701,80,966,SPD,11.8,10.3,12.0
07W134,0701,80,966,Sonstige,10.4,10.2,10.5
07W134,0701,80,966,CDU,9.0,8.8,9.2
07W134,0701,80,966,AFD,4.8,4.3,5.7
07W134,0701,80,966,FDP,2.2,2.2,2.5
07W201,0702,80,1067,GRUENE,23.9,23.8,24.2
07W201,0702,80,1067,LINKE,19.8,19.6,19.9
07W201,0702,80,1067,CDU,17.6,17.5,17.9
07W201,0702,80,1067,SPD,13.7,12.8,13.9
07W201,0702,80,1067,AFD,10.3,9.9,11.5
07W201,0702,80,1067,Sonstige,9.5,9.4,9.6
07W201,0702,80,1067,FDP,2.6,2.5,2.8
07W202,0702,80,1076,GRUENE,22.5,22.3,22.7
07W202,0702,80,1076,LINKE,21.5,21.3,21.6
07W202,0702,80,1076,CDU,16.6,16.5,16.9
07W202,0702,80,1076,SPD,13.7,12.7,14.0
07W202,0702,80,1076,AFD,12.0,11.6,13.6
07W202,0702,80,1076,Sonstige,9.6,9.5,9.7
07W202,0702,80,1076,FDP,2.0,1.9,2.4
07W203,0702,80,944,GRUENE,27.9,27.6,28.2
07W203,0702,80,944,LINKE,24.1,23.8,24.2
07W203,0702,80,944,CDU,14.2,14.0,14.4
07W203,0702,80,944,SPD,12.4,11.8,12.8
07W203,0702,80,944,AFD,9.2,8.7,10.2
07W203,0702,80,944,Sonstige,8.7,8.5,8.9
07W203,0702,80,944,FDP,3.1,3.0,3.2
07W204,0702,80,1102,GRUENE,30.2,30.0,30.5
07W204,0702,80,1102,LINKE,19.8,19.6,19.9
07W204,0702,80,1102,CDU,15.6,15.4,15.9
07W204,0702,80,1102,SPD,12.5,11.3,12.8
07W204,0702,80,1102,AFD,7.4,7.0,8.7
07W204,0702,80,1102,Sonstige,7.3,7.2,7.4
07W204,0702,80,1102,FDP,3.1,3.0,3.4
07W205,0702,80,928,GRUENE,32.6,32.3,32.9
07W205,0702,80,928,LINKE,23.6,23.4,23.7
07W205,0702,80,928,SPD,13.5,11.9,13.8
07W205,0702,80,928,CDU,13.0,12.8,13.3
07W205,0702,80,928,Sonstige,6.6,6.5,6.7
07W205,0702,80,928,AFD,4.6,4.3,6.4
07W205,0702,80,928,FDP,3.2,3.1,3.5
07W206,0702,80,948,GRUENE,31.4,31.2,31.7
07W206,0702,80,948,LINKE,22.8,22.6,22.9
07W206,0702,80,948,SPD,13.5,11.4,13.8
07W206,0702,80,948,CDU,12.3,12.1,12.5
07W206,0702,80,948,Sonstige,8.7,8.5,8.8
07W206,0702,80,948,AFD,7.1,6.8,8.5
07W206,0702,80,948,FDP,2.7,2.6,3.0
07W207,0702,80,804,GRUENE,31.5,31.3,31.8
07W207,0702,80,804,LINKE,22.4,22.2,22.6
07W207,0702,80,804,SPD,14.0,12.1,14.3
07W207,0702,80,804,CDU,11.0,10.9,11.3
07W207,0702,80,804,Sonstige,9.7,9.5,9.8
07W207,0702,80,804,AFD,5.1,4.7,6.9
07W207,0702,80,804,FDP,2.4,2.3,2.8
07W208,0702,80,842,GRUENE,33.6,33.3,33.8
07W208,0702,80,842,LINKE,22.8,22.6,23.0
07W208,0702,80,842,SPD,14.6,12.5,14.8
07W208,0702,80,842,Sonstige,9.8,9.7,9.9
07W208,0702,80,842,CDU,9.7,9.5,9.9
07W208,0702,80,842,AFD,4.3,4.0,5.6
07W208,0702,80,842,FDP,2.3,2.2,2.6
07W209,0702,80,999,GRUENE,26.3,26.1,26.6
07W209,0702,80,999,LINKE,25.0,24.7,25.1
07W209,0702,80,999,SPD,14.0,12.6,14.4
07W209,0702,80,999,CDU,12.3,12.2,12.5
07W209,0702,80,999,Sonstige,10.3,10.1,10.4
07W209,0702,80,999,AFD,7.9,7.6,9.5
07W209,0702,80,999,FDP,2.2,2.1,2.5
07W210,0702,80,883,GRUENE,26.1,26.0,26.4
07W210,0702,80,883,LINKE,21.9,21.7,22.2
07W210,0702,80,883,CDU,15.3,15.1,15.5
07W210,0702,80,883,SPD,13.8,12.1,14.1
07W210,0702,80,883,Sonstige,10.2,10.0,10.3
07W210,0702,80,883,AFD,9.4,9.0,10.8
07W210,0702,80,883,FDP,2.6,2.5,2.7
07W211,0702,80,981,GRUENE,22.7,22.5,22.9
07W211,0702,80,981,LINKE,19.5,19.3,19.7
07W211,0702,80,981,CDU,17.7,17.6,18.0
07W211,0702,80,981,SPD,13.2,11.9,13.6
07W211,0702,80,981,AFD,12.4,12.0,14.0
07W211,0702,80,981,Sonstige,10.6,10.5,10.7
07W211,0702,80,981,FDP,2.4,2.3,2.7
07W212,0702,80,924,GRUENE,29.4,29.1,29.7
07W212,0702,80,924,LINKE,23.2,22.9,23.4
07W212,0702,80,924,SPD,13.5,10.9,13.8
07W212,0702,80,924,CDU,12.2,12.0,12.4
07W212,0702,80,924,Sonstige,10.5,10.4,10.7
07W212,0702,80,924,AFD,7.5,7.0,8.7
07W212,0702,80,924,FDP,2.1,2.0,2.6
07W213,0702,80,868,GRUENE,34.9,34.7,35.1
07W213,0702,80,868,LINKE,27.6,27.3,27.8
07W213,0702,80,868,Sonstige,11.0,10.8,11.1
07W213,0702,80,868,SPD,10.8,9.0,11.1
07W213,0702,80,868,AFD,7.1,6.6,7.7
07W213,0702,80,868,CDU,6.8,6.5,7.0
07W213,0702,80,868,FDP,2.1,2.1,2.5
07W214,0702,80,928,GRUENE,34.8,34.6,35.0
07W214,0702,80,928,LINKE,24.8,24.6,24.9
07W214,0702,80,928,SPD,11.4,9.7,11.6
07W214,0702,80,928,Sonstige,10.3,10.2,10.4
07W214,0702,80,928,CDU,8.8,8.5,9.0
07W214,0702,80,928,AFD,6.7,6.3,7.5
07W214,0702,80,928,FDP,2.4,2.3,2.7
07W215,0702,80,1099,GRUENE,26.0,25.8,26.3
07W215,0702,80,1099,LINKE,24.4,24.1,24.6
07W215,0702,80,1099,SPD,14.3,11.8,14.6
07W215,0702,80,1099,AFD,12.9,12.5,14.1
07W215,0702,80,1099,Sonstige,11.3,11.2,11.6
07W215,0702,80,1099,CDU,9.8,9.6,10.0
07W215,0702,80,1099,FDP,1.7,1.6,2.1
07W216,0702,80,1124,GRUENE,29.6,29.5,29.9
07W216,0702,80,1124,LINKE,28.0,27.7,28.2
07W216,0702,80,1124,Sonstige,11.2,11.1,11.4
07W216,0702,80,1124,SPD,11.0,9.6,11.3
07W216,0702,80,1124,AFD,9.6,9.2,10.5
07W216,0702,80,1124,CDU,7.9,7.7,8.1
07W216,0702,80,1124,FDP,1.4,1.3,2.0
07W217,0702,80,980,LINKE,29.9,29.6,30.1
07W217,0702,80,980,GRUENE,28.3,28.1,28.6
07W217,0702,80,980,SPD,13.1,10.9,13.3
07W217,0702,80,980,Sonstige,10.2,10.1,10.4
07W217,0702,80,980,AFD,9.6,9.2,10.4
07W217,0702,80,980,CDU,8.3,8.2,8.5
07W217,0702,80,980,FDP,1.7,1.6,2.1
07W218,0702,80,1112,GRUENE,33.6,33.4,33.9
07W218,0702,80,1112,LINKE,26.5,26.3,26.7
07W218,0702,80,1112,SPD,12.9,10.8,13.2
07W218,0702,80,1112,Sonstige,9.9,9.7,10.1
07W218,0702,80,1112,CDU,7.6,7.5,7.9
07W218,0702,80,1112,AFD,5.8,5.4,7.1
07W218,0702,80,1112,FDP,2.0,1.9,2.3
07W219,0702,80,944,GRUENE,33.5,33.2,33.7
07W219,0702,80,944,LINKE,27.1,26.9,27.3
07W219,0702,80,944,SPD,13.1,10.8,13.4
07W219,0702,80,944,Sonstige,9.1,9.0,9.3
07W219,0702,80,944,CDU,7.7,7.6,7.9
07W219,0702,80,944,AFD,5.7,5.3,6.6
07W219,0702,80,944,FDP,2.0,1.9,2.4
07W220,0702,80,1015,GRUENE,36.6,36.2,36.9
07W220,0702,80,1015,LINKE,25.7,25.6,25.9
07W220,0702,80,1015,SPD,12.3,10.9,12.7
07W220,0702,80,1015,Sonstige,9.6,9.4,9.7
07W220,0702,80,1015,CDU,7.5,7.3,7.8
07W220,0702,80,1015,AFD,3.6,3.2,5.5
07W220,0702,80,1015,FDP,2.4,2.4,2.6
07W221,0702,80,978,GRUENE,36.7,36.5,36.9
07W221,0702,80,978,LINKE,21.3,21.1,21.5
07W221,0702,80,978,SPD,12.9,10.6,13.2
07W221,0702,80,978,CDU,10.2,10.0,10.5
07W221,0702,80,978,Sonstige,10.1,10.0,10.3
07W221,0702,80,978,AFD,4.7,4.3,5.9
07W221,0702,80,978,FDP,2.2,2.2,2.5
07W222,0702,80,920,GRUENE,34.1,33.7,34.3
07W222,0702,80,920,LINKE,28.2,27.9,28.3
07W222,0702,80,920,SPD,12.6,10.9,12.9
07W222,0702,80,920,Sonstige,9.2,9.0,9.3
07W222,0702,80,920,CDU,7.2,7.0,7.4
07W222,0702,80,920,AFD,6.6,6.2,7.7
07W222,0702,80,920,FDP,2.4,2.3,2.5
07W223,0702,80,931,GRUENE,35.4,35.1,35.7
07W223,0702,80,931,LINKE,26.1,25.9,26.2
07W223,0702,80,931,SPD,12.0,10.7,12.2
07W223,0702,80,931,Sonstige,10.1,10.0,10.2
07W223,0702,80,931,CDU,7.7,7.5,7.9
07W223,0702,80,931,AFD,4.2,3.8,5.5
07W223,0702,80,931,FDP,2.2,2.1,2.5
07W224,0702,80,796,GRUENE,35.0,34.6,35.2
07W224,0702,80,796,LINKE,26.9,26.7,27.0
07W224,0702,80,796,SPD,13.1,11.3,13.4
07W224,0702,80,796,Sonstige,9.6,9.5,9.8
07W224,0702,80,796,CDU,7.2,6.9,7.4
07W224,0702,80,796,AFD,3.5,3.0,4.8
07W224,0702,80,796,FDP,2.5,2.4,2.8
07W225,0702,80,1050,GRUENE,35.1,34.8,35.4
07W225,0702,80,1050,LINKE,26.4,26.2,26.5
07W225,0702,80,1050,SPD,11.7,10.2,12.0
07W225,0702,80,1050,Sonstige,9.7,9.5,9.8
07W225,0702,80,1050,CDU,8.1,7.8,8.3
07W225,0702,80,1050,AFD,5.8,5.4,7.0
07W225,0702,80,1050,FDP,2.6,2.6,2.9
07W226,0702,80,918,GRUENE,34.4,34.1,34.7
07W226,0702,80,918,LINKE,27.0,26.8,27.2
07W226,0702,80,918,SPD,11.3,10.0,11.6
07W226,0702,80,918,Sonstige,9.8,9.7,9.9
07W226,0702,80,918,CDU,7.6,7.4,7.8
07W226,0702,80,918,AFD,6.6,6.2,7.6
07W226,0702,80,918,FDP,2.1,2.1,2.6
07W227,0702,80,1057,GRUENE,34.2,33.9,34.4
07W227,0702,80,1057,LINKE,24.8,24.6,24.9
07W227,0702,80,1057,SPD,11.4,10.4,11.7
07W227,0702,80,1057,Sonstige,10.6,10.5,10.7
07W227,0702,80,1057,CDU,9.3,9.1,9.5
07W227,0702,80,1057,AFD,5.5,5.1,7.0
07W227,0702,80,1057,FDP,2.2,2.1,2.4
07W228,0702,80,1014,LINKE,25.3,24.9,25.4
07W228,0702,80,1014,AFD,19.4,19.0,21.2
07W228,0702,80,1014,CDU,15.5,15.3,15.8
07W228,0702,80,1014,GRUENE,14.3,14.1,14.6
07W228,0702,80,1014,SPD,13.0,12.4,13.3
07W228,0702,80,1014,Sonstige,10.8,10.5,10.9
07W228,0702,80,1014,FDP,1.8,1.8,2.1
07W229,0702,80,1068,CDU,21.5,21.4,21.9
07W229,0702,80,1068,LINKE,20.5,20.2,20.7
07W229,0702,80,1068,GRUENE,16.0,15.8,16.3
07W229,0702,80,1068,AFD,15.7,15.3,17.2
07W229,0702,80,1068,SPD,13.2,12.6,13.5
07W229,0702,80,1068,Sonstige,9.5,9.3,9.6
07W229,0702,80,1068,FDP,2.9,2.8,3.0
07W230,0702,80,1084,LINKE,19.3,18.9,19.6
07W230,0702,80,1084,GRUENE,19.0,18.8,19.3
07W230,0702,80,1084,CDU,16.9,16.8,17.2
07W230,0702,80,1084,AFD,14.6,14.2,16.6
07W230,0702,80,1084,SPD,13.8,12.3,14.1
07W230,0702,80,1084,Sonstige,10.6,10.4,10.7
07W230,0702,80,1084,FDP,2.5,2.4,2.7
07W231,0702,80,992,GRUENE,32.7,32.4,33.0
07W231,0702,80,992,LINKE,26.3,26.0,26.5
07W231,0702,80,992,Sonstige,10.9,10.7,11.0
07W231,0702,80,992,CDU,10.1,10.0,10.4
07W231,0702,80,992,SPD,10.1,9.4,10.4
07W231,0702,80,992,AFD,4.2,3.8,5.5
07W231,0702,80,992,FDP,1.8,1.7,2.3
07W232,0702,80,788,GRUENE,32.5,32.3,32.8
07W232,0702,80,788,LINKE,29.7,29.4,29.9
07W232,0702,80,788,SPD,11.9,9.6,12.3
07W232,0702,80,788,Sonstige,10.1,10.0,10.3
07W232,0702,80,788,CDU,7.5,7.3,7.7
07W232,0702,80,788,AFD,7.0,6.5,7.7
07W232,0702,80,788,FDP,1.9,1.8,2.3
07W233,0702,80,804,CDU,21.4,21.3,21.7
07W233,0702,80,804,LINKE,20.3,19.9,20.5
07W233,0702,80,804,GRUENE,16.9,16.7,17.2
07W233,0702,80,804,SPD,13.9,13.4,14.2
07W233,0702,80,804,AFD,13.2,12.7,14.6
07W233,0702,80,804,Sonstige,8.4,8.2,8.5
07W233,0702,80,804,FDP,2.7,2.6,2.8
07W234,0702,80,581,GRUENE,23.5,23.2,23.9
07W234,0702,80,581,LINKE,23.2,22.8,23.5
07W234,0702,80,581,CDU,15.0,14.8,15.2
07W234,0702,80,581,SPD,14.5,11.2,14.8
07W234,0702,80,581,AFD,11.7,11.1,12.8
07W234,0702,80,581,Sonstige,10.2,10.0,10.4
07W234,0702,80,581,FDP,1.9,1.8,2.3
07W301,0703,80,1065,GRUENE,27.3,27.1,27.7
07W301,0703,80,1065,LINKE,19.5,19.3,19.6
07W301,0703,80,1065,CDU,15.4,15.3,15.7
07W301,0703,80,1065,SPD,15.0,12.9,15.3
07W301,0703,80,1065,AFD,8.7,8.2,9.4
07W301,0703,80,1065,Sonstige,7.8,7.6,7.9
07W301,0703,80,1065,FDP,3.3,3.2,3.5
07W302,0703,80,1004,GRUENE,30.9,30.6,31.2
07W302,0703,80,1004,LINKE,17.5,17.3,17.6
07W302,0703,80,1004,CDU,15.9,15.7,16.2
07W302,0703,80,1004,SPD,13.8,12.2,14.1
07W302,0703,80,1004,Sonstige,9.0,8.9,9.2
07W302,0703,80,1004,AFD,6.5,6.1,7.2
07W302,0703,80,1004,FDP,3.7,3.6,3.8
07W303,0703,80,918,GRUENE,29.2,28.9,29.7
07W303,0703,80,918,LINKE,22.2,21.9,22.5
07W303,0703,80,918,SPD,15.1,12.4,15.5
07W303,0703,80,918,CDU,14.6,14.4,14.8
07W303,0703,80,918,Sonstige,9.1,8.8,9.4
07W303,0703,80,918,AFD,3.8,3.2,4.5
07W303,0703,80,918,FDP,2.5,2.4,3.0
07W304,0703,80,1044,GRUENE,30.2,29.9,30.6
07W304,0703,80,1044,LINKE,19.4,19.2,19.5
07W304,0703,80,1044,CDU,16.0,15.9,16.3
07W304,0703,80,1044,SPD,14.1,12.7,14.3
07W304,0703,80,1044,Sonstige,8.0,7.8,8.2
07W304,0703,80,1044,AFD,6.3,5.8,6.9
07W304,0703,80,1044,FDP,3.5,3.4,3.6
07W305,0703,80,1015,GRUENE,27.6,27.3,27.9
07W305,0703,80,1015,LINKE,18.9,18.7,19.0
07W305,0703,80,1015,CDU,16.5,16.3,16.8
07W305,0703,80,1015,SPD,15.7,13.8,16.0
07W305,0703,80,1015,AFD,8.1,7.6,9.1
07W305,0703,80,1015,Sonstige,6.7,6.5,6.9
07W305,0703,80,1015,FDP,3.8,3.7,3.9
07W306,0703,80,974,GRUENE,29.3,29.0,29.7
07W306,0703,80,974,CDU,17.0,16.8,17.3
07W306,0703,80,974,LINKE,15.3,15.1,15.4
07W306,0703,80,974,SPD,14.7,12.6,14.9
07W306,0703,80,974,Sonstige,9.4,9.3,9.6
07W306,0703,80,974,AFD,7.9,7.4,8.7
07W306,0703,80,974,FDP,3.6,3.5,3.7
07W307,0703,80,1049,GRUENE,30.3,30.0,30.6
07W307,0703,80,1049,LINKE,17.4,17.3,17.6
07W307,0703,80,1049,CDU,15.2,15.0,15.5
07W307,0703,80,1049,SPD,15.0,12.6,15.2
07W307,0703,80,1049,Sonstige,8.3,8.2,8.5
07W307,0703,80,1049,AFD,7.9,7.5,8.6
07W307,0703,80,1049,FDP,3.9,3.8,4.0
07W308,0703,80,972,GRUENE,28.6,28.3,29.0
07W308,0703,80,972,LINKE,19.2,19.0,19.3
07W308,0703,80,972,CDU,15.2,15.0,15.5
07W308,0703,80,972,SPD,14.5,13.2,14.8
07W308,0703,80,972,Sonstige,8.0,7.9,8.2
07W308,0703,80,972,AFD,7.1,6.6,8.3
07W308,0703,80,972,FDP,3.6,3.5,3.8
07W309,0703,80,1068,GRUENE,30.9,30.6,31.3
07W309,0703,80,1068,LINKE,18.4,18.2,18.5
07W309,0703,80,1068,SPD,14.7,12.8,14.9
07W309,0703,80,1068,CDU,14.7,14.5,14.9
07W309,0703,80,1068,Sonstige,7.6,7.4,7.7
07W309,0703,80,1068,AFD,6.5,6.1,7.3
07W309,0703,80,1068,FDP,4.0,3.9,4.1
07W310,0703,80,951,GRUENE,29.7,29.4,30.0
07W310,0703,80,951,LINKE,18.0,17.7,18.1
07W310,0703,80,951,SPD,14.7,12.2,15.0
07W310,0703,80,951,CDU,14.6,14.5,14.9
07W310,0703,80,951,Sonstige,9.0,8.9,9.2
07W310,0703,80,951,AFD,8.2,7.8,8.9
07W310,0703,80,951,FDP,3.5,3.5,3.7
07W311,0703,80,980,GRUENE,26.4,26.1,26.8
07W311,0703,80,980,CDU,19.4,19.3,19.8
07W311,0703,80,980,SPD,15.2,13.3,15.5
07W311,0703,80,980,LINKE,14.4,14.3,14.6
07W311,0703,80,980,AFD,9.0,8.6,10.1
07W311,0703,80,980,Sonstige,8.7,8.5,8.9
07W311,0703,80,980,FDP,3.7,3.6,3.8
07W312,0703,80,984,GRUENE,28.1,27.8,28.4
07W312,0703,80,984,LINKE,17.0,16.9,17.2
07W312,0703,80,984,CDU,15.7,15.6,16.0
07W312,0703,80,984,SPD,14.6,12.7,14.8
07W312,0703,80,984,AFD,9.8,9.2,10.3
07W312,0703,80,984,Sonstige,9.3,9.2,9.4
07W312,0703,80,984,FDP,3.5,3.4,3.6
07W313,0703,80,1102,GRUENE,29.7,29.3,30.0
07W313,0703,80,1102,LINKE,20.2,20.0,20.3
07W313,0703,80,1102,CDU,14.8,14.6,15.1
07W313,0703,80,1102,SPD,13.3,12.0,13.6
07W313,0703,80,1102,Sonstige,8.3,8.2,8.4
07W313,0703,80,1102,AFD,6.8,6.4,7.8
07W313,0703,80,1102,FDP,3.7,3.6,3.8
07W314,0703,80,944,GRUENE,28.3,28.0,28.7
07W314,0703,80,944,LINKE,17.6,17.4,17.7
07W314,0703,80,944,CDU,16.1,16.0,16.4
07W314,0703,80,944,SPD,15.7,13.1,16.0
07W314,0703,80,944,AFD,8.1,7.8,9.0
07W314,0703,80,944,Sonstige,7.6,7.4,7.8
07W314,0703,80,944,FDP,3.7,3.7,4.0
07W315,0703,80,996,GRUENE,31.5,31.2,31.9
07W315,0703,80,996,LINKE,16.5,16.4,16.7
07W315,0703,80,996,CDU,15.8,15.6,16.0
07W315,0703,80,996,SPD,14.7,12.8,14.9
07W315,0703,80,996,Sonstige,8.2,8.1,8.4
07W315,0703,80,996,AFD,6.5,6.0,7.5
07W315,0703,80,996,FDP,3.5,3.4,3.6
07W316,0703,80,914,GRUENE,31.2,30.8,31.6
07W316,0703,80,914,CDU,16.2,16.0,16.4
07W316,0703,80,914,LINKE,15.5,15.3,15.6
07W316,0703,80,914,SPD,13.4,11.8,13.6
07W316,0703,80,914,Sonstige,8.5,8.4,8.7
07W316,0703,80,914,AFD,8.3,7.7,9.2
07W316,0703,80,914,FDP,3.3,3.2,3.6
07W317,0703,80,875,GRUENE,30.1,29.8,30.4
07W317,0703,80,875,LINKE,16.8,16.6,17.0
07W317,0703,80,875,CDU,15.9,15.8,16.2
07W317,0703,80,875,SPD,13.9,12.2,14.1
07W317,0703,80,875,Sonstige,8.6,8.5,8.7
07W317,0703,80,875,AFD,6.2,5.8,7.6
07W317,0703,80,875,FDP,3.3,3.2,3.5
07W318,0703,80,1030,GRUENE,29.5,29.2,29.8
07W318,0703,80,1030,LINKE,18.7,18.5,18.9
07W318,0703,80,1030,SPD,14.7,12.6,15.0
07W318,0703,80,1030,CDU,12.7,12.5,12.9
07W318,0703,80,1030,Sonstige,9.1,9.0,9.3
07W318,0703,80,1030,AFD,8.2,7.8,8.9
07W318,0703,80,1030,FDP,3.6,3.5,3.7
07W319,0703,80,987,GRUENE,29.1,28.8,29.4
07W319,0703,80,987,LINKE,16.3,16.1,16.4
07W319,0703,80,987,SPD,15.2,13.4,15.4
07W319,0703,80,987,CDU,14.5,14.3,14.7
07W319,0703,80,987,Sonstige,10.0,9.9,10.3
07W319,0703,80,987,AFD,7.3,6.8,8.5
07W319,0703,80,987,FDP,3.6,3.4,3.7
07W320,0703,80,1005,GRUENE,28.6,28.4,29.0
07W320,0703,80,1005,LINKE,18.6,18.4,18.7
07W320,0703,80,1005,CDU,14.9,14.8,15.1
07W320,0703,80,1005,SPD,14.4,12.7,14.7
07W320,0703,80,1005,Sonstige,8.8,8.7,9.0
07W320,0703,80,1005,AFD,7.6,7.2,8.5
07W320,0703,80,1005,FDP,3.3,3.2,3.5
07W321,0703,80,1086,GRUENE,28.0,27.7,28.4
07W321,0703,80,1086,LINKE,17.0,16.9,17.2
07W321,0703,80,1086,CDU,16.9,16.7,17.1
07W321,0703,80,1086,SPD,15.4,13.2,15.7
07W321,0703,80,1086,Sonstige,7.5,7.4,7.7
07W321,0703,80,1086,AFD,7.1,6.7,8.0
07W321,0703,80,1086,FDP,3.7,3.6,3.9
07W322,0703,80,1011,GRUENE,28.4,28.2,28.7
07W322,0703,80,1011,CDU,18.4,18.3,18.7
07W322,0703,80,1011,SPD,14.8,12.7,15.0
07W322,0703,80,1011,LINKE,13.9,13.7,14.1
07W322,0703,80,1011,AFD,8.8,8.4,9.9
07W322,0703,80,1011,Sonstige,8.2,8.1,8.3
07W322,0703,80,1011,FDP,3.0,2.9,3.3
07W323,0703,80,1074,GRUENE,30.5,30.1,30.9
07W323,0703,80,1074,LINKE,17.5,17.3,17.7
07W323,0703,80,1074,CDU,17.0,16.8,17.2
07W323,0703,80,1074,SPD,13.9,12.3,14.2
07W323,0703,80,1074,Sonstige,7.3,7.2,7.5
07W323,0703,80,1074,AFD,6.3,5.9,7.2
07W323,0703,80,1074,FDP,3.6,3.5,3.8
07W324,0703,80,1027,GRUENE,26.8,26.5,27.1
07W324,0703,80,1027,LINKE,18.1,17.9,18.2
07W324,0703,80,1027,CDU,14.9,14.7,15.1
07W324,0703,80,1027,SPD,13.6,11.9,13.8
07W324,0703,80,1027,AFD,11.1,10.5,12.1
07W324,0703,80,1027,Sonstige,10.2,10.1,10.3
07W324,0703,80,1027,FDP,3.2,3.2,3.4
07W325,0703,80,875,GRUENE,26.5,26.2,26.9
07W325,0703,80,875,LINKE,16.8,16.6,16.9
07W325,0703,80,875,CDU,16.0,15.8,16.3
07W325,0703,80,875,SPD,12.9,11.7,13.2
07W325,0703,80,875,AFD,11.0,10.4,12.5
07W325,0703,80,875,Sonstige,9.8,9.7,9.9
07W325,0703,80,875,FDP,3.0,2.9,3.2
07W326,0703,80,1084,GRUENE,31.2,30.9,31.6
07W326,0703,80,1084,LINKE,19.1,19.0,19.3
07W326,0703,80,1084,SPD,13.5,11.6,13.7
07W326,0703,80,1084,CDU,12.9,12.7,13.1
07W326,0703,80,1084,Sonstige,9.5,9.4,9.7
07W326,0703,80,1084,AFD,7.7,7.2,8.8
07W326,0703,80,1084,FDP,2.6,2.5,3.0
07W327,0703,80,853,GRUENE,31.0,30.7,31.3
07W327,0703,80,853,LINKE,19.5,19.3,19.6
07W327,0703,80,853,SPD,14.1,11.7,14.4
07W327,0703,80,853,CDU,12.3,12.1,12.5
07W327,0703,80,853,Sonstige,10.0,9.9,10.2
07W327,0703,80,853,AFD,9.2,8.7,9.8
07W327,0703,80,853,FDP,2.8,2.8,3.1
07W328,0703,80,1029,LINKE,21.1,20.7,21.5
07W328,0703,80,1029,GRUENE,19.3,19.0,19.8
07W328,0703,80,1029,SPD,17.1,13.9,17.5
07W328,0703,80,1029,CDU,13.8,13.7,14.1
07W328,0703,80,1029,AFD,12.6,12.2,13.5
07W328,0703,80,1029,Sonstige,11.8,11.6,12.1
07W328,0703,80,1029,FDP,2.3,2.2,2.5
07W329,0703,80,862,LINKE,19.5,19.2,19.7
07W329,0703,80,862,GRUENE,18.2,18.0,18.6
07W329,0703,80,862,SPD,15.7,13.9,16.1
07W329,0703,80,862,CDU,15.1,15.0,15.3
07W329,0703,80,862,AFD,14.7,14.4,16.2
07W329,0703,80,862,Sonstige,11.6,11.5,11.7
07W329,0703,80,862,FDP,2.2,2.2,2.5
07W330,0703,80,1037,GRUENE,18.0,17.8,18.4
07W330,0703,80,1037,LINKE,17.5,17.2,17.7
07W330,0703,80,1037,CDU,17.1,16.9,17.4
07W330,0703,80,1037,SPD,15.1,13.4,15.5
07W330,0703,80,1037,AFD,14.4,14.1,15.7
07W330,0703,80,1037,Sonstige,11.3,11.2,11.4
07W330,0703,80,1037,FDP,2.6,2.5,2.7
07W331,0703,80,939,GRUENE,19.6,19.4,20.0
07W331,0703,80,939,LINKE,19.3,19.0,19.4
07W331,0703,80,939,CDU,16.5,16.4,16.8
07W331,0703,80,939,AFD,14.9,14.5,16.2
07W331,0703,80,939,Sonstige,12.8,12.6,13.0
07W331,0703,80,939,SPD,11.9,11.3,12.3
07W331,0703,80,939,FDP,2.5,2.4,2.7
07W332,0703,80,1042,CDU,20.9,20.8,21.3
07W332,0703,80,1042,AFD,19.3,18.8,20.5
07W332,0703,80,1042,GRUENE,15.9,15.7,16.2
07W332,0703,80,1042,LINKE,14.6,14.3,14.7
07W332,0703,80,1042,SPD,12.6,11.9,12.9
07W332,0703,80,1042,Sonstige,11.9,11.8,12.0
07W332,0703,80,1042,FDP,2.7,2.7,2.9
07W333,0703,80,974,CDU,27.7,27.6,28.2
07W333,0703,80,974,AFD,16.1,15.6,17.8
07W333,0703,80,974,GRUENE,14.5,14.2,14.8
07W333,0703,80,974,SPD,13.8,13.3,14.1
07W333,0703,80,974,LINKE,11.6,11.4,11.7
07W333,0703,80,974,Sonstige,9.5,9.4,9.6
07W333,0703,80,974,FDP,3.2,3.1,3.3
07W334,0703,80,919,CDU,23.1,23.0,23.5
07W334,0703,80,919,AFD,19.1,18.7,20.8
07W334,0703,80,919,LINKE,15.6,15.2,15.8
07W334,0703,80,919,GRUENE,13.6,13.3,13.9
07W334,0703,80,919,SPD,10.7,10.3,11.1
07W334,0703,80,919,Sonstige,10.6,10.4,10.7
07W334,0703,80,919,FDP,2.5,2.5,2.9
07W401,0704,80,1163,GRUENE,28.4,28.2,28.6
07W401,0704,80,1163,LINKE,23.2,23.0,23.3
07W401,0704,80,1163,CDU,17.8,17.5,18.1
07W401,0704,80,1163,SPD,14.3,12.1,14.7
07W401,0704,80,1163,Sonstige,6.7,6.5,6.8
07W401,0704,80,1163,AFD,6.4,5.9,7.2
07W401,0704,80,1163,FDP,3.5,3.4,3.7
07W402,0704,80,1003,GRUENE,33.8,33.4,34.0
07W402,0704,80,1003,LINKE,23.3,23.0,23.8
07W402,0704,80,1003,CDU,13.2,12.9,13.5
07W402,0704,80,1003,SPD,10.6,10.2,11.1
07W402,0704,80,1003,Sonstige,8.8,8.6,9.0
07W402,0704,80,1003,AFD,7.6,6.9,8.7
07W402,0704,80,1003,FDP,3.3,3.0,3.4
07W403,0704,80,985,GRUENE,29.1,28.9,29.3
07W403,0704,80,985,LINKE,20.2,19.9,20.3
07W403,0704,80,985,CDU,14.7,14.5,14.9
07W403,0704,80,985,SPD,13.8,10.8,14.1
07W403,0704,80,985,AFD,10.9,10.3,11.6
07W403,0704,80,985,Sonstige,9.3,9.1,9.4
07W403,0704,80,985,FDP,2.7,2.6,2.9
07W404,0704,80,979,GRUENE,27.7,27.5,28.0
07W404,0704,80,979,LINKE,21.4,21.1,21.5
07W404,0704,80,979,CDU,15.4,15.3,15.7
07W404,0704,80,979,SPD,13.0,10.9,13.3
07W404,0704,80,979,Sonstige,10.2,10.0,10.4
07W404,0704,80,979,AFD,8.2,7.8,9.4
07W404,0704,80,979,FDP,2.5,2.4,2.9
07W405,0704,80,1033,GRUENE,24.6,24.4,24.8
07W405,0704,80,1033,LINKE,19.8,19.5,19.9
07W405,0704,80,1033,CDU,18.1,18.0,18.4
07W405,0704,80,1033,SPD,12.8,11.4,13.1
07W405,0704,80,1033,AFD,11.2,10.8,12.5
07W405,0704,80,1033,Sonstige,9.5,9.4,9.6
07W405,0704,80,1033,FDP,3.1,3.0,3.3
07W406,0704,80,1062,CDU,22.4,22.3,22.7
07W406,0704,80,1062,LINKE,17.3,17.1,17.4
07W406,0704,80,1062,GRUENE,17.0,16.9,17.3
07W406,0704,80,1062,AFD,15.0,14.5,16.5
07W406,0704,80,1062,SPD,12.5,11.3,12.7
07W406,0704,80,1062,Sonstige,11.9,11.8,12.0
07W406,0704,80,1062,FDP,2.5,2.5,2.8
07W407,0704,80,1058,CDU,21.7,21.6,22.1
07W407,0704,80,1058,LINKE,18.3,18.1,18.5
07W407,0704,80,1058,AFD,15.9,15.4,17.5
07W407,0704,80,1058,GRUENE,15.3,15.1,15.6
07W407,0704,80,1058,SPD,14.8,12.8,15.1
07W407,0704,80,1058,Sonstige,10.9,10.8,11.0
07W407,0704,80,1058,FDP,2.7,2.7,2.9
07W408,0704,80,883,CDU,21.2,21.1,21.5
07W408,0704,80,883,LINKE,18.7,18.5,18.9
07W408,0704,80,883,GRUENE,17.9,17.8,18.1
07W408,0704,80,883,SPD,13.9,12.8,14.1
07W408,0704,80,883,AFD,12.2,11.7,13.3
07W408,0704,80,883,Sonstige,11.0,10.9,11.1
07W408,0704,80,883,FDP,2.9,2.9,3.0
07W409,0704,80,1079,AFD,21.9,21.3,23.2
07W409,0704,80,1079,CDU,21.4,21.2,21.7
07W409,0704,80,1079,LINKE,17.4,17.2,17.5
07W409,0704,80,1079,GRUENE,13.8,13.6,14.1
07W409,0704,80,1079,Sonstige,12.9,12.7,13.0
07W409,0704,80,1079,SPD,11.4,10.8,11.6
07W409,0704,80,1079,FDP,2.3,2.2,2.5
07W410,0704,80,1025,GRUENE,19.6,19.4,19.9
07W410,0704,80,1025,CDU,18.9,18.8,19.2
07W410,0704,80,1025,LINKE,18.0,17.7,18.1
07W410,0704,80,1025,AFD,15.3,14.9,16.5
07W410,0704,80,1025,Sonstige,13.2,13.1,13.3
07W410,0704,80,1025,SPD,11.2,10.1,11.5
07W410,0704,80,1025,FDP,2.0,1.9,2.4
07W411,0704,80,875,LINKE,21.4,21.0,21.6
07W411,0704,80,875,CDU,17.4,17.3,17.7
07W411,0704,80,875,GRUENE,16.7,16.4,17.0
07W411,0704,80,875,AFD,15.7,15.2,17.0
07W411,0704,80,875,SPD,14.3,12.0,14.6
07W411,0704,80,875,Sonstige,10.7,10.5,10.9
07W411,0704,80,875,FDP,2.4,2.4,2.8
07W412,0704,80,1115,LINKE,22.1,21.8,22.3
07W412,0704,80,1115,GRUENE,20.1,19.9,20.4
07W412,0704,80,1115,CDU,16.4,16.3,16.7
07W412,0704,80,1115,SPD,14.7,12.1,14.9
07W412,0704,80,1115,AFD,13.0,12.5,14.1
07W412,0704,80,1115,Sonstige,10.4,10.2,10.5
07W412,0704,80,1115,FDP,2.7,2.6,2.9
07W413,0704,80,978,CDU,21.0,20.9,21.4
07W413,0704,80,978,LINKE,19.8,19.6,20.0
07W413,0704,80,978,GRUENE,18.5,18.4,18.8
07W413,0704,80,978,AFD,14.6,14.1,15.5
07W413,0704,80,978,SPD,13.1,11.6,13.4
07W413,0704,80,978,Sonstige,10.0,9.9,10.2
07W413,0704,80,978,FDP,2.3,2.2,2.7
07W414,0704,80,1027,CDU,24.2,24.0,24.6
07W414,0704,80,1027,AFD,20.3,19.7,22.2
07W414,0704,80,1027,LINKE,15.8,15.6,15.9
07W414,0704,80,1027,SPD,13.7,13.1,14.1
07W414,0704,80,1027,GRUENE,13.6,13.4,13.8
07W414,0704,80,1027,Sonstige,9.6,9.5,9.8
07W414,0704,80,1027,FDP,3.1,3.0,3.2
07W415,0704,80,837,CDU,20.8,20.6,21.1
07W415,0704,80,837,LINKE,19.0,18.8,19.1
07W415,0704,80,837,AFD,18.3,17.7,19.9
07W415,0704,80,837,GRUENE,15.3,15.2,15.4
07W415,0704,80,837,SPD,12.8,12.1,13.1
07W415,0704,80,837,Sonstige,10.5,10.4,10.7
07W415,0704,80,837,FDP,2.4,2.3,2.6
07W416,0704,80,869,GRUENE,26.0,25.8,26.1
07W416,0704,80,869,LINKE,17.9,17.7,18.0
07W416,0704,80,869,CDU,16.9,16.8,17.1
07W416,0704,80,869,SPD,12.7,11.0,13.0
07W416,0704,80,869,AFD,10.8,10.3,12.1
07W416,0704,80,869,Sonstige,10.2,10.1,10.4
07W416,0704,80,869,FDP,2.4,2.3,2.7
07W417,0704,80,1101,GRUENE,26.1,25.9,26.2
07W417,0704,80,1101,LINKE,18.2,18.0,18.3
07W417,0704,80,1101,CDU,16.7,16.6,16.9
07W417,0704,80,1101,SPD,12.3,10.8,12.6
07W417,0704,80,1101,AFD,11.9,11.4,13.0
07W417,0704,80,1101,Sonstige,10.2,10.1,10.4
07W417,0704,80,1101,FDP,2.4,2.4,2.8
07W418,0704,80,1151,CDU,22.3,22.2,22.7
07W418,0704,80,1151,AFD,20.7,20.0,22.2
07W418,0704,80,1151,LINKE,18.8,18.4,18.9
07W418,0704,80,1151,GRUENE,12.5,12.4,12.7
07W418,0704,80,1151,Sonstige,11.6,11.5,11.7
07W418,0704,80,1151,SPD,11.5,11.1,11.7
07W418,0704,80,1151,FDP,2.1,2.0,2.4
07W419,0704,80,1025,LINKE,22.3,22.0,22.4
07W419,0704,80,1025,AFD,19.8,19.2,21.0
07W419,0704,80,1025,CDU,18.8,18.7,19.2
07W419,0704,80,1025,GRUENE,16.9,16.8,17.1
07W419,0704,80,1025,Sonstige,11.5,11.3,11.6
07W419,0704,80,1025,SPD,10.2,9.9,10.4
07W419,0704,80,1025,FDP,2.1,2.0,2.4
07W420,0704,80,910,AFD,21.3,20.7,22.4
07W420,0704,80,910,CDU,20.5,20.4,20.8
07W420,0704,80,910,LINKE,18.9,18.5,19.0
07W420,0704,80,910,GRUENE,14.2,14.0,14.4
07W420,0704,80,910,Sonstige,11.9,11.7,12.0
07W420,0704,80,910,SPD,10.7,10.4,11.0
07W420,0704,80,910,FDP,2.3,2.2,2.4
07W421,0704,80,1099,GRUENE,26.9,26.8,27.1
07W421,0704,80,1099,LINKE,19.5,19.3,19.6
07W421,0704,80,1099,CDU,16.0,15.9,16.3
07W421,0704,80,1099,SPD,13.8,11.7,14.1
07W421,0704,80,1099,Sonstige,10.2,10.0,10.3
07W421,0704,80,1099,AFD,8.9,8.5,10.0
07W421,0704,80,1099,FDP,2.6,2.6,3.0
07W422,0704,80,1060,GRUENE,25.4,25.2,25.5
07W422,0704,80,1060,LINKE,17.9,17.7,18.0
07W422,0704,80,1060,CDU,14.7,14.6,14.9
07W422,0704,80,1060,Sonstige,12.8,12.6,12.9
07W422,0704,80,1060,AFD,12.7,12.2,14.1
07W422,0704,80,1060,SPD,12.6,11.0,12.8
07W422,0704,80,1060,FDP,2.8,2.7,3.0
07W423,0704,80,845,GRUENE,22.8,22.7,23.0
07W423,0704,80,845,LINKE,20.2,20.0,20.3
07W423,0704,80,845,CDU,16.8,16.8,17.1
07W423,0704,80,845,AFD,13.4,12.8,14.5
07W423,0704,80,845,SPD,12.2,10.9,12.5
07W423,0704,80,845,Sonstige,11.7,11.5,11.8
07W423,0704,80,845,FDP,2.3,2.2,2.5
07W424,0704,80,1083,GRUENE,22.2,22.1,22.4
07W424,0704,80,1083,LINKE,21.0,20.8,21.2
07W424,0704,80,1083,CDU,15.2,15.1,15.5
07W424,0704,80,1083,AFD,12.9,12.6,13.9
07W424,0704,80,1083,SPD,12.3,10.8,12.6
07W424,0704,80,1083,Sonstige,12.3,12.2,12.4
07W424,0704,80,1083,FDP,2.4,2.3,2.7
07W425,0704,80,1088,GRUENE,22.5,22.3,22.7
07W425,0704,80,1088,LINKE,21.0,20.8,21.1
07W425,0704,80,1088,AFD,14.3,13.7,15.3
07W425,0704,80,1088,CDU,13.9,13.8,14.1
07W425,0704,80,1088,Sonstige,13.0,12.9,13.1
07W425,0704,80,1088,SPD,12.7,11.2,12.9
07W425,0704,80,1088,FDP,2.2,2.2,2.5
07W426,0704,80,836,GRUENE,27.8,27.6,28.0
07W426,0704,80,836,LINKE,18.4,18.2,18.5
07W426,0704,80,836,CDU,14.3,14.2,14.5
07W426,0704,80,836,SPD,12.8,10.7,13.2
07W426,0704,80,836,Sonstige,11.3,11.1,11.4
07W426,0704,80,836,AFD,10.6,10.2,11.7
07W426,0704,80,836,FDP,2.7,2.6,3.1
07W427,0704,80,1012,AFD,23.7,23.1,24.8
07W427,0704,80,1012,CDU,19.1,19.0,19.4
07W427,0704,80,1012,LINKE,17.9,17.5,18.1
07W427,0704,80,1012,Sonstige,13.8,13.7,13.9
07W427,0704,80,1012,SPD,12.0,11.3,12.3
07W427,0704,80,1012,GRUENE,11.4,11.2,11.6
07W427,0704,80,1012,FDP,1.9,1.8,2.2
07W428,0704,80,1036,AFD,22.9,22.2,24.4
07W428,0704,80,1036,CDU,20.5,20.4,20.9
07W428,0704,80,1036,LINKE,16.7,16.4,16.8
07W428,0704,80,1036,Sonstige,14.1,14.0,14.3
07W428,0704,80,1036,GRUENE,11.6,11.5,11.8
07W428,0704,80,1036,SPD,10.9,10.7,11.2
07W428,0704,80,1036,FDP,2.0,1.9,2.3
07W429,0704,80,1097,GRUENE,19.4,19.3,19.5
07W429,0704,80,1097,LINKE,19.1,18.9,19.2
07W429,0704,80,1097,CDU,17.5,17.4,17.7
07W429,0704,80,1097,AFD,16.7,16.2,17.5
07W429,0704,80,1097,Sonstige,13.0,12.9,13.1
07W429,0704,80,1097,SPD,11.8,10.8,12.0
07W429,0704,80,1097,FDP,2.6,2.5,2.8
07W430,0704,80,976,GRUENE,22.1,22.0,22.3
07W430,0704,80,976,LINKE,19.7,19.6,19.8
07W430,0704,80,976,CDU,15.8,15.7,16.1
07W430,0704,80,976,AFD,13.6,13.0,15.0
07W430,0704,80,976,Sonstige,12.8,12.7,12.9
07W430,0704,80,976,SPD,11.2,10.1,11.5
07W430,0704,80,976,FDP,2.6,2.6,2.9
07W431,0704,80,1000,GRUENE,19.1,19.0,19.3
07W431,0704,80,1000,AFD,18.9,18.4,20.2
07W431,0704,80,1000,LINKE,18.4,18.2,18.5
07W431,0704,80,1000,CDU,17.5,17.4,17.8
07W431,0704,80,1000,Sonstige,13.3,13.2,13.4
07W431,0704,80,1000,SPD,10.9,9.9,11.1
07W431,0704,80,1000,FDP,2.3,2.3,2.6
07W432,0704,80,971,AFD,21.5,21.0,22.9
07W432,0704,80,971,CDU,20.6,20.5,21.0
07W432,0704,80,971,LINKE,16.0,15.8,16.1
07W432,0704,80,971,Sonstige,13.7,13.5,13.8
07W432,0704,80,971,GRUENE,13.6,13.4,13.7
07W432,0704,80,971,SPD,10.5,10.2,10.8
07W432,0704,80,971,FDP,2.2,2.2,2.5
07W501,0705,80,1042,LINKE,25.5,25.1,25.6
07W501,0705,80,1042,AFD,23.1,22.6,23.8
07W501,0705,80,1042,CDU,16.1,15.9,16.4
07W501,0705,80,1042,Sonstige,13.8,13.7,13.9
07W501,0705,80,1042,GRUENE,13.4,13.2,13.7
07W501,0705,80,1042,SPD,10.8,9.9,11.1
07W501,0705,80,1042,FDP,2.0,1.9,2.2
07W502,0705,80,913,LINKE,25.4,25.1,25.6
07W502,0705,80,913,AFD,19.6,19.0,20.6
07W502,0705,80,913,GRUENE,18.3,18.0,18.6
07W502,0705,80,913,Sonstige,13.3,13.2,13.4
07W502,0705,80,913,CDU,13.2,13.1,13.5
07W502,0705,80,913,SPD,11.1,10.2,11.5
07W502,0705,80,913,FDP,1.5,1.4,1.7
07W503,0705,80,989,CDU,27.7,27.6,28.1
07W503,0705,80,989,AFD,23.1,22.5,24.1
07W503,0705,80,989,LINKE,13.7,13.3,13.8
07W503,0705,80,989,SPD,13.5,11.9,13.8
07W503,0705,80,989,Sonstige,10.1,10.0,10.2
07W503,0705,80,989,GRUENE,9.6,9.4,9.8
07W503,0705,80,989,FDP,3.0,2.9,3.3
07W504,0705,80,900,CDU,28.8,28.6,29.2
07W504,0705,80,900,AFD,20.6,20.1,21.9
07W504,0705,80,900,SPD,15.1,13.6,15.4
07W504,0705,80,900,LINKE,15.0,14.7,15.2
07W504,0705,80,900,Sonstige,8.7,8.6,8.8
07W504,0705,80,900,GRUENE,8.6,8.5,8.9
07W504,0705,80,900,FDP,3.3,3.2,3.4
07W505,0705,80,836,CDU,24.7,24.6,25.1
07W505,0705,80,836,AFD,19.8,19.1,20.9
07W505,0705,80,836,GRUENE,15.6,15.4,15.9
07W505,0705,80,836,LINKE,15.0,14.7,15.3
07W505,0705,80,836,SPD,11.5,10.1,11.7
07W505,0705,80,836,Sonstige,11.0,10.9,11.2
07W505,0705,80,836,FDP,2.5,2.4,2.6
07W506,0705,80,1070,CDU,25.0,24.9,25.4
07W506,0705,80,1070,AFD,18.7,18.2,19.9
07W506,0705,80,1070,LINKE,17.1,16.9,17.3
07W506,0705,80,1070,GRUENE,14.4,14.3,14.6
07W506,0705,80,1070,SPD,12.3,11.3,12.5
07W506,0705,80,1070,Sonstige,10.4,10.2,10.5
07W506,0705,80,1070,FDP,2.7,2.7,2.9
07W507,0705,80,1205,AFD,20.5,19.9,21.4
07W507,0705,80,1205,LINKE,18.8,18.6,19.0
07W507,0705,80,1205,GRUENE,17.5,17.4,17.7
07W507,0705,80,1205,CDU,16.8,16.7,17.1
07W507,0705,80,1205,Sonstige,12.7,12.5,12.8
07W507,0705,80,1205,SPD,11.9,10.8,12.1
07W507,0705,80,1205,FDP,2.0,1.9,2.2
07W508,0705,80,1118,CDU,24.3,24.2,24.7
07W508,0705,80,1118,AFD,19.1,18.5,20.5
07W508,0705,80,1118,LINKE,17.3,16.9,17.5
07W508,0705,80,1118,SPD,15.2,13.1,15.5
07W508,0705,80,1118,Sonstige,11.1,11.0,11.2
07W508,0705,80,1118,GRUENE,10.4,10.3,10.7
07W508,0705,80,1118,FDP,3.0,2.9,3.1
07W509,0705,80,850,CDU,24.9,24.8,25.3
07W509,0705,80,850,AFD,20.1,19.5,21.4
07W509,0705,80,850,SPD,13.2,11.8,13.5
07W509,0705,80,850,LINKE,13.1,12.9,13.3
07W509,0705,80,850,GRUENE,12.7,12.6,13.0
07W509,0705,80,850,Sonstige,12.3,12.1,12.4
07W509,0705,80,850,FDP,2.8,2.8,3.0
07W510,0705,80,1016,CDU,23.1,23.0,23.4
07W510,0705,80,1016,AFD,21.2,20.5,22.3
07W510,0705,80,1016,LINKE,15.5,15.3,15.6
07W510,0705,80,1016,GRUENE,13.5,13.3,13.8
07W510,0705,80,1016,Sonstige,12.8,12.7,12.9
07W510,0705,80,1016,SPD,12.1,11.5,12.4
07W510,0705,80,1016,FDP,2.8,2.7,2.9
07W511,0705,80,1042,CDU,24.6,24.5,25.0
07W511,0705,80,1042,AFD,19.6,19.1,20.4
07W511,0705,80,1042,LINKE,15.9,15.7,16.1
07W511,0705,80,1042,SPD,13.5,11.6,13.8
07W511,0705,80,1042,GRUENE,13.2,13.1,13.5
07W511,0705,80,1042,Sonstige,11.2,11.0,11.3
07W511,0705,80,1042,FDP,2.9,2.8,3.2
07W512,0705,80,1295,CDU,26.6,26.4,27.0
07W512,0705,80,1295,AFD,21.9,21.3,23.4
07W512,0705,80,1295,LINKE,14.9,14.5,15.2
07W512,0705,80,1295,SPD,13.1,11.7,13.4
07W512,0705,80,1295,Sonstige,12.4,12.3,12.6
07W512,0705,80,1295,GRUENE,8.3,8.1,8.7
07W512,0705,80,1295,FDP,2.0,1.9,2.4
07W513,0705,80,1053,CDU,23.8,23.7,24.2
07W513,0705,80,1053,AFD,19.3,18.8,20.3
07W513,0705,80,1053,LINKE,17.0,16.7,17.1
07W513,0705,80,1053,SPD,13.8,12.2,14.2
07W513,0705,80,1053,GRUENE,13.8,13.7,14.0
07W513,0705,80,1053,Sonstige,10.5,10.4,10.6
07W513,0705,80,1053,FDP,2.9,2.8,3.0
07W514,0705,80,1104,CDU,22.2,22.1,22.6
07W514,0705,80,1104,AFD,21.1,20.6,22.2
07W514,0705,80,1104,LINKE,18.7,18.4,18.8
07W514,0705,80,1104,SPD,12.8,11.9,13.0
07W514,0705,80,1104,GRUENE,12.6,12.5,12.8
07W514,0705,80,1104,Sonstige,11.0,10.9,11.1
07W514,0705,80,1104,FDP,2.5,2.4,2.7
07W515,0705,80,869,CDU,24.6,24.4,25.0
07W515,0705,80,869,AFD,23.1,22.6,24.6
07W515,0705,80,869,LINKE,13.8,13.5,14.0
07W515,0705,80,869,Sonstige,12.8,12.7,12.9
07W515,0705,80,869,GRUENE,12.5,12.3,12.9
07W515,0705,80,869,SPD,11.4,10.5,11.7
07W515,0705,80,869,FDP,2.3,2.2,2.6
07W516,0705,80,906,CDU,25.4,25.2,25.8
07W516,0705,80,906,AFD,20.8,20.3,22.5
07W516,0705,80,906,GRUENE,13.0,12.9,13.2
07W516,0705,80,906,LINKE,12.9,12.6,13.0
07W516,0705,80,906,Sonstige,12.8,12.6,12.9
07W516,0705,80,906,SPD,11.8,10.8,12.2
07W516,0705,80,906,FDP,2.5,2.5,2.8
07W517,0705,80,815,CDU,28.4,28.3,28.9
07W517,0705,80,815,AFD,22.6,22.1,24.1
07W517,0705,80,815,SPD,13.0,11.9,13.3
07W517,0705,80,815,LINKE,11.7,11.5,11.9
07W517,0705,80,815,Sonstige,11.3,11.2,11.4
07W517,0705,80,815,GRUENE,9.9,9.7,10.1
07W517,0705,80,815,FDP,2.9,2.8,3.1
07W518,0705,80,883,CDU,28.2,28.0,28.6
07W518,0705,80,883,AFD,22.7,22.1,23.8
07W518,0705,80,883,LINKE,12.5,12.3,12.6
07W518,0705,80,883,SPD,12.3,11.4,12.7
07W518,0705,80,883,GRUENE,11.0,10.8,11.2
07W518,0705,80,883,Sonstige,10.5,10.3,10.6
07W518,0705,80,883,FDP,2.9,2.8,3.2
07W519,0705,80,798,AFD,25.8,25.2,27.1
07W519,0705,80,798,CDU,25.8,25.7,26.2
07W519,0705,80,798,LINKE,13.7,13.4,13.9
07W519,0705,80,798,SPD,11.6,11.1,11.8
07W519,0705,80,798,Sonstige,11.0,10.8,11.1
07W519,0705,80,798,GRUENE,10.2,10.0,10.4
07W519,0705,80,798,FDP,3.1,3.1,3.2
07W520,0705,80,981,CDU,25.6,25.4,25.9
07W520,0705,80,981,AFD,24.1,23.4,24.9
07W520,0705,80,981,LINKE,14.7,14.2,14.9
07W520,0705,80,981,Sonstige,11.6,11.5,11.7
07W520,0705,80,981,SPD,10.8,9.8,11.1
07W520,0705,80,981,GRUENE,10.4,10.3,10.8
07W520,0705,80,981,FDP,2.5,2.4,2.8
07W521,0705,80,1050,CDU,26.5,26.4,26.9
07W521,0705,80,1050,AFD,17.2,16.6,18.5
07W521,0705,80,1050,LINKE,14.8,14.4,15.0
07W521,0705,80,1050,SPD,14.2,12.0,14.5
07W521,0705,80,1050,GRUENE,13.4,13.2,13.8
07W521,0705,80,1050,Sonstige,9.9,9.8,10.0
07W521,0705,80,1050,FDP,3.1,3.0,3.3
07W522,0705,80,857,CDU,25.8,25.7,26.2
07W522,0705,80,857,AFD,22.1,21.7,23.0
07W522,0705,80,857,LINKE,16.5,16.2,16.7
07W522,0705,80,857,SPD,13.8,11.5,14.2
07W522,0705,80,857,GRUENE,12.5,12.3,12.9
07W522,0705,80,857,Sonstige,9.8,9.7,10.0
07W522,0705,80,857,FDP,3.1,3.0,3.2
07W523,0705,80,995,CDU,23.1,23.0,23.5
07W523,0705,80,995,AFD,20.5,19.9,22.1
07W523,0705,80,995,LINKE,16.3,15.9,16.5
07W523,0705,80,995,SPD,13.3,11.6,13.6
07W523,0705,80,995,GRUENE,13.2,13.1,13.4
07W523,0705,80,995,Sonstige,9.3,9.2,9.4
07W523,0705,80,995,FDP,3.0,2.9,3.2
07W524,0705,80,955,CDU,22.3,22.2,22.7
07W524,0705,80,955,AFD,20.0,19.3,21.0
07W524,0705,80,955,LINKE,18.0,17.7,18.1
07W524,0705,80,955,GRUENE,15.2,15.1,15.4
07W524,0705,80,955,Sonstige,11.7,11.6,11.8
07W524,0705,80,955,SPD,10.8,10.4,11.1
07W524,0705,80,955,FDP,2.8,2.7,2.9
07W525,0705,80,750,AFD,22.7,22.2,23.8
07W525,0705,80,750,CDU,22.2,22.1,22.6
07W525,0705,80,750,LINKE,18.7,18.5,18.8
07W525,0705,80,750,Sonstige,12.9,12.7,13.1
07W525,0705,80,750,GRUENE,12.4,12.3,12.6
07W525,0705,80,750,SPD,10.4,10.0,10.7
07W525,0705,80,750,FDP,2.9,2.9,3.1
07W526,0705,80,731,CDU,24.6,24.5,25.0
07W526,0705,80,731,AFD,18.4,17.9,19.5
07W526,0705,80,731,GRUENE,15.1,15.0,15.3
07W526,0705,80,731,LINKE,13.9,13.6,14.1
07W526,0705,80,731,SPD,13.0,11.8,13.3
07W526,0705,80,731,Sonstige,10.8,10.7,10.9
07W526,0705,80,731,FDP,3.0,2.9,3.1
07W527,0705,80,1037,CDU,25.7,25.5,26.1
07W527,0705,80,1037,AFD,22.8,22.1,24.7
07W527,0705,80,1037,LINKE,14.2,14.0,14.4
07W527,0705,80,1037,SPD,13.1,12.3,13.4
07W527,0705,80,1037,GRUENE,11.3,11.2,11.6
07W527,0705,80,1037,Sonstige,9.6,9.4,9.7
07W527,0705,80,1037,FDP,2.8,2.8,3.0
07W528,0705,80,1061,CDU,27.0,26.8,27.4
07W528,0705,80,1061,AFD,26.0,25.4,27.0
07W528,0705,80,1061,LINKE,15.0,14.6,15.2
07W528,0705,80,1061,SPD,13.1,11.7,13.4
07W528,0705,80,1061,Sonstige,10.1,9.9,10.2
07W528,0705,80,1061,GRUENE,7.7,7.5,8.0
07W528,0705,80,1061,FDP,2.7,2.7,3.0
07W529,0705,80,868,AFD,23.8,23.2,24.9
07W529,0705,80,868,CDU,23.3,23.2,23.7
07W529,0705,80,868,LINKE,15.6,15.1,15.8
07W529,0705,80,868,SPD,12.5,11.4,12.8
07W529,0705,80,868,Sonstige,12.1,12.0,12.2
07W529,0705,80,868,GRUENE,9.7,9.6,9.9
07W529,0705,80,868,FDP,2.3,2.2,2.7
07W530,0705,80,997,CDU,30.6,30.5,31.2
07W530,0705,80,997,AFD,19.2,18.7,20.6
07W530,0705,80,997,SPD,12.1,10.8,12.4
07W530,0705,80,997,LINKE,11.3,10.9,11.5
07W530,0705,80,997,GRUENE,11.1,10.9,11.3
07W530,0705,80,997,Sonstige,8.9,8.7,9.0
07W530,0705,80,997,FDP,3.9,3.8,4.1
07W531,0705,80,1042,CDU,28.3,28.2,28.8
07W531,0705,80,1042,AFD,20.7,20.2,22.1
07W531,0705,80,1042,SPD,16.0,13.2,16.2
07W531,0705,80,1042,LINKE,11.0,10.6,11.3
07W531,0705,80,1042,GRUENE,9.7,9.6,9.9
07W531,0705,80,1042,Sonstige,8.4,8.3,8.5
07W531,0705,80,1042,FDP,4.1,4.0,4.2
07W532,0705,80,810,CDU,32.8,32.6,33.3
07W532,0705,80,810,AFD,20.0,19.5,21.3
07W532,0705,80,810,SPD,12.1,10.8,12.4
07W532,0705,80,810,GRUENE,11.0,10.8,11.3
07W532,0705,80,810,LINKE,10.5,10.2,10.8
07W532,0705,80,810,Sonstige,8.5,8.4,8.6
07W532,0705,80,810,FDP,3.5,3.5,3.7
07W533,0705,80,789,CDU,34.1,33.9,34.7
07W533,0705,80,789,AFD,18.5,18.0,20.4
07W533,0705,80,789,SPD,18.3,15.7,18.6
07W533,0705,80,789,LINKE,12.0,11.5,12.2
07W533,0705,80,789,GRUENE,5.9,5.7,6.2
07W533,0705,80,789,Sonstige,5.6,5.4,5.7
07W533,0705,80,789,FDP,3.5,3.4,3.9
07W534,0705,80,908,CDU,33.0,32.6,33.5
07W534,0705,80,908,SPD,18.6,16.4,18.9
07W534,0705,80,908,AFD,16.3,15.5,18.2
07W534,0705,80,908,LINKE,11.7,11.0,12.1
07W534,0705,80,908,Sonstige,7.6,7.4,7.9
07W534,0705,80,908,GRUENE,6.3,5.9,6.8
07W534,0705,80,908,FDP,3.9,3.9,4.2
07W601,0706,80,1144,CDU,29.2,28.9,29.7
07W601,0706,80,1144,AFD,19.6,18.8,21.5
07W601,0706,80,1144,SPD,18.1,16.4,18.5
07W601,0706,80,1144,LINKE,12.6,11.9,12.9
07W601,0706,80,1144,Sonstige,8.2,8.0,8.5
07W601,0706,80,1144,GRUENE,5.7,5.3,6.2
07W601,0706,80,1144,FDP,3.5,3.4,3.7
07W602,0706,80,1118,CDU,34.5,34.3,35.0
07W602,0706,80,1118,AFD,21.9,21.5,23.4
07W602,0706,80,1118,LINKE,10.9,10.4,11.0
07W602,0706,80,1118,SPD,10.5,10.3,11.7
07W602,0706,80,1118,GRUENE,9.5,9.3,9.6
07W602,0706,80,1118,Sonstige,8.4,8.3,8.5
07W602,0706,80,1118,FDP,3.8,3.7,3.9
07W603,0706,80,1084,CDU,31.2,31.0,31.7
07W603,0706,80,1084,AFD,19.6,19.2,21.0
07W603,0706,80,1084,GRUENE,15.4,15.2,15.5
07W603,0706,80,1084,SPD,11.3,11.1,11.5
07W603,0706,80,1084,LINKE,9.1,8.9,9.3
07W603,0706,80,1084,Sonstige,9.1,8.9,9.2
07W603,0706,80,1084,FDP,2.9,2.9,3.3
07W604,0706,80,836,CDU,34.8,34.7,35.4
07W604,0706,80,836,AFD,18.5,17.9,19.8
07W604,0706,80,836,SPD,13.9,13.1,14.1
07W604,0706,80,836,GRUENE,11.6,11.4,11.9
07W604,0706,80,836,LINKE,10.0,9.7,10.1
07W604,0706,80,836,Sonstige,6.1,5.9,6.2
07W604,0706,80,836,FDP,4.0,3.9,4.2
07W605,0706,80,1046,CDU,32.2,32.0,32.7
07W605,0706,80,1046,AFD,19.1,18.7,20.2
07W605,0706,80,1046,SPD,12.6,12.0,12.8
07W605,0706,80,1046,LINKE,11.6,11.4,11.8
07W605,0706,80,1046,GRUENE,11.4,11.2,11.7
07W605,0706,80,1046,Sonstige,8.0,7.9,8.1
07W605,0706,80,1046,FDP,3.4,3.4,3.7
07W606,0706,80,997,CDU,29.0,28.9,29.5
07W606,0706,80,997,AFD,23.1,22.6,24.5
07W606,0706,80,997,SPD,13.0,12.6,13.3
07W606,0706,80,997,LINKE,12.2,12.0,12.4
07W606,0706,80,997,Sonstige,10.2,10.1,10.4
07W606,0706,80,997,GRUENE,9.6,9.4,9.8
07W606,0706,80,997,FDP,2.6,2.6,2.9
07W607,0706,80,1028,CDU,34.5,34.3,35.0
07W607,0706,80,1028,AFD,22.8,22.3,24.2
07W607,0706,80,1028,LINKE,16.5,16.0,16.7
07W607,0706,80,1028,SPD,13.9,12.8,14.2
07W607,0706,80,1028,Sonstige,7.4,7.3,7.7
07W607,0706,80,1028,GRUENE,4.8,4.6,5.3
07W607,0706,80,1028,FDP,3.2,3.1,3.3
07W608,0706,80,858,CDU,36.8,36.6,37.3
07W608,0706,80,858,AFD,19.8,19.5,21.2
07W608,0706,80,858,LINKE,11.9,11.6,12.1
07W608,0706,80,858,SPD,11.2,11.0,11.5
07W608,0706,80,858,GRUENE,10.3,10.1,10.6
07W608,0706,80,858,Sonstige,6.3,6.2,6.5
07W608,0706,80,858,FDP,3.8,3.7,4.0
07W609,0706,80,918,CDU,29.0,28.8,29.5
07W609,0706,80,918,AFD,21.4,21.0,22.8
07W609,0706,80,918,SPD,12.6,12.0,12.8
07W609,0706,80,918,GRUENE,11.3,11.2,11.5
07W609,0706,80,918,LINKE,10.9,10.7,11.1
07W609,0706,80,918,Sonstige,9.8,9.7,9.9
07W609,0706,80,918,FDP,3.5,3.5,3.7
07W610,0706,80,1085,CDU,29.9,29.8,30.4
07W610,0706,80,1085,AFD,20.3,19.7,21.3
07W610,0706,80,1085,SPD,13.8,12.6,14.0
07W610,0706,80,1085,GRUENE,12.7,12.5,13.0
07W610,0706,80,1085,LINKE,11.8,11.5,12.0
07W610,0706,80,1085,Sonstige,8.3,8.1,8.4
07W610,0706,80,1085,FDP,4.3,4.2,4.5
07W611,0706,80,1083,AFD,30.3,29.5,31.1
07W611,0706,80,1083,CDU,29.3,29.1,29.8
07W611,0706,80,1083,SPD,12.4,11.9,12.7
07W611,0706,80,1083,LINKE,11.2,10.9,11.4
07W611,0706,80,1083,Sonstige,10.6,10.4,10.7
07W611,0706,80,1083,GRUENE,6.3,6.0,6.6
07W611,0706,80,1083,FDP,3.5,3.3,3.6
07W612,0706,80,915,CDU,28.8,28.7,29.3
07W612,0706,80,915,AFD,18.4,18.1,19.8
07W612,0706,80,915,GRUENE,13.2,13.1,13.4
07W612,0706,80,915,SPD,13.0,12.3,13.2
07W612,0706,80,915,LINKE,11.7,11.4,11.9
07W612,0706,80,915,Sonstige,8.7,8.6,8.8
07W612,0706,80,915,FDP,4.0,4.0,4.1
07W613,0706,80,902,CDU,35.5,35.3,36.0
07W613,0706,80,902,AFD,18.0,17.5,19.1
07W613,0706,80,902,GRUENE,14.0,13.8,14.2
07W613,0706,80,902,SPD,11.4,11.2,11.6
07W613,0706,80,902,LINKE,10.0,9.7,10.2
07W613,0706,80,902,Sonstige,6.4,6.2,6.5
07W613,0706,80,902,FDP,4.5,4.4,4.6
07W614,0706,80,952,CDU,29.6,29.5,30.1
07W614,0706,80,952,AFD,18.2,17.9,19.4
07W614,0706,80,952,SPD,13.7,12.5,13.9
07W614,0706,80,952,GRUENE,13.5,13.4,13.7
07W614,0706,80,952,LINKE,11.2,10.8,11.4
07W614,0706,80,952,Sonstige,7.8,7.7,8.0
07W614,0706,80,952,FDP,4.7,4.6,4.9
07W615,0706,80,1008,CDU,30.2,30.0,30.7
07W615,0706,80,1008,AFD,25.1,24.5,26.6
07W615,0706,80,1008,LINKE,14.3,13.6,14.6
07W615,0706,80,1008,Sonstige,11.3,11.1,11.5
07W615,0706,80,1008,SPD,9.1,8.9,10.0
07W615,0706,80,1008,GRUENE,8.2,8.0,8.7
07W615,0706,80,1008,FDP,2.8,2.8,3.0
07W616,0706,80,937,CDU,31.1,30.9,31.6
07W616,0706,80,937,AFD,23.8,23.3,25.2
07W616,0706,80,937,LINKE,13.4,12.9,13.7
07W616,0706,80,937,GRUENE,10.5,10.2,10.8
07W616,0706,80,937,SPD,10.4,10.1,11.1
07W616,0706,80,937,Sonstige,9.0,8.8,9.2
07W616,0706,80,937,FDP,3.2,3.0,3.4
07W617,0706,80,1093,CDU,29.6,29.4,30.1
07W617,0706,80,1093,AFD,25.6,25.1,27.1
07W617,0706,80,1093,LINKE,12.6,12.1,12.8
07W617,0706,80,1093,SPD,11.3,11.1,11.6
07W617,0706,80,1093,Sonstige,9.9,9.6,10.1
07W617,0706,80,1093,GRUENE,8.3,8.1,8.6
07W617,0706,80,1093,FDP,3.1,3.0,3.3
07W618,0706,80,838,CDU,31.1,30.9,31.6
07W618,0706,80,838,AFD,26.8,26.3,28.2
07W618,0706,80,838,LINKE,13.2,12.7,13.5
07W618,0706,80,838,SPD,11.4,11.1,11.6
07W618,0706,80,838,Sonstige,9.2,9.1,9.4
07W618,0706,80,838,GRUENE,7.0,6.8,7.4
07W618,0706,80,838,FDP,2.3,2.3,2.7
07W619,0706,80,1121,CDU,27.9,27.7,28.3
07W619,0706,80,1121,AFD,27.3,26.8,28.6
07W619,0706,80,1121,LINKE,13.4,12.8,13.7
07W619,0706,80,1121,SPD,12.2,11.9,12.5
07W619,0706,80,1121,Sonstige,9.1,9.0,9.2
07W619,0706,80,1121,GRUENE,6.5,6.4,6.8
07W619,0706,80,1121,FDP,3.2,3.2,3.4
07W620,0706,80,905,AFD,26.7,26.1,28.2
07W620,0706,80,905,CDU,26.2,26.1,26.7
07W620,0706,80,905,LINKE,13.9,13.2,14.1
07W620,0706,80,905,SPD,13.0,12.8,13.4
07W620,0706,80,905,Sonstige,10.8,10.7,11.0
07W620,0706,80,905,GRUENE,6.9,6.7,7.1
07W620,0706,80,905,FDP,2.7,2.7,2.9
07W621,0706,80,1008,AFD,30.1,29.6,31.4
07W621,0706,80,1008,CDU,24.5,24.3,24.9
07W621,0706,80,1008,LINKE,14.2,13.5,14.6
07W621,0706,80,1008,SPD,12.7,11.2,12.9
07W621,0706,80,1008,Sonstige,11.7,11.5,11.8
07W621,0706,80,1008,GRUENE,5.4,5.2,5.8
07W621,0706,80,1008,FDP,2.7,2.6,2.8
07W622,0706,80,767,AFD,29.3,28.7,30.6
07W622,0706,80,767,CDU,26.5,26.4,27.0
07W622,0706,80,767,LINKE,13.8,13.3,14.0
07W622,0706,80,767,Sonstige,11.7,11.6,11.8
07W622,0706,80,767,SPD,10.7,10.4,11.4
07W622,0706,80,767,GRUENE,5.2,5.0,5.4
07W622,0706,80,767,FDP,2.7,2.7,2.9
07W623,0706,80,1093,AFD,31.6,31.1,33.3
07W623,0706,80,1093,CDU,26.6,26.4,27.0
07W623,0706,80,1093,LINKE,14.2,13.2,14.7
07W623,0706,80,1093,SPD,10.4,9.6,10.7
07W623,0706,80,1093,Sonstige,9.0,8.7,9.2
07W623,0706,80,1093,GRUENE,5.6,5.4,6.0
07W623,0706,80,1093,FDP,2.8,2.7,3.0
07W624,0706,80,847,AFD,29.5,29.0,31.1
07W624,0706,80,847,CDU,27.7,27.6,28.2
07W624,0706,80,847,LINKE,13.2,12.4,13.6
07W624,0706,80,847,SPD,11.3,11.0,11.6
07W624,0706,80,847,Sonstige,10.3,10.1,10.5
07W624,0706,80,847,GRUENE,4.5,4.3,4.7
07W624,0706,80,847,FDP,2.5,2.4,2.7
07W625,0706,80,1078,CDU,29.3,29.1,29.8
07W625,0706,80,1078,AFD,26.8,26.3,28.2
07W625,0706,80,1078,SPD,13.2,11.9,13.5
07W625,0706,80,1078,LINKE,13.1,12.5,13.4
07W625,0706,80,1078,Sonstige,9.7,9.6,9.9
07W625,0706,80,1078,GRUENE,5.7,5.5,6.1
07W625,0706,80,1078,FDP,3.1,3.1,3.3
07W626,0706,80,1112,AFD,32.1,31.5,33.3
07W626,0706,80,1112,CDU,21.8,21.7,22.1
07W626,0706,80,1112,LINKE,15.8,15.1,16.3
07W626,0706,80,1112,Sonstige,13.2,13.0,13.4
07W626,0706,80,1112,SPD,9.2,8.7,9.5
07W626,0706,80,1112,GRUENE,7.3,7.1,7.6
07W626,0706,80,1112,FDP,2.2,2.2,2.4
07W627,0706,80,867,CDU,27.8,27.6,28.2
07W627,0706,80,867,AFD,27.6,27.0,29.0
07W627,0706,80,867,LINKE,12.4,12.0,12.7
07W627,0706,80,867,SPD,11.4,11.1,11.8
07W627,0706,80,867,Sonstige,10.6,10.3,10.8
07W627,0706,80,867,GRUENE,8.0,7.8,8.4
07W627,0706,80,867,FDP,3.0,2.7,3.1
07W628,0706,80,804,CDU,30.1,30.0,30.6
07W628,0706,80,804,AFD,22.1,21.6,23.4
07W628,0706,80,804,SPD,13.6,12.8,13.9
07W628,0706,80,804,LINKE,11.0,10.5,11.2
07W628,0706,80,804,GRUENE,10.7,10.5,10.8
07W628,0706,80,804,Sonstige,7.2,7.1,7.4
07W628,0706,80,804,FDP,3.9,3.8,4.0
07W629,0706,80,948,CDU,33.0,32.9,33.5
07W629,0706,80,948,AFD,18.6,18.1,19.8
07W629,0706,80,948,GRUENE,13.9,13.7,14.0
07W629,0706,80,948,SPD,12.1,11.6,12.4
07W629,0706,80,948,LINKE,8.4,8.1,8.6
07W629,0706,80,948,Sonstige,7.2,7.1,7.3
07W629,0706,80,948,FDP,4.2,4.2,4.4
07W630,0706,80,972,CDU,33.8,33.6,34.3
07W630,0706,80,972,AFD,19.7,19.2,21.0
07W630,0706,80,972,GRUENE,13.5,13.3,13.6
07W630,0706,80,972,SPD,11.9,11.6,12.3
07W630,0706,80,972,LINKE,8.0,7.7,8.2
07W630,0706,80,972,Sonstige,7.4,7.3,7.6
07W630,0706,80,972,FDP,4.3,4.1,4.4
07W631,0706,80,1134,CDU,34.5,34.3,35.0
07W631,0706,80,1134,AFD,19.4,19.0,20.9
07W631,0706,80,1134,GRUENE,12.5,12.3,12.6
07W631,0706,80,1134,SPD,10.8,10.6,11.2
07W631,0706,80,1134,LINKE,10.3,10.0,10.4
07W631,0706,80,1134,Sonstige,7.7,7.5,7.8
07W631,0706,80,1134,FDP,3.8,3.7,4.0
07W632,0706,80,1021,CDU,34.1,33.9,34.7
07W632,0706,80,1021,AFD,20.5,20.1,22.1
07W632,0706,80,1021,SPD,12.1,11.8,12.6
07W632,0706,80,1021,GRUENE,11.4,11.3,11.6
07W632,0706,80,1021,LINKE,9.3,9.1,9.5
07W632,0706,80,1021,Sonstige,8.3,8.1,8.5
07W632,0706,80,1021,FDP,3.6,3.6,3.8
07W701,0707,80,925,CDU,36.4,36.3,37.1
07W701,0707,80,925,AFD,19.2,18.7,21.1
07W701,0707,80,925,SPD,11.0,10.8,11.5
07W701,0707,80,925,GRUENE,9.3,9.2,9.5
07W701,0707,80,925,LINKE,8.7,8.2,8.9
07W701,0707,80,925,Sonstige,6.8,6.7,7.0
07W701,0707,80,925,FDP,4.2,4.1,4.4
07W702,0707,80,861,CDU,37.7,37.5,38.3
07W702,0707,80,861,AFD,20.1,19.5,22.0
07W702,0707,80,861,LINKE,10.7,10.3,10.9
07W702,0707,80,861,SPD,9.8,9.6,10.7
07W702,0707,80,861,GRUENE,9.2,9.0,9.6
07W702,0707,80,861,Sonstige,6.7,6.6,6.9
07W702,0707,80,861,FDP,4.3,4.2,4.5
07W703,0707,80,831,CDU,38.2,38.0,38.9
07W703,0707,80,831,AFD,19.9,19.2,21.5
07W703,0707,80,831,SPD,10.3,10.0,12.1
07W703,0707,80,831,LINKE,10.2,10.0,10.4
07W703,0707,80,831,GRUENE,9.2,9.0,9.5
07W703,0707,80,831,Sonstige,6.5,6.4,6.7
07W703,0707,80,831,FDP,3.8,3.7,4.0
07W704,0707,80,963,CDU,37.0,36.8,37.6
07W704,0707,80,963,AFD,20.8,20.2,23.0
07W704,0707,80,963,SPD,11.3,11.1,12.6
07W704,0707,80,963,LINKE,11.0,10.7,11.1
07W704,0707,80,963,GRUENE,8.5,8.3,8.8
07W704,0707,80,963,Sonstige,6.8,6.7,7.0
07W704,0707,80,963,FDP,3.7,3.6,3.8
07W705,0707,80,1014,CDU,34.8,34.6,35.3
07W705,0707,80,1014,AFD,20.2,19.6,22.2
07W705,0707,80,1014,SPD,12.1,11.8,12.8
07W705,0707,80,1014,LINKE,10.9,10.3,11.1
07W705,0707,80,1014,GRUENE,8.9,8.7,9.1
07W705,0707,80,1014,Sonstige,6.1,6.0,6.2
07W705,0707,80,1014,FDP,3.9,3.9,4.1
07W706,0707,80,1049,CDU,30.0,29.9,30.5
07W706,0707,80,1049,AFD,21.4,21.0,23.2
07W706,0707,80,1049,LINKE,12.3,12.0,12.5
07W706,0707,80,1049,SPD,11.6,11.3,12.0
07W706,0707,80,1049,GRUENE,10.2,10.1,10.4
07W706,0707,80,1049,Sonstige,8.6,8.5,8.7
07W706,0707,80,1049,FDP,3.7,3.7,3.9
07W707,0707,80,1054,CDU,33.3,33.1,33.8
07W707,0707,80,1054,AFD,18.5,18.0,20.3
07W707,0707,80,1054,GRUENE,12.9,12.7,13.1
07W707,0707,80,1054,LINKE,10.6,10.2,10.7
07W707,0707,80,1054,SPD,10.4,10.2,11.0
07W707,0707,80,1054,Sonstige,7.6,7.4,7.7
07W707,0707,80,1054,FDP,4.0,3.9,4.1
07W708,0707,80,1093,CDU,33.9,33.8,34.5
07W708,0707,80,1093,AFD,21.4,20.8,23.3
07W708,0707,80,1093,SPD,10.6,10.4,11.3
07W708,0707,80,1093,LINKE,9.9,9.5,10.1
07W708,0707,80,1093,GRUENE,9.7,9.5,9.9
07W708,0707,80,1093,Sonstige,8.2,8.1,8.4
07W708,0707,80,1093,FDP,4.0,4.0,4.2
07W709,0707,80,1045,CDU,33.7,33.5,34.3
07W709,0707,80,1045,AFD,24.3,23.8,26.0
07W709,0707,80,1045,LINKE,11.0,10.6,11.2
07W709,0707,80,1045,SPD,9.8,9.7,11.1
07W709,0707,80,1045,GRUENE,8.1,8.0,8.3
07W709,0707,80,1045,Sonstige,7.8,7.7,8.0
07W709,0707,80,1045,FDP,3.4,3.4,3.7
07W710,0707,80,1066,CDU,30.1,29.9,30.7
07W710,0707,80,1066,AFD,24.8,24.4,26.8
07W710,0707,80,1066,LINKE,13.0,12.5,13.2
07W710,0707,80,1066,SPD,11.9,11.6,12.2
07W710,0707,80,1066,Sonstige,9.5,9.3,9.6
07W710,0707,80,1066,GRUENE,6.0,5.8,6.2
07W710,0707,80,1066,FDP,3.4,3.3,3.6
07W711,0707,80,992,CDU,35.8,35.6,36.3
07W711,0707,80,992,AFD,22.3,21.8,23.9
07W711,0707,80,992,SPD,10.8,10.6,11.5
07W711,0707,80,992,LINKE,9.2,8.9,9.4
07W711,0707,80,992,Sonstige,8.1,7.9,8.2
07W711,0707,80,992,GRUENE,7.8,7.7,8.0
07W711,0707,80,992,FDP,3.9,3.8,4.1
07W712,0707,80,1048,CDU,36.3,36.1,36.9
07W712,0707,80,1048,AFD,20.9,20.4,22.9
07W712,0707,80,1048,LINKE,10.7,10.2,10.9
07W712,0707,80,1048,SPD,9.5,9.3,11.0
07W712,0707,80,1048,GRUENE,8.5,8.4,8.8
07W712,0707,80,1048,Sonstige,7.6,7.4,7.7
07W712,0707,80,1048,FDP,3.8,3.8,4.0
07W713,0707,80,1081,CDU,27.5,27.3,28.0
07W713,0707,80,1081,AFD,23.7,23.2,25.1
07W713,0707,80,1081,LINKE,14.8,14.4,15.0
07W713,0707,80,1081,SPD,12.4,11.5,12.7
07W713,0707,80,1081,GRUENE,9.8,9.7,10.1
07W713,0707,80,1081,Sonstige,9.4,9.3,9.5
07W713,0707,80,1081,FDP,3.5,3.5,3.7
07W714,0707,80,1006,CDU,27.9,27.7,28.4
07W714,0707,80,1006,AFD,26.5,26.0,28.2
07W714,0707,80,1006,LINKE,15.1,14.5,15.4
07W714,0707,80,1006,SPD,11.9,11.6,12.2
07W714,0707,80,1006,Sonstige,10.9,10.8,11.1
07W714,0707,80,1006,GRUENE,5.7,5.4,6.1
07W714,0707,80,1006,FDP,2.3,2.3,2.6
07W715,0707,80,1059,CDU,32.3,32.1,32.8
07W715,0707,80,1059,AFD,24.9,24.3,26.8
07W715,0707,80,1059,SPD,14.1,13.4,14.3
07W715,0707,80,1059,LINKE,10.5,10.1,10.7
07W715,0707,80,1059,Sonstige,7.7,7.5,7.8
07W715,0707,80,1059,GRUENE,6.5,6.3,6.8
07W715,0707,80,1059,FDP,3.7,3.7,3.9
07W716,0707,80,930,CDU,29.8,29.6,30.3
07W716,0707,80,930,AFD,27.1,26.5,28.5
07W716,0707,80,930,SPD,11.6,11.4,11.9
07W716,0707,80,930,LINKE,11.5,11.1,11.7
07W716,0707,80,930,Sonstige,9.6,9.4,9.7
07W716,0707,80,930,GRUENE,7.2,7.0,7.4
07W716,0707,80,930,FDP,3.2,3.2,3.4
07W717,0707,80,970,AFD,31.6,31.0,33.7
07W717,0707,80,970,CDU,25.7,25.5,26.2
07W717,0707,80,970,LINKE,13.5,12.8,13.8
07W717,0707,80,970,Sonstige,12.3,12.1,12.5
07W717,0707,80,970,SPD,8.1,7.9,9.5
07W717,0707,80,970,GRUENE,6.0,5.8,6.3
07W717,0707,80,970,FDP,1.8,1.8,2.1
07W718,0707,80,1053,CDU,30.6,30.4,31.1
07W718,0707,80,1053,AFD,22.0,21.5,23.8
07W718,0707,80,1053,SPD,12.3,12.1,12.6
07W718,0707,80,1053,LINKE,10.6,10.2,10.8
07W718,0707,80,1053,GRUENE,9.8,9.6,10.0
07W718,0707,80,1053,Sonstige,9.3,9.2,9.4
07W718,0707,80,1053,FDP,3.8,3.7,3.9
07W719,0707,80,1035,CDU,29.3,29.1,29.9
07W719,0707,80,1035,AFD,24.9,24.4,27.0
07W719,0707,80,1035,LINKE,12.5,12.1,12.7
07W719,0707,80,1035,SPD,12.4,12.2,12.8
07W719,0707,80,1035,Sonstige,10.2,10.0,10.3
07W719,0707,80,1035,GRUENE,7.7,7.6,7.9
07W719,0707,80,1035,FDP,3.3,3.3,3.5
07W720,0707,80,1055,AFD,26.0,25.5,27.9
07W720,0707,80,1055,CDU,25.6,25.5,26.1
07W720,0707,80,1055,LINKE,13.8,13.1,14.1
07W720,0707,80,1055,SPD,10.8,10.6,11.1
07W720,0707,80,1055,Sonstige,10.6,10.5,10.7
07W720,0707,80,1055,GRUENE,8.2,8.0,8.4
07W720,0707,80,1055,FDP,3.1,3.1,3.3
07W721,0707,80,1285,AFD,26.9,26.2,28.4
07W721,0707,80,1285,CDU,25.2,25.0,25.6
07W721,0707,80,1285,Sonstige,13.3,13.2,13.5
07W721,0707,80,1285,LINKE,13.2,12.7,13.4
07W721,0707,80,1285,SPD,11.2,11.0,11.5
07W721,0707,80,1285,GRUENE,6.3,6.2,6.6
07W721,0707,80,1285,FDP,2.9,2.8,3.0
07W722,0707,80,1077,CDU,32.3,32.2,32.8
07W722,0707,80,1077,AFD,16.9,16.4,18.7
07W722,0707,80,1077,GRUENE,14.7,14.5,15.0
07W722,0707,80,1077,SPD,12.2,11.8,12.5
07W722,0707,80,1077,LINKE,10.4,10.2,10.6
07W722,0707,80,1077,Sonstige,7.1,6.9,7.2
07W722,0707,80,1077,FDP,3.8,3.8,4.0
07W723,0707,80,1073,CDU,28.0,27.9,28.5
07W723,0707,80,1073,AFD,17.8,17.2,19.2
07W723,0707,80,1073,GRUENE,14.8,14.6,15.1
07W723,0707,80,1073,SPD,12.9,11.7,13.2
07W723,0707,80,1073,LINKE,12.7,12.2,12.9
07W723,0707,80,1073,Sonstige,8.2,8.1,8.3
07W723,0707,80,1073,FDP,3.5,3.4,3.7
07W724,0707,80,808,CDU,32.1,32.0,32.6
07W724,0707,80,808,AFD,16.8,16.3,18.4
07W724,0707,80,808,SPD,13.1,12.9,13.3
07W724,0707,80,808,GRUENE,12.0,11.9,12.2
07W724,0707,80,808,LINKE,11.4,11.0,11.5
07W724,0707,80,808,Sonstige,7.4,7.3,7.5
07W724,0707,80,808,FDP,4.4,4.3,4.5
07W725,0707,80,886,CDU,31.5,31.4,32.0
07W725,0707,80,886,AFD,19.7,19.2,21.4
07W725,0707,80,886,GRUENE,12.5,12.3,12.7
07W725,0707,80,886,SPD,11.4,11.3,11.7
07W725,0707,80,886,LINKE,10.3,10.2,10.5
07W725,0707,80,886,Sonstige,8.9,8.7,9.0
07W725,0707,80,886,FDP,3.7,3.7,3.9
07W726,0707,80,1011,CDU,29.8,29.7,30.3
07W726,0707,80,1011,AFD,18.0,17.4,19.4
07W726,0707,80,1011,GRUENE,15.3,15.2,15.5
07W726,0707,80,1011,SPD,11.9,11.6,12.1
07W726,0707,80,1011,LINKE,11.6,11.4,11.8
07W726,0707,80,1011,Sonstige,8.0,7.9,8.1
07W726,0707,80,1011,FDP,3.8,3.7,3.9
07W727,0707,80,694,CDU,31.2,31.0,31.6
07W727,0707,80,694,GRUENE,17.0,16.8,17.2
07W727,0707,80,694,SPD,13.9,12.9,14.2
07W727,0707,80,694,AFD,12.5,12.0,13.6
07W727,0707,80,694,LINKE,10.5,10.1,10.6
07W727,0707,80,694,Sonstige,6.3,6.1,6.4
07W727,0707,80,694,FDP,4.9,4.8,5.0
07W728,0707,80,872,CDU,33.8,33.7,34.3
07W728,0707,80,872,AFD,18.3,17.7,20.1
07W728,0707,80,872,GRUENE,13.9,13.7,14.0
07W728,0707,80,872,LINKE,10.3,10.0,10.4
07W728,0707,80,872,SPD,10.0,9.9,11.1
07W728,0707,80,872,Sonstige,7.5,7.3,7.6
07W728,0707,80,872,FDP,3.9,3.9,4.1
07W729,0707,80,857,CDU,30.9,30.8,31.4
07W729,0707,80,857,AFD,22.2,21.6,23.8
07W729,0707,80,857,GRUENE,11.4,11.2,11.6
07W729,0707,80,857,LINKE,11.0,10.6,11.2
07W729,0707,80,857,SPD,10.6,10.4,10.9
07W729,0707,80,857,Sonstige,8.1,7.9,8.3
07W729,0707,80,857,FDP,3.9,3.9,4.1
07W730,0707,80,962,CDU,31.2,31.0,31.7
07W730,0707,80,962,AFD,23.6,23.0,25.4
07W730,0707,80,962,SPD,12.5,12.0,12.7
07W730,0707,80,962,LINKE,10.0,9.5,10.2
07W730,0707,80,962,Sonstige,9.6,9.4,9.7
07W730,0707,80,962,GRUENE,8.0,7.8,8.2
07W730,0707,80,962,FDP,3.8,3.7,3.9
07W731,0707,80,983,CDU,31.0,30.8,31.4
07W731,0707,80,983,AFD,19.6,19.1,21.5
07W731,0707,80,983,SPD,12.1,11.8,12.7
07W731,0707,80,983,GRUENE,10.5,10.3,10.6
07W731,0707,80,983,LINKE,10.4,10.1,10.5
07W731,0707,80,983,Sonstige,8.7,8.6,8.8
07W731,0707,80,983,FDP,3.9,3.8,4.0
07W732,0707,80,803,CDU,31.7,31.5,32.2
07W732,0707,80,803,AFD,20.6,20.1,22.3
07W732,0707,80,803,SPD,13.0,12.7,13.3
07W732,0707,80,803,LINKE,9.4,8.9,9.5
07W732,0707,80,803,GRUENE,9.1,9.0,9.3
07W732,0707,80,803,Sonstige,7.4,7.3,7.5
07W732,0707,80,803,FDP,4.1,4.0,4.3
07W733,0707,80,728,CDU,30.8,30.7,31.4
07W733,0707,80,728,AFD,28.1,27.5,30.2
07W733,0707,80,728,LINKE,10.3,9.9,10.6
07W733,0707,80,728,Sonstige,10.0,9.8,10.1
07W733,0707,80,728,SPD,9.5,9.3,10.9
07W733,0707,80,728,GRUENE,6.7,6.6,6.9
07W733,0707,80,728,FDP,3.4,3.4,3.6
08W101,0801,81,1053,LINKE,38.9,37.8,39.5
08W101,0801,81,1053,GRUENE,29.9,29.7,30.2
08W101,0801,81,1053,Sonstige,10.3,9.9,10.4
08W101,0801,81,1053,SPD,8.0,7.6,9.8
08W101,0801,81,1053,CDU,6.4,6.2,6.6
08W101,0801,81,1053,AFD,2.7,2.3,4.1
08W101,0801,81,1053,FDP,1.4,1.4,1.8
08W102,0801,81,1040,LINKE,36.6,35.6,37.1
08W102,0801,81,1040,GRUENE,32.6,32.3,32.8
08W102,0801,81,1040,Sonstige,10.8,10.4,10.9
08W102,0801,81,1040,SPD,8.2,7.9,9.8
08W102,0801,81,1040,CDU,5.1,4.9,5.3
08W102,0801,81,1040,AFD,3.1,2.7,4.2
08W102,0801,81,1040,FDP,1.6,1.5,1.9
08W103,0801,81,1040,LINKE,38.1,37.1,38.7
08W103,0801,81,1040,GRUENE,35.0,34.8,35.2
08W103,0801,81,1040,Sonstige,9.7,9.3,9.8
08W103,0801,81,1040,SPD,8.1,7.8,9.5
08W103,0801,81,1040,CDU,4.3,4.0,4.5
08W103,0801,81,1040,AFD,2.2,1.8,3.5
08W103,0801,81,1040,FDP,1.7,1.6,1.9
08W104,0801,81,936,LINKE,40.2,39.0,40.7
08W104,0801,81,936,GRUENE,34.6,34.4,34.9
08W104,0801,81,936,Sonstige,10.1,9.7,10.2
08W104,0801,81,936,SPD,6.9,6.5,8.4
08W104,0801,81,936,CDU,4.3,3.9,4.5
08W104,0801,81,936,FDP,1.8,1.8,2.0
08W104,0801,81,936,AFD,1.5,1.1,2.6
08W105,0801,81,1021,LINKE,38.1,37.1,38.6
08W105,0801,81,1021,GRUENE,35.6,35.4,35.8
08W105,0801,81,1021,Sonstige,10.0,9.7,10.2
08W105,0801,81,1021,SPD,8.6,8.3,9.0
08W105,0801,81,1021,CDU,3.8,3.5,4.0
08W105,0801,81,1021,AFD,3.0,2.6,3.8
08W105,0801,81,1021,FDP,1.5,1.4,1.9
08W106,0801,81,994,GRUENE,37.9,37.7,38.2
08W106,0801,81,994,LINKE,32.7,31.7,33.2
08W106,0801,81,994,Sonstige,10.4,10.0,10.5
08W106,0801,81,994,SPD,7.7,7.4,9.0
08W106,0801,81,994,CDU,5.5,5.2,5.7
08W106,0801,81,994,FDP,1.7,1.7,2.2
08W106,0801,81,994,AFD,0.9,0.5,2.5
08W107,0801,81,1002,LINKE,40.2,39.2,40.7
08W107,0801,81,1002,GRUENE,34.5,34.3,34.8
08W107,0801,81,1002,Sonstige,11.3,11.0,11.5
08W107,0801,81,1002,SPD,6.3,6.0,8.4
08W107,0801,81,1002,CDU,2.8,2.5,3.0
08W107,0801,81,1002,AFD,2.2,1.8,3.5
08W107,0801,81,1002,FDP,1.5,1.4,1.9
08W108,0801,81,1061,LINKE,37.3,36.3,37.9
08W108,0801,81,1061,GRUENE,31.2,31.0,31.5
08W108,0801,81,1061,Sonstige,12.9,12.5,13.0
08W108,0801,81,1061,SPD,6.7,6.2,7.9
08W108,0801,81,1061,AFD,5.5,5.3,6.3
08W108,0801,81,1061,CDU,5.0,4.7,5.2
08W108,0801,81,1061,FDP,1.3,1.2,1.8
08W109,0801,81,947,LINKE,36.0,35.1,36.6
08W109,0801,81,947,GRUENE,34.5,34.3,34.7
08W109,0801,81,947,Sonstige,9.8,9.5,9.9
08W109,0801,81,947,SPD,7.0,6.6,8.5
08W109,0801,81,947,CDU,6.2,5.9,6.4
08W109,0801,81,947,AFD,4.1,3.8,4.9
08W109,0801,81,947,FDP,1.7,1.6,2.1
08W110,0801,81,1086,LINKE,36.4,35.5,37.0
08W110,0801,81,1086,GRUENE,34.2,34.0,34.5
08W110,0801,81,1086,Sonstige,12.5,12.2,12.6
08W110,0801,81,1086,SPD,7.7,7.3,8.9
08W110,0801,81,1086,AFD,4.2,3.9,5.1
08W110,0801,81,1086,CDU,3.2,3.0,3.4
08W110,0801,81,1086,FDP,1.3,1.3,1.7
08W111,0801,81,902,LINKE,38.1,37.1,38.6
08W111,0801,81,902,GRUENE,30.7,30.4,30.9
08W111,0801,81,902,Sonstige,11.5,11.1,11.6
08W111,0801,81,902,CDU,7.8,7.5,8.0
08W111,0801,81,902,SPD,6.5,6.2,9.0
08W111,0801,81,902,AFD,2.5,2.1,4.2
08W111,0801,81,902,FDP,2.1,2.1,2.3
08W112,0801,81,1020,GRUENE,34.6,34.4,34.9
08W112,0801,81,1020,LINKE,34.1,33.1,34.7
08W112,0801,81,1020,Sonstige,10.3,10.1,10.6
08W112,0801,81,1020,SPD,8.1,7.7,9.3
08W112,0801,81,1020,CDU,7.9,7.6,8.2
08W112,0801,81,1020,FDP,1.7,1.6,2.0
08W112,0801,81,1020,AFD,0.6,0.1,2.1
08W113,0801,81,1150,LINKE,35.2,34.1,35.8
08W113,0801,81,1150,GRUENE,28.5,28.3,28.8
08W113,0801,81,1150,Sonstige,12.4,12.1,12.5
08W113,0801,81,1150,SPD,7.6,7.2,9.4
08W113,0801,81,1150,AFD,7.1,6.7,8.7
08W113,0801,81,1150,CDU,6.7,6.5,6.9
08W113,0801,81,1150,FDP,1.1,1.1,1.5
08W114,0801,81,1004,LINKE,41.6,40.5,42.2
08W114,0801,81,1004,GRUENE,30.5,30.3,30.8
08W114,0801,81,1004,Sonstige,11.7,11.3,11.8
08W114,0801,81,1004,AFD,8.0,7.7,9.1
08W114,0801,81,1004,SPD,6.0,5.7,7.8
08W114,0801,81,1004,CDU,3.3,2.9,3.6
08W114,0801,81,1004,FDP,1.4,1.3,1.6
08W115,0801,81,963,LINKE,41.7,40.5,42.3
08W115,0801,81,963,GRUENE,28.4,28.2,28.6
08W115,0801,81,963,Sonstige,9.7,9.2,9.8
08W115,0801,81,963,SPD,7.2,6.8,9.1
08W115,0801,81,963,AFD,6.4,6.0,7.2
08W115,0801,81,963,CDU,6.0,5.7,6.2
08W115,0801,81,963,FDP,2.0,1.9,2.1
08W116,0801,81,983,LINKE,38.2,37.1,38.8
08W116,0801,81,983,GRUENE,28.0,27.8,28.3
08W116,0801,81,983,Sonstige,10.4,10.0,10.5
08W116,0801,81,983,AFD,8.6,8.3,10.1
08W116,0801,81,983,CDU,6.7,6.4,7.0
08W116,0801,81,983,SPD,6.7,6.4,8.8
08W116,0801,81,983,FDP,1.9,1.8,2.1
08W117,0801,81,1073,LINKE,34.9,33.9,35.5
08W117,0801,81,1073,GRUENE,30.3,30.1,30.5
08W117,0801,81,1073,Sonstige,10.6,10.3,10.7
08W117,0801,81,1073,SPD,7.9,7.6,9.3
08W117,0801,81,1073,AFD,7.4,7.1,8.2
08W117,0801,81,1073,CDU,6.7,6.5,6.8
08W117,0801,81,1073,FDP,1.5,1.4,1.9
08W118,0801,81,1076,LINKE,40.6,39.4,41.2
08W118,0801,81,1076,GRUENE,26.6,26.4,26.9
08W118,0801,81,1076,Sonstige,10.8,10.5,11.0
08W118,0801,81,1076,SPD,8.3,7.9,9.3
08W118,0801,81,1076,AFD,7.0,6.6,7.9
08W118,0801,81,1076,CDU,6.3,6.0,6.5
08W118,0801,81,1076,FDP,1.4,1.3,1.7
08W119,0801,81,1037,LINKE,41.8,40.7,42.3
08W119,0801,81,1037,GRUENE,32.1,31.9,32.3
08W119,0801,81,1037,Sonstige,10.9,10.6,11.1
08W119,0801,81,1037,SPD,6.7,6.3,8.4
08W119,0801,81,1037,AFD,4.3,3.9,5.2
08W119,0801,81,1037,CDU,3.2,3.0,3.4
08W119,0801,81,1037,FDP,1.0,0.9,1.4
08W120,0801,81,1145,LINKE,39.3,38.2,39.8
08W120,0801,81,1145,GRUENE,31.4,31.3,31.7
08W120,0801,81,1145,Sonstige,10.2,9.9,10.4
08W120,0801,81,1145,SPD,6.9,6.5,8.5
08W120,0801,81,1145,AFD,5.1,4.8,5.9
08W120,0801,81,1145,CDU,4.7,4.4,4.9
08W120,0801,81,1145,FDP,1.6,1.5,1.9
08W121,0801,81,952,LINKE,38.2,37.2,38.7
08W121,0801,81,952,GRUENE,30.5,30.2,30.8
08W121,0801,81,952,Sonstige,12.0,11.7,12.2
08W121,0801,81,952,SPD,7.3,6.8,8.5
08W121,0801,81,952,AFD,6.5,6.1,7.1
08W121,0801,81,952,CDU,5.6,5.3,5.8
08W121,0801,81,952,FDP,1.4,1.3,1.8
08W122,0801,81,1049,LINKE,25.7,24.6,26.3
08W122,0801,81,1049,GRUENE,17.2,16.9,17.4
08W122,0801,81,1049,AFD,15.9,15.4,18.2
08W122,0801,81,1049,CDU,14.3,14.1,14.5
08W122,0801,81,1049,Sonstige,12.5,12.1,12.6
08W122,0801,81,1049,SPD,8.1,7.8,10.9
08W122,0801,81,1049,FDP,2.1,2.0,2.4
08W123,0801,81,961,LINKE,40.1,38.9,40.7
08W123,0801,81,961,GRUENE,22.9,22.7,23.1
08W123,0801,81,961,Sonstige,12.3,11.9,12.4
08W123,0801,81,961,AFD,12.1,11.7,12.8
08W123,0801,81,961,CDU,6.8,6.5,7.0
08W123,0801,81,961,SPD,5.4,5.1,8.2
08W123,0801,81,961,FDP,1.4,1.4,1.8
08W124,0801,81,1124,LINKE,33.8,32.8,34.4
08W124,0801,81,1124,GRUENE,22.5,22.3,22.8
08W124,0801,81,1124,Sonstige,13.2,12.8,13.3
08W124,0801,81,1124,AFD,11.6,11.3,12.8
08W124,0801,81,1124,SPD,9.2,8.9,10.2
08W124,0801,81,1124,CDU,8.9,8.7,9.1
08W124,0801,81,1124,FDP,1.0,0.9,1.5
08W125,0801,81,951,LINKE,36.1,35.0,36.7
08W125,0801,81,951,GRUENE,27.5,27.4,27.7
08W125,0801,81,951,Sonstige,10.3,10.0,10.4
08W125,0801,81,951,AFD,9.1,8.8,10.2
08W125,0801,81,951,SPD,8.2,7.9,9.8
08W125,0801,81,951,CDU,7.4,7.2,7.6
08W125,0801,81,951,FDP,1.5,1.4,1.8
08W126,0801,81,921,LINKE,36.5,35.4,37.1
08W126,0801,81,921,GRUENE,22.6,22.5,22.9
08W126,0801,81,921,Sonstige,10.3,9.9,10.4
08W126,0801,81,921,AFD,9.4,9.0,10.7
08W126,0801,81,921,CDU,9.2,9.0,9.5
08W126,0801,81,921,SPD,9.1,8.7,10.8
08W126,0801,81,921,FDP,2.0,2.0,2.2
08W127,0801,81,971,LINKE,35.9,34.8,36.5
08W127,0801,81,971,GRUENE,23.7,23.5,24.0
08W127,0801,81,971,AFD,12.9,12.5,13.9
08W127,0801,81,971,Sonstige,12.5,12.1,12.6
08W127,0801,81,971,SPD,8.6,8.2,9.3
08W127,0801,81,971,CDU,6.4,6.1,6.6
08W127,0801,81,971,FDP,1.3,1.2,1.7
08W128,0801,81,1006,LINKE,35.4,34.3,36.0
08W128,0801,81,1006,GRUENE,24.4,24.2,24.6
08W128,0801,81,1006,Sonstige,12.5,12.2,12.6
08W128,0801,81,1006,AFD,10.5,10.1,11.6
08W128,0801,81,1006,SPD,8.7,8.3,10.1
08W128,0801,81,1006,CDU,6.4,6.3,6.6
08W128,0801,81,1006,FDP,1.3,1.2,1.8
08W129,0801,81,996,LINKE,35.4,34.3,36.0
08W129,0801,81,996,GRUENE,26.8,26.6,27.0
08W129,0801,81,996,Sonstige,12.6,12.3,12.8
08W129,0801,81,996,AFD,9.3,8.9,10.0
08W129,0801,81,996,SPD,7.1,6.7,9.2
08W129,0801,81,996,CDU,6.8,6.6,7.0
08W129,0801,81,996,FDP,1.7,1.6,2.0
08W130,0801,81,926,LINKE,40.1,39.1,40.7
08W130,0801,81,926,GRUENE,32.1,31.8,32.4
08W130,0801,81,926,Sonstige,10.1,9.7,10.3
08W130,0801,81,926,SPD,7.8,7.4,9.4
08W130,0801,81,926,AFD,6.1,5.4,6.7
08W130,0801,81,926,CDU,4.1,3.7,4.3
08W130,0801,81,926,FDP,1.9,1.8,2.0
08W131,0801,81,957,LINKE,36.6,35.5,37.2
08W131,0801,81,957,GRUENE,23.7,23.6,23.9
08W131,0801,81,957,Sonstige,12.7,12.3,12.8
08W131,0801,81,957,AFD,11.8,11.4,13.0
08W131,0801,81,957,SPD,8.5,8.1,9.8
08W131,0801,81,957,CDU,7.6,7.3,7.8
08W131,0801,81,957,FDP,1.3,1.2,1.6
08W201,0802,81,970,LINKE,36.7,35.7,37.2
08W201,0802,81,970,GRUENE,30.6,30.4,31.0
08W201,0802,81,970,SPD,8.8,8.4,9.9
08W201,0802,81,970,Sonstige,8.4,8.1,8.6
08W201,0802,81,970,CDU,7.9,7.7,8.1
08W201,0802,81,970,AFD,3.6,3.1,4.9
08W201,0802,81,970,FDP,1.3,1.2,1.8
08W202,0802,81,980,LINKE,38.7,37.7,39.2
08W202,0802,81,980,GRUENE,33.9,33.7,34.1
08W202,0802,81,980,Sonstige,9.0,8.7,9.1
08W202,0802,81,980,SPD,7.5,7.1,8.7
08W202,0802,81,980,CDU,4.8,4.5,5.1
08W202,0802,81,980,AFD,3.5,3.0,4.2
08W202,0802,81,980,FDP,1.7,1.7,2.0
08W203,0802,81,1004,LINKE,37.0,36.2,37.6
08W203,0802,81,1004,GRUENE,34.7,34.5,35.0
08W203,0802,81,1004,Sonstige,12.5,12.2,12.7
08W203,0802,81,1004,SPD,6.4,6.1,7.2
08W203,0802,81,1004,CDU,4.5,4.1,4.7
08W203,0802,81,1004,AFD,4.1,3.6,4.8
08W203,0802,81,1004,FDP,1.3,1.2,1.7
08W204,0802,81,1127,GRUENE,33.3,33.1,33.6
08W204,0802,81,1127,LINKE,32.6,31.8,33.2
08W204,0802,81,1127,Sonstige,9.6,9.4,9.8
08W204,0802,81,1127,SPD,9.2,8.8,9.5
08W204,0802,81,1127,CDU,8.8,8.6,9.0
08W204,0802,81,1127,FDP,1.8,1.7,2.2
08W204,0802,81,1127,AFD,1.1,0.5,2.3
08W205,0802,81,956,LINKE,39.6,38.6,40.1
08W205,0802,81,956,GRUENE,29.9,29.7,30.0
08W205,0802,81,956,Sonstige,10.3,10.0,10.4
08W205,0802,81,956,SPD,7.8,7.6,9.7
08W205,0802,81,956,AFD,6.3,5.8,7.5
08W205,0802,81,956,CDU,4.1,3.8,4.4
08W205,0802,81,956,FDP,1.9,1.9,2.0
08W206,0802,81,1126,LINKE,37.1,36.2,37.6
08W206,0802,81,1126,GRUENE,32.1,31.9,32.3
08W206,0802,81,1126,SPD,10.1,9.8,10.6
08W206,0802,81,1126,Sonstige,9.6,9.3,9.8
08W206,0802,81,1126,CDU,5.5,5.2,5.7
08W206,0802,81,1126,AFD,1.4,1.0,2.6
08W206,0802,81,1126,FDP,1.2,1.1,1.7
08W207,0802,81,1035,LINKE,40.8,39.9,41.3
08W207,0802,81,1035,GRUENE,30.4,30.2,30.6
08W207,0802,81,1035,Sonstige,11.6,11.3,11.7
08W207,0802,81,1035,AFD,6.3,5.8,6.9
08W207,0802,81,1035,SPD,6.2,5.8,8.2
08W207,0802,81,1035,CDU,4.0,3.8,4.2
08W207,0802,81,1035,FDP,1.4,1.4,1.7
08W208,0802,81,1014,LINKE,41.6,40.6,42.1
08W208,0802,81,1014,GRUENE,32.7,32.5,33.0
08W208,0802,81,1014,Sonstige,9.5,9.2,9.6
08W208,0802,81,1014,SPD,7.2,6.9,8.4
08W208,0802,81,1014,AFD,3.5,3.0,4.3
08W208,0802,81,1014,CDU,3.4,3.2,3.7
08W208,0802,81,1014,FDP,1.9,1.8,2.2
08W209,0802,81,1121,LINKE,38.0,37.1,38.5
08W209,0802,81,1121,GRUENE,30.5,30.3,30.8
08W209,0802,81,1121,Sonstige,11.7,11.4,11.9
08W209,0802,81,1121,SPD,8.1,7.7,8.8
08W209,0802,81,1121,AFD,6.0,5.5,6.8
08W209,0802,81,1121,CDU,3.9,3.7,4.1
08W209,0802,81,1121,FDP,1.0,0.9,1.5
08W210,0802,81,1055,LINKE,44.4,43.4,44.8
08W210,0802,81,1055,GRUENE,29.5,29.3,29.8
08W210,0802,81,1055,Sonstige,10.7,10.4,10.9
08W210,0802,81,1055,SPD,6.8,6.5,7.9
08W210,0802,81,1055,AFD,6.2,5.5,6.7
08W210,0802,81,1055,CDU,2.9,2.6,3.1
08W210,0802,81,1055,FDP,1.5,1.4,1.8
08W211,0802,81,1048,LINKE,34.3,33.4,34.8
08W211,0802,81,1048,GRUENE,32.1,31.9,32.4
08W211,0802,81,1048,Sonstige,10.2,9.9,10.4
08W211,0802,81,1048,SPD,8.2,8.0,9.2
08W211,0802,81,1048,CDU,6.5,6.3,6.7
08W211,0802,81,1048,AFD,5.6,5.1,6.2
08W211,0802,81,1048,FDP,1.3,1.2,1.7
08W212,0802,81,1143,LINKE,34.1,33.2,34.7
08W212,0802,81,1143,GRUENE,29.2,29.1,29.5
08W212,0802,81,1143,Sonstige,10.4,10.2,10.6
08W212,0802,81,1143,SPD,8.9,8.5,9.7
08W212,0802,81,1143,CDU,6.6,6.4,6.7
08W212,0802,81,1143,AFD,6.3,5.9,7.3
08W212,0802,81,1143,FDP,1.5,1.5,1.9
08W213,0802,81,1108,LINKE,33.2,31.9,33.9
08W213,0802,81,1108,CDU,16.3,16.1,16.6
08W213,0802,81,1108,AFD,15.4,14.9,17.1
08W213,0802,81,1108,GRUENE,12.5,12.2,13.2
08W213,0802,81,1108,Sonstige,11.1,10.8,11.4
08W213,0802,81,1108,SPD,10.5,10.2,11.2
08W213,0802,81,1108,FDP,1.0,0.9,1.5
08W214,0802,81,859,LINKE,40.6,39.5,41.1
08W214,0802,81,859,GRUENE,30.6,30.4,30.8
08W214,0802,81,859,Sonstige,9.4,9.1,9.6
08W214,0802,81,859,SPD,8.0,7.7,8.8
08W214,0802,81,859,CDU,5.7,5.3,6.0
08W214,0802,81,859,AFD,4.0,3.4,4.7
08W214,0802,81,859,FDP,2.0,1.9,2.3
08W215,0802,81,1014,LINKE,37.7,36.8,38.3
08W215,0802,81,1014,GRUENE,34.3,34.1,34.5
08W215,0802,81,1014,Sonstige,9.8,9.5,9.9
08W215,0802,81,1014,SPD,6.7,6.5,8.3
08W215,0802,81,1014,AFD,5.7,5.3,6.5
08W215,0802,81,1014,CDU,4.1,3.8,4.3
08W215,0802,81,1014,FDP,1.7,1.6,2.0
08W216,0802,81,1010,LINKE,35.6,34.5,36.2
08W216,0802,81,1010,GRUENE,28.2,28.0,28.4
08W216,0802,81,1010,Sonstige,11.1,10.8,11.3
08W216,0802,81,1010,CDU,8.3,8.0,8.5
08W216,0802,81,1010,SPD,7.2,6.9,9.3
08W216,0802,81,1010,AFD,6.0,5.7,7.4
08W216,0802,81,1010,FDP,1.9,1.9,2.2
08W217,0802,81,999,LINKE,34.1,33.1,34.6
08W217,0802,81,999,GRUENE,32.8,32.5,33.0
08W217,0802,81,999,Sonstige,12.0,11.8,12.1
08W217,0802,81,999,SPD,7.2,6.9,8.4
08W217,0802,81,999,AFD,5.2,4.8,6.4
08W217,0802,81,999,CDU,5.0,4.7,5.2
08W217,0802,81,999,FDP,1.8,1.8,2.1
08W218,0802,81,1088,LINKE,37.6,36.7,38.1
08W218,0802,81,1088,GRUENE,33.2,33.0,33.5
08W218,0802,81,1088,Sonstige,11.5,11.3,11.7
08W218,0802,81,1088,SPD,7.7,7.4,8.3
08W218,0802,81,1088,AFD,6.0,5.5,6.7
08W218,0802,81,1088,CDU,3.5,3.2,3.8
08W218,0802,81,1088,FDP,1.3,1.2,1.6
08W219,0802,81,1052,LINKE,37.5,36.5,38.0
08W219,0802,81,1052,GRUENE,30.4,30.2,30.6
08W219,0802,81,1052,Sonstige,10.8,10.5,11.0
08W219,0802,81,1052,SPD,7.1,6.7,8.5
08W219,0802,81,1052,CDU,6.9,6.6,7.1
08W219,0802,81,1052,AFD,5.6,5.2,6.4
08W219,0802,81,1052,FDP,1.5,1.5,1.9
08W220,0802,81,1026,LINKE,38.1,37.2,38.7
08W220,0802,81,1026,GRUENE,28.8,28.6,29.0
08W220,0802,81,1026,Sonstige,12.1,11.8,12.3
08W220,0802,81,1026,SPD,7.4,7.1,9.2
08W220,0802,81,1026,AFD,7.0,6.6,7.7
08W220,0802,81,1026,CDU,4.6,4.4,4.8
08W220,0802,81,1026,FDP,1.4,1.3,1.7
08W221,0802,81,963,LINKE,35.9,34.7,36.5
08W221,0802,81,963,GRUENE,20.3,20.1,20.6
08W221,0802,81,963,AFD,12.5,12.0,13.6
08W221,0802,81,963,CDU,10.8,10.6,11.1
08W221,0802,81,963,Sonstige,10.5,10.3,10.7
08W221,0802,81,963,SPD,8.8,8.4,9.7
08W221,0802,81,963,FDP,1.6,1.5,1.8
08W222,0802,81,949,LINKE,41.5,40.5,42.0
08W222,0802,81,949,GRUENE,26.1,25.9,26.4
08W222,0802,81,949,Sonstige,12.4,12.1,12.6
08W222,0802,81,949,SPD,8.0,7.6,9.3
08W222,0802,81,949,AFD,6.7,6.2,7.4
08W222,0802,81,949,CDU,4.5,4.2,4.7
08W222,0802,81,949,FDP,1.5,1.4,1.7
08W223,0802,81,1098,LINKE,33.8,32.7,34.3
08W223,0802,81,1098,GRUENE,23.3,23.1,23.6
08W223,0802,81,1098,Sonstige,11.3,11.0,11.5
08W223,0802,81,1098,CDU,10.3,10.1,10.5
08W223,0802,81,1098,AFD,9.8,9.3,10.8
08W223,0802,81,1098,SPD,8.7,8.3,10.3
08W223,0802,81,1098,FDP,1.5,1.5,1.8
08W224,0802,81,993,LINKE,33.4,32.4,33.9
08W224,0802,81,993,GRUENE,25.9,25.7,26.2
08W224,0802,81,993,CDU,10.3,10.1,10.5
08W224,0802,81,993,Sonstige,10.1,9.8,10.2
08W224,0802,81,993,SPD,9.8,9.5,10.6
08W224,0802,81,993,AFD,6.7,6.3,7.6
08W224,0802,81,993,FDP,1.6,1.5,2.0
08W225,0802,81,951,LINKE,41.5,40.5,42.0
08W225,0802,81,951,GRUENE,31.0,30.7,31.3
08W225,0802,81,951,Sonstige,11.3,11.1,11.5
08W225,0802,81,951,SPD,6.7,6.4,8.1
08W225,0802,81,951,AFD,5.7,5.2,6.2
08W225,0802,81,951,CDU,2.6,2.3,2.8
08W225,0802,81,951,FDP,1.5,1.4,1.8
08W226,0802,81,874,LINKE,36.3,35.3,36.8
08W226,0802,81,874,GRUENE,31.1,30.8,31.3
08W226,0802,81,874,Sonstige,11.2,10.9,11.3
08W226,0802,81,874,SPD,8.2,7.9,9.7
08W226,0802,81,874,AFD,5.3,4.8,5.9
08W226,0802,81,874,CDU,5.1,4.8,5.3
08W226,0802,81,874,FDP,1.8,1.8,2.1
08W227,0802,81,957,LINKE,38.7,37.8,39.2
08W227,0802,81,957,GRUENE,28.5,28.3,28.7
08W227,0802,81,957,Sonstige,12.5,12.2,12.6
08W227,0802,81,957,AFD,8.8,8.3,9.3
08W227,0802,81,957,SPD,7.2,6.9,8.7
08W227,0802,81,957,CDU,4.5,4.2,4.7
08W227,0802,81,957,FDP,1.4,1.3,1.7
08W228,0802,81,1020,LINKE,42.7,41.7,43.1
08W228,0802,81,1020,GRUENE,28.4,28.2,28.6
08W228,0802,81,1020,Sonstige,11.3,11.0,11.5
08W228,0802,81,1020,AFD,8.0,7.4,8.6
08W228,0802,81,1020,CDU,5.8,5.5,6.0
08W228,0802,81,1020,SPD,4.8,4.4,7.0
08W228,0802,81,1020,FDP,1.1,1.1,1.5
08W229,0802,81,1085,LINKE,39.1,38.1,39.5
08W229,0802,81,1085,GRUENE,27.8,27.6,28.2
08W229,0802,81,1085,Sonstige,12.7,12.4,12.9
08W229,0802,81,1085,SPD,7.7,7.4,8.8
08W229,0802,81,1085,AFD,7.5,7.2,8.3
08W229,0802,81,1085,CDU,5.4,5.1,5.6
08W229,0802,81,1085,FDP,0.7,0.6,1.2
08W230,0802,81,931,LINKE,40.8,39.7,41.3
08W230,0802,81,931,GRUENE,29.8,29.6,30.0
08W230,0802,81,931,Sonstige,10.5,10.2,10.7
08W230,0802,81,931,SPD,6.6,6.2,8.1
08W230,0802,81,931,AFD,5.9,5.4,6.5
08W230,0802,81,931,CDU,4.2,4.0,4.4
08W230,0802,81,931,FDP,1.9,1.8,2.2
08W231,0802,81,845,LINKE,39.1,38.0,39.6
08W231,0802,81,845,GRUENE,26.1,25.9,26.5
08W231,0802,81,845,Sonstige,11.7,11.4,12.0
08W231,0802,81,845,SPD,9.9,9.4,10.4
08W231,0802,81,845,CDU,6.3,6.0,6.5
08W231,0802,81,845,AFD,6.2,5.7,6.8
08W231,0802,81,845,FDP,1.2,1.2,1.6
08W301,0803,81,889,LINKE,35.3,34.1,36.0
08W301,0803,81,889,GRUENE,33.1,32.9,33.4
08W301,0803,81,889,SPD,10.2,8.1,10.5
08W301,0803,81,889,Sonstige,8.4,8.2,8.6
08W301,0803,81,889,CDU,6.1,5.8,6.3
08W301,0803,81,889,AFD,5.3,4.8,6.1
08W301,0803,81,889,FDP,1.8,1.7,2.2
08W302,0803,81,894,LINKE,34.8,33.8,35.4
08W302,0803,81,894,GRUENE,28.8,28.5,29.1
08W302,0803,81,894,Sonstige,12.1,11.9,12.2
08W302,0803,81,894,SPD,10.4,9.7,10.7
08W302,0803,81,894,AFD,7.5,6.8,8.1
08W302,0803,81,894,CDU,5.0,4.7,5.2
08W302,0803,81,894,FDP,1.7,1.6,1.9
08W303,0803,81,1049,LINKE,39.3,38.0,39.9
08W303,0803,81,1049,GRUENE,26.6,26.4,26.9
08W303,0803,81,1049,Sonstige,11.9,11.7,12.1
08W303,0803,81,1049,SPD,10.2,8.9,10.5
08W303,0803,81,1049,AFD,8.1,7.4,8.7
08W303,0803,81,1049,CDU,3.6,3.3,3.7
08W303,0803,81,1049,FDP,1.3,1.2,1.6
08W304,0803,81,887,LINKE,39.7,38.4,40.3
08W304,0803,81,887,GRUENE,27.6,27.4,27.9
08W304,0803,81,887,SPD,10.4,9.0,10.7
08W304,0803,81,887,Sonstige,8.9,8.7,9.1
08W304,0803,81,887,CDU,6.5,6.1,6.7
08W304,0803,81,887,AFD,6.2,5.7,7.0
08W304,0803,81,887,FDP,1.7,1.6,2.0
08W305,0803,81,917,LINKE,35.1,33.9,35.7
08W305,0803,81,917,GRUENE,32.1,31.8,32.5
08W305,0803,81,917,Sonstige,11.3,11.1,11.6
08W305,0803,81,917,SPD,9.4,7.6,9.7
08W305,0803,81,917,AFD,6.0,5.3,6.6
08W305,0803,81,917,CDU,5.5,5.2,5.7
08W305,0803,81,917,FDP,1.5,1.4,1.9
08W306,0803,81,998,LINKE,38.8,37.5,39.4
08W306,0803,81,998,GRUENE,28.6,28.4,28.9
08W306,0803,81,998,SPD,10.5,8.7,10.8
08W306,0803,81,998,Sonstige,10.2,10.1,10.4
08W306,0803,81,998,AFD,8.1,7.5,8.7
08W306,0803,81,998,CDU,3.9,3.6,4.1
08W306,0803,81,998,FDP,1.5,1.4,1.8
08W307,0803,81,975,LINKE,35.0,34.0,35.6
08W307,0803,81,975,GRUENE,31.9,31.7,32.2
08W307,0803,81,975,Sonstige,10.0,9.9,10.2
08W307,0803,81,975,SPD,10.0,9.0,10.4
08W307,0803,81,975,AFD,6.8,6.1,7.5
08W307,0803,81,975,CDU,5.2,4.9,5.3
08W307,0803,81,975,FDP,1.5,1.4,1.9
08W308,0803,81,991,LINKE,36.3,35.2,36.9
08W308,0803,81,991,GRUENE,29.0,28.7,29.3
08W308,0803,81,991,Sonstige,14.5,14.3,14.7
08W308,0803,81,991,AFD,8.2,7.7,8.8
08W308,0803,81,991,SPD,7.6,7.1,7.9
08W308,0803,81,991,CDU,5.6,5.3,5.8
08W308,0803,81,991,FDP,1.3,1.2,1.5
08W309,0803,81,906,LINKE,30.3,29.0,30.9
08W309,0803,81,906,SPD,17.6,16.1,18.0
08W309,0803,81,906,CDU,15.8,15.6,16.2
08W309,0803,81,906,AFD,14.2,13.6,16.0
08W309,0803,81,906,Sonstige,10.4,10.2,10.5
08W309,0803,81,906,GRUENE,7.0,6.7,7.5
08W309,0803,81,906,FDP,1.6,1.5,1.7
08W310,0803,81,952,LINKE,24.8,23.4,25.4
08W310,0803,81,952,CDU,17.7,17.6,18.1
08W310,0803,81,952,SPD,17.3,16.1,17.8
08W310,0803,81,952,AFD,16.2,15.6,18.5
08W310,0803,81,952,Sonstige,12.5,12.3,12.7
08W310,0803,81,952,GRUENE,5.5,5.2,5.9
08W310,0803,81,952,FDP,1.3,1.2,1.5
08W311,0803,81,987,LINKE,37.8,36.5,38.4
08W311,0803,81,987,GRUENE,18.0,17.8,18.3
08W311,0803,81,987,AFD,15.7,15.1,16.6
08W311,0803,81,987,Sonstige,13.8,13.6,14.0
08W311,0803,81,987,CDU,8.2,8.0,8.6
08W311,0803,81,987,SPD,7.9,7.5,8.7
08W311,0803,81,987,FDP,1.4,1.3,1.5
08W312,0803,81,800,LINKE,24.8,23.4,25.4
08W312,0803,81,800,CDU,19.7,19.6,20.1
08W312,0803,81,800,AFD,14.4,13.9,15.8
08W312,0803,81,800,SPD,13.5,12.6,13.9
08W312,0803,81,800,GRUENE,12.6,12.4,12.8
08W312,0803,81,800,Sonstige,10.7,10.6,10.8
08W312,0803,81,800,FDP,2.5,2.4,2.6
08W313,0803,81,797,CDU,21.8,21.7,22.1
08W313,0803,81,797,LINKE,21.5,20.2,22.1
08W313,0803,81,797,AFD,14.3,13.7,16.2
08W313,0803,81,797,SPD,12.9,12.5,13.3
08W313,0803,81,797,GRUENE,12.5,12.3,12.6
08W313,0803,81,797,Sonstige,10.7,10.5,10.8
08W313,0803,81,797,FDP,2.6,2.6,2.8
08W314,0803,81,1116,LINKE,24.6,22.9,25.2
08W314,0803,81,1116,AFD,19.1,18.6,21.3
08W314,0803,81,1116,CDU,18.6,18.5,18.9
08W314,0803,81,1116,SPD,14.5,13.3,15.0
08W314,0803,81,1116,Sonstige,12.9,12.8,13.1
08W314,0803,81,1116,GRUENE,5.5,5.2,5.9
08W314,0803,81,1116,FDP,1.5,1.5,1.7
08W315,0803,81,1138,LINKE,23.3,21.7,23.8
08W315,0803,81,1138,CDU,21.6,21.4,22.1
08W315,0803,81,1138,AFD,17.6,17.0,19.8
08W315,0803,81,1138,SPD,16.0,15.0,16.5
08W315,0803,81,1138,Sonstige,10.9,10.7,11.2
08W315,0803,81,1138,GRUENE,5.4,5.0,5.9
08W315,0803,81,1138,FDP,1.2,1.1,1.4
08W316,0803,81,1157,LINKE,24.3,22.9,24.9
08W316,0803,81,1157,AFD,21.9,21.3,23.9
08W316,0803,81,1157,SPD,16.9,15.2,17.4
08W316,0803,81,1157,CDU,16.7,16.5,17.1
08W316,0803,81,1157,Sonstige,12.0,11.9,12.3
08W316,0803,81,1157,GRUENE,5.4,5.1,5.8
08W316,0803,81,1157,FDP,1.1,1.0,1.3
08W317,0803,81,989,LINKE,36.1,34.6,36.8
08W317,0803,81,989,GRUENE,26.9,26.6,27.4
08W317,0803,81,989,SPD,11.8,9.0,12.2
08W317,0803,81,989,CDU,8.9,8.6,9.1
08W317,0803,81,989,Sonstige,8.1,7.9,8.4
08W317,0803,81,989,AFD,7.0,6.3,7.7
08W317,0803,81,989,FDP,1.7,1.6,2.1
08W318,0803,81,1107,LINKE,29.5,28.4,30.1
08W318,0803,81,1107,GRUENE,26.5,26.3,26.8
08W318,0803,81,1107,SPD,15.1,12.3,15.6
08W318,0803,81,1107,CDU,10.0,9.9,10.3
08W318,0803,81,1107,Sonstige,9.4,9.2,9.8
08W318,0803,81,1107,AFD,5.1,4.5,5.9
08W318,0803,81,1107,FDP,2.2,2.1,2.5
08W319,0803,81,1067,LINKE,30.0,28.9,30.6
08W319,0803,81,1067,GRUENE,24.4,24.2,24.7
08W319,0803,81,1067,CDU,12.3,12.1,12.5
08W319,0803,81,1067,SPD,11.7,10.2,12.0
08W319,0803,81,1067,Sonstige,11.0,10.8,11.2
08W319,0803,81,1067,AFD,6.2,5.6,6.9
08W319,0803,81,1067,FDP,1.9,1.8,2.2
08W320,0803,81,1161,LINKE,24.7,23.7,25.2
08W320,0803,81,1161,CDU,16.7,16.6,17.0
08W320,0803,81,1161,GRUENE,15.1,14.9,15.3
08W320,0803,81,1161,AFD,14.2,13.5,15.4
08W320,0803,81,1161,Sonstige,12.2,12.1,12.4
08W320,0803,81,1161,SPD,12.0,11.7,12.7
08W320,0803,81,1161,FDP,2.0,1.9,2.0
08W321,0803,81,1219,LINKE,27.5,26.2,28.0
08W321,0803,81,1219,GRUENE,16.0,15.8,16.3
08W321,0803,81,1219,AFD,14.2,13.7,15.4
08W321,0803,81,1219,CDU,14.0,13.9,14.3
08W321,0803,81,1219,Sonstige,12.4,12.3,12.5
08W321,0803,81,1219,SPD,12.1,11.5,12.5
08W321,0803,81,1219,FDP,1.9,1.9,2.1
08W322,0803,81,960,LINKE,29.7,28.6,30.4
08W322,0803,81,960,GRUENE,19.4,19.2,19.7
08W322,0803,81,960,Sonstige,15.4,15.2,15.6
08W322,0803,81,960,AFD,13.7,13.2,14.5
08W322,0803,81,960,CDU,11.4,11.2,11.6
08W322,0803,81,960,SPD,9.5,8.9,9.8
08W322,0803,81,960,FDP,1.8,1.8,2.1
08W323,0803,81,1195,LINKE,31.2,30.1,31.8
08W323,0803,81,1195,GRUENE,26.7,26.5,26.9
08W323,0803,81,1195,Sonstige,13.8,13.7,14.1
08W323,0803,81,1195,SPD,9.7,9.0,10.1
08W323,0803,81,1195,CDU,8.5,8.3,8.7
08W323,0803,81,1195,AFD,7.9,7.2,8.5
08W323,0803,81,1195,FDP,1.6,1.5,1.9
08W324,0803,81,1040,LINKE,33.9,32.6,34.4
08W324,0803,81,1040,GRUENE,26.5,26.3,26.7
08W324,0803,81,1040,Sonstige,11.5,11.3,11.8
08W324,0803,81,1040,SPD,9.7,8.9,10.1
08W324,0803,81,1040,CDU,8.8,8.5,9.0
08W324,0803,81,1040,AFD,7.7,7.1,8.4
08W324,0803,81,1040,FDP,1.6,1.6,1.9
08W325,0803,81,1040,LINKE,31.6,30.3,32.1
08W325,0803,81,1040,GRUENE,22.1,21.9,22.4
08W325,0803,81,1040,Sonstige,14.5,14.4,14.7
08W325,0803,81,1040,AFD,12.8,12.2,13.6
08W325,0803,81,1040,SPD,9.0,8.3,9.4
08W325,0803,81,1040,CDU,8.1,8.0,8.3
08W325,0803,81,1040,FDP,1.8,1.7,2.1
08W326,0803,81,1030,LINKE,21.0,19.6,21.5
08W326,0803,81,1030,CDU,18.9,18.8,19.3
08W326,0803,81,1030,AFD,15.8,15.2,18.1
08W326,0803,81,1030,SPD,13.6,13.3,14.0
08W326,0803,81,1030,Sonstige,12.7,12.6,12.9
08W326,0803,81,1030,GRUENE,11.5,11.3,11.8
08W326,0803,81,1030,FDP,1.9,1.8,2.0
08W327,0803,81,1059,LINKE,27.5,26.2,28.0
08W327,0803,81,1059,AFD,15.6,15.0,17.0
08W327,0803,81,1059,GRUENE,15.0,14.9,15.3
08W327,0803,81,1059,Sonstige,14.6,14.4,14.7
08W327,0803,81,1059,CDU,14.1,14.0,14.4
08W327,0803,81,1059,SPD,10.5,10.2,10.9
08W327,0803,81,1059,FDP,1.3,1.3,1.6
08W328,0803,81,1203,LINKE,20.4,19.0,20.9
08W328,0803,81,1203,CDU,19.8,19.7,20.2
08W328,0803,81,1203,AFD,18.5,17.9,20.4
08W328,0803,81,1203,Sonstige,12.9,12.7,13.0
08W328,0803,81,1203,SPD,12.0,11.6,12.4
08W328,0803,81,1203,GRUENE,10.0,9.9,10.3
08W328,0803,81,1203,FDP,1.7,1.7,1.9
08W329,0803,81,942,CDU,24.0,23.9,24.4
08W329,0803,81,942,LINKE,17.3,15.9,17.9
08W329,0803,81,942,AFD,16.8,16.2,19.1
08W329,0803,81,942,SPD,11.7,11.4,13.2
08W329,0803,81,942,Sonstige,10.8,10.7,10.9
08W329,0803,81,942,GRUENE,9.5,9.3,9.7
08W329,0803,81,942,FDP,2.3,2.3,2.5
08W330,0803,81,991,CDU,20.4,20.3,20.7
08W330,0803,81,991,LINKE,19.2,17.7,19.8
08W330,0803,81,991,GRUENE,17.1,16.9,17.4
08W330,0803,81,991,AFD,13.1,12.5,15.2
08W330,0803,81,991,SPD,11.4,10.9,11.7
08W330,0803,81,991,Sonstige,10.8,10.7,10.9
08W330,0803,81,991,FDP,2.4,2.4,2.6
08W331,0803,81,1266,CDU,23.7,23.6,24.1
08W331,0803,81,1266,AFD,20.6,20.0,22.7
08W331,0803,81,1266,LINKE,19.3,17.9,19.9
08W331,0803,81,1266,SPD,13.7,13.3,14.1
08W331,0803,81,1266,Sonstige,10.5,10.3,10.6
08W331,0803,81,1266,GRUENE,5.8,5.6,6.0
08W331,0803,81,1266,FDP,1.8,1.7,1.9
08W332,0803,81,1044,CDU,20.4,20.3,20.7
08W332,0803,81,1044,LINKE,19.0,17.7,19.5
08W332,0803,81,1044,AFD,15.0,14.4,17.1
08W332,0803,81,1044,SPD,13.6,13.3,14.1
08W332,0803,81,1044,GRUENE,12.4,12.2,12.5
08W332,0803,81,1044,Sonstige,11.6,11.5,11.8
08W332,0803,81,1044,FDP,2.4,2.3,2.5
08W401,0804,81,1066,CDU,28.8,28.6,29.3
08W401,0804,81,1066,AFD,21.2,20.5,22.7
08W401,0804,81,1066,SPD,16.5,15.3,16.8
08W401,0804,81,1066,LINKE,13.7,13.5,13.9
08W401,0804,81,1066,Sonstige,9.0,8.9,9.1
08W401,0804,81,1066,GRUENE,6.4,6.2,6.6
08W401,0804,81,1066,FDP,3.0,2.8,3.1
08W402,0804,81,1182,CDU,31.0,30.7,31.5
08W402,0804,81,1182,AFD,22.9,22.3,24.0
08W402,0804,81,1182,SPD,17.3,15.7,17.6
08W402,0804,81,1182,LINKE,10.5,10.2,10.6
08W402,0804,81,1182,Sonstige,8.8,8.7,9.0
08W402,0804,81,1182,GRUENE,5.4,5.2,5.6
08W402,0804,81,1182,FDP,3.1,3.0,3.2
08W403,0804,81,1061,CDU,26.8,26.6,27.2
08W403,0804,81,1061,AFD,24.7,24.0,26.1
08W403,0804,81,1061,SPD,14.9,13.3,15.2
08W403,0804,81,1061,LINKE,14.0,13.4,14.2
08W403,0804,81,1061,Sonstige,11.6,11.5,11.7
08W403,0804,81,1061,GRUENE,4.3,4.1,4.6
08W403,0804,81,1061,FDP,2.4,2.4,2.6
08W404,0804,81,938,CDU,25.0,24.9,25.3
08W404,0804,81,938,AFD,23.3,22.6,24.2
08W404,0804,81,938,LINKE,15.7,15.5,15.9
08W404,0804,81,938,SPD,13.2,11.9,13.6
08W404,0804,81,938,GRUENE,10.8,10.7,11.0
08W404,0804,81,938,Sonstige,9.8,9.7,9.9
08W404,0804,81,938,FDP,2.5,2.5,2.7
08W405,0804,81,897,CDU,34.0,33.9,34.6
08W405,0804,81,897,AFD,21.1,20.4,22.1
08W405,0804,81,897,SPD,14.7,13.1,15.0
08W405,0804,81,897,LINKE,12.5,12.1,12.7
08W405,0804,81,897,Sonstige,7.3,7.1,7.4
08W405,0804,81,897,GRUENE,6.8,6.6,7.2
08W405,0804,81,897,FDP,3.7,3.6,3.8
08W406,0804,81,1003,CDU,34.4,34.3,35.0
08W406,0804,81,1003,AFD,16.2,15.7,17.1
08W406,0804,81,1003,SPD,15.1,13.1,15.4
08W406,0804,81,1003,LINKE,11.9,11.4,12.1
08W406,0804,81,1003,GRUENE,10.1,9.9,10.5
08W406,0804,81,1003,Sonstige,7.1,7.0,7.2
08W406,0804,81,1003,FDP,3.6,3.6,3.7
08W407,0804,81,1039,CDU,39.5,39.3,40.2
08W407,0804,81,1039,AFD,19.8,19.2,20.9
08W407,0804,81,1039,SPD,13.3,12.1,13.7
08W407,0804,81,1039,LINKE,9.5,9.1,9.7
08W407,0804,81,1039,Sonstige,7.0,6.9,7.2
08W407,0804,81,1039,GRUENE,6.1,5.9,6.4
08W407,0804,81,1039,FDP,3.9,3.8,4.1
08W408,0804,81,1106,CDU,25.5,25.3,25.9
08W408,0804,81,1106,AFD,23.6,22.8,24.6
08W408,0804,81,1106,SPD,15.3,13.7,15.5
08W408,0804,81,1106,Sonstige,11.3,11.1,11.3
08W408,0804,81,1106,LINKE,10.9,10.7,11.1
08W408,0804,81,1106,GRUENE,9.2,9.1,9.4
08W408,0804,81,1106,FDP,2.9,2.9,3.0
08W409,0804,81,1056,AFD,27.4,26.8,28.5
08W409,0804,81,1056,CDU,21.9,21.8,22.3
08W409,0804,81,1056,LINKE,17.2,16.7,17.4
08W409,0804,81,1056,SPD,12.8,11.6,13.1
08W409,0804,81,1056,Sonstige,11.9,11.7,12.1
08W409,0804,81,1056,GRUENE,8.3,8.1,8.7
08W409,0804,81,1056,FDP,2.8,2.6,2.9
08W410,0804,81,1101,CDU,26.1,26.0,26.6
08W410,0804,81,1101,AFD,23.2,22.5,24.3
08W410,0804,81,1101,SPD,14.9,13.8,15.2
08W410,0804,81,1101,LINKE,14.1,13.7,14.3
08W410,0804,81,1101,Sonstige,9.2,9.0,9.3
08W410,0804,81,1101,GRUENE,7.9,7.8,8.1
08W410,0804,81,1101,FDP,2.9,2.8,3.0
08W411,0804,81,1191,CDU,26.8,26.6,27.2
08W411,0804,81,1191,AFD,23.2,22.7,24.3
08W411,0804,81,1191,LINKE,14.4,14.0,14.6
08W411,0804,81,1191,SPD,14.2,12.9,14.6
08W411,0804,81,1191,Sonstige,10.0,9.9,10.1
08W411,0804,81,1191,GRUENE,7.3,7.2,7.5
08W411,0804,81,1191,FDP,2.8,2.8,2.9
08W412,0804,81,1083,CDU,28.3,28.1,28.8
08W412,0804,81,1083,AFD,22.7,22.1,23.7
08W412,0804,81,1083,SPD,17.8,15.4,18.0
08W412,0804,81,1083,LINKE,12.7,12.4,12.9
08W412,0804,81,1083,Sonstige,9.8,9.7,10.0
08W412,0804,81,1083,GRUENE,5.7,5.5,6.0
08W412,0804,81,1083,FDP,2.4,2.3,2.5
08W413,0804,81,1032,CDU,29.9,29.7,30.4
08W413,0804,81,1032,AFD,23.0,22.4,24.3
08W413,0804,81,1032,SPD,16.3,14.0,16.6
08W413,0804,81,1032,LINKE,12.2,11.6,12.5
08W413,0804,81,1032,Sonstige,8.3,8.2,8.4
08W413,0804,81,1032,GRUENE,4.9,4.7,5.2
08W413,0804,81,1032,FDP,3.2,3.1,3.3
08W414,0804,81,1037,CDU,27.6,27.5,28.1
08W414,0804,81,1037,AFD,24.8,24.2,25.9
08W414,0804,81,1037,SPD,19.2,16.0,19.6
08W414,0804,81,1037,LINKE,14.4,13.9,14.7
08W414,0804,81,1037,Sonstige,7.0,6.9,7.1
08W414,0804,81,1037,GRUENE,4.1,3.9,4.6
08W414,0804,81,1037,FDP,2.9,2.8,3.0
08W415,0804,81,1058,CDU,27.5,27.2,27.9
08W415,0804,81,1058,AFD,27.3,26.6,28.2
08W415,0804,81,1058,SPD,17.7,15.2,18.0
08W415,0804,81,1058,LINKE,14.3,14.0,14.6
08W415,0804,81,1058,Sonstige,9.1,9.0,9.2
08W415,0804,81,1058,GRUENE,4.8,4.5,5.2
08W415,0804,81,1058,FDP,2.1,2.0,2.2
08W416,0804,81,1000,CDU,28.0,27.8,28.5
08W416,0804,81,1000,AFD,20.7,20.0,21.8
08W416,0804,81,1000,SPD,19.0,16.8,19.2
08W416,0804,81,1000,LINKE,12.8,12.5,13.0
08W416,0804,81,1000,Sonstige,8.3,8.2,8.4
08W416,0804,81,1000,GRUENE,6.4,6.3,6.8
08W416,0804,81,1000,FDP,3.1,2.9,3.2
08W417,0804,81,1158,CDU,27.5,27.3,28.0
08W417,0804,81,1158,AFD,25.8,25.2,27.2
08W417,0804,81,1158,SPD,16.2,13.6,16.5
08W417,0804,81,1158,LINKE,12.0,11.5,12.4
08W417,0804,81,1158,Sonstige,10.2,10.1,10.4
08W417,0804,81,1158,GRUENE,4.9,4.6,5.3
08W417,0804,81,1158,FDP,2.5,2.4,2.6
08W418,0804,81,1069,CDU,28.1,27.9,28.6
08W418,0804,81,1069,AFD,22.5,21.8,23.5
08W418,0804,81,1069,SPD,17.8,15.8,18.1
08W418,0804,81,1069,LINKE,15.0,14.6,15.3
08W418,0804,81,1069,Sonstige,9.2,9.2,9.4
08W418,0804,81,1069,GRUENE,3.9,3.7,4.3
08W418,0804,81,1069,FDP,2.5,2.4,2.6
08W419,0804,81,1141,CDU,33.9,33.7,34.4
08W419,0804,81,1141,AFD,22.2,21.7,23.0
08W419,0804,81,1141,SPD,15.4,13.3,15.6
08W419,0804,81,1141,LINKE,14.9,14.5,15.1
08W419,0804,81,1141,Sonstige,7.5,7.3,7.6
08W419,0804,81,1141,GRUENE,5.7,5.5,6.2
08W419,0804,81,1141,FDP,2.9,2.8,3.0
08W420,0804,81,972,CDU,25.1,25.0,25.5
08W420,0804,81,972,AFD,23.4,22.8,24.6
08W420,0804,81,972,SPD,15.8,13.5,16.1
08W420,0804,81,972,LINKE,14.6,14.0,15.0
08W420,0804,81,972,Sonstige,10.0,9.9,10.1
08W420,0804,81,972,GRUENE,6.0,5.7,6.3
08W420,0804,81,972,FDP,2.8,2.7,2.9
08W421,0804,81,1077,AFD,23.6,23.0,24.7
08W421,0804,81,1077,CDU,19.9,19.6,20.3
08W421,0804,81,1077,SPD,19.2,15.9,19.5
08W421,0804,81,1077,LINKE,18.7,18.1,19.2
08W421,0804,81,1077,Sonstige,11.3,11.1,11.6
08W421,0804,81,1077,GRUENE,5.2,4.9,5.9
08W421,0804,81,1077,FDP,1.3,1.2,1.5
08W422,0804,81,897,CDU,26.3,26.1,26.7
08W422,0804,81,897,AFD,23.3,22.8,24.2
08W422,0804,81,897,SPD,20.1,16.7,20.3
08W422,0804,81,897,LINKE,15.1,14.8,15.4
08W422,0804,81,897,Sonstige,8.2,8.1,8.4
08W422,0804,81,897,GRUENE,3.6,3.4,4.0
08W422,0804,81,897,FDP,3.0,3.0,3.1
08W423,0804,81,1113,AFD,26.8,26.2,28.0
08W423,0804,81,1113,CDU,24.3,24.2,24.8
08W423,0804,81,1113,SPD,16.1,14.0,16.4
08W423,0804,81,1113,LINKE,14.6,14.0,15.0
08W423,0804,81,1113,Sonstige,9.6,9.5,9.8
08W423,0804,81,1113,GRUENE,4.5,4.3,4.9
08W423,0804,81,1113,FDP,2.1,2.0,2.2
08W424,0804,81,864,CDU,28.4,28.2,28.9
08W424,0804,81,864,AFD,23.6,22.9,25.2
08W424,0804,81,864,SPD,16.9,14.8,17.2
08W424,0804,81,864,LINKE,12.7,11.9,13.0
08W424,0804,81,864,Sonstige,8.1,8.0,8.3
08W424,0804,81,864,GRUENE,5.1,4.9,5.4
08W424,0804,81,864,FDP,2.7,2.6,2.9
08W425,0804,81,968,CDU,37.7,37.5,38.3
08W425,0804,81,968,AFD,21.9,21.2,23.0
08W425,0804,81,968,SPD,15.4,13.2,15.7
08W425,0804,81,968,LINKE,10.5,10.1,10.8
08W425,0804,81,968,Sonstige,7.3,7.2,7.5
08W425,0804,81,968,GRUENE,5.1,4.9,5.7
08W425,0804,81,968,FDP,3.1,3.1,3.3
08W426,0804,81,1240,CDU,30.9,30.8,31.4
08W426,0804,81,1240,AFD,22.4,21.7,23.6
08W426,0804,81,1240,LINKE,13.4,13.0,13.6
08W426,0804,81,1240,SPD,12.8,12.3,13.2
08W426,0804,81,1240,Sonstige,10.7,10.6,10.8
08W426,0804,81,1240,GRUENE,6.2,6.0,6.5
08W426,0804,81,1240,FDP,2.7,2.6,2.8
08W427,0804,81,998,AFD,27.7,27.1,28.7
08W427,0804,81,998,CDU,24.6,24.4,25.0
08W427,0804,81,998,LINKE,14.9,14.4,15.3
08W427,0804,81,998,SPD,12.7,11.8,13.1
08W427,0804,81,998,Sonstige,11.3,11.1,11.4
08W427,0804,81,998,GRUENE,6.1,5.9,6.4
08W427,0804,81,998,FDP,2.2,2.1,2.3
08W428,0804,81,1021,AFD,25.2,24.5,26.5
08W428,0804,81,1021,CDU,22.0,21.8,22.4
08W428,0804,81,1021,LINKE,17.7,17.1,18.1
08W428,0804,81,1021,SPD,16.3,13.9,16.6
08W428,0804,81,1021,Sonstige,9.1,9.0,9.2
08W428,0804,81,1021,GRUENE,6.6,6.5,7.0
08W428,0804,81,1021,FDP,2.5,2.4,2.6
08W429,0804,81,889,CDU,28.4,28.2,28.8
08W429,0804,81,889,AFD,25.3,24.4,26.5
08W429,0804,81,889,SPD,16.7,13.9,17.0
08W429,0804,81,889,LINKE,12.6,11.9,13.0
08W429,0804,81,889,Sonstige,8.0,7.8,8.3
08W429,0804,81,889,GRUENE,6.9,6.5,7.3
08W429,0804,81,889,FDP,3.0,2.7,3.1
08W430,0804,81,1043,CDU,25.9,25.7,26.3
08W430,0804,81,1043,AFD,25.3,24.7,26.6
08W430,0804,81,1043,SPD,17.4,14.3,17.7
08W430,0804,81,1043,LINKE,14.5,13.7,14.9
08W430,0804,81,1043,Sonstige,9.9,9.7,10.1
08W430,0804,81,1043,GRUENE,3.9,3.7,4.3
08W430,0804,81,1043,FDP,2.3,2.3,2.5
08W431,0804,81,1149,CDU,26.7,26.5,27.1
08W431,0804,81,1149,AFD,25.4,24.8,26.4
08W431,0804,81,1149,SPD,15.5,13.1,15.8
08W431,0804,81,1149,LINKE,14.0,13.5,14.3
08W431,0804,81,1149,Sonstige,9.0,8.9,9.2
08W431,0804,81,1149,GRUENE,6.3,6.1,6.7
08W431,0804,81,1149,FDP,2.7,2.6,2.8
08W501,0805,81,1066,CDU,25.2,25.0,25.6
08W501,0805,81,1066,AFD,20.8,20.2,21.7
08W501,0805,81,1066,LINKE,16.1,15.9,16.3
08W501,0805,81,1066,SPD,13.7,12.4,13.9
08W501,0805,81,1066,GRUENE,12.6,12.4,12.8
08W501,0805,81,1066,Sonstige,9.6,9.5,9.8
08W501,0805,81,1066,FDP,2.7,2.6,2.8
08W502,0805,81,1045,CDU,28.6,28.5,29.1
08W502,0805,81,1045,SPD,15.0,12.5,15.3
08W502,0805,81,1045,GRUENE,14.3,14.1,14.6
08W502,0805,81,1045,AFD,14.3,13.8,15.3
08W502,0805,81,1045,LINKE,12.1,11.7,12.3
08W502,0805,81,1045,Sonstige,8.0,7.9,8.2
08W502,0805,81,1045,FDP,4.2,4.1,4.3
08W503,0805,81,1085,CDU,27.8,27.6,28.3
08W503,0805,81,1085,AFD,18.4,17.8,19.2
08W503,0805,81,1085,SPD,14.9,12.9,15.2
08W503,0805,81,1085,GRUENE,13.0,12.8,13.2
08W503,0805,81,1085,LINKE,10.3,10.1,10.6
08W503,0805,81,1085,Sonstige,9.1,9.1,9.3
08W503,0805,81,1085,FDP,3.3,3.2,3.5
08W504,0805,81,1013,CDU,28.5,28.4,29.1
08W504,0805,81,1013,AFD,23.8,23.2,25.0
08W504,0805,81,1013,LINKE,13.7,13.4,13.9
08W504,0805,81,1013,SPD,11.6,11.3,11.9
08W504,0805,81,1013,Sonstige,10.2,10.0,10.3
08W504,0805,81,1013,GRUENE,7.8,7.7,8.0
08W504,0805,81,1013,FDP,3.1,3.0,3.2
08W505,0805,81,927,LINKE,21.3,21.0,21.4
08W505,0805,81,927,AFD,20.6,20.1,21.2
08W505,0805,81,927,CDU,17.7,17.6,18.0
08W505,0805,81,927,GRUENE,14.7,14.6,14.8
08W505,0805,81,927,SPD,13.7,12.2,14.0
08W505,0805,81,927,Sonstige,9.7,9.6,9.8
08W505,0805,81,927,FDP,2.7,2.7,2.9
08W506,0805,81,888,CDU,18.4,18.3,18.7
08W506,0805,81,888,AFD,17.8,17.2,18.8
08W506,0805,81,888,LINKE,16.8,16.6,16.9
08W506,0805,81,888,SPD,16.4,15.0,16.7
08W506,0805,81,888,GRUENE,15.9,15.6,16.1
08W506,0805,81,888,Sonstige,9.8,9.7,10.0
08W506,0805,81,888,FDP,3.3,3.2,3.4
08W507,0805,81,907,CDU,20.9,20.7,21.1
08W507,0805,81,907,GRUENE,20.4,20.2,20.6
08W507,0805,81,907,SPD,17.3,14.4,17.5
08W507,0805,81,907,LINKE,15.6,15.4,15.7
08W507,0805,81,907,AFD,13.9,13.4,14.7
08W507,0805,81,907,Sonstige,7.1,7.0,7.2
08W507,0805,81,907,FDP,3.4,3.3,3.5
08W508,0805,81,986,CDU,22.4,22.3,22.8
08W508,0805,81,986,AFD,18.2,17.8,19.3
08W508,0805,81,986,SPD,16.2,14.4,16.5
08W508,0805,81,986,GRUENE,14.6,14.5,14.8
08W508,0805,81,986,LINKE,14.1,13.9,14.2
08W508,0805,81,986,Sonstige,10.1,10.0,10.2
08W508,0805,81,986,FDP,2.4,2.3,2.5
08W509,0805,81,933,AFD,20.0,19.5,21.3
08W509,0805,81,933,CDU,17.6,17.5,17.9
08W509,0805,81,933,GRUENE,16.6,16.4,16.7
08W509,0805,81,933,LINKE,15.8,15.5,15.9
08W509,0805,81,933,SPD,14.0,12.6,14.2
08W509,0805,81,933,Sonstige,11.5,11.3,11.6
08W509,0805,81,933,FDP,2.8,2.8,3.0
08W510,0805,81,1035,AFD,25.9,25.4,27.2
08W510,0805,81,1035,CDU,21.3,21.2,21.7
08W510,0805,81,1035,SPD,14.5,13.3,14.8
08W510,0805,81,1035,LINKE,14.4,14.0,14.6
08W510,0805,81,1035,Sonstige,10.7,10.5,10.8
08W510,0805,81,1035,GRUENE,8.1,8.0,8.3
08W510,0805,81,1035,FDP,2.1,2.0,2.3
08W511,0805,81,1221,AFD,28.7,28.2,29.5
08W511,0805,81,1221,CDU,20.6,20.5,21.0
08W511,0805,81,1221,LINKE,15.5,15.1,15.7
08W511,0805,81,1221,SPD,13.7,12.2,14.0
08W511,0805,81,1221,Sonstige,12.8,12.6,12.9
08W511,0805,81,1221,GRUENE,5.6,5.4,5.8
08W511,0805,81,1221,FDP,2.7,2.6,2.8
08W512,0805,81,948,CDU,28.6,28.4,29.0
08W512,0805,81,948,AFD,20.6,20.1,22.0
08W512,0805,81,948,SPD,16.7,14.7,17.0
08W512,0805,81,948,LINKE,10.2,9.8,10.4
08W512,0805,81,948,Sonstige,10.0,9.9,10.1
08W512,0805,81,948,GRUENE,7.1,7.0,7.3
08W512,0805,81,948,FDP,4.1,3.9,4.2
08W513,0805,81,1009,CDU,34.9,34.7,35.5
08W513,0805,81,1009,AFD,24.5,23.9,26.2
08W513,0805,81,1009,SPD,13.8,13.5,14.3
08W513,0805,81,1009,LINKE,9.2,8.7,9.5
08W513,0805,81,1009,Sonstige,6.5,6.3,6.6
08W513,0805,81,1009,GRUENE,4.8,4.7,5.0
08W513,0805,81,1009,FDP,3.1,3.0,3.2
08W514,0805,81,959,CDU,28.8,28.7,29.3
08W514,0805,81,959,AFD,23.8,23.2,25.2
08W514,0805,81,959,SPD,14.7,13.8,15.0
08W514,0805,81,959,Sonstige,9.9,9.7,10.0
08W514,0805,81,959,LINKE,9.7,9.4,9.9
08W514,0805,81,959,GRUENE,5.4,5.2,5.6
08W514,0805,81,959,FDP,3.7,3.6,3.8
08W515,0805,81,815,CDU,28.5,28.4,29.0
08W515,0805,81,815,AFD,22.2,21.5,22.9
08W515,0805,81,815,SPD,13.2,11.7,13.5
08W515,0805,81,815,LINKE,12.2,12.0,12.4
08W515,0805,81,815,GRUENE,11.6,11.4,11.9
08W515,0805,81,815,Sonstige,8.2,8.1,8.3
08W515,0805,81,815,FDP,3.4,3.3,3.6
08W516,0805,81,858,AFD,25.3,24.8,26.3
08W516,0805,81,858,CDU,20.1,20.0,20.4
08W516,0805,81,858,LINKE,16.5,16.1,16.8
08W516,0805,81,858,SPD,14.3,12.3,14.6
08W516,0805,81,858,Sonstige,11.6,11.5,11.8
08W516,0805,81,858,GRUENE,10.4,10.2,10.6
08W516,0805,81,858,FDP,3.0,2.9,3.1
08W517,0805,81,867,CDU,31.8,31.6,32.3
08W517,0805,81,867,AFD,22.5,21.9,23.8
08W517,0805,81,867,LINKE,13.2,12.7,13.5
08W517,0805,81,867,SPD,12.6,11.6,12.9
08W517,0805,81,867,Sonstige,8.9,8.7,9.0
08W517,0805,81,867,GRUENE,7.8,7.7,8.2
08W517,0805,81,867,FDP,3.5,3.4,3.6
08W518,0805,81,912,CDU,29.7,29.5,30.2
08W518,0805,81,912,AFD,21.8,21.3,23.2
08W518,0805,81,912,SPD,17.4,16.1,17.8
08W518,0805,81,912,LINKE,10.3,10.0,10.5
08W518,0805,81,912,Sonstige,6.9,6.7,7.0
08W518,0805,81,912,GRUENE,6.3,6.1,6.5
08W518,0805,81,912,FDP,3.7,3.6,3.8
08W519,0805,81,924,CDU,34.5,34.4,35.1
08W519,0805,81,924,AFD,23.0,22.4,24.4
08W519,0805,81,924,SPD,12.3,11.5,12.5
08W519,0805,81,924,LINKE,8.4,8.0,8.7
08W519,0805,81,924,GRUENE,7.7,7.5,8.0
08W519,0805,81,924,Sonstige,7.3,7.2,7.5
08W519,0805,81,924,FDP,3.9,3.8,4.0
08W520,0805,81,1052,CDU,33.8,33.6,34.3
08W520,0805,81,1052,AFD,20.7,20.2,22.2
08W520,0805,81,1052,SPD,15.4,14.1,15.8
08W520,0805,81,1052,LINKE,10.3,9.9,10.5
08W520,0805,81,1052,Sonstige,6.8,6.7,7.0
08W520,0805,81,1052,GRUENE,6.8,6.6,7.0
08W520,0805,81,1052,FDP,3.8,3.7,3.9
08W521,0805,81,895,CDU,32.7,32.5,33.2
08W521,0805,81,895,AFD,18.9,18.4,20.6
08W521,0805,81,895,SPD,16.0,14.3,16.2
08W521,0805,81,895,LINKE,10.1,9.5,10.3
08W521,0805,81,895,GRUENE,7.7,7.5,7.9
08W521,0805,81,895,Sonstige,7.5,7.4,7.6
08W521,0805,81,895,FDP,4.0,3.9,4.1
08W522,0805,81,963,CDU,28.8,28.7,29.3
08W522,0805,81,963,AFD,24.3,23.9,25.4
08W522,0805,81,963,LINKE,12.9,12.5,13.2
08W522,0805,81,963,SPD,12.9,12.2,13.2
08W522,0805,81,963,Sonstige,9.8,9.6,9.9
08W522,0805,81,963,GRUENE,6.0,5.8,6.2
08W522,0805,81,963,FDP,3.1,3.0,3.3
08W523,0805,81,926,CDU,36.3,36.1,36.9
08W523,0805,81,926,AFD,21.0,20.4,22.3
08W523,0805,81,926,SPD,12.5,12.2,12.7
08W523,0805,81,926,LINKE,12.2,11.8,12.4
08W523,0805,81,926,GRUENE,7.4,7.2,7.6
08W523,0805,81,926,Sonstige,6.1,5.9,6.2
08W523,0805,81,926,FDP,3.8,3.8,3.9
08W524,0805,81,841,CDU,29.7,29.5,30.1
08W524,0805,81,841,AFD,22.9,22.1,23.9
08W524,0805,81,841,SPD,14.3,13.2,14.5
08W524,0805,81,841,LINKE,11.5,11.3,11.7
08W524,0805,81,841,GRUENE,10.0,9.8,10.4
08W524,0805,81,841,Sonstige,8.1,8.0,8.2
08W524,0805,81,841,FDP,3.5,3.4,3.7
08W525,0805,81,775,CDU,28.3,28.1,28.7
08W525,0805,81,775,AFD,26.4,25.8,27.9
08W525,0805,81,775,SPD,14.3,13.1,14.6
08W525,0805,81,775,LINKE,13.2,12.7,13.5
08W525,0805,81,775,Sonstige,11.7,11.6,11.8
08W525,0805,81,775,GRUENE,3.3,3.0,3.7
08W525,0805,81,775,FDP,2.5,2.4,2.6
08W526,0805,81,823,CDU,30.5,30.3,31.0
08W526,0805,81,823,AFD,22.4,21.9,23.9
08W526,0805,81,823,SPD,13.4,12.9,13.7
08W526,0805,81,823,LINKE,12.1,11.5,12.3
08W526,0805,81,823,Sonstige,10.0,9.9,10.1
08W526,0805,81,823,GRUENE,5.3,5.1,5.5
08W526,0805,81,823,FDP,3.2,3.1,3.3
08W527,0805,81,879,CDU,31.6,31.5,32.1
08W527,0805,81,879,AFD,20.8,20.2,21.8
08W527,0805,81,879,SPD,16.5,14.7,16.8
08W527,0805,81,879,LINKE,12.5,12.2,12.7
08W527,0805,81,879,Sonstige,6.9,6.8,7.0
08W527,0805,81,879,GRUENE,6.4,6.3,6.7
08W527,0805,81,879,FDP,3.9,3.8,4.0
08W528,0805,81,847,CDU,30.3,30.1,30.8
08W528,0805,81,847,AFD,23.7,23.3,25.0
08W528,0805,81,847,SPD,15.5,14.5,15.8
08W528,0805,81,847,LINKE,12.3,11.9,12.5
08W528,0805,81,847,Sonstige,8.3,8.1,8.4
08W528,0805,81,847,GRUENE,4.0,3.9,4.3
08W528,0805,81,847,FDP,2.9,2.8,3.1
08W529,0805,81,747,CDU,29.5,29.3,30.0
08W529,0805,81,747,AFD,21.1,20.5,22.4
08W529,0805,81,747,SPD,15.5,14.3,15.8
08W529,0805,81,747,LINKE,13.4,12.9,13.7
08W529,0805,81,747,Sonstige,9.1,8.9,9.3
08W529,0805,81,747,GRUENE,5.0,4.7,5.3
08W529,0805,81,747,FDP,2.6,2.5,2.9
08W530,0805,81,854,CDU,29.7,29.5,30.1
08W530,0805,81,854,AFD,24.3,23.8,25.8
08W530,0805,81,854,SPD,14.7,13.2,15.0
08W530,0805,81,854,LINKE,12.6,12.0,13.0
08W530,0805,81,854,Sonstige,9.6,9.5,9.7
08W530,0805,81,854,GRUENE,4.7,4.5,5.0
08W530,0805,81,854,FDP,2.8,2.7,3.0
08W531,0805,81,938,CDU,26.5,26.4,27.0
08W531,0805,81,938,AFD,24.8,24.4,25.9
08W531,0805,81,938,SPD,14.1,12.7,14.4
08W531,0805,81,938,LINKE,11.8,11.2,12.1
08W531,0805,81,938,Sonstige,10.7,10.5,10.9
08W531,0805,81,938,GRUENE,6.5,6.3,6.6
08W531,0805,81,938,FDP,3.4,3.3,3.5
08W532,0805,81,1077,AFD,28.2,27.8,29.4
08W532,0805,81,1077,CDU,23.3,23.1,23.7
08W532,0805,81,1077,SPD,16.5,14.2,16.8
08W532,0805,81,1077,LINKE,15.4,14.9,15.7
08W532,0805,81,1077,Sonstige,11.1,11.0,11.3
08W532,0805,81,1077,GRUENE,2.9,2.7,3.3
08W532,0805,81,1077,FDP,2.3,2.2,2.5
08W533,0805,81,910,CDU,32.1,31.9,32.6
08W533,0805,81,910,AFD,24.8,24.4,26.4
08W533,0805,81,910,SPD,13.3,12.6,13.6
08W533,0805,81,910,LINKE,12.0,11.3,12.2
08W533,0805,81,910,Sonstige,7.0,6.9,7.2
08W533,0805,81,910,GRUENE,3.9,3.7,4.2
08W533,0805,81,910,FDP,3.1,3.1,3.5
08W534,0805,81,869,CDU,25.4,25.3,25.8
08W534,0805,81,869,AFD,20.2,19.8,21.5
08W534,0805,81,869,LINKE,15.8,15.3,16.1
08W534,0805,81,869,SPD,13.9,12.4,14.2
08W534,0805,81,869,Sonstige,10.5,10.4,10.7
08W534,0805,81,869,GRUENE,8.5,8.3,8.9
08W534,0805,81,869,FDP,2.8,2.7,3.0
08W535,0805,81,904,CDU,27.9,27.7,28.3
08W535,0805,81,904,AFD,25.0,24.5,26.2
08W535,0805,81,904,SPD,13.1,12.1,13.4
08W535,0805,81,904,LINKE,12.9,12.3,13.1
08W535,0805,81,904,Sonstige,9.6,9.5,9.7
08W535,0805,81,904,GRUENE,6.2,6.1,6.5
08W535,0805,81,904,FDP,3.1,3.0,3.2
08W601,0806,81,993,AFD,27.6,27.2,29.0
08W601,0806,81,993,CDU,24.6,24.3,25.0
08W601,0806,81,993,SPD,17.2,14.2,17.5
08W601,0806,81,993,LINKE,15.6,15.0,16.1
08W601,0806,81,993,Sonstige,10.5,10.3,10.6
08W601,0806,81,993,GRUENE,3.5,3.2,4.1
08W601,0806,81,993,FDP,1.9,1.9,2.2
08W602,0806,81,1025,CDU,25.2,25.1,25.6
08W602,0806,81,1025,AFD,24.4,23.9,25.7
08W602,0806,81,1025,LINKE,17.4,17.0,17.8
08W602,0806,81,1025,SPD,14.8,12.7,15.1
08W602,0806,81,1025,Sonstige,10.1,9.9,10.2
08W602,0806,81,1025,GRUENE,6.9,6.6,7.3
08W602,0806,81,1025,FDP,2.3,2.2,2.5
08W603,0806,81,1033,AFD,25.5,24.9,26.5
08W603,0806,81,1033,CDU,24.0,23.8,24.4
08W603,0806,81,1033,LINKE,17.9,17.4,18.3
08W603,0806,81,1033,SPD,17.4,14.9,17.6
08W603,0806,81,1033,Sonstige,9.4,9.3,9.5
08W603,0806,81,1033,GRUENE,5.1,4.8,5.6
08W603,0806,81,1033,FDP,2.2,2.1,2.3
08W604,0806,81,1011,AFD,25.1,24.5,26.6
08W604,0806,81,1011,CDU,23.5,23.4,23.9
08W604,0806,81,1011,SPD,16.5,14.0,16.8
08W604,0806,81,1011,LINKE,16.0,15.4,16.4
08W604,0806,81,1011,Sonstige,10.4,10.2,10.5
08W604,0806,81,1011,GRUENE,5.5,5.2,5.9
08W604,0806,81,1011,FDP,2.2,2.1,2.3
08W605,0806,81,1022,AFD,26.3,25.8,27.8
08W605,0806,81,1022,CDU,24.6,24.4,25.1
08W605,0806,81,1022,LINKE,16.8,16.0,17.2
08W605,0806,81,1022,SPD,16.2,14.2,16.5
08W605,0806,81,1022,Sonstige,10.1,10.0,10.3
08W605,0806,81,1022,GRUENE,3.7,3.3,4.1
08W605,0806,81,1022,FDP,1.8,1.8,2.0
08W606,0806,81,898,CDU,33.4,33.3,33.9
08W606,0806,81,898,AFD,20.7,20.3,22.1
08W606,0806,81,898,SPD,14.0,12.9,14.3
08W606,0806,81,898,LINKE,13.5,12.8,13.8
08W606,0806,81,898,GRUENE,6.8,6.5,7.1
08W606,0806,81,898,Sonstige,6.3,6.2,6.5
08W606,0806,81,898,FDP,3.8,3.7,3.9
08W607,0806,81,862,CDU,34.5,34.3,35.0
08W607,0806,81,862,AFD,19.9,19.4,21.4
08W607,0806,81,862,SPD,16.0,14.4,16.3
08W607,0806,81,862,LINKE,11.2,10.6,11.4
08W607,0806,81,862,GRUENE,5.7,5.4,5.9
08W607,0806,81,862,Sonstige,5.6,5.5,5.7
08W607,0806,81,862,FDP,4.7,4.6,4.8
08W608,0806,81,926,CDU,31.2,31.0,31.7
08W608,0806,81,926,AFD,24.3,23.8,26.0
08W608,0806,81,926,SPD,14.9,14.0,15.3
08W608,0806,81,926,LINKE,10.4,9.9,10.6
08W608,0806,81,926,Sonstige,8.2,8.1,8.3
08W608,0806,81,926,GRUENE,5.0,4.7,5.2
08W608,0806,81,926,FDP,3.3,3.3,3.5
08W609,0806,81,898,CDU,34.3,34.1,34.8
08W609,0806,81,898,AFD,19.7,19.3,21.1
08W609,0806,81,898,SPD,15.9,14.3,16.2
08W609,0806,81,898,LINKE,11.3,10.9,11.6
08W609,0806,81,898,Sonstige,7.2,7.1,7.4
08W609,0806,81,898,GRUENE,6.8,6.5,7.1
08W609,0806,81,898,FDP,3.6,3.6,3.8
08W610,0806,81,908,CDU,26.7,26.6,27.2
08W610,0806,81,908,AFD,26.6,26.1,27.9
08W610,0806,81,908,SPD,15.4,13.8,15.8
08W610,0806,81,908,LINKE,11.1,10.7,11.3
08W610,0806,81,908,Sonstige,8.2,8.1,8.3
08W610,0806,81,908,GRUENE,6.4,6.1,6.6
08W610,0806,81,908,FDP,3.5,3.5,3.6
08W611,0806,81,889,CDU,30.2,30.1,30.7
08W611,0806,81,889,AFD,19.3,18.8,20.7
08W611,0806,81,889,SPD,16.3,14.5,16.6
08W611,0806,81,889,LINKE,11.2,10.6,11.5
08W611,0806,81,889,GRUENE,9.1,8.8,9.4
08W611,0806,81,889,Sonstige,8.3,8.2,8.5
08W611,0806,81,889,FDP,3.7,3.5,3.8
08W612,0806,81,825,AFD,27.2,26.7,28.9
08W612,0806,81,825,CDU,24.0,23.8,24.4
08W612,0806,81,825,LINKE,15.9,15.2,16.1
08W612,0806,81,825,SPD,15.0,12.9,15.4
08W612,0806,81,825,Sonstige,10.0,9.8,10.1
08W612,0806,81,825,GRUENE,6.1,5.8,6.3
08W612,0806,81,825,FDP,2.8,2.8,3.0
08W613,0806,81,922,CDU,29.4,29.2,29.8
08W613,0806,81,922,AFD,25.0,24.5,26.4
08W613,0806,81,922,LINKE,15.1,14.7,15.3
08W613,0806,81,922,SPD,11.9,11.5,12.2
08W613,0806,81,922,Sonstige,10.2,10.0,10.4
08W613,0806,81,922,GRUENE,5.7,5.4,5.8
08W613,0806,81,922,FDP,3.8,3.5,3.8
08W614,0806,81,989,CDU,28.8,28.5,29.3
08W614,0806,81,989,AFD,23.1,22.6,25.0
08W614,0806,81,989,SPD,17.8,15.4,18.1
08W614,0806,81,989,LINKE,10.9,10.4,11.2
08W614,0806,81,989,Sonstige,7.8,7.7,8.0
08W614,0806,81,989,GRUENE,6.4,6.1,6.6
08W614,0806,81,989,FDP,3.0,3.0,3.2
08W615,0806,81,880,CDU,32.4,32.2,32.9
08W615,0806,81,880,AFD,23.6,23.0,25.2
08W615,0806,81,880,SPD,14.2,13.9,14.7
08W615,0806,81,880,LINKE,10.0,9.7,10.3
08W615,0806,81,880,GRUENE,7.2,6.8,7.3
08W615,0806,81,880,Sonstige,6.9,6.7,7.0
08W615,0806,81,880,FDP,3.0,2.9,3.1
08W616,0806,81,915,CDU,33.3,33.2,33.9
08W616,0806,81,915,AFD,18.9,18.3,20.5
08W616,0806,81,915,SPD,15.1,14.2,15.5
08W616,0806,81,915,LINKE,11.4,10.9,11.6
08W616,0806,81,915,GRUENE,9.0,8.7,9.2
08W616,0806,81,915,Sonstige,5.8,5.7,5.9
08W616,0806,81,915,FDP,3.6,3.5,3.7
08W617,0806,81,828,CDU,28.9,28.8,29.3
08W617,0806,81,828,AFD,20.9,20.3,21.9
08W617,0806,81,828,SPD,16.9,14.3,17.2
08W617,0806,81,828,GRUENE,10.6,10.3,10.7
08W617,0806,81,828,LINKE,9.2,8.9,9.4
08W617,0806,81,828,Sonstige,7.2,7.1,7.3
08W617,0806,81,828,FDP,4.3,4.2,4.4
08W618,0806,81,830,CDU,30.6,30.4,31.0
08W618,0806,81,830,AFD,23.1,22.6,24.7
08W618,0806,81,830,SPD,15.7,14.2,16.0
08W618,0806,81,830,LINKE,10.9,10.2,11.2
08W618,0806,81,830,Sonstige,6.3,6.2,6.5
08W618,0806,81,830,GRUENE,5.8,5.5,6.0
08W618,0806,81,830,FDP,3.7,3.7,3.9
08W619,0806,81,810,CDU,33.2,33.1,33.7
08W619,0806,81,810,AFD,20.1,19.5,21.5
08W619,0806,81,810,SPD,15.6,14.9,15.9
08W619,0806,81,810,LINKE,11.0,10.4,11.3
08W619,0806,81,810,GRUENE,7.3,7.0,7.5
08W619,0806,81,810,Sonstige,5.6,5.5,5.7
08W619,0806,81,810,FDP,4.2,4.0,4.3
08W620,0806,81,1042,CDU,32.9,32.8,33.5
08W620,0806,81,1042,AFD,19.9,19.5,21.4
08W620,0806,81,1042,SPD,13.6,12.2,13.9
08W620,0806,81,1042,LINKE,11.2,10.8,11.4
08W620,0806,81,1042,GRUENE,9.2,8.9,9.5
08W620,0806,81,1042,Sonstige,8.0,7.9,8.2
08W620,0806,81,1042,FDP,3.5,3.4,3.6
08W621,0806,81,934,CDU,30.8,30.7,31.3
08W621,0806,81,934,AFD,22.6,22.0,24.1
08W621,0806,81,934,SPD,14.1,13.5,14.3
08W621,0806,81,934,LINKE,11.1,10.7,11.3
08W621,0806,81,934,Sonstige,8.5,8.4,8.5
08W621,0806,81,934,GRUENE,8.2,7.9,8.4
08W621,0806,81,934,FDP,3.1,3.0,3.2
08W622,0806,81,894,CDU,31.2,31.1,31.7
08W622,0806,81,894,AFD,22.1,21.5,23.4
08W622,0806,81,894,SPD,16.2,15.1,16.5
08W622,0806,81,894,LINKE,11.2,10.7,11.3
08W622,0806,81,894,Sonstige,7.2,7.1,7.3
08W622,0806,81,894,GRUENE,6.9,6.6,7.1
08W622,0806,81,894,FDP,3.2,3.1,3.3
08W623,0806,81,789,CDU,27.5,27.3,27.9
08W623,0806,81,789,AFD,24.1,23.5,25.5
08W623,0806,81,789,SPD,13.7,12.3,14.0
08W623,0806,81,789,LINKE,12.9,12.4,13.1
08W623,0806,81,789,Sonstige,9.1,8.8,9.2
08W623,0806,81,789,GRUENE,7.5,7.2,7.7
08W623,0806,81,789,FDP,3.7,3.7,3.9
08W624,0806,81,839,CDU,33.3,33.2,33.9
08W624,0806,81,839,AFD,26.8,26.2,27.9
08W624,0806,81,839,SPD,12.2,11.8,12.5
08W624,0806,81,839,LINKE,11.1,10.6,11.3
08W624,0806,81,839,Sonstige,8.2,8.0,8.3
08W624,0806,81,839,GRUENE,5.8,5.5,6.1
08W624,0806,81,839,FDP,3.4,3.2,3.5
08W625,0806,81,976,CDU,30.8,30.7,31.3
08W625,0806,81,976,AFD,27.7,27.2,29.0
08W625,0806,81,976,SPD,12.9,12.0,13.2
08W625,0806,81,976,LINKE,11.7,11.0,11.9
08W625,0806,81,976,Sonstige,9.2,9.0,9.3
08W625,0806,81,976,GRUENE,4.0,3.7,4.2
08W625,0806,81,976,FDP,3.3,3.3,3.5
08W626,0806,81,1023,CDU,30.5,30.4,31.1
08W626,0806,81,1023,AFD,25.9,25.4,27.3
08W626,0806,81,1023,SPD,13.9,13.5,14.2
08W626,0806,81,1023,Sonstige,10.6,10.5,10.8
08W626,0806,81,1023,LINKE,10.2,9.9,10.4
08W626,0806,81,1023,GRUENE,6.1,5.8,6.3
08W626,0806,81,1023,FDP,3.3,3.2,3.4
08W627,0806,81,889,CDU,30.2,30.0,30.6
08W627,0806,81,889,AFD,21.1,20.6,22.1
08W627,0806,81,889,SPD,15.7,14.0,16.0
08W627,0806,81,889,LINKE,13.4,13.0,13.6
08W627,0806,81,889,GRUENE,8.0,7.7,8.2
08W627,0806,81,889,Sonstige,6.8,6.6,6.9
08W627,0806,81,889,FDP,4.1,4.0,4.2
08W628,0806,81,918,CDU,35.6,35.4,36.2
08W628,0806,81,918,AFD,19.9,19.3,21.3
08W628,0806,81,918,SPD,14.6,14.0,14.9
08W628,0806,81,918,LINKE,11.2,10.7,11.4
08W628,0806,81,918,GRUENE,6.7,6.4,6.9
08W628,0806,81,918,Sonstige,6.4,6.3,6.5
08W628,0806,81,918,FDP,3.8,3.6,3.9
08W629,0806,81,1012,CDU,31.0,30.8,31.5
08W629,0806,81,1012,AFD,27.5,27.0,28.5
08W629,0806,81,1012,SPD,13.2,12.5,13.5
08W629,0806,81,1012,LINKE,11.2,10.7,11.4
08W629,0806,81,1012,Sonstige,8.5,8.4,8.6
08W629,0806,81,1012,GRUENE,5.2,4.8,5.4
08W629,0806,81,1012,FDP,2.9,2.9,3.0
08W630,0806,81,1072,CDU,33.8,33.6,34.3
08W630,0806,81,1072,AFD,21.1,20.5,22.4
08W630,0806,81,1072,SPD,15.0,13.4,15.3
08W630,0806,81,1072,LINKE,10.8,10.3,11.0
08W630,0806,81,1072,GRUENE,7.2,6.9,7.4
08W630,0806,81,1072,Sonstige,6.9,6.8,7.1
08W630,0806,81,1072,FDP,3.8,3.7,3.9
08W631,0806,81,871,CDU,26.4,26.2,26.8
08W631,0806,81,871,AFD,26.1,25.6,27.6
08W631,0806,81,871,SPD,13.5,12.2,13.8
08W631,0806,81,871,LINKE,12.3,11.7,12.6
08W631,0806,81,871,Sonstige,9.0,8.9,9.2
08W631,0806,81,871,GRUENE,6.6,6.3,6.8
08W631,0806,81,871,FDP,3.3,3.3,3.4
08W632,0806,81,936,CDU,28.6,28.4,29.1
08W632,0806,81,936,AFD,23.4,22.9,24.9
08W632,0806,81,936,SPD,13.9,12.8,14.2
08W632,0806,81,936,LINKE,11.5,10.9,11.8
08W632,0806,81,936,Sonstige,10.4,10.3,10.5
08W632,0806,81,936,GRUENE,6.3,6.0,6.6
08W632,0806,81,936,FDP,2.8,2.8,3.0
08W633,0806,81,849,AFD,26.9,26.3,27.7
08W633,0806,81,849,CDU,26.2,26.0,26.6
08W633,0806,81,849,SPD,14.4,12.5,14.7
08W633,0806,81,849,LINKE,13.8,13.2,14.1
08W633,0806,81,849,Sonstige,9.7,9.6,9.8
08W633,0806,81,849,GRUENE,5.8,5.5,6.1
08W633,0806,81,849,FDP,3.5,3.5,3.7
08W634,0806,81,954,CDU,33.4,33.3,33.9
08W634,0806,81,954,AFD,19.1,18.6,20.8
08W634,0806,81,954,SPD,15.6,14.1,16.0
08W634,0806,81,954,LINKE,9.5,9.0,9.7
08W634,0806,81,954,GRUENE,8.9,8.6,9.1
08W634,0806,81,954,Sonstige,6.5,6.4,6.7
08W634,0806,81,954,FDP,4.0,3.9,4.1
08W635,0806,81,988,CDU,34.7,34.5,35.3
08W635,0806,81,988,AFD,20.2,19.7,21.3
08W635,0806,81,988,SPD,12.2,11.2,12.5
08W635,0806,81,988,LINKE,11.4,10.8,11.7
08W635,0806,81,988,GRUENE,9.3,8.9,9.6
08W635,0806,81,988,Sonstige,6.3,6.1,6.4
08W635,0806,81,988,FDP,4.4,4.3,4.5
09W101,0901,83,1003,LINKE,37.2,36.3,37.6
09W101,0901,83,1003,GRUENE,24.4,24.2,24.6
09W101,0901,83,1003,AFD,16.0,15.3,16.4
09W101,0901,83,1003,Sonstige,13.2,13.0,13.3
09W101,0901,83,1003,CDU,7.3,7.1,7.6
09W101,0901,83,1003,SPD,5.0,4.7,7.1
09W101,0901,83,1003,FDP,1.9,1.8,2.0
09W102,0901,83,1002,LINKE,32.6,31.8,33.0
09W102,0901,83,1002,GRUENE,26.8,26.6,27.0
09W102,0901,83,1002,AFD,15.1,14.7,15.7
09W102,0901,83,1002,Sonstige,10.5,10.4,10.7
09W102,0901,83,1002,SPD,7.8,7.5,8.8
09W102,0901,83,1002,CDU,7.8,7.5,8.0
09W102,0901,83,1002,FDP,1.9,1.8,2.2
09W103,0901,83,1051,LINKE,35.4,34.4,35.8
09W103,0901,83,1051,GRUENE,29.5,29.3,29.7
09W103,0901,83,1051,AFD,11.8,11.3,12.4
09W103,0901,83,1051,Sonstige,10.2,10.1,10.4
09W103,0901,83,1051,CDU,6.9,6.7,7.2
09W103,0901,83,1051,SPD,6.5,6.2,8.2
09W103,0901,83,1051,FDP,2.4,2.3,2.6
09W104,0901,83,1060,LINKE,28.9,28.1,29.2
09W104,0901,83,1060,GRUENE,27.7,27.5,27.9
09W104,0901,83,1060,AFD,12.2,11.7,12.8
09W104,0901,83,1060,CDU,11.9,11.7,12.2
09W104,0901,83,1060,Sonstige,10.0,9.9,10.2
09W104,0901,83,1060,SPD,7.8,7.6,9.1
09W104,0901,83,1060,FDP,2.6,2.5,2.7
09W105,0901,83,863,LINKE,32.2,31.4,32.7
09W105,0901,83,863,GRUENE,28.4,28.2,28.7
09W105,0901,83,863,AFD,14.1,13.4,14.5
09W105,0901,83,863,Sonstige,11.8,11.7,12.0
09W105,0901,83,863,CDU,7.8,7.6,8.1
09W105,0901,83,863,SPD,7.0,6.8,8.1
09W105,0901,83,863,FDP,2.4,2.4,2.6
09W106,0901,83,907,GRUENE,31.9,31.7,32.1
09W106,0901,83,907,LINKE,30.5,29.7,30.9
09W106,0901,83,907,AFD,11.5,10.4,11.8
09W106,0901,83,907,Sonstige,11.4,11.2,11.6
09W106,0901,83,907,CDU,8.3,8.1,8.6
09W106,0901,83,907,SPD,8.0,7.7,8.2
09W106,0901,83,907,FDP,2.1,2.0,2.4
09W107,0901,83,904,GRUENE,32.7,32.5,32.9
09W107,0901,83,904,LINKE,31.2,30.4,31.7
09W107,0901,83,904,AFD,13.0,12.2,13.4
09W107,0901,83,904,Sonstige,12.5,12.4,12.7
09W107,0901,83,904,SPD,6.8,6.5,7.7
09W107,0901,83,904,CDU,6.1,5.8,6.3
09W107,0901,83,904,FDP,2.1,2.1,2.4
09W108,0901,83,782,LINKE,32.9,31.9,33.3
09W108,0901,83,782,GRUENE,30.5,30.3,30.8
09W108,0901,83,782,Sonstige,12.1,11.9,12.3
09W108,0901,83,782,AFD,9.9,8.9,10.2
09W108,0901,83,782,SPD,8.2,7.8,8.5
09W108,0901,83,782,CDU,7.5,7.2,7.7
09W108,0901,83,782,FDP,2.5,2.4,2.7
09W109,0901,83,784,LINKE,40.9,40.0,41.3
09W109,0901,83,784,GRUENE,31.3,31.0,31.5
09W109,0901,83,784,AFD,12.3,11.1,12.7
09W109,0901,83,784,Sonstige,11.1,10.9,11.3
09W109,0901,83,784,SPD,6.5,6.0,6.8
09W109,0901,83,784,CDU,3.1,2.7,3.4
09W109,0901,83,784,FDP,1.9,1.8,2.1
09W110,0901,83,881,GRUENE,31.2,31.0,31.5
09W110,0901,83,881,LINKE,30.8,30.0,31.1
09W110,0901,83,881,AFD,12.2,11.7,12.5
09W110,0901,83,881,Sonstige,11.1,10.9,11.2
09W110,0901,83,881,CDU,8.0,7.8,8.3
09W110,0901,83,881,SPD,6.2,6.0,7.7
09W110,0901,83,881,FDP,2.0,2.0,2.2
09W111,0901,83,848,LINKE,31.0,30.2,31.4
09W111,0901,83,848,GRUENE,19.7,19.5,19.8
09W111,0901,83,848,AFD,18.1,17.6,18.6
09W111,0901,83,848,Sonstige,12.3,12.2,12.5
09W111,0901,83,848,CDU,12.2,12.1,12.5
09W111,0901,83,848,SPD,5.9,5.7,8.6
09W111,0901,83,848,FDP,1.9,1.8,2.1
09W112,0901,83,852,LINKE,28.0,27.2,28.4
09W112,0901,83,852,GRUENE,25.9,25.7,26.0
09W112,0901,83,852,AFD,14.6,14.1,14.9
09W112,0901,83,852,CDU,10.5,10.3,10.7
09W112,0901,83,852,Sonstige,10.2,10.1,10.4
09W112,0901,83,852,SPD,9.3,9.1,9.9
09W112,0901,83,852,FDP,2.8,2.7,2.9
09W113,0901,83,948,AFD,29.8,29.2,30.5
09W113,0901,83,948,LINKE,27.7,26.7,28.2
09W113,0901,83,948,CDU,14.7,14.5,15.0
09W113,0901,83,948,Sonstige,13.1,12.9,13.2
09W113,0901,83,948,GRUENE,10.1,10.0,10.4
09W113,0901,83,948,SPD,5.1,4.8,7.6
09W113,0901,83,948,FDP,1.9,1.8,2.1
09W114,0901,83,948,AFD,30.2,29.6,31.0
09W114,0901,83,948,LINKE,27.7,26.9,28.2
09W114,0901,83,948,CDU,18.7,18.5,19.0
09W114,0901,83,948,Sonstige,12.5,12.4,12.6
09W114,0901,83,948,GRUENE,7.1,6.9,7.3
09W114,0901,83,948,SPD,5.8,5.5,8.6
09W114,0901,83,948,FDP,1.6,1.6,2.0
09W115,0901,83,930,AFD,30.4,29.8,31.1
09W115,0901,83,930,LINKE,26.4,25.6,26.9
09W115,0901,83,930,CDU,14.0,13.9,14.3
09W115,0901,83,930,Sonstige,13.1,13.0,13.3
09W115,0901,83,930,GRUENE,10.1,9.9,10.2
09W115,0901,83,930,SPD,6.4,6.0,9.0
09W115,0901,83,930,FDP,1.4,1.3,1.8
09W116,0901,83,913,LINKE,33.2,32.3,33.6
09W116,0901,83,913,AFD,24.5,23.8,24.9
09W116,0901,83,913,GRUENE,12.9,12.7,13.1
09W116,0901,83,913,Sonstige,12.3,12.2,12.4
09W116,0901,83,913,CDU,12.3,12.1,12.5
09W116,0901,83,913,SPD,6.6,6.3,9.2
09W116,0901,83,913,FDP,2.0,2.0,2.2
09W117,0901,83,890,LINKE,29.0,28.2,29.4
09W117,0901,83,890,AFD,25.0,24.3,25.3
09W117,0901,83,890,GRUENE,14.3,14.2,14.6
09W117,0901,83,890,Sonstige,14.1,13.9,14.2
09W117,0901,83,890,CDU,12.7,12.6,13.0
09W117,0901,83,890,SPD,5.7,5.5,7.6
09W117,0901,83,890,FDP,2.2,2.1,2.4
09W118,0901,83,877,AFD,28.6,28.0,29.3
09W118,0901,83,877,LINKE,27.9,27.0,28.4
09W118,0901,83,877,CDU,15.9,15.7,16.2
09W118,0901,83,877,Sonstige,12.8,12.6,13.1
09W118,0901,83,877,GRUENE,9.4,9.2,9.5
09W118,0901,83,877,SPD,5.0,4.6,8.5
09W118,0901,83,877,FDP,1.7,1.7,1.9
09W119,0901,83,880,LINKE,28.9,28.1,29.3
09W119,0901,83,880,AFD,24.5,23.9,25.0
09W119,0901,83,880,GRUENE,14.2,14.0,14.4
09W119,0901,83,880,CDU,13.3,13.2,13.6
09W119,0901,83,880,Sonstige,13.1,13.0,13.2
09W119,0901,83,880,SPD,6.7,6.6,8.8
09W119,0901,83,880,FDP,1.9,1.9,2.1
09W120,0901,83,934,LINKE,30.8,30.0,31.2
09W120,0901,83,934,AFD,24.5,24.0,25.1
09W120,0901,83,934,GRUENE,15.0,14.8,15.2
09W120,0901,83,934,Sonstige,14.9,14.7,15.0
09W120,0901,83,934,CDU,11.3,11.1,11.7
09W120,0901,83,934,SPD,5.5,5.2,8.0
09W120,0901,83,934,FDP,1.7,1.7,1.8
09W121,0901,83,1047,LINKE,31.5,30.8,31.9
09W121,0901,83,1047,GRUENE,24.7,24.5,24.9
09W121,0901,83,1047,AFD,17.6,16.8,17.8
09W121,0901,83,1047,Sonstige,11.9,11.7,12.0
09W121,0901,83,1047,CDU,9.4,9.2,9.6
09W121,0901,83,1047,SPD,6.2,5.9,7.5
09W121,0901,83,1047,FDP,1.7,1.6,2.0
09W122,0901,83,1025,LINKE,32.0,31.0,32.4
09W122,0901,83,1025,GRUENE,21.0,20.8,21.1
09W122,0901,83,1025,AFD,17.8,17.4,18.3
09W122,0901,83,1025,Sonstige,10.7,10.6,10.9
09W122,0901,83,1025,CDU,10.6,10.4,10.8
09W122,0901,83,1025,SPD,6.8,6.5,8.8
09W122,0901,83,1025,FDP,2.5,2.5,2.6
09W123,0901,83,1054,LINKE,28.1,27.0,28.6
09W123,0901,83,1054,AFD,27.0,26.5,27.7
09W123,0901,83,1054,CDU,16.4,16.3,16.7
09W123,0901,83,1054,Sonstige,10.9,10.8,11.1
09W123,0901,83,1054,GRUENE,8.1,7.9,8.3
09W123,0901,83,1054,SPD,7.8,7.6,9.8
09W123,0901,83,1054,FDP,2.0,2.0,2.3
09W124,0901,83,1050,AFD,27.7,27.2,28.4
09W124,0901,83,1050,LINKE,27.0,26.2,27.5
09W124,0901,83,1050,CDU,17.3,17.2,17.7
09W124,0901,83,1050,SPD,11.3,11.1,12.4
09W124,0901,83,1050,Sonstige,9.7,9.6,9.9
09W124,0901,83,1050,GRUENE,6.3,6.2,6.6
09W124,0901,83,1050,FDP,2.0,1.9,2.3
09W125,0901,83,968,LINKE,29.2,28.4,29.6
09W125,0901,83,968,AFD,22.0,21.4,22.5
09W125,0901,83,968,GRUENE,15.7,15.5,15.8
09W125,0901,83,968,CDU,12.8,12.6,13.1
09W125,0901,83,968,Sonstige,11.8,11.6,11.9
09W125,0901,83,968,SPD,8.5,8.3,9.9
09W125,0901,83,968,FDP,2.2,2.1,2.4
09W126,0901,83,963,LINKE,26.3,25.6,26.7
09W126,0901,83,963,AFD,20.5,19.9,21.3
09W126,0901,83,963,CDU,15.1,15.0,15.4
09W126,0901,83,963,GRUENE,13.2,13.1,13.5
09W126,0901,83,963,Sonstige,11.9,11.8,12.1
09W126,0901,83,963,SPD,11.4,11.1,12.2
09W126,0901,83,963,FDP,2.4,2.3,2.6
09W127,0901,83,891,LINKE,32.3,31.3,32.7
09W127,0901,83,891,GRUENE,21.5,21.3,21.7
09W127,0901,83,891,AFD,18.2,17.5,18.5
09W127,0901,83,891,Sonstige,9.8,9.6,9.9
09W127,0901,83,891,CDU,9.4,9.3,9.6
09W127,0901,83,891,SPD,7.7,7.4,8.9
09W127,0901,83,891,FDP,2.7,2.6,2.9
09W128,0901,83,950,LINKE,30.1,29.2,30.4
09W128,0901,83,950,AFD,20.5,20.0,20.9
09W128,0901,83,950,GRUENE,15.6,15.5,15.8
09W128,0901,83,950,CDU,12.7,12.6,13.0
09W128,0901,83,950,Sonstige,11.0,10.8,11.1
09W128,0901,83,950,SPD,8.6,8.3,10.1
09W128,0901,83,950,FDP,2.5,2.4,2.6
09W129,0901,83,963,LINKE,29.2,28.3,29.7
09W129,0901,83,963,AFD,21.0,20.6,21.7
09W129,0901,83,963,GRUENE,16.8,16.6,16.9
09W129,0901,83,963,CDU,13.0,12.9,13.3
09W129,0901,83,963,Sonstige,11.7,11.6,11.8
09W129,0901,83,963,SPD,7.2,6.9,9.3
09W129,0901,83,963,FDP,2.2,2.2,2.4
09W130,0901,83,977,LINKE,29.6,28.8,30.0
09W130,0901,83,977,AFD,22.0,21.4,22.4
09W130,0901,83,977,GRUENE,13.8,13.7,14.0
09W130,0901,83,977,CDU,13.2,13.1,13.5
09W130,0901,83,977,Sonstige,12.5,12.4,12.7
09W130,0901,83,977,SPD,9.0,8.8,10.5
09W130,0901,83,977,FDP,2.2,2.1,2.3
09W201,0902,83,910,AFD,23.0,22.3,24.0
09W201,0902,83,910,LINKE,19.9,19.6,20.2
09W201,0902,83,910,CDU,17.9,17.7,18.2
09W201,0902,83,910,GRUENE,14.6,14.5,14.9
09W201,0902,83,910,Sonstige,14.3,14.2,14.5
09W201,0902,83,910,SPD,4.9,4.5,6.9
09W201,0902,83,910,FDP,2.4,2.3,2.7
09W202,0902,83,923,AFD,28.9,28.4,29.5
09W202,0902,83,923,LINKE,27.3,27.1,27.4
09W202,0902,83,923,Sonstige,16.8,16.6,17.0
09W202,0902,83,923,GRUENE,12.2,12.0,12.4
09W202,0902,83,923,CDU,9.3,9.1,9.5
09W202,0902,83,923,SPD,6.0,5.8,8.1
09W202,0902,83,923,FDP,1.7,1.6,1.9
09W203,0902,83,935,LINKE,29.4,29.0,29.5
09W203,0902,83,935,AFD,26.9,26.1,27.4
09W203,0902,83,935,Sonstige,15.5,15.4,15.6
09W203,0902,83,935,GRUENE,13.9,13.7,14.1
09W203,0902,83,935,CDU,8.9,8.8,9.1
09W203,0902,83,935,SPD,6.5,6.3,8.4
09W203,0902,83,935,FDP,1.7,1.6,1.9
09W204,0902,83,918,LINKE,29.4,28.8,29.6
09W204,0902,83,918,AFD,26.8,26.1,27.4
09W204,0902,83,918,Sonstige,15.1,15.0,15.3
09W204,0902,83,918,GRUENE,14.3,14.1,14.5
09W204,0902,83,918,CDU,9.6,9.4,9.8
09W204,0902,83,918,SPD,4.2,3.9,6.7
09W204,0902,83,918,FDP,2.1,2.0,2.3
09W205,0902,83,912,LINKE,30.1,29.8,30.3
09W205,0902,83,912,AFD,23.4,22.5,23.8
09W205,0902,83,912,GRUENE,17.0,16.8,17.2
09W205,0902,83,912,Sonstige,14.8,14.7,15.0
09W205,0902,83,912,CDU,10.3,10.2,10.6
09W205,0902,83,912,SPD,5.6,5.3,7.7
09W205,0902,83,912,FDP,2.0,2.0,2.3
09W206,0902,83,925,AFD,28.2,27.6,29.0
09W206,0902,83,925,LINKE,27.8,27.4,27.9
09W206,0902,83,925,Sonstige,13.6,13.5,13.7
09W206,0902,83,925,GRUENE,11.8,11.6,12.0
09W206,0902,83,925,CDU,11.8,11.6,12.1
09W206,0902,83,925,SPD,7.0,6.8,9.0
09W206,0902,83,925,FDP,2.2,2.1,2.3
09W207,0902,83,926,LINKE,24.9,24.7,25.0
09W207,0902,83,926,AFD,24.4,24.0,25.2
09W207,0902,83,926,CDU,14.1,14.0,14.4
09W207,0902,83,926,GRUENE,12.7,12.6,12.9
09W207,0902,83,926,Sonstige,11.6,11.5,11.7
09W207,0902,83,926,SPD,11.3,11.1,11.7
09W207,0902,83,926,FDP,2.2,2.2,2.4
09W208,0902,83,930,LINKE,25.8,25.6,26.0
09W208,0902,83,930,AFD,22.2,21.7,22.8
09W208,0902,83,930,GRUENE,19.3,19.1,19.5
09W208,0902,83,930,CDU,12.8,12.6,13.0
09W208,0902,83,930,Sonstige,12.8,12.7,12.9
09W208,0902,83,930,SPD,6.9,6.7,8.0
09W208,0902,83,930,FDP,2.3,2.2,2.5
09W209,0902,83,986,LINKE,29.4,29.2,29.5
09W209,0902,83,986,AFD,26.7,26.1,27.2
09W209,0902,83,986,GRUENE,17.6,17.4,17.7
09W209,0902,83,986,Sonstige,13.5,13.4,13.6
09W209,0902,83,986,CDU,8.4,8.2,8.6
09W209,0902,83,986,SPD,6.4,6.2,8.1
09W209,0902,83,986,FDP,1.9,1.9,2.1
09W210,0902,83,832,LINKE,29.2,28.9,29.3
09W210,0902,83,832,AFD,24.6,23.9,25.2
09W210,0902,83,832,GRUENE,17.0,16.8,17.3
09W210,0902,83,832,Sonstige,16.0,15.8,16.1
09W210,0902,83,832,CDU,9.9,9.7,10.1
09W210,0902,83,832,SPD,3.8,3.5,6.6
09W210,0902,83,832,FDP,1.6,1.5,1.9
09W211,0902,83,846,LINKE,26.8,26.7,27.0
09W211,0902,83,846,AFD,22.5,22.0,23.1
09W211,0902,83,846,GRUENE,19.1,19.0,19.3
09W211,0902,83,846,Sonstige,14.6,14.5,14.9
09W211,0902,83,846,CDU,9.9,9.8,10.1
09W211,0902,83,846,SPD,7.4,7.2,8.5
09W211,0902,83,846,FDP,1.7,1.6,2.0
09W212,0902,83,897,LINKE,25.3,25.0,25.4
09W212,0902,83,897,AFD,24.5,23.9,25.1
09W212,0902,83,897,GRUENE,14.7,14.5,14.9
09W212,0902,83,897,Sonstige,13.3,13.2,13.5
09W212,0902,83,897,CDU,11.1,11.0,11.3
09W212,0902,83,897,SPD,8.7,8.5,10.4
09W212,0902,83,897,FDP,2.0,2.0,2.3
09W213,0902,83,939,AFD,33.1,32.6,34.0
09W213,0902,83,939,LINKE,25.1,24.7,25.2
09W213,0902,83,939,Sonstige,16.6,16.5,16.8
09W213,0902,83,939,CDU,12.8,12.7,13.0
09W213,0902,83,939,SPD,6.9,6.8,8.7
09W213,0902,83,939,GRUENE,6.0,5.8,6.2
09W213,0902,83,939,FDP,1.5,1.5,1.8
09W214,0902,83,891,LINKE,27.6,27.2,27.7
09W214,0902,83,891,AFD,23.6,23.1,24.3
09W214,0902,83,891,GRUENE,18.0,17.8,18.1
09W214,0902,83,891,Sonstige,15.3,15.1,15.5
09W214,0902,83,891,CDU,9.6,9.4,9.8
09W214,0902,83,891,SPD,5.9,5.7,7.9
09W214,0902,83,891,FDP,1.8,1.8,2.0
09W215,0902,83,878,LINKE,27.7,27.4,27.8
09W215,0902,83,878,AFD,23.1,22.5,23.7
09W215,0902,83,878,GRUENE,19.7,19.5,19.9
09W215,0902,83,878,Sonstige,14.6,14.5,14.8
09W215,0902,83,878,CDU,9.7,9.5,9.9
09W215,0902,83,878,SPD,5.6,5.4,7.8
09W215,0902,83,878,FDP,2.1,2.0,2.2
09W216,0902,83,872,AFD,26.4,25.9,26.9
09W216,0902,83,872,LINKE,22.3,22.1,22.4
09W216,0902,83,872,Sonstige,15.6,15.5,15.8
09W216,0902,83,872,GRUENE,14.2,14.0,14.4
09W216,0902,83,872,CDU,12.7,12.6,12.9
09W216,0902,83,872,SPD,7.6,7.4,8.7
09W216,0902,83,872,FDP,1.8,1.7,2.1
09W217,0902,83,867,AFD,25.5,24.7,26.2
09W217,0902,83,867,LINKE,24.0,23.7,24.1
09W217,0902,83,867,GRUENE,15.0,14.8,15.2
09W217,0902,83,867,Sonstige,14.2,14.0,14.6
09W217,0902,83,867,CDU,14.0,13.9,14.3
09W217,0902,83,867,SPD,5.2,4.8,7.9
09W217,0902,83,867,FDP,1.7,1.7,2.0
09W218,0902,83,981,AFD,25.7,24.7,26.1
09W218,0902,83,981,CDU,20.4,20.3,20.8
09W218,0902,83,981,LINKE,16.7,16.5,16.8
09W218,0902,83,981,GRUENE,15.0,14.9,15.2
09W218,0902,83,981,Sonstige,13.5,13.4,13.6
09W218,0902,83,981,SPD,7.6,7.3,7.8
09W218,0902,83,981,FDP,3.0,2.9,3.2
09W219,0902,83,965,AFD,27.3,26.3,27.7
09W219,0902,83,965,LINKE,22.3,22.1,22.4
09W219,0902,83,965,CDU,17.5,17.4,17.8
09W219,0902,83,965,GRUENE,15.4,15.2,15.5
09W219,0902,83,965,Sonstige,9.6,9.5,9.8
09W219,0902,83,965,SPD,8.3,8.1,8.8
09W219,0902,83,965,FDP,2.8,2.7,3.0
09W220,0902,83,1010,AFD,29.2,28.1,29.6
09W220,0902,83,1010,LINKE,24.7,24.4,24.8
09W220,0902,83,1010,GRUENE,14.3,14.1,14.5
09W220,0902,83,1010,CDU,13.7,13.6,13.9
09W220,0902,83,1010,Sonstige,12.7,12.6,12.8
09W220,0902,83,1010,SPD,7.7,7.5,8.1
09W220,0902,83,1010,FDP,2.3,2.2,2.5
09W221,0902,83,928,AFD,27.5,26.6,27.9
09W221,0902,83,928,LINKE,23.6,23.5,23.7
09W221,0902,83,928,CDU,17.4,17.3,17.7
09W221,0902,83,928,Sonstige,12.3,12.3,12.5
09W221,0902,83,928,GRUENE,11.5,11.4,11.7
09W221,0902,83,928,SPD,10.0,9.7,10.6
09W221,0902,83,928,FDP,2.4,2.3,2.4
09W222,0902,83,1019,AFD,28.9,28.3,29.4
09W222,0902,83,1019,LINKE,24.9,24.6,25.0
09W222,0902,83,1019,CDU,14.1,14.0,14.4
09W222,0902,83,1019,Sonstige,13.4,13.3,13.6
09W222,0902,83,1019,GRUENE,12.3,12.2,12.4
09W222,0902,83,1019,SPD,7.9,7.8,9.0
09W222,0902,83,1019,FDP,2.2,2.2,2.5
09W223,0902,83,849,AFD,27.0,26.3,27.5
09W223,0902,83,849,LINKE,25.9,25.6,26.0
09W223,0902,83,849,GRUENE,15.7,15.5,15.9
09W223,0902,83,849,Sonstige,13.8,13.7,14.0
09W223,0902,83,849,CDU,12.5,12.4,12.7
09W223,0902,83,849,SPD,7.0,6.8,8.1
09W223,0902,83,849,FDP,1.9,1.9,2.2
09W224,0902,83,855,LINKE,27.6,27.3,27.7
09W224,0902,83,855,AFD,24.6,23.8,25.1
09W224,0902,83,855,GRUENE,19.2,19.0,19.4
09W224,0902,83,855,Sonstige,13.9,13.8,14.1
09W224,0902,83,855,CDU,11.2,11.1,11.4
09W224,0902,83,855,SPD,6.5,6.3,8.0
09W224,0902,83,855,FDP,1.6,1.6,1.8
09W225,0902,83,836,AFD,28.0,27.5,28.6
09W225,0902,83,836,CDU,19.2,19.1,19.5
09W225,0902,83,836,LINKE,18.6,18.4,18.7
09W225,0902,83,836,Sonstige,11.9,11.8,12.1
09W225,0902,83,836,SPD,10.7,10.5,11.0
09W225,0902,83,836,GRUENE,10.4,10.3,10.6
09W225,0902,83,836,FDP,2.5,2.5,2.8
09W226,0902,83,836,AFD,28.2,27.5,28.8
09W226,0902,83,836,CDU,20.5,20.4,20.9
09W226,0902,83,836,LINKE,19.4,19.2,19.5
09W226,0902,83,836,GRUENE,12.6,12.4,12.8
09W226,0902,83,836,Sonstige,12.0,11.9,12.2
09W226,0902,83,836,SPD,8.3,8.0,8.9
09W226,0902,83,836,FDP,2.2,2.2,2.5
09W227,0902,83,926,AFD,27.3,26.1,27.7
09W227,0902,83,926,LINKE,24.5,24.2,24.6
09W227,0902,83,926,GRUENE,16.9,16.8,17.2
09W227,0902,83,926,CDU,14.5,14.4,14.8
09W227,0902,83,926,Sonstige,11.9,11.7,12.0
09W227,0902,83,926,SPD,8.7,8.5,9.0
09W227,0902,83,926,FDP,2.5,2.5,2.7
09W228,0902,83,828,AFD,28.3,27.6,28.8
09W228,0902,83,828,LINKE,21.9,21.7,22.0
09W228,0902,83,828,CDU,19.7,19.6,20.0
09W228,0902,83,828,GRUENE,11.6,11.5,11.8
09W228,0902,83,828,Sonstige,10.8,10.7,11.0
09W228,0902,83,828,SPD,8.6,8.4,9.6
09W228,0902,83,828,FDP,2.5,2.4,2.6
09W229,0902,83,850,AFD,30.7,29.8,31.1
09W229,0902,83,850,LINKE,22.6,22.4,22.7
09W229,0902,83,850,CDU,17.9,17.8,18.2
09W229,0902,83,850,SPD,11.0,10.8,11.2
09W229,0902,83,850,Sonstige,10.2,10.1,10.3
09W229,0902,83,850,GRUENE,9.5,9.4,9.7
09W229,0902,83,850,FDP,2.4,2.3,2.7
09W230,0902,83,864,AFD,29.4,28.8,29.9
09W230,0902,83,864,LINKE,23.8,23.5,23.9
09W230,0902,83,864,CDU,17.7,17.6,18.1
09W230,0902,83,864,Sonstige,10.8,10.6,10.9
09W230,0902,83,864,GRUENE,10.0,9.9,10.2
09W230,0902,83,864,SPD,9.7,9.6,10.2
09W230,0902,83,864,FDP,2.2,2.1,2.4
09W301,0903,83,1033,CDU,27.5,27.4,28.0
09W301,0903,83,1033,AFD,23.2,22.4,23.9
09W301,0903,83,1033,LINKE,18.7,18.5,18.9
09W301,0903,83,1033,GRUENE,11.6,11.4,11.9
09W301,0903,83,1033,SPD,8.8,8.4,9.5
09W301,0903,83,1033,Sonstige,8.8,8.7,8.9
09W301,0903,83,1033,FDP,3.0,2.9,3.1
09W302,0903,83,1002,CDU,25.9,25.8,26.4
09W302,0903,83,1002,AFD,24.2,23.7,25.4
09W302,0903,83,1002,LINKE,20.0,19.5,20.2
09W302,0903,83,1002,SPD,8.8,8.4,10.0
09W302,0903,83,1002,GRUENE,8.2,8.0,8.4
09W302,0903,83,1002,Sonstige,8.1,7.9,8.2
09W302,0903,83,1002,FDP,3.0,2.9,3.1
09W303,0903,83,1076,AFD,23.4,22.6,23.9
09W303,0903,83,1076,LINKE,21.8,21.6,21.9
09W303,0903,83,1076,CDU,17.8,17.7,18.1
09W303,0903,83,1076,GRUENE,13.8,13.6,13.9
09W303,0903,83,1076,Sonstige,12.5,12.5,12.7
09W303,0903,83,1076,SPD,10.2,10.0,11.1
09W303,0903,83,1076,FDP,2.3,2.2,2.4
09W304,0903,83,964,AFD,34.3,33.7,34.9
09W304,0903,83,964,LINKE,23.7,23.4,23.9
09W304,0903,83,964,CDU,19.6,19.5,19.9
09W304,0903,83,964,SPD,11.8,11.5,12.1
09W304,0903,83,964,Sonstige,9.1,9.0,9.3
09W304,0903,83,964,GRUENE,3.5,3.4,3.7
09W304,0903,83,964,FDP,2.1,2.1,2.3
09W305,0903,83,907,AFD,30.8,30.2,31.4
09W305,0903,83,907,LINKE,20.3,19.9,20.5
09W305,0903,83,907,CDU,18.2,18.1,18.4
09W305,0903,83,907,Sonstige,12.1,12.0,12.2
09W305,0903,83,907,GRUENE,9.0,8.8,9.1
09W305,0903,83,907,SPD,8.7,8.4,9.7
09W305,0903,83,907,FDP,2.5,2.5,2.7
09W306,0903,83,910,AFD,29.7,29.0,30.2
09W306,0903,83,910,LINKE,20.1,19.7,20.2
09W306,0903,83,910,CDU,16.2,16.1,16.4
09W306,0903,83,910,Sonstige,12.4,12.3,12.6
09W306,0903,83,910,SPD,10.7,10.4,11.0
09W306,0903,83,910,GRUENE,9.0,8.8,9.2
09W306,0903,83,910,FDP,2.7,2.6,2.9
09W307,0903,83,905,AFD,26.6,25.6,27.1
09W307,0903,83,905,LINKE,25.5,25.2,25.6
09W307,0903,83,905,CDU,14.8,14.7,15.0
09W307,0903,83,905,Sonstige,13.3,13.2,13.5
09W307,0903,83,905,GRUENE,12.5,12.3,12.7
09W307,0903,83,905,SPD,8.7,8.4,9.2
09W307,0903,83,905,FDP,2.0,2.0,2.3
09W308,0903,83,894,AFD,29.5,28.9,30.2
09W308,0903,83,894,CDU,20.8,20.6,21.1
09W308,0903,83,894,LINKE,19.0,18.8,19.1
09W308,0903,83,894,SPD,13.9,13.7,14.4
09W308,0903,83,894,Sonstige,10.6,10.5,10.7
09W308,0903,83,894,GRUENE,4.3,4.1,4.5
09W308,0903,83,894,FDP,1.8,1.8,2.1
09W309,0903,83,859,AFD,32.3,31.6,32.8
09W309,0903,83,859,LINKE,23.7,23.4,23.9
09W309,0903,83,859,CDU,16.0,15.8,16.3
09W309,0903,83,859,SPD,14.3,13.6,14.4
09W309,0903,83,859,Sonstige,9.8,9.7,10.1
09W309,0903,83,859,GRUENE,4.5,4.2,4.7
09W309,0903,83,859,FDP,2.4,2.3,2.6
09W310,0903,83,849,AFD,26.4,25.8,27.6
09W310,0903,83,849,CDU,24.9,24.7,25.2
09W310,0903,83,849,LINKE,18.4,17.6,18.7
09W310,0903,83,849,SPD,10.7,10.4,11.3
09W310,0903,83,849,Sonstige,8.8,8.5,9.0
09W310,0903,83,849,GRUENE,6.3,6.1,6.5
09W310,0903,83,849,FDP,2.6,2.5,2.8
09W311,0903,83,1040,AFD,25.0,24.4,26.0
09W311,0903,83,1040,CDU,24.5,24.3,24.8
09W311,0903,83,1040,LINKE,16.5,15.9,16.7
09W311,0903,83,1040,Sonstige,10.2,10.0,10.4
09W311,0903,83,1040,GRUENE,9.6,9.4,9.9
09W311,0903,83,1040,SPD,9.4,9.1,10.6
09W311,0903,83,1040,FDP,2.9,2.9,3.1
09W312,0903,83,986,AFD,28.8,28.0,29.3
09W312,0903,83,986,LINKE,20.8,20.5,20.9
09W312,0903,83,986,CDU,18.3,18.2,18.7
09W312,0903,83,986,Sonstige,12.9,12.8,13.1
09W312,0903,83,986,GRUENE,12.1,12.0,12.2
09W312,0903,83,986,SPD,7.7,7.4,9.3
09W312,0903,83,986,FDP,2.6,2.5,2.7
09W313,0903,83,995,AFD,26.2,25.8,27.0
09W313,0903,83,995,CDU,24.0,23.9,24.4
09W313,0903,83,995,LINKE,16.0,15.6,16.2
09W313,0903,83,995,Sonstige,10.7,10.5,10.8
09W313,0903,83,995,GRUENE,10.6,10.3,10.8
09W313,0903,83,995,SPD,8.9,8.6,9.4
09W313,0903,83,995,FDP,2.5,2.4,2.9
09W314,0903,83,813,AFD,27.2,26.5,27.8
09W314,0903,83,813,LINKE,23.7,23.5,23.8
09W314,0903,83,813,CDU,16.5,16.5,16.8
09W314,0903,83,813,Sonstige,12.1,12.0,12.2
09W314,0903,83,813,GRUENE,11.4,11.2,11.5
09W314,0903,83,813,SPD,9.8,9.5,10.6
09W314,0903,83,813,FDP,2.4,2.3,2.5
09W315,0903,83,823,AFD,24.3,23.5,24.8
09W315,0903,83,823,LINKE,20.9,20.5,21.0
09W315,0903,83,823,CDU,17.4,17.3,17.7
09W315,0903,83,823,GRUENE,14.8,14.6,15.0
09W315,0903,83,823,SPD,10.8,10.5,11.0
09W315,0903,83,823,Sonstige,10.5,10.4,10.6
09W315,0903,83,823,FDP,3.0,2.9,3.1
09W316,0903,83,815,AFD,27.7,27.1,28.2
09W316,0903,83,815,LINKE,23.8,23.4,23.9
09W316,0903,83,815,CDU,17.8,17.7,18.0
09W316,0903,83,815,Sonstige,11.0,10.8,11.1
09W316,0903,83,815,GRUENE,9.8,9.6,9.9
09W316,0903,83,815,SPD,8.6,8.3,10.2
09W316,0903,83,815,FDP,2.3,2.2,2.6
09W317,0903,83,1069,AFD,27.7,27.1,28.3
09W317,0903,83,1069,CDU,19.3,19.2,19.7
09W317,0903,83,1069,LINKE,18.1,17.9,18.3
09W317,0903,83,1069,SPD,13.9,13.6,14.1
09W317,0903,83,1069,Sonstige,11.3,11.2,11.5
09W317,0903,83,1069,GRUENE,8.2,8.0,8.4
09W317,0903,83,1069,FDP,1.8,1.8,2.1
09W318,0903,83,908,AFD,27.1,26.6,27.7
09W318,0903,83,908,LINKE,25.5,25.3,25.6
09W318,0903,83,908,CDU,14.7,14.6,15.0
09W318,0903,83,908,Sonstige,12.0,11.9,12.1
09W318,0903,83,908,GRUENE,11.2,11.1,11.3
09W318,0903,83,908,SPD,10.0,9.6,10.6
09W318,0903,83,908,FDP,2.0,1.9,2.3
09W319,0903,83,882,AFD,29.9,29.2,30.5
09W319,0903,83,882,LINKE,24.8,24.3,24.9
09W319,0903,83,882,CDU,13.0,12.8,13.3
09W319,0903,83,882,GRUENE,12.9,12.7,13.1
09W319,0903,83,882,Sonstige,12.2,12.0,12.3
09W319,0903,83,882,SPD,8.0,7.7,8.5
09W319,0903,83,882,FDP,2.7,2.6,2.8
09W320,0903,83,1031,LINKE,30.3,29.9,30.6
09W320,0903,83,1031,AFD,21.6,20.4,22.0
09W320,0903,83,1031,GRUENE,20.2,20.1,20.5
09W320,0903,83,1031,Sonstige,13.2,13.1,13.4
09W320,0903,83,1031,CDU,8.7,8.6,9.0
09W320,0903,83,1031,SPD,6.4,5.9,7.6
09W320,0903,83,1031,FDP,2.0,2.0,2.2
09W321,0903,83,1043,LINKE,28.0,27.6,28.2
09W321,0903,83,1043,AFD,19.7,18.7,20.2
09W321,0903,83,1043,GRUENE,19.6,19.4,19.8
09W321,0903,83,1043,Sonstige,12.3,12.1,12.5
09W321,0903,83,1043,CDU,10.7,10.6,11.0
09W321,0903,83,1043,SPD,8.4,8.0,8.8
09W321,0903,83,1043,FDP,2.4,2.3,2.6
09W322,0903,83,1018,LINKE,26.1,25.8,26.3
09W322,0903,83,1018,AFD,21.7,20.4,22.2
09W322,0903,83,1018,GRUENE,20.3,20.1,20.5
09W322,0903,83,1018,Sonstige,13.6,13.5,13.7
09W322,0903,83,1018,CDU,11.1,11.0,11.3
09W322,0903,83,1018,SPD,7.0,6.6,7.7
09W322,0903,83,1018,FDP,2.3,2.3,2.4
09W323,0903,83,962,AFD,28.2,27.5,28.7
09W323,0903,83,962,LINKE,23.8,23.6,23.9
09W323,0903,83,962,CDU,13.9,13.9,14.2
09W323,0903,83,962,Sonstige,12.9,12.8,13.1
09W323,0903,83,962,GRUENE,12.7,12.5,12.9
09W323,0903,83,962,SPD,9.5,9.3,10.3
09W323,0903,83,962,FDP,2.0,1.9,2.2
09W324,0903,83,980,AFD,29.0,28.1,29.6
09W324,0903,83,980,LINKE,26.3,26.0,26.4
09W324,0903,83,980,Sonstige,13.6,13.4,13.7
09W324,0903,83,980,CDU,13.3,13.2,13.5
09W324,0903,83,980,GRUENE,11.8,11.6,12.0
09W324,0903,83,980,SPD,7.9,7.6,8.9
09W324,0903,83,980,FDP,2.2,2.1,2.4
09W325,0903,83,923,AFD,28.3,27.0,28.8
09W325,0903,83,923,LINKE,25.7,25.5,25.8
09W325,0903,83,923,CDU,15.3,15.2,15.5
09W325,0903,83,923,Sonstige,12.7,12.6,12.9
09W325,0903,83,923,GRUENE,11.0,10.8,11.3
09W325,0903,83,923,SPD,9.6,9.3,10.1
09W325,0903,83,923,FDP,1.7,1.7,2.0
09W326,0903,83,926,AFD,34.5,33.5,35.0
09W326,0903,83,926,LINKE,26.1,25.9,26.2
09W326,0903,83,926,CDU,17.6,17.5,17.9
09W326,0903,83,926,Sonstige,12.3,12.1,12.4
09W326,0903,83,926,SPD,7.8,7.5,9.2
09W326,0903,83,926,GRUENE,6.3,6.2,6.5
09W326,0903,83,926,FDP,1.9,1.8,2.1
09W327,0903,83,1042,AFD,32.6,31.9,33.2
09W327,0903,83,1042,LINKE,20.4,20.0,20.5
09W327,0903,83,1042,CDU,18.9,18.7,19.2
09W327,0903,83,1042,SPD,11.0,10.8,11.4
09W327,0903,83,1042,Sonstige,9.8,9.7,9.9
09W327,0903,83,1042,GRUENE,8.5,8.2,8.7
09W327,0903,83,1042,FDP,2.0,2.0,2.3
09W328,0903,83,1034,AFD,30.9,30.2,31.5
09W328,0903,83,1034,CDU,21.2,21.1,21.6
09W328,0903,83,1034,LINKE,21.2,20.9,21.3
09W328,0903,83,1034,Sonstige,9.8,9.7,10.0
09W328,0903,83,1034,SPD,9.5,9.2,10.4
09W328,0903,83,1034,GRUENE,8.5,8.3,8.7
09W328,0903,83,1034,FDP,2.2,2.1,2.5
09W329,0903,83,1039,AFD,20.7,19.5,21.2
09W329,0903,83,1039,GRUENE,18.8,18.6,19.1
09W329,0903,83,1039,CDU,18.5,18.4,18.9
09W329,0903,83,1039,LINKE,18.0,17.7,18.3
09W329,0903,83,1039,Sonstige,13.3,13.1,13.5
09W329,0903,83,1039,SPD,9.3,8.7,9.6
09W329,0903,83,1039,FDP,2.9,2.8,3.1
09W330,0903,83,1019,AFD,22.3,20.9,22.7
09W330,0903,83,1019,CDU,19.4,19.3,19.7
09W330,0903,83,1019,GRUENE,18.5,18.3,18.9
09W330,0903,83,1019,LINKE,15.5,15.3,15.7
09W330,0903,83,1019,Sonstige,13.0,12.9,13.2
09W330,0903,83,1019,SPD,10.8,9.0,11.0
09W330,0903,83,1019,FDP,2.5,2.5,2.9
09W401,0904,83,974,AFD,37.5,36.6,38.1
09W401,0904,83,974,CDU,25.8,25.7,26.2
09W401,0904,83,974,LINKE,16.5,15.9,16.7
09W401,0904,83,974,Sonstige,8.9,8.8,9.1
09W401,0904,83,974,SPD,6.9,6.7,9.1
09W401,0904,83,974,GRUENE,6.9,6.7,7.0
09W401,0904,83,974,FDP,3.3,3.2,3.4
09W402,0904,83,979,AFD,34.7,33.6,35.3
09W402,0904,83,979,CDU,28.2,28.1,28.7
09W402,0904,83,979,LINKE,15.2,14.6,15.4
09W402,0904,83,979,GRUENE,10.0,9.7,10.3
09W402,0904,83,979,Sonstige,9.1,9.0,9.2
09W402,0904,83,979,SPD,6.8,6.4,9.0
09W402,0904,83,979,FDP,2.7,2.6,2.9
09W403,0904,83,976,AFD,36.1,35.2,36.7
09W403,0904,83,976,CDU,27.3,27.2,27.8
09W403,0904,83,976,LINKE,15.0,14.4,15.3
09W403,0904,83,976,Sonstige,8.8,8.7,9.0
09W403,0904,83,976,SPD,8.6,8.3,10.2
09W403,0904,83,976,GRUENE,7.0,6.8,7.2
09W403,0904,83,976,FDP,2.6,2.6,3.0
09W404,0904,83,979,AFD,38.8,38.1,39.4
09W404,0904,83,979,CDU,26.8,26.7,27.2
09W404,0904,83,979,LINKE,16.9,16.4,17.0
09W404,0904,83,979,Sonstige,9.8,9.7,10.0
09W404,0904,83,979,SPD,6.3,5.9,8.9
09W404,0904,83,979,GRUENE,5.5,5.4,5.7
09W404,0904,83,979,FDP,2.6,2.5,2.9
09W405,0904,83,977,AFD,36.8,35.9,37.4
09W405,0904,83,977,CDU,25.8,25.7,26.2
09W405,0904,83,977,LINKE,19.0,18.4,19.1
09W405,0904,83,977,Sonstige,10.7,10.6,10.9
09W405,0904,83,977,SPD,6.4,6.1,8.6
09W405,0904,83,977,GRUENE,6.1,5.9,6.3
09W405,0904,83,977,FDP,3.2,3.2,3.4
09W406,0904,83,978,AFD,37.4,36.5,38.0
09W406,0904,83,978,CDU,27.5,27.4,27.9
09W406,0904,83,978,LINKE,18.3,17.8,18.5
09W406,0904,83,978,Sonstige,8.9,8.8,9.1
09W406,0904,83,978,SPD,6.0,5.7,8.7
09W406,0904,83,978,GRUENE,6.0,5.8,6.2
09W406,0904,83,978,FDP,2.7,2.6,2.9
09W407,0904,83,978,AFD,35.1,33.5,35.5
09W407,0904,83,978,CDU,25.3,25.2,25.7
09W407,0904,83,978,LINKE,18.3,17.7,18.5
09W407,0904,83,978,GRUENE,9.1,8.9,9.4
09W407,0904,83,978,Sonstige,8.4,8.2,8.5
09W407,0904,83,978,SPD,8.1,7.8,9.1
09W407,0904,83,978,FDP,2.8,2.7,3.0
09W408,0904,83,987,AFD,39.1,38.4,39.7
09W408,0904,83,987,CDU,24.6,24.5,25.0
09W408,0904,83,987,LINKE,19.0,18.5,19.2
09W408,0904,83,987,Sonstige,10.0,9.8,10.1
09W408,0904,83,987,SPD,6.9,6.6,9.4
09W408,0904,83,987,GRUENE,4.3,4.2,4.5
09W408,0904,83,987,FDP,2.8,2.7,2.9
09W409,0904,83,983,AFD,44.6,43.8,45.2
09W409,0904,83,983,CDU,23.2,23.1,23.6
09W409,0904,83,983,LINKE,16.6,16.1,16.7
09W409,0904,83,983,Sonstige,11.3,11.2,11.5
09W409,0904,83,983,SPD,7.7,7.4,9.8
09W409,0904,83,983,GRUENE,2.5,2.3,2.6
09W409,0904,83,983,FDP,2.1,2.1,2.4
09W410,0904,83,861,AFD,36.6,35.5,37.3
09W410,0904,83,861,CDU,22.0,21.9,22.3
09W410,0904,83,861,LINKE,20.6,20.2,20.7
09W410,0904,83,861,Sonstige,11.8,11.6,11.9
09W410,0904,83,861,GRUENE,7.5,7.3,7.7
09W410,0904,83,861,SPD,6.7,6.4,8.6
09W410,0904,83,861,FDP,2.7,2.7,2.9
09W411,0904,83,864,AFD,43.4,42.5,44.0
09W411,0904,83,864,CDU,22.6,22.5,23.0
09W411,0904,83,864,LINKE,19.5,18.5,19.9
09W411,0904,83,864,Sonstige,10.1,9.9,10.3
09W411,0904,83,864,SPD,6.0,5.6,8.3
09W411,0904,83,864,GRUENE,2.9,2.7,3.2
09W411,0904,83,864,FDP,2.3,2.3,2.5
09W412,0904,83,864,AFD,39.4,38.5,39.9
09W412,0904,83,864,CDU,24.7,24.6,25.1
09W412,0904,83,864,LINKE,16.0,15.4,16.2
09W412,0904,83,864,Sonstige,12.1,12.0,12.3
09W412,0904,83,864,SPD,6.2,5.9,8.9
09W412,0904,83,864,GRUENE,4.6,4.5,4.8
09W412,0904,83,864,FDP,2.8,2.8,3.1
09W413,0904,83,863,AFD,46.9,46.1,47.7
09W413,0904,83,863,CDU,22.1,21.9,22.5
09W413,0904,83,863,LINKE,16.2,15.3,16.5
09W413,0904,83,863,Sonstige,13.5,13.3,13.7
09W413,0904,83,863,SPD,6.2,5.8,7.8
09W413,0904,83,863,FDP,2.3,2.2,2.6
09W413,0904,83,863,GRUENE,1.5,1.3,1.7
09W414,0904,83,861,AFD,44.8,43.7,45.3
09W414,0904,83,861,CDU,21.5,21.3,21.8
09W414,0904,83,861,LINKE,18.8,18.1,19.0
09W414,0904,83,861,Sonstige,13.8,13.6,14.0
09W414,0904,83,861,GRUENE,4.4,4.2,4.6
09W414,0904,83,861,SPD,4.0,3.6,7.0
09W414,0904,83,861,FDP,2.1,2.0,2.3
09W415,0904,83,874,AFD,43.6,42.9,44.7
09W415,0904,83,874,CDU,20.4,20.3,20.8
09W415,0904,83,874,LINKE,16.0,15.1,16.3
09W415,0904,83,874,Sonstige,13.3,13.1,13.6
09W415,0904,83,874,GRUENE,5.6,5.4,5.9
09W415,0904,83,874,SPD,2.7,2.3,5.8
09W415,0904,83,874,FDP,1.7,1.6,2.2
09W416,0904,83,1009,AFD,34.5,33.5,34.9
09W416,0904,83,1009,CDU,23.7,23.6,24.1
09W416,0904,83,1009,LINKE,19.9,19.5,20.1
09W416,0904,83,1009,GRUENE,11.1,10.9,11.3
09W416,0904,83,1009,Sonstige,9.3,9.2,9.4
09W416,0904,83,1009,SPD,6.5,6.2,8.8
09W416,0904,83,1009,FDP,3.2,3.1,3.3
09W417,0904,83,955,AFD,36.6,35.7,37.1
09W417,0904,83,955,CDU,26.5,26.4,26.9
09W417,0904,83,955,LINKE,17.4,16.9,17.5
09W417,0904,83,955,Sonstige,8.3,8.2,8.5
09W417,0904,83,955,GRUENE,7.9,7.8,8.1
09W417,0904,83,955,SPD,7.4,7.1,9.4
09W417,0904,83,955,FDP,3.3,3.3,3.5
09W418,0904,83,957,AFD,38.0,36.7,38.5
09W418,0904,83,957,CDU,25.3,25.2,25.7
09W418,0904,83,957,LINKE,15.2,14.9,15.4
09W418,0904,83,957,Sonstige,11.5,11.4,11.6
09W418,0904,83,957,GRUENE,7.5,7.4,7.8
09W418,0904,83,957,SPD,6.8,6.5,8.7
09W418,0904,83,957,FDP,2.9,2.9,3.2
09W419,0904,83,899,AFD,48.9,48.0,49.6
09W419,0904,83,899,LINKE,19.6,18.8,19.8
09W419,0904,83,899,Sonstige,16.6,16.4,16.9
09W419,0904,83,899,CDU,15.5,15.3,15.8
09W419,0904,83,899,SPD,5.4,5.1,7.6
09W419,0904,83,899,GRUENE,2.2,2.0,2.4
09W419,0904,83,899,FDP,1.0,0.9,1.4
09W420,0904,83,915,AFD,45.8,44.7,46.3
09W420,0904,83,915,LINKE,20.0,19.5,20.2
09W420,0904,83,915,CDU,19.8,19.7,20.2
09W420,0904,83,915,Sonstige,12.8,12.7,13.1
09W420,0904,83,915,SPD,6.6,6.4,8.9
09W420,0904,83,915,FDP,2.1,2.0,2.3
09W420,0904,83,915,GRUENE,1.2,1.0,1.4
09W421,0904,83,893,AFD,45.2,44.5,46.0
09W421,0904,83,893,CDU,21.9,21.8,22.3
09W421,0904,83,893,LINKE,15.0,14.4,15.3
09W421,0904,83,893,Sonstige,13.1,12.9,13.3
09W421,0904,83,893,SPD,6.7,6.4,8.5
09W421,0904,83,893,GRUENE,2.4,2.3,2.6
09W421,0904,83,893,FDP,2.2,2.1,2.5
09W422,0904,83,1031,AFD,46.0,45.0,46.5
09W422,0904,83,1031,CDU,23.1,23.0,23.5
09W422,0904,83,1031,LINKE,19.1,18.4,19.3
09W422,0904,83,1031,Sonstige,10.9,10.7,11.1
09W422,0904,83,1031,SPD,6.3,6.0,8.4
09W422,0904,83,1031,FDP,2.4,2.4,2.7
09W422,0904,83,1031,GRUENE,1.6,1.5,1.9
09W423,0904,83,980,AFD,48.9,48.1,49.5
09W423,0904,83,980,CDU,19.8,19.6,20.1
09W423,0904,83,980,LINKE,19.0,18.2,19.3
09W423,0904,83,980,Sonstige,14.6,14.4,14.8
09W423,0904,83,980,SPD,3.9,3.5,6.4
09W423,0904,83,980,GRUENE,1.7,1.5,1.9
09W423,0904,83,980,FDP,1.3,1.2,1.7
09W424,0904,83,974,AFD,37.8,37.1,38.4
09W424,0904,83,974,CDU,25.5,25.4,25.9
09W424,0904,83,974,LINKE,18.8,18.4,19.0
09W424,0904,83,974,Sonstige,8.8,8.7,8.9
09W424,0904,83,974,SPD,6.9,6.5,9.2
09W424,0904,83,974,GRUENE,6.6,6.4,6.9
09W424,0904,83,974,FDP,3.1,3.0,3.2
09W425,0904,83,967,AFD,33.9,32.8,34.6
09W425,0904,83,967,CDU,23.2,23.1,23.6
09W425,0904,83,967,LINKE,21.2,20.8,21.4
09W425,0904,83,967,Sonstige,10.3,10.2,10.5
09W425,0904,83,967,GRUENE,9.3,9.1,9.6
09W425,0904,83,967,SPD,7.4,7.0,9.3
09W425,0904,83,967,FDP,2.7,2.6,3.0
09W426,0904,83,972,AFD,38.5,37.6,39.1
09W426,0904,83,972,CDU,26.6,26.6,27.1
09W426,0904,83,972,LINKE,16.5,16.1,16.7
09W426,0904,83,972,Sonstige,9.4,9.2,9.5
09W426,0904,83,972,SPD,7.7,7.4,9.8
09W426,0904,83,972,GRUENE,4.9,4.7,5.1
09W426,0904,83,972,FDP,2.9,2.9,3.2
09W427,0904,83,971,AFD,40.5,39.7,41.2
09W427,0904,83,971,CDU,26.6,26.5,27.1
09W427,0904,83,971,LINKE,16.3,15.8,16.6
09W427,0904,83,971,Sonstige,9.9,9.8,10.1
09W427,0904,83,971,SPD,5.6,5.3,8.5
09W427,0904,83,971,GRUENE,5.0,4.9,5.4
09W427,0904,83,971,FDP,2.3,2.2,2.7
09W428,0904,83,1034,AFD,35.4,34.3,36.1
09W428,0904,83,1034,CDU,25.1,25.0,25.5
09W428,0904,83,1034,LINKE,16.9,16.7,17.1
09W428,0904,83,1034,Sonstige,11.5,11.4,11.7
09W428,0904,83,1034,GRUENE,8.5,8.4,8.8
09W428,0904,83,1034,SPD,7.8,7.4,9.8
09W428,0904,83,1034,FDP,2.5,2.4,2.7
09W429,0904,83,1035,AFD,35.5,34.6,36.1
09W429,0904,83,1035,CDU,26.3,26.2,26.7
09W429,0904,83,1035,LINKE,16.8,16.4,16.9
09W429,0904,83,1035,Sonstige,9.1,9.0,9.2
09W429,0904,83,1035,GRUENE,8.1,7.9,8.3
09W429,0904,83,1035,SPD,7.7,7.3,9.9
09W429,0904,83,1035,FDP,3.2,3.1,3.4
09W430,0904,83,967,AFD,40.0,38.7,40.5
09W430,0904,83,967,CDU,23.6,23.5,23.9
09W430,0904,83,967,LINKE,19.3,18.8,19.4
09W430,0904,83,967,Sonstige,8.8,8.7,9.0
09W430,0904,83,967,SPD,8.2,7.8,10.0
09W430,0904,83,967,GRUENE,5.2,5.0,5.4
09W430,0904,83,967,FDP,3.1,3.0,3.3
09W431,0904,83,972,AFD,43.8,42.8,44.2
09W431,0904,83,972,CDU,25.7,25.6,26.1
09W431,0904,83,972,LINKE,16.7,16.1,17.0
09W431,0904,83,972,Sonstige,10.7,10.6,10.9
09W431,0904,83,972,SPD,5.9,5.5,8.3
09W431,0904,83,972,FDP,2.3,2.2,2.6
09W431,0904,83,972,GRUENE,1.9,1.8,2.2
09W432,0904,83,937,AFD,41.3,39.5,41.8
09W432,0904,83,937,CDU,23.9,23.8,24.3
09W432,0904,83,937,LINKE,18.8,18.5,18.9
09W432,0904,83,937,Sonstige,10.2,10.1,10.4
09W432,0904,83,937,SPD,8.2,7.9,9.8
09W432,0904,83,937,GRUENE,4.3,4.2,4.6
09W432,0904,83,937,FDP,2.6,2.5,2.9
09W433,0904,83,1036,AFD,42.5,41.5,43.0
09W433,0904,83,1036,CDU,25.0,24.9,25.4
09W433,0904,83,1036,LINKE,20.3,19.7,20.5
09W433,0904,83,1036,Sonstige,8.6,8.4,8.7
09W433,0904,83,1036,SPD,6.3,5.9,8.7
09W433,0904,83,1036,FDP,2.8,2.8,3.1
09W433,0904,83,1036,GRUENE,2.6,2.5,2.9
09W501,0905,83,976,AFD,27.3,26.1,27.7
09W501,0905,83,976,LINKE,22.3,21.9,22.4
09W501,0905,83,976,CDU,19.6,19.5,19.9
09W501,0905,83,976,GRUENE,12.9,12.8,13.1
09W501,0905,83,976,Sonstige,10.7,10.6,10.9
09W501,0905,83,976,SPD,7.1,6.9,8.9
09W501,0905,83,976,FDP,2.9,2.8,3.0
09W502,0905,83,971,AFD,33.0,31.9,33.4
09W502,0905,83,971,LINKE,23.0,22.7,23.1
09W502,0905,83,971,CDU,16.1,16.0,16.3
09W502,0905,83,971,Sonstige,13.1,13.0,13.3
09W502,0905,83,971,GRUENE,10.9,10.8,11.1
09W502,0905,83,971,SPD,7.0,6.8,8.8
09W502,0905,83,971,FDP,2.0,2.0,2.4
09W503,0905,83,992,AFD,26.9,25.9,27.4
09W503,0905,83,992,LINKE,26.4,25.9,26.5
09W503,0905,83,992,GRUENE,14.3,14.1,14.5
09W503,0905,83,992,CDU,13.2,13.1,13.4
09W503,0905,83,992,Sonstige,12.2,12.1,12.5
09W503,0905,83,992,SPD,7.5,7.2,9.2
09W503,0905,83,992,FDP,2.4,2.3,2.6
09W504,0905,83,993,AFD,32.2,30.8,32.7
09W504,0905,83,993,LINKE,25.8,25.4,25.9
09W504,0905,83,993,Sonstige,13.9,13.8,14.1
09W504,0905,83,993,CDU,13.6,13.4,13.8
09W504,0905,83,993,GRUENE,12.3,12.2,12.5
09W504,0905,83,993,SPD,6.5,6.2,7.8
09W504,0905,83,993,FDP,2.3,2.3,2.6
09W505,0905,83,954,AFD,37.8,37.0,38.2
09W505,0905,83,954,LINKE,22.4,22.1,22.5
09W505,0905,83,954,CDU,15.6,15.5,15.9
09W505,0905,83,954,Sonstige,14.4,14.3,14.6
09W505,0905,83,954,SPD,7.7,7.5,9.7
09W505,0905,83,954,GRUENE,5.5,5.3,5.7
09W505,0905,83,954,FDP,1.5,1.5,1.8
09W506,0905,83,961,AFD,33.3,32.2,33.7
09W506,0905,83,961,LINKE,21.7,21.3,21.8
09W506,0905,83,961,CDU,15.8,15.7,16.1
09W506,0905,83,961,Sonstige,15.4,15.3,15.6
09W506,0905,83,961,GRUENE,10.2,10.0,10.4
09W506,0905,83,961,SPD,6.6,6.3,8.0
09W506,0905,83,961,FDP,1.8,1.7,2.2
09W507,0905,83,966,AFD,38.3,37.3,38.8
09W507,0905,83,966,LINKE,21.0,20.5,21.1
09W507,0905,83,966,CDU,16.5,16.4,16.8
09W507,0905,83,966,Sonstige,13.4,13.3,13.6
09W507,0905,83,966,SPD,9.2,9.0,10.7
09W507,0905,83,966,GRUENE,3.3,3.2,3.6
09W507,0905,83,966,FDP,1.8,1.7,2.0
09W508,0905,83,939,AFD,37.5,36.1,38.0
09W508,0905,83,939,LINKE,21.8,21.5,22.0
09W508,0905,83,939,Sonstige,19.0,18.8,19.2
09W508,0905,83,939,CDU,13.3,13.1,13.5
09W508,0905,83,939,GRUENE,7.8,7.6,8.1
09W508,0905,83,939,SPD,3.7,3.5,7.2
09W508,0905,83,939,FDP,1.4,1.3,1.5
09W509,0905,83,950,AFD,32.5,31.5,33.0
09W509,0905,83,950,CDU,21.5,21.4,21.9
09W509,0905,83,950,LINKE,21.3,21.0,21.4
09W509,0905,83,950,Sonstige,10.9,10.8,11.0
09W509,0905,83,950,GRUENE,9.7,9.5,9.9
09W509,0905,83,950,SPD,6.3,6.1,8.5
09W509,0905,83,950,FDP,2.5,2.5,2.7
09W510,0905,83,989,AFD,34.1,33.4,34.7
09W510,0905,83,989,CDU,20.8,20.6,21.1
09W510,0905,83,989,LINKE,19.5,19.1,19.7
09W510,0905,83,989,Sonstige,11.4,11.2,11.6
09W510,0905,83,989,SPD,8.6,8.4,10.1
09W510,0905,83,989,GRUENE,6.5,6.3,6.7
09W510,0905,83,989,FDP,2.4,2.4,2.6
09W511,0905,83,977,AFD,28.3,27.5,28.8
09W511,0905,83,977,LINKE,20.1,19.9,20.2
09W511,0905,83,977,CDU,16.4,16.4,16.7
09W511,0905,83,977,GRUENE,12.7,12.6,12.8
09W511,0905,83,977,Sonstige,12.2,12.1,12.4
09W511,0905,83,977,SPD,10.2,10.1,11.4
09W511,0905,83,977,FDP,2.5,2.4,2.6
09W512,0905,83,955,AFD,33.0,31.8,33.4
09W512,0905,83,955,LINKE,21.7,21.3,21.9
09W512,0905,83,955,CDU,16.4,16.3,16.6
09W512,0905,83,955,Sonstige,12.4,12.2,12.5
09W512,0905,83,955,GRUENE,10.7,10.5,10.9
09W512,0905,83,955,SPD,7.4,7.2,8.6
09W512,0905,83,955,FDP,2.2,2.1,2.4
09W513,0905,83,943,AFD,30.9,30.1,31.4
09W513,0905,83,943,LINKE,21.1,20.9,21.2
09W513,0905,83,943,CDU,15.2,15.1,15.5
09W513,0905,83,943,Sonstige,14.8,14.7,14.9
09W513,0905,83,943,GRUENE,12.7,12.6,12.9
09W513,0905,83,943,SPD,6.8,6.7,8.7
09W513,0905,83,943,FDP,2.0,1.9,2.1
09W514,0905,83,1044,AFD,32.1,31.2,32.5
09W514,0905,83,1044,LINKE,23.2,22.8,23.3
09W514,0905,83,1044,CDU,14.6,14.5,14.8
09W514,0905,83,1044,Sonstige,14.0,13.9,14.1
09W514,0905,83,1044,GRUENE,12.6,12.4,12.8
09W514,0905,83,1044,SPD,5.2,5.0,7.5
09W514,0905,83,1044,FDP,1.9,1.9,2.2
09W515,0905,83,1033,AFD,32.3,31.5,32.8
09W515,0905,83,1033,CDU,22.7,22.6,23.1
09W515,0905,83,1033,LINKE,19.0,18.6,19.0
09W515,0905,83,1033,Sonstige,10.6,10.4,10.7
09W515,0905,83,1033,SPD,7.9,7.7,9.7
09W515,0905,83,1033,GRUENE,7.6,7.5,7.8
09W515,0905,83,1033,FDP,3.0,2.9,3.1
09W516,0905,83,968,AFD,30.3,29.1,30.7
09W516,0905,83,968,LINKE,23.5,23.2,23.7
09W516,0905,83,968,GRUENE,14.4,14.2,14.6
09W516,0905,83,968,CDU,13.2,13.1,13.4
09W516,0905,83,968,Sonstige,12.6,12.4,12.8
09W516,0905,83,968,SPD,7.3,7.1,9.1
09W516,0905,83,968,FDP,2.5,2.5,2.7
09W517,0905,83,940,AFD,28.5,27.1,29.0
09W517,0905,83,940,LINKE,25.8,25.5,25.9
09W517,0905,83,940,Sonstige,14.2,14.1,14.4
09W517,0905,83,940,CDU,13.9,13.8,14.1
09W517,0905,83,940,GRUENE,12.6,12.5,12.8
09W517,0905,83,940,SPD,6.5,6.3,8.4
09W517,0905,83,940,FDP,2.6,2.5,2.7
09W518,0905,83,967,AFD,30.6,29.6,31.0
09W518,0905,83,967,LINKE,22.0,21.6,22.1
09W518,0905,83,967,CDU,15.0,14.9,15.2
09W518,0905,83,967,Sonstige,13.6,13.5,13.7
09W518,0905,83,967,GRUENE,11.8,11.7,12.0
09W518,0905,83,967,SPD,7.4,7.2,9.2
09W518,0905,83,967,FDP,2.2,2.1,2.4
09W519,0905,83,972,AFD,32.1,31.2,32.6
09W519,0905,83,972,LINKE,24.5,24.2,24.6
09W519,0905,83,972,CDU,16.2,16.0,16.4
09W519,0905,83,972,Sonstige,10.3,10.2,10.5
09W519,0905,83,972,SPD,9.7,9.5,10.7
09W519,0905,83,972,GRUENE,9.4,9.2,9.5
09W519,0905,83,972,FDP,1.8,1.7,2.2
09W520,0905,83,958,AFD,31.9,31.4,32.4
09W520,0905,83,958,LINKE,22.2,21.9,22.3
09W520,0905,83,958,Sonstige,15.5,15.4,15.7
09W520,0905,83,958,CDU,14.0,13.9,14.2
09W520,0905,83,958,GRUENE,9.2,9.1,9.5
09W520,0905,83,958,SPD,7.9,7.7,9.6
09W520,0905,83,958,FDP,2.2,2.2,2.4
09W521,0905,83,970,AFD,32.6,32.1,33.2
09W521,0905,83,970,LINKE,21.4,20.9,21.6
09W521,0905,83,970,CDU,14.7,14.6,15.0
09W521,0905,83,970,Sonstige,12.2,12.1,12.4
09W521,0905,83,970,GRUENE,11.6,11.4,11.7
09W521,0905,83,970,SPD,6.6,6.4,8.5
09W521,0905,83,970,FDP,2.3,2.3,2.5
09W522,0905,83,855,AFD,27.1,25.9,27.5
09W522,0905,83,855,CDU,25.5,25.4,25.9
09W522,0905,83,855,LINKE,20.0,19.7,20.1
09W522,0905,83,855,GRUENE,10.6,10.4,10.9
09W522,0905,83,855,SPD,9.0,8.8,9.6
09W522,0905,83,855,Sonstige,8.2,8.0,8.3
09W522,0905,83,855,FDP,4.0,3.9,4.1
09W523,0905,83,1048,AFD,33.6,33.0,34.1
09W523,0905,83,1048,CDU,19.4,19.3,19.8
09W523,0905,83,1048,LINKE,17.8,17.5,18.0
09W523,0905,83,1048,SPD,11.4,11.2,12.2
09W523,0905,83,1048,Sonstige,11.3,11.2,11.4
09W523,0905,83,1048,GRUENE,6.3,6.2,6.5
09W523,0905,83,1048,FDP,2.2,2.2,2.5
09W524,0905,83,1060,AFD,22.8,21.0,23.2
09W524,0905,83,1060,LINKE,19.3,19.2,19.4
09W524,0905,83,1060,CDU,19.3,19.2,19.6
09W524,0905,83,1060,GRUENE,17.8,17.6,18.2
09W524,0905,83,1060,SPD,10.6,9.5,10.9
09W524,0905,83,1060,Sonstige,9.7,9.5,9.9
09W524,0905,83,1060,FDP,3.2,3.2,3.5
09W525,0905,83,1059,AFD,27.7,26.7,28.1
09W525,0905,83,1059,CDU,20.9,20.7,21.2
09W525,0905,83,1059,LINKE,18.7,18.3,18.8
09W525,0905,83,1059,GRUENE,11.9,11.7,12.0
09W525,0905,83,1059,Sonstige,10.7,10.6,10.9
09W525,0905,83,1059,SPD,9.3,9.2,10.1
09W525,0905,83,1059,FDP,3.6,3.5,3.7
09W526,0905,83,1048,AFD,30.4,29.2,30.8
09W526,0905,83,1048,LINKE,19.3,19.1,19.5
09W526,0905,83,1048,CDU,18.7,18.6,19.0
09W526,0905,83,1048,GRUENE,13.0,12.8,13.2
09W526,0905,83,1048,Sonstige,11.5,11.4,11.6
09W526,0905,83,1048,SPD,9.5,9.2,9.7
09W526,0905,83,1048,FDP,2.8,2.8,3.0
09W527,0905,83,1065,AFD,29.1,28.5,29.8
09W527,0905,83,1065,CDU,26.3,26.1,26.7
09W527,0905,83,1065,LINKE,18.7,18.4,18.8
09W527,0905,83,1065,SPD,10.7,10.5,11.8
09W527,0905,83,1065,Sonstige,8.6,8.4,8.8
09W527,0905,83,1065,GRUENE,6.3,6.2,6.6
09W527,0905,83,1065,FDP,3.4,3.3,3.5
09W528,0905,83,904,AFD,30.9,29.8,31.3
09W528,0905,83,904,CDU,24.8,24.7,25.2
09W528,0905,83,904,LINKE,18.3,17.8,18.4
09W528,0905,83,904,SPD,10.9,10.6,11.5
09W528,0905,83,904,Sonstige,8.2,8.1,8.4
09W528,0905,83,904,GRUENE,7.2,7.0,7.4
09W528,0905,83,904,FDP,3.8,3.7,3.9
09W529,0905,83,794,AFD,28.4,27.5,28.8
09W529,0905,83,794,CDU,24.2,24.0,24.6
09W529,0905,83,794,LINKE,18.2,17.8,18.3
09W529,0905,83,794,GRUENE,11.5,11.4,11.8
09W529,0905,83,794,SPD,8.8,8.5,10.1
09W529,0905,83,794,Sonstige,8.7,8.6,8.9
09W529,0905,83,794,FDP,3.2,3.1,3.3
09W530,0905,83,698,AFD,31.1,30.4,31.7
09W530,0905,83,698,CDU,26.2,26.0,26.6
09W530,0905,83,698,LINKE,18.3,18.0,18.4
09W530,0905,83,698,SPD,10.4,10.2,11.5
09W530,0905,83,698,Sonstige,8.3,8.1,8.4
09W530,0905,83,698,GRUENE,5.5,5.4,5.8
09W530,0905,83,698,FDP,3.6,3.5,3.7
09W531,0905,83,700,AFD,32.3,31.6,32.8
09W531,0905,83,700,CDU,25.8,25.7,26.3
09W531,0905,83,700,LINKE,12.5,12.2,12.7
09W531,0905,83,700,Sonstige,9.7,9.5,9.8
09W531,0905,83,700,GRUENE,9.5,9.3,9.8
09W531,0905,83,700,SPD,8.8,8.6,10.0
09W531,0905,83,700,FDP,4.0,3.8,4.1
09W532,0905,83,399,CDU,30.7,30.5,31.2
09W532,0905,83,399,AFD,30.6,29.8,31.3
09W532,0905,83,399,LINKE,11.1,10.8,11.4
09W532,0905,83,399,SPD,9.9,9.7,11.0
09W532,0905,83,399,GRUENE,7.4,7.3,7.7
09W532,0905,83,399,Sonstige,7.4,7.2,7.6
09W532,0905,83,399,FDP,4.2,4.0,4.4
09W601,0906,83,1022,AFD,34.0,33.2,34.6
09W601,0906,83,1022,CDU,20.9,20.8,21.2
09W601,0906,83,1022,LINKE,20.1,19.7,20.3
09W601,0906,83,1022,Sonstige,12.5,12.4,12.7
09W601,0906,83,1022,SPD,8.0,7.7,9.6
09W601,0906,83,1022,GRUENE,6.7,6.6,7.0
09W601,0906,83,1022,FDP,2.1,2.1,2.5
09W602,0906,83,1017,AFD,33.0,32.1,33.6
09W602,0906,83,1017,LINKE,19.0,18.7,19.2
09W602,0906,83,1017,CDU,18.6,18.4,18.9
09W602,0906,83,1017,Sonstige,11.7,11.6,11.9
09W602,0906,83,1017,SPD,11.7,11.4,12.2
09W602,0906,83,1017,GRUENE,5.9,5.8,6.2
09W602,0906,83,1017,FDP,2.2,2.1,2.6
09W603,0906,83,1002,AFD,34.9,34.0,35.4
09W603,0906,83,1002,CDU,19.6,19.5,19.9
09W603,0906,83,1002,LINKE,19.6,19.1,19.7
09W603,0906,83,1002,Sonstige,10.6,10.4,10.8
09W603,0906,83,1002,SPD,10.3,10.0,10.7
09W603,0906,83,1002,GRUENE,6.1,5.9,6.5
09W603,0906,83,1002,FDP,2.3,2.2,2.6
09W604,0906,83,1005,AFD,35.9,35.2,36.6
09W604,0906,83,1005,LINKE,24.0,23.5,24.2
09W604,0906,83,1005,CDU,17.5,17.4,17.8
09W604,0906,83,1005,Sonstige,10.9,10.7,11.2
09W604,0906,83,1005,SPD,10.0,9.7,11.3
09W604,0906,83,1005,GRUENE,2.7,2.5,3.0
09W604,0906,83,1005,FDP,2.1,2.0,2.4
09W605,0906,83,992,AFD,37.3,36.0,38.0
09W605,0906,83,992,LINKE,23.0,22.8,23.2
09W605,0906,83,992,CDU,18.8,18.6,19.2
09W605,0906,83,992,SPD,13.4,13.0,13.7
09W605,0906,83,992,Sonstige,9.4,9.2,9.6
09W605,0906,83,992,FDP,2.3,2.2,2.6
09W605,0906,83,992,GRUENE,1.4,1.2,1.6
09W606,0906,83,929,AFD,35.3,34.4,35.9
09W606,0906,83,929,CDU,19.7,19.7,20.1
09W606,0906,83,929,LINKE,19.4,19.0,19.6
09W606,0906,83,929,Sonstige,12.0,11.9,12.1
09W606,0906,83,929,SPD,9.1,8.8,10.3
09W606,0906,83,929,GRUENE,5.6,5.4,5.7
09W606,0906,83,929,FDP,2.4,2.3,2.6
09W607,0906,83,865,AFD,35.9,34.9,36.5
09W607,0906,83,865,LINKE,21.6,21.2,21.8
09W607,0906,83,865,CDU,21.2,21.0,21.6
09W607,0906,83,865,SPD,11.5,11.3,12.4
09W607,0906,83,865,Sonstige,11.4,11.2,11.7
09W607,0906,83,865,FDP,2.3,2.3,2.5
09W607,0906,83,865,GRUENE,1.2,1.0,1.5
09W608,0906,83,895,AFD,38.1,37.0,38.6
09W608,0906,83,895,LINKE,23.9,23.5,24.0
09W608,0906,83,895,CDU,16.3,16.1,16.6
09W608,0906,83,895,Sonstige,14.5,14.3,14.7
09W608,0906,83,895,SPD,10.8,10.5,11.5
09W608,0906,83,895,FDP,1.6,1.5,2.0
09W608,0906,83,895,GRUENE,1.6,1.4,1.9
09W609,0906,83,862,AFD,41.5,40.8,42.2
09W609,0906,83,862,LINKE,24.5,23.9,24.7
09W609,0906,83,862,Sonstige,16.0,15.8,16.3
09W609,0906,83,862,CDU,12.5,12.3,12.8
09W609,0906,83,862,SPD,6.4,6.1,8.3
09W609,0906,83,862,GRUENE,3.3,3.2,3.6
09W609,0906,83,862,FDP,1.7,1.7,1.9
09W610,0906,83,877,AFD,39.9,38.9,40.5
09W610,0906,83,877,LINKE,20.3,20.0,20.5
09W610,0906,83,877,CDU,17.9,17.8,18.3
09W610,0906,83,877,Sonstige,14.3,14.2,14.6
09W610,0906,83,877,SPD,9.2,8.9,10.5
09W610,0906,83,877,GRUENE,3.1,3.0,3.3
09W610,0906,83,877,FDP,2.0,2.0,2.2
09W611,0906,83,988,AFD,38.0,36.6,38.6
09W611,0906,83,988,LINKE,24.2,23.8,24.4
09W611,0906,83,988,Sonstige,13.9,13.7,14.0
09W611,0906,83,988,CDU,11.6,11.5,11.8
09W611,0906,83,988,GRUENE,9.4,9.2,9.6
09W611,0906,83,988,SPD,8.5,8.2,9.4
09W611,0906,83,988,FDP,2.0,1.9,2.2
09W612,0906,83,979,AFD,41.5,40.5,42.0
09W612,0906,83,979,LINKE,20.1,19.5,20.3
09W612,0906,83,979,Sonstige,16.0,15.8,16.3
09W612,0906,83,979,CDU,14.5,14.4,14.8
09W612,0906,83,979,GRUENE,5.5,5.3,5.7
09W612,0906,83,979,SPD,5.4,5.0,7.4
09W612,0906,83,979,FDP,1.6,1.6,2.0
09W613,0906,83,984,AFD,38.0,36.5,38.6
09W613,0906,83,984,LINKE,22.9,22.4,23.0
09W613,0906,83,984,CDU,15.4,15.3,15.6
09W613,0906,83,984,Sonstige,13.2,13.0,13.4
09W613,0906,83,984,GRUENE,9.2,9.1,9.4
09W613,0906,83,984,SPD,6.4,6.2,7.8
09W613,0906,83,984,FDP,2.1,2.0,2.4
09W614,0906,83,1040,AFD,38.0,37.3,38.7
09W614,0906,83,1040,CDU,20.4,20.3,20.8
09W614,0906,83,1040,LINKE,16.6,16.3,16.7
09W614,0906,83,1040,Sonstige,11.2,11.1,11.4
09W614,0906,83,1040,SPD,10.2,10.0,10.9
09W614,0906,83,1040,GRUENE,5.5,5.3,5.7
09W614,0906,83,1040,FDP,2.3,2.2,2.6
09W615,0906,83,1025,AFD,36.1,35.1,36.6
09W615,0906,83,1025,CDU,21.9,21.8,22.2
09W615,0906,83,1025,LINKE,17.6,17.2,17.7
09W615,0906,83,1025,Sonstige,12.6,12.4,12.7
09W615,0906,83,1025,GRUENE,6.8,6.6,7.0
09W615,0906,83,1025,SPD,6.4,6.1,8.3
09W615,0906,83,1025,FDP,2.3,2.3,2.6
09W616,0906,83,1026,AFD,34.4,33.6,35.0
09W616,0906,83,1026,CDU,22.6,22.5,23.0
09W616,0906,83,1026,LINKE,19.4,18.9,19.6
09W616,0906,83,1026,Sonstige,9.4,9.3,9.6
09W616,0906,83,1026,SPD,9.3,9.1,10.9
09W616,0906,83,1026,GRUENE,4.4,4.3,4.6
09W616,0906,83,1026,FDP,3.2,3.1,3.3
09W617,0906,83,1046,AFD,37.2,36.4,37.7
09W617,0906,83,1046,CDU,20.7,20.5,21.0
09W617,0906,83,1046,LINKE,19.4,19.2,19.6
09W617,0906,83,1046,SPD,11.5,11.3,11.9
09W617,0906,83,1046,Sonstige,9.7,9.5,9.8
09W617,0906,83,1046,GRUENE,3.5,3.4,3.8
09W617,0906,83,1046,FDP,2.4,2.3,2.7
09W618,0906,83,1036,AFD,35.2,34.4,35.8
09W618,0906,83,1036,CDU,24.5,24.3,24.9
09W618,0906,83,1036,LINKE,19.5,19.1,19.6
09W618,0906,83,1036,SPD,9.8,9.5,11.4
09W618,0906,83,1036,Sonstige,9.4,9.3,9.6
09W618,0906,83,1036,GRUENE,3.4,3.3,3.6
09W618,0906,83,1036,FDP,2.5,2.5,2.7
09W619,0906,83,971,AFD,34.8,33.7,35.3
09W619,0906,83,971,CDU,23.9,23.8,24.3
09W619,0906,83,971,LINKE,18.4,18.1,18.6
09W619,0906,83,971,SPD,9.4,9.1,10.4
09W619,0906,83,971,Sonstige,9.1,9.0,9.3
09W619,0906,83,971,GRUENE,5.2,5.1,5.5
09W619,0906,83,971,FDP,2.9,2.9,3.1
09W620,0906,83,768,AFD,32.4,31.4,32.9
09W620,0906,83,768,LINKE,23.3,22.8,23.5
09W620,0906,83,768,CDU,22.1,22.0,22.5
09W620,0906,83,768,GRUENE,8.7,8.5,9.0
09W620,0906,83,768,Sonstige,8.7,8.5,8.8
09W620,0906,83,768,SPD,7.4,7.1,8.8
09W620,0906,83,768,FDP,3.2,3.2,3.3
09W621,0906,83,806,AFD,31.9,30.4,32.3
09W621,0906,83,806,CDU,24.7,24.5,25.0
09W621,0906,83,806,LINKE,19.0,18.6,19.1
09W621,0906,83,806,Sonstige,9.5,9.3,9.6
09W621,0906,83,806,GRUENE,8.3,8.1,8.4
09W621,0906,83,806,SPD,8.2,7.9,9.5
09W621,0906,83,806,FDP,4.1,3.9,4.2
09W622,0906,83,1041,AFD,39.5,38.5,40.0
09W622,0906,83,1041,LINKE,25.6,25.3,25.8
09W622,0906,83,1041,CDU,15.6,15.4,15.9
09W622,0906,83,1041,Sonstige,12.9,12.8,13.1
09W622,0906,83,1041,SPD,7.5,7.3,8.9
09W622,0906,83,1041,GRUENE,5.2,5.1,5.4
09W622,0906,83,1041,FDP,1.8,1.7,2.1
09W623,0906,83,1036,AFD,35.6,34.6,36.3
09W623,0906,83,1036,LINKE,21.6,21.3,21.7
09W623,0906,83,1036,CDU,20.8,20.6,21.2
09W623,0906,83,1036,Sonstige,10.8,10.7,11.0
09W623,0906,83,1036,SPD,8.9,8.6,9.8
09W623,0906,83,1036,GRUENE,6.4,6.3,6.7
09W623,0906,83,1036,FDP,2.9,2.8,3.0
09W624,0906,83,873,AFD,30.4,29.5,30.9
09W624,0906,83,873,CDU,23.8,23.7,24.2
09W624,0906,83,873,LINKE,18.7,18.4,18.8
09W624,0906,83,873,GRUENE,9.9,9.8,10.2
09W624,0906,83,873,Sonstige,9.8,9.6,9.9
09W624,0906,83,873,SPD,8.5,8.3,9.6
09W624,0906,83,873,FDP,3.4,3.4,3.6
09W625,0906,83,931,AFD,37.0,36.2,37.6
09W625,0906,83,931,CDU,25.2,25.1,25.7
09W625,0906,83,931,LINKE,17.8,17.1,18.0
09W625,0906,83,931,Sonstige,8.9,8.7,9.0
09W625,0906,83,931,SPD,7.0,6.7,9.2
09W625,0906,83,931,GRUENE,3.9,3.8,4.1
09W625,0906,83,931,FDP,3.2,3.0,3.3
09W626,0906,83,925,AFD,36.6,35.7,37.0
09W626,0906,83,925,CDU,25.8,25.7,26.2
09W626,0906,83,925,LINKE,17.7,17.4,17.9
09W626,0906,83,925,Sonstige,9.2,9.0,9.4
09W626,0906,83,925,SPD,7.0,6.7,9.1
09W626,0906,83,925,GRUENE,5.6,5.5,5.9
09W626,0906,83,925,FDP,2.8,2.7,2.9
09W627,0906,83,926,AFD,37.0,36.0,37.5
09W627,0906,83,926,CDU,25.2,25.1,25.6
09W627,0906,83,926,LINKE,18.5,17.9,18.6
09W627,0906,83,926,Sonstige,9.1,9.0,9.3
09W627,0906,83,926,SPD,7.9,7.6,9.6
09W627,0906,83,926,GRUENE,3.7,3.6,4.0
09W627,0906,83,926,FDP,3.1,3.0,3.3
09W628,0906,83,931,AFD,42.7,41.6,43.2
09W628,0906,83,931,CDU,24.0,23.8,24.4
09W628,0906,83,931,LINKE,16.1,15.4,16.4
09W628,0906,83,931,Sonstige,10.5,10.2,10.7
09W628,0906,83,931,SPD,5.2,4.9,6.9
09W628,0906,83,931,GRUENE,3.9,3.8,4.2
09W628,0906,83,931,FDP,2.9,2.9,3.1
09W629,0906,83,919,AFD,38.3,37.4,38.9
09W629,0906,83,919,CDU,29.1,28.9,29.6
09W629,0906,83,919,LINKE,13.1,12.6,13.4
09W629,0906,83,919,Sonstige,10.4,10.2,10.6
09W629,0906,83,919,SPD,5.9,5.6,7.9
09W629,0906,83,919,FDP,3.9,3.8,4.1
09W629,0906,83,919,GRUENE,2.8,2.7,3.0
09W630,0906,83,961,AFD,36.9,36.2,37.7
09W630,0906,83,961,CDU,27.4,27.2,27.9
09W630,0906,83,961,LINKE,13.2,12.6,13.5
09W630,0906,83,961,SPD,8.9,8.7,9.7
09W630,0906,83,961,Sonstige,8.2,8.0,8.4
09W630,0906,83,961,FDP,3.8,3.6,3.9
09W630,0906,83,961,GRUENE,3.7,3.5,3.9
09W701,0907,83,947,AFD,28.7,28.2,29.9
09W701,0907,83,947,CDU,23.9,23.8,24.3
09W701,0907,83,947,LINKE,19.6,19.2,19.7
09W701,0907,83,947,Sonstige,9.4,9.3,9.5
09W701,0907,83,947,SPD,8.6,8.5,10.6
09W701,0907,83,947,GRUENE,7.5,7.3,7.7
09W701,0907,83,947,FDP,2.9,2.9,3.0
09W702,0907,83,933,AFD,29.6,29.3,30.4
09W702,0907,83,933,LINKE,22.4,22.2,22.6
09W702,0907,83,933,CDU,15.7,15.5,16.0
09W702,0907,83,933,Sonstige,12.8,12.6,12.9
09W702,0907,83,933,SPD,11.9,11.6,12.1
09W702,0907,83,933,GRUENE,7.1,7.0,7.4
09W702,0907,83,933,FDP,2.1,2.1,2.5
09W703,0907,83,927,AFD,29.3,28.9,30.1
09W703,0907,83,927,LINKE,21.1,20.8,21.2
09W703,0907,83,927,CDU,19.7,19.6,20.1
09W703,0907,83,927,Sonstige,11.3,11.1,11.5
09W703,0907,83,927,SPD,9.8,9.6,11.3
09W703,0907,83,927,GRUENE,7.7,7.6,8.0
09W703,0907,83,927,FDP,2.3,2.3,2.6
09W704,0907,83,940,AFD,29.6,29.2,30.9
09W704,0907,83,940,LINKE,21.0,20.7,21.2
09W704,0907,83,940,CDU,19.0,18.8,19.3
09W704,0907,83,940,Sonstige,11.3,11.2,11.5
09W704,0907,83,940,SPD,9.9,9.6,11.7
09W704,0907,83,940,GRUENE,6.6,6.5,6.9
09W704,0907,83,940,FDP,1.8,1.7,2.1
09W705,0907,83,935,AFD,32.2,31.6,32.7
09W705,0907,83,935,CDU,23.1,23.0,23.5
09W705,0907,83,935,LINKE,19.0,18.6,19.2
09W705,0907,83,935,Sonstige,9.1,9.0,9.3
09W705,0907,83,935,SPD,8.9,8.7,10.1
09W705,0907,83,935,GRUENE,6.4,6.3,6.6
09W705,0907,83,935,FDP,3.0,2.9,3.2
09W706,0907,83,933,AFD,26.1,25.6,26.7
09W706,0907,83,933,CDU,24.4,24.2,24.8
09W706,0907,83,933,LINKE,20.4,20.0,20.5
09W706,0907,83,933,GRUENE,12.0,11.9,12.2
09W706,0907,83,933,SPD,8.8,8.7,10.0
09W706,0907,83,933,Sonstige,7.6,7.5,7.8
09W706,0907,83,933,FDP,3.2,3.2,3.3
09W707,0907,83,938,AFD,27.4,27.0,28.3
09W707,0907,83,938,CDU,22.3,22.2,22.6
09W707,0907,83,938,LINKE,18.7,18.5,18.8
09W707,0907,83,938,Sonstige,10.2,10.1,10.4
09W707,0907,83,938,SPD,10.0,9.9,11.2
09W707,0907,83,938,GRUENE,9.2,9.1,9.4
09W707,0907,83,938,FDP,3.0,3.0,3.2
09W708,0907,83,940,AFD,32.6,32.3,33.6
09W708,0907,83,940,LINKE,21.7,21.5,21.9
09W708,0907,83,940,CDU,17.2,17.1,17.5
09W708,0907,83,940,Sonstige,12.1,12.0,12.3
09W708,0907,83,940,SPD,10.6,10.4,11.4
09W708,0907,83,940,GRUENE,7.2,7.0,7.5
09W708,0907,83,940,FDP,2.2,2.1,2.5
09W709,0907,83,927,AFD,26.0,25.7,26.5
09W709,0907,83,927,LINKE,23.7,23.5,23.8
09W709,0907,83,927,CDU,19.8,19.7,20.1
09W709,0907,83,927,Sonstige,12.1,12.0,12.2
09W709,0907,83,927,GRUENE,9.9,9.8,10.1
09W709,0907,83,927,SPD,9.1,8.9,10.4
09W709,0907,83,927,FDP,2.5,2.4,2.7
09W710,0907,83,976,AFD,24.6,24.2,25.0
09W710,0907,83,976,LINKE,22.1,21.9,22.3
09W710,0907,83,976,CDU,20.2,20.0,20.5
09W710,0907,83,976,GRUENE,14.7,14.6,14.9
09W710,0907,83,976,SPD,10.2,10.1,10.7
09W710,0907,83,976,Sonstige,9.6,9.5,9.7
09W710,0907,83,976,FDP,2.9,2.8,3.1
09W711,0907,83,988,AFD,26.6,26.2,27.5
09W711,0907,83,988,LINKE,20.1,19.9,20.1
09W711,0907,83,988,CDU,19.2,19.1,19.5
09W711,0907,83,988,Sonstige,11.5,11.4,11.6
09W711,0907,83,988,SPD,10.4,10.2,11.8
09W711,0907,83,988,GRUENE,9.5,9.4,9.7
09W711,0907,83,988,FDP,3.1,3.1,3.2
09W712,0907,83,861,AFD,29.6,29.1,30.1
09W712,0907,83,861,LINKE,24.2,23.9,24.3
09W712,0907,83,861,CDU,18.2,18.0,18.7
09W712,0907,83,861,Sonstige,12.3,12.2,12.5
09W712,0907,83,861,GRUENE,12.1,12.0,12.2
09W712,0907,83,861,SPD,6.2,6.0,8.3
09W712,0907,83,861,FDP,3.2,3.0,3.3
09W713,0907,83,860,AFD,29.0,28.5,29.4
09W713,0907,83,860,LINKE,25.8,25.6,25.9
09W713,0907,83,860,CDU,16.6,16.5,17.0
09W713,0907,83,860,GRUENE,12.0,11.9,12.3
09W713,0907,83,860,Sonstige,10.3,10.2,10.4
09W713,0907,83,860,SPD,8.6,8.4,10.3
09W713,0907,83,860,FDP,2.6,2.6,2.8
09W714,0907,83,874,AFD,30.0,29.8,30.9
09W714,0907,83,874,LINKE,22.2,21.9,22.3
09W714,0907,83,874,CDU,15.8,15.7,16.1
09W714,0907,83,874,Sonstige,13.6,13.5,13.7
09W714,0907,83,874,GRUENE,10.3,10.2,10.5
09W714,0907,83,874,SPD,8.5,8.3,9.5
09W714,0907,83,874,FDP,2.5,2.5,2.8
09W715,0907,83,1007,AFD,29.2,28.7,29.7
09W715,0907,83,1007,LINKE,24.0,23.7,24.2
09W715,0907,83,1007,CDU,16.8,16.6,17.2
09W715,0907,83,1007,GRUENE,12.1,12.0,12.3
09W715,0907,83,1007,SPD,10.9,10.7,11.4
09W715,0907,83,1007,Sonstige,9.3,9.2,9.5
09W715,0907,83,1007,FDP,3.0,2.9,3.1
09W716,0907,83,1004,AFD,28.1,27.3,28.4
09W716,0907,83,1004,LINKE,23.4,23.2,23.5
09W716,0907,83,1004,CDU,19.3,19.2,19.7
09W716,0907,83,1004,GRUENE,12.5,12.4,12.7
09W716,0907,83,1004,Sonstige,10.6,10.5,10.7
09W716,0907,83,1004,SPD,7.7,7.4,9.6
09W716,0907,83,1004,FDP,3.3,3.1,3.4
09W717,0907,83,1037,AFD,30.0,29.4,30.5
09W717,0907,83,1037,LINKE,27.7,27.4,27.9
09W717,0907,83,1037,CDU,14.9,14.7,15.2
09W717,0907,83,1037,Sonstige,11.6,11.4,11.8
09W717,0907,83,1037,SPD,10.8,10.5,11.8
09W717,0907,83,1037,GRUENE,8.3,8.1,8.5
09W717,0907,83,1037,FDP,2.2,2.1,2.4
09W718,0907,83,1061,LINKE,26.2,25.9,26.4
09W718,0907,83,1061,AFD,24.1,23.1,24.4
09W718,0907,83,1061,GRUENE,16.1,15.9,16.3
09W718,0907,83,1061,CDU,15.1,15.0,15.4
09W718,0907,83,1061,Sonstige,10.3,10.2,10.5
09W718,0907,83,1061,SPD,10.2,10.0,10.6
09W718,0907,83,1061,FDP,3.2,3.1,3.4
09W719,0907,83,997,AFD,25.8,25.2,26.2
09W719,0907,83,997,LINKE,24.5,24.3,24.6
09W719,0907,83,997,CDU,17.1,16.9,17.5
09W719,0907,83,997,GRUENE,16.4,16.3,16.5
09W719,0907,83,997,Sonstige,10.9,10.8,11.1
09W719,0907,83,997,SPD,8.4,8.2,9.2
09W719,0907,83,997,FDP,3.5,3.4,3.5
09W720,0907,83,993,AFD,25.7,25.1,26.0
09W720,0907,83,993,LINKE,23.3,23.1,23.5
09W720,0907,83,993,GRUENE,20.4,20.2,20.6
09W720,0907,83,993,CDU,13.7,13.5,13.9
09W720,0907,83,993,Sonstige,11.6,11.5,11.8
09W720,0907,83,993,SPD,7.2,7.0,8.3
09W720,0907,83,993,FDP,3.1,3.0,3.2
09W721,0907,83,1007,AFD,24.6,23.7,25.1
09W721,0907,83,1007,LINKE,23.1,22.6,23.5
09W721,0907,83,1007,CDU,17.1,16.9,17.5
09W721,0907,83,1007,SPD,13.7,13.2,13.9
09W721,0907,83,1007,GRUENE,12.1,11.9,12.6
09W721,0907,83,1007,Sonstige,11.2,11.1,11.6
09W721,0907,83,1007,FDP,2.5,2.4,2.7
09W722,0907,83,969,AFD,30.9,30.3,31.3
09W722,0907,83,969,LINKE,25.2,24.9,25.4
09W722,0907,83,969,CDU,17.1,17.0,17.5
09W722,0907,83,969,Sonstige,11.6,11.4,11.7
09W722,0907,83,969,GRUENE,10.1,9.9,10.3
09W722,0907,83,969,SPD,9.1,8.9,10.2
09W722,0907,83,969,FDP,2.9,2.9,3.1
09W723,0907,83,964,AFD,25.4,24.8,25.7
09W723,0907,83,964,LINKE,22.4,22.1,22.5
09W723,0907,83,964,CDU,16.9,16.7,17.2
09W723,0907,83,964,GRUENE,15.4,15.3,15.6
09W723,0907,83,964,SPD,10.6,10.3,10.8
09W723,0907,83,964,Sonstige,10.3,10.2,10.4
09W723,0907,83,964,FDP,3.5,3.4,3.6
09W724,0907,83,1007,AFD,28.3,27.8,28.7
09W724,0907,83,1007,LINKE,20.9,20.7,21.0
09W724,0907,83,1007,CDU,20.1,19.9,20.4
09W724,0907,83,1007,GRUENE,13.3,13.2,13.5
09W724,0907,83,1007,Sonstige,9.8,9.7,9.9
09W724,0907,83,1007,SPD,8.4,8.2,9.7
09W724,0907,83,1007,FDP,3.6,3.5,3.7
09W725,0907,83,1045,AFD,31.6,31.0,32.6
09W725,0907,83,1045,CDU,23.2,23.1,23.7
09W725,0907,83,1045,LINKE,18.2,17.8,18.3
09W725,0907,83,1045,Sonstige,9.7,9.6,9.9
09W725,0907,83,1045,SPD,8.1,7.9,9.7
09W725,0907,83,1045,GRUENE,7.9,7.7,8.1
09W725,0907,83,1045,FDP,3.5,3.4,3.6
09W726,0907,83,1036,AFD,33.3,32.7,34.5
09W726,0907,83,1036,CDU,26.3,26.2,26.7
09W726,0907,83,1036,LINKE,14.6,14.2,14.8
09W726,0907,83,1036,Sonstige,10.4,10.2,10.5
09W726,0907,83,1036,SPD,7.0,6.8,9.1
09W726,0907,83,1036,GRUENE,6.3,6.2,6.5
09W726,0907,83,1036,FDP,3.3,3.2,3.6
09W727,0907,83,1036,AFD,32.5,32.0,33.4
09W727,0907,83,1036,CDU,25.3,25.2,25.8
09W727,0907,83,1036,LINKE,18.2,17.9,18.4
09W727,0907,83,1036,Sonstige,9.3,9.2,9.5
09W727,0907,83,1036,GRUENE,7.6,7.4,7.8
09W727,0907,83,1036,SPD,7.1,6.9,9.2
09W727,0907,83,1036,FDP,3.4,3.2,3.5
09W728,0907,83,1045,AFD,30.3,29.7,31.0
09W728,0907,83,1045,CDU,24.1,23.9,24.5
09W728,0907,83,1045,LINKE,18.4,18.0,18.6
09W728,0907,83,1045,GRUENE,9.0,8.9,9.2
09W728,0907,83,1045,Sonstige,8.9,8.8,9.1
09W728,0907,83,1045,SPD,8.5,8.3,9.8
09W728,0907,83,1045,FDP,3.3,3.2,3.5
09W729,0907,83,1047,AFD,29.7,29.2,31.0
09W729,0907,83,1047,CDU,24.3,24.1,24.7
09W729,0907,83,1047,LINKE,14.4,14.1,14.6
09W729,0907,83,1047,GRUENE,11.0,10.8,11.3
09W729,0907,83,1047,Sonstige,9.9,9.8,10.1
09W729,0907,83,1047,SPD,8.9,8.6,10.2
09W729,0907,83,1047,FDP,3.0,3.0,3.2
09W730,0907,83,1046,AFD,31.5,30.9,32.7
09W730,0907,83,1046,CDU,25.8,25.7,26.2
09W730,0907,83,1046,LINKE,16.9,16.4,17.0
09W730,0907,83,1046,Sonstige,9.1,8.9,9.2
09W730,0907,83,1046,GRUENE,8.0,7.8,8.2
09W730,0907,83,1046,SPD,7.2,7.0,9.1
09W730,0907,83,1046,FDP,3.4,3.4,3.6
09W731,0907,83,1064,AFD,27.6,27.2,29.0
09W731,0907,83,1064,CDU,25.5,25.3,25.9
09W731,0907,83,1064,LINKE,20.5,20.0,20.7
09W731,0907,83,1064,GRUENE,9.1,8.9,9.3
09W731,0907,83,1064,Sonstige,8.2,8.1,8.4
09W731,0907,83,1064,SPD,7.4,7.1,9.8
09W731,0907,83,1064,FDP,3.0,2.9,3.2
09W732,0907,83,1072,AFD,30.8,30.2,31.3
09W732,0907,83,1072,CDU,24.3,24.2,24.7
09W732,0907,83,1072,LINKE,18.1,17.7,18.3
09W732,0907,83,1072,GRUENE,10.0,9.9,10.4
09W732,0907,83,1072,Sonstige,10.0,9.9,10.1
09W732,0907,83,1072,SPD,6.4,6.2,7.9
09W732,0907,83,1072,FDP,3.2,3.1,3.4
10W101,1001,84,919,AFD,49.0,48.0,49.8
10W101,1001,84,919,LINKE,19.8,19.5,20.0
10W101,1001,84,919,CDU,17.9,17.7,18.2
10W101,1001,84,919,Sonstige,14.2,13.7,14.5
10W101,1001,84,919,SPD,4.3,4.0,7.0
10W101,1001,84,919,GRUENE,3.0,2.7,3.3
10W101,1001,84,919,FDP,1.8,1.7,2.0
10W102,1001,84,949,AFD,49.7,48.8,50.6
10W102,1001,84,949,LINKE,22.0,21.7,22.2
10W102,1001,84,949,CDU,16.9,16.7,17.2
10W102,1001,84,949,Sonstige,13.9,13.5,14.3
10W102,1001,84,949,SPD,3.7,3.4,6.3
10W102,1001,84,949,GRUENE,2.6,2.5,2.9
10W102,1001,84,949,FDP,1.3,1.2,1.7
10W103,1001,84,1015,AFD,49.9,48.8,50.7
10W103,1001,84,1015,LINKE,22.7,22.4,22.9
10W103,1001,84,1015,CDU,15.9,15.7,16.2
10W103,1001,84,1015,Sonstige,13.9,13.5,14.2
10W103,1001,84,1015,SPD,4.7,4.4,6.5
10W103,1001,84,1015,GRUENE,2.7,2.5,3.0
10W103,1001,84,1015,FDP,1.3,1.2,1.6
10W104,1001,84,829,AFD,49.1,47.9,50.0
10W104,1001,84,829,LINKE,20.8,20.5,21.0
10W104,1001,84,829,CDU,16.5,16.4,16.9
10W104,1001,84,829,Sonstige,14.2,13.8,14.5
10W104,1001,84,829,SPD,5.7,5.4,7.7
10W104,1001,84,829,GRUENE,2.4,2.3,2.7
10W104,1001,84,829,FDP,1.5,1.5,1.8
10W105,1001,84,876,AFD,49.7,48.4,50.6
10W105,1001,84,876,LINKE,22.8,22.5,23.1
10W105,1001,84,876,Sonstige,14.4,14.0,14.8
10W105,1001,84,876,CDU,14.2,14.0,14.6
10W105,1001,84,876,SPD,5.3,4.9,6.9
10W105,1001,84,876,GRUENE,4.2,4.0,4.5
10W105,1001,84,876,FDP,1.2,1.2,1.6
10W106,1001,84,1103,AFD,47.9,46.8,48.8
10W106,1001,84,1103,LINKE,21.7,21.4,21.9
10W106,1001,84,1103,CDU,16.6,16.5,16.9
10W106,1001,84,1103,Sonstige,13.1,12.7,13.4
10W106,1001,84,1103,SPD,5.2,4.9,7.5
10W106,1001,84,1103,GRUENE,2.5,2.3,2.7
10W106,1001,84,1103,FDP,1.5,1.4,1.9
10W107,1001,84,780,AFD,51.3,50.2,52.1
10W107,1001,84,780,LINKE,25.2,24.6,25.4
10W107,1001,84,780,CDU,14.1,14.0,14.4
10W107,1001,84,780,Sonstige,12.4,11.9,12.7
10W107,1001,84,780,SPD,3.5,3.1,5.7
10W107,1001,84,780,GRUENE,2.2,2.0,2.4
10W107,1001,84,780,FDP,1.4,1.4,1.8
10W108,1001,84,743,AFD,50.2,49.1,51.0
10W108,1001,84,743,LINKE,24.0,23.5,24.2
10W108,1001,84,743,CDU,15.2,15.0,15.5
10W108,1001,84,743,Sonstige,12.5,12.1,12.8
10W108,1001,84,743,SPD,4.3,4.0,6.2
10W108,1001,84,743,GRUENE,1.8,1.6,2.1
10W108,1001,84,743,FDP,1.5,1.5,1.9
10W109,1001,84,798,AFD,51.0,50.0,51.9
10W109,1001,84,798,LINKE,22.6,22.1,22.8
10W109,1001,84,798,CDU,15.6,15.4,15.9
10W109,1001,84,798,Sonstige,13.3,13.0,13.7
10W109,1001,84,798,SPD,3.6,3.2,5.4
10W109,1001,84,798,GRUENE,2.4,2.3,2.7
10W109,1001,84,798,FDP,1.4,1.4,1.8
10W110,1001,84,1008,AFD,49.9,48.7,50.7
10W110,1001,84,1008,LINKE,20.3,20.1,20.5
10W110,1001,84,1008,CDU,16.3,16.2,16.6
10W110,1001,84,1008,Sonstige,15.3,14.8,15.6
10W110,1001,84,1008,SPD,5.4,5.1,7.2
10W110,1001,84,1008,GRUENE,1.2,1.1,1.5
10W110,1001,84,1008,FDP,1.2,1.2,1.7
10W111,1001,84,1063,AFD,51.2,50.2,52.0
10W111,1001,84,1063,LINKE,22.3,21.9,22.5
10W111,1001,84,1063,Sonstige,15.8,15.4,16.2
10W111,1001,84,1063,CDU,14.4,14.2,14.6
10W111,1001,84,1063,SPD,4.8,4.4,6.6
10W111,1001,84,1063,FDP,1.2,1.1,1.6
10W111,1001,84,1063,GRUENE,0.7,0.5,0.9
10W112,1001,84,1081,AFD,49.7,48.6,50.5
10W112,1001,84,1081,LINKE,22.0,21.7,22.3
10W112,1001,84,1081,CDU,15.8,15.7,16.2
10W112,1001,84,1081,Sonstige,13.6,13.1,13.9
10W112,1001,84,1081,SPD,5.2,4.9,7.5
10W112,1001,84,1081,GRUENE,1.3,1.2,1.6
10W112,1001,84,1081,FDP,0.9,0.9,1.3
10W113,1001,84,1098,AFD,50.9,49.8,51.7
10W113,1001,84,1098,LINKE,21.3,21.0,21.5
10W113,1001,84,1098,CDU,15.8,15.7,16.1
10W113,1001,84,1098,Sonstige,12.6,12.2,13.0
10W113,1001,84,1098,SPD,7.9,7.6,9.2
10W113,1001,84,1098,GRUENE,1.6,1.4,1.9
10W113,1001,84,1098,FDP,1.5,1.4,1.6
10W114,1001,84,1088,AFD,48.7,47.8,49.5
10W114,1001,84,1088,LINKE,22.9,22.4,23.1
10W114,1001,84,1088,Sonstige,15.0,14.6,15.3
10W114,1001,84,1088,CDU,14.3,14.2,14.6
10W114,1001,84,1088,SPD,3.6,3.2,6.2
10W114,1001,84,1088,GRUENE,2.9,2.6,3.1
10W114,1001,84,1088,FDP,1.3,1.3,1.6
10W115,1001,84,921,AFD,48.6,47.2,49.3
10W115,1001,84,921,LINKE,20.5,20.1,20.7
10W115,1001,84,921,CDU,16.6,16.5,17.0
10W115,1001,84,921,Sonstige,14.3,13.9,14.6
10W115,1001,84,921,GRUENE,4.0,3.8,4.3
10W115,1001,84,921,SPD,3.1,2.9,5.3
10W115,1001,84,921,FDP,1.5,1.5,1.9
10W116,1001,84,951,AFD,51.1,50.1,52.0
10W116,1001,84,951,LINKE,21.5,21.1,21.8
10W116,1001,84,951,Sonstige,14.6,14.2,15.0
10W116,1001,84,951,CDU,13.7,13.6,14.0
10W116,1001,84,951,SPD,4.1,3.8,5.7
10W116,1001,84,951,GRUENE,3.1,2.9,3.3
10W116,1001,84,951,FDP,1.3,1.2,1.8
10W117,1001,84,952,AFD,48.5,47.3,49.3
10W117,1001,84,952,LINKE,20.3,19.9,20.5
10W117,1001,84,952,Sonstige,16.0,15.6,16.3
10W117,1001,84,952,CDU,15.0,14.9,15.3
10W117,1001,84,952,SPD,4.2,3.9,6.0
10W117,1001,84,952,GRUENE,4.1,3.9,4.4
10W117,1001,84,952,FDP,1.6,1.6,1.9
10W118,1001,84,899,AFD,45.6,43.9,46.5
10W118,1001,84,899,LINKE,26.2,25.7,26.5
10W118,1001,84,899,CDU,14.1,14.0,14.4
10W118,1001,84,899,Sonstige,13.2,12.8,13.5
10W118,1001,84,899,GRUENE,5.7,5.5,6.1
10W118,1001,84,899,SPD,3.0,2.6,5.4
10W118,1001,84,899,FDP,1.4,1.4,1.8
10W119,1001,84,906,AFD,45.9,45.1,46.9
10W119,1001,84,906,LINKE,19.6,19.2,19.8
10W119,1001,84,906,CDU,16.2,16.0,16.5
10W119,1001,84,906,Sonstige,14.6,14.2,14.9
10W119,1001,84,906,SPD,6.4,6.1,7.7
10W119,1001,84,906,GRUENE,5.1,4.9,5.4
10W119,1001,84,906,FDP,1.6,1.5,1.9
10W120,1001,84,873,AFD,47.5,46.5,48.2
10W120,1001,84,873,LINKE,19.6,19.3,19.8
10W120,1001,84,873,CDU,18.8,18.7,19.2
10W120,1001,84,873,Sonstige,12.3,11.9,12.6
10W120,1001,84,873,SPD,7.2,6.9,8.3
10W120,1001,84,873,GRUENE,2.3,2.1,2.5
10W120,1001,84,873,FDP,1.7,1.7,2.1
10W121,1001,84,897,AFD,50.2,48.8,51.0
10W121,1001,84,897,LINKE,27.7,27.2,27.9
10W121,1001,84,897,CDU,14.1,13.9,14.4
10W121,1001,84,897,Sonstige,12.6,12.2,12.9
10W121,1001,84,897,SPD,4.2,3.9,6.1
10W121,1001,84,897,GRUENE,2.4,2.1,2.6
10W121,1001,84,897,FDP,1.2,1.2,1.6
10W122,1001,84,906,AFD,46.0,45.0,46.8
10W122,1001,84,906,LINKE,20.2,19.9,20.4
10W122,1001,84,906,CDU,19.4,19.2,19.7
10W122,1001,84,906,Sonstige,11.6,11.2,11.9
10W122,1001,84,906,SPD,7.3,7.0,8.8
10W122,1001,84,906,GRUENE,1.7,1.5,1.9
10W122,1001,84,906,FDP,1.5,1.4,2.0
10W123,1001,84,883,AFD,45.7,44.2,46.4
10W123,1001,84,883,LINKE,25.1,24.8,25.3
10W123,1001,84,883,CDU,15.0,14.8,15.3
10W123,1001,84,883,Sonstige,12.9,12.5,13.3
10W123,1001,84,883,SPD,6.9,6.6,8.9
10W123,1001,84,883,GRUENE,2.7,2.5,3.0
10W123,1001,84,883,FDP,1.2,1.2,1.5
10W124,1001,84,1197,AFD,45.5,44.5,46.3
10W124,1001,84,1197,CDU,21.7,21.6,22.1
10W124,1001,84,1197,LINKE,19.0,18.7,19.2
10W124,1001,84,1197,Sonstige,11.3,10.8,11.6
10W124,1001,84,1197,SPD,6.8,6.5,8.5
10W124,1001,84,1197,GRUENE,2.4,2.3,2.7
10W124,1001,84,1197,FDP,2.1,2.0,2.4
10W125,1001,84,1068,AFD,48.5,47.5,49.2
10W125,1001,84,1068,LINKE,21.0,20.7,21.2
10W125,1001,84,1068,CDU,19.8,19.7,20.2
10W125,1001,84,1068,Sonstige,12.0,11.6,12.4
10W125,1001,84,1068,SPD,4.0,3.6,6.3
10W125,1001,84,1068,GRUENE,2.9,2.7,3.1
10W125,1001,84,1068,FDP,1.9,1.9,2.3
10W126,1001,84,1062,AFD,49.9,48.7,50.8
10W126,1001,84,1062,LINKE,20.6,20.3,20.7
10W126,1001,84,1062,CDU,17.3,17.2,17.6
10W126,1001,84,1062,Sonstige,15.2,14.7,15.5
10W126,1001,84,1062,GRUENE,2.9,2.7,3.2
10W126,1001,84,1062,SPD,2.8,2.5,5.4
10W126,1001,84,1062,FDP,1.3,1.2,1.7
10W127,1001,84,1058,AFD,49.4,48.5,50.3
10W127,1001,84,1058,LINKE,20.5,20.2,20.7
10W127,1001,84,1058,Sonstige,15.1,14.7,15.5
10W127,1001,84,1058,CDU,14.4,14.3,14.7
10W127,1001,84,1058,SPD,5.1,4.9,7.3
10W127,1001,84,1058,GRUENE,2.4,2.2,2.7
10W127,1001,84,1058,FDP,1.0,0.9,1.4
10W128,1001,84,1065,AFD,49.7,48.5,50.5
10W128,1001,84,1065,LINKE,23.5,23.2,23.7
10W128,1001,84,1065,CDU,15.1,14.9,15.4
10W128,1001,84,1065,Sonstige,15.0,14.5,15.3
10W128,1001,84,1065,SPD,3.9,3.5,6.6
10W128,1001,84,1065,GRUENE,2.2,2.0,2.4
10W128,1001,84,1065,FDP,1.0,1.0,1.5
10W129,1001,84,1065,AFD,49.4,48.3,50.1
10W129,1001,84,1065,LINKE,23.8,23.5,24.0
10W129,1001,84,1065,CDU,15.8,15.7,16.1
10W129,1001,84,1065,Sonstige,12.2,11.8,12.5
10W129,1001,84,1065,SPD,6.3,6.0,8.3
10W129,1001,84,1065,GRUENE,1.7,1.5,1.9
10W129,1001,84,1065,FDP,1.1,1.1,1.5
10W130,1001,84,1062,AFD,49.2,48.0,49.9
10W130,1001,84,1062,LINKE,21.5,21.2,21.7
10W130,1001,84,1062,Sonstige,15.7,15.2,16.0
10W130,1001,84,1062,CDU,15.1,15.0,15.4
10W130,1001,84,1062,GRUENE,4.0,3.8,4.3
10W130,1001,84,1062,SPD,3.1,2.8,5.6
10W130,1001,84,1062,FDP,1.5,1.4,1.8
10W131,1001,84,1059,AFD,50.1,49.2,50.9
10W131,1001,84,1059,LINKE,22.5,22.1,22.7
10W131,1001,84,1059,Sonstige,16.6,16.2,17.0
10W131,1001,84,1059,CDU,11.3,11.1,11.6
10W131,1001,84,1059,SPD,3.9,3.6,6.4
10W131,1001,84,1059,GRUENE,3.2,2.9,3.4
10W131,1001,84,1059,FDP,1.4,1.3,1.6
10W132,1001,84,1053,AFD,51.7,50.6,52.5
10W132,1001,84,1053,LINKE,17.0,16.7,17.3
10W132,1001,84,1053,Sonstige,15.8,15.3,16.1
10W132,1001,84,1053,CDU,14.1,13.9,14.4
10W132,1001,84,1053,SPD,7.2,6.9,8.5
10W132,1001,84,1053,FDP,1.2,1.1,1.6
10W132,1001,84,1053,GRUENE,1.1,1.0,1.4
10W201,1002,84,1146,AFD,45.1,43.7,45.8
10W201,1002,84,1146,LINKE,24.4,23.8,24.6
10W201,1002,84,1146,CDU,16.4,16.3,16.8
10W201,1002,84,1146,Sonstige,13.9,13.7,14.1
10W201,1002,84,1146,SPD,6.5,6.2,8.3
10W201,1002,84,1146,GRUENE,2.9,2.8,3.2
10W201,1002,84,1146,FDP,1.5,1.5,1.9
10W202,1002,84,1056,AFD,45.3,43.9,46.2
10W202,1002,84,1056,LINKE,20.5,20.2,20.7
10W202,1002,84,1056,CDU,18.9,18.8,19.2
10W202,1002,84,1056,Sonstige,12.6,12.4,12.8
10W202,1002,84,1056,SPD,7.6,7.2,9.6
10W202,1002,84,1056,GRUENE,2.5,2.3,2.9
10W202,1002,84,1056,FDP,1.1,1.0,1.5
10W203,1002,84,1017,AFD,41.3,40.1,42.1
10W203,1002,84,1017,LINKE,21.6,21.3,21.7
10W203,1002,84,1017,CDU,18.5,18.4,18.8
10W203,1002,84,1017,Sonstige,13.4,13.2,13.6
10W203,1002,84,1017,SPD,9.7,9.4,11.2
10W203,1002,84,1017,GRUENE,2.9,2.7,3.1
10W203,1002,84,1017,FDP,1.6,1.5,1.9
10W204,1002,84,1055,AFD,46.3,44.8,47.0
10W204,1002,84,1055,LINKE,24.4,23.7,24.7
10W204,1002,84,1055,CDU,16.3,16.1,16.6
10W204,1002,84,1055,Sonstige,12.3,12.1,12.5
10W204,1002,84,1055,GRUENE,4.5,4.3,4.7
10W204,1002,84,1055,SPD,4.0,3.7,6.5
10W204,1002,84,1055,FDP,1.2,1.2,1.6
10W205,1002,84,1072,AFD,43.1,41.4,43.9
10W205,1002,84,1072,LINKE,21.8,21.5,21.9
10W205,1002,84,1072,CDU,18.3,18.2,18.6
10W205,1002,84,1072,Sonstige,13.7,13.6,13.9
10W205,1002,84,1072,SPD,9.3,9.0,10.5
10W205,1002,84,1072,GRUENE,2.8,2.7,3.2
10W205,1002,84,1072,FDP,1.4,1.3,1.8
10W206,1002,84,1081,AFD,42.0,40.6,42.8
10W206,1002,84,1081,LINKE,25.1,24.7,25.3
10W206,1002,84,1081,Sonstige,15.2,15.0,15.4
10W206,1002,84,1081,CDU,15.2,15.0,15.5
10W206,1002,84,1081,SPD,6.8,6.5,9.0
10W206,1002,84,1081,GRUENE,3.8,3.6,4.0
10W206,1002,84,1081,FDP,1.3,1.2,1.6
10W207,1002,84,1089,AFD,43.7,42.1,44.5
10W207,1002,84,1089,LINKE,23.1,22.5,23.3
10W207,1002,84,1089,CDU,16.1,16.0,16.4
10W207,1002,84,1089,Sonstige,13.8,13.7,14.0
10W207,1002,84,1089,SPD,5.9,5.6,7.5
10W207,1002,84,1089,GRUENE,4.5,4.4,4.8
10W207,1002,84,1089,FDP,1.4,1.3,1.9
10W208,1002,84,1018,AFD,44.0,42.0,44.8
10W208,1002,84,1018,LINKE,24.9,24.3,25.1
10W208,1002,84,1018,Sonstige,14.5,14.4,14.8
10W208,1002,84,1018,CDU,14.5,14.4,14.8
10W208,1002,84,1018,GRUENE,6.3,6.1,6.5
10W208,1002,84,1018,SPD,4.5,4.2,7.0
10W208,1002,84,1018,FDP,1.4,1.4,1.8
10W209,1002,84,1022,AFD,44.8,43.8,45.6
10W209,1002,84,1022,CDU,20.7,20.6,21.1
10W209,1002,84,1022,LINKE,17.5,16.9,17.7
10W209,1002,84,1022,Sonstige,11.4,11.2,11.6
10W209,1002,84,1022,SPD,8.8,8.4,9.9
10W209,1002,84,1022,FDP,1.8,1.7,2.3
10W209,1002,84,1022,GRUENE,1.4,1.2,1.6
10W210,1002,84,988,AFD,41.6,40.4,42.4
10W210,1002,84,988,LINKE,22.6,21.7,22.9
10W210,1002,84,988,CDU,18.3,18.2,18.6
10W210,1002,84,988,Sonstige,12.1,11.9,12.3
10W210,1002,84,988,SPD,5.2,4.9,7.9
10W210,1002,84,988,GRUENE,4.7,4.5,5.0
10W210,1002,84,988,FDP,1.8,1.7,2.1
10W211,1002,84,1011,AFD,46.9,45.2,47.6
10W211,1002,84,1011,LINKE,20.8,20.1,21.0
10W211,1002,84,1011,CDU,18.4,18.3,18.7
10W211,1002,84,1011,Sonstige,14.9,14.7,15.1
10W211,1002,84,1011,SPD,4.5,4.2,6.9
10W211,1002,84,1011,GRUENE,2.5,2.3,2.8
10W211,1002,84,1011,FDP,1.1,1.1,1.7
10W212,1002,84,891,AFD,41.4,40.2,42.3
10W212,1002,84,891,CDU,22.0,21.9,22.4
10W212,1002,84,891,LINKE,20.6,20.0,20.7
10W212,1002,84,891,Sonstige,12.1,11.9,12.3
10W212,1002,84,891,SPD,7.0,6.7,9.1
10W212,1002,84,891,GRUENE,2.4,2.2,2.7
10W212,1002,84,891,FDP,1.7,1.6,2.2
10W213,1002,84,899,AFD,44.5,42.7,45.4
10W213,1002,84,899,LINKE,23.4,22.7,23.6
10W213,1002,84,899,CDU,18.3,18.2,18.6
10W213,1002,84,899,Sonstige,13.2,13.0,13.4
10W213,1002,84,899,SPD,7.2,6.8,8.3
10W213,1002,84,899,GRUENE,2.8,2.7,3.2
10W213,1002,84,899,FDP,1.7,1.7,2.1
10W214,1002,84,894,AFD,40.1,37.7,41.2
10W214,1002,84,894,LINKE,24.2,23.8,24.3
10W214,1002,84,894,CDU,19.9,19.7,20.2
10W214,1002,84,894,Sonstige,10.9,10.7,11.1
10W214,1002,84,894,SPD,9.1,8.6,10.2
10W214,1002,84,894,GRUENE,4.1,3.9,4.4
10W214,1002,84,894,FDP,2.1,2.0,2.5
10W215,1002,84,889,AFD,41.5,39.3,42.3
10W215,1002,84,889,LINKE,23.7,23.4,23.9
10W215,1002,84,889,CDU,19.1,18.9,19.4
10W215,1002,84,889,Sonstige,11.1,10.9,11.2
10W215,1002,84,889,SPD,9.0,8.6,10.4
10W215,1002,84,889,GRUENE,4.8,4.5,5.1
10W215,1002,84,889,FDP,2.0,1.9,2.2
10W216,1002,84,845,AFD,45.8,44.1,46.9
10W216,1002,84,845,LINKE,25.5,25.0,25.7
10W216,1002,84,845,CDU,15.9,15.6,16.3
10W216,1002,84,845,Sonstige,12.2,12.0,12.4
10W216,1002,84,845,SPD,7.5,7.1,9.9
10W216,1002,84,845,GRUENE,4.1,3.8,4.5
10W216,1002,84,845,FDP,1.8,1.6,1.9
10W217,1002,84,869,AFD,46.1,44.8,46.8
10W217,1002,84,869,LINKE,24.4,23.6,24.7
10W217,1002,84,869,CDU,15.2,15.0,15.5
10W217,1002,84,869,Sonstige,12.2,12.0,12.4
10W217,1002,84,869,SPD,7.9,7.6,9.0
10W217,1002,84,869,FDP,1.4,1.3,1.8
10W217,1002,84,869,GRUENE,1.4,1.2,1.7
10W218,1002,84,869,AFD,45.0,43.4,45.7
10W218,1002,84,869,LINKE,24.1,23.4,24.5
10W218,1002,84,869,CDU,16.0,15.9,16.2
10W218,1002,84,869,Sonstige,12.5,12.3,12.7
10W218,1002,84,869,SPD,6.8,6.5,8.0
10W218,1002,84,869,GRUENE,2.7,2.5,2.9
10W218,1002,84,869,FDP,1.5,1.4,1.9
10W219,1002,84,820,AFD,44.3,42.6,45.1
10W219,1002,84,820,LINKE,24.5,23.9,24.8
10W219,1002,84,820,CDU,16.8,16.7,17.1
10W219,1002,84,820,Sonstige,14.2,14.0,14.4
10W219,1002,84,820,SPD,6.3,5.9,8.1
10W219,1002,84,820,GRUENE,3.3,3.1,3.5
10W219,1002,84,820,FDP,1.6,1.6,1.9
10W220,1002,84,826,AFD,43.8,42.1,44.5
10W220,1002,84,826,LINKE,26.7,26.0,27.1
10W220,1002,84,826,CDU,14.0,13.9,14.3
10W220,1002,84,826,Sonstige,13.0,12.8,13.2
10W220,1002,84,826,SPD,6.0,5.6,7.4
10W220,1002,84,826,GRUENE,5.8,5.6,6.1
10W220,1002,84,826,FDP,1.9,1.8,2.1
10W221,1002,84,1102,AFD,41.2,39.8,42.1
10W221,1002,84,1102,LINKE,24.6,24.2,24.7
10W221,1002,84,1102,CDU,16.0,15.8,16.3
10W221,1002,84,1102,Sonstige,13.2,13.0,13.4
10W221,1002,84,1102,SPD,7.9,7.6,9.8
10W221,1002,84,1102,GRUENE,5.6,5.4,5.9
10W221,1002,84,1102,FDP,1.6,1.6,1.8
10W222,1002,84,1233,AFD,41.5,40.2,42.2
10W222,1002,84,1233,CDU,23.4,23.2,23.7
10W222,1002,84,1233,LINKE,19.0,18.5,19.3
10W222,1002,84,1233,Sonstige,10.2,10.1,10.4
10W222,1002,84,1233,SPD,8.0,7.7,9.3
10W222,1002,84,1233,GRUENE,3.3,3.1,3.5
10W222,1002,84,1233,FDP,2.7,2.6,2.9
10W223,1002,84,879,AFD,40.1,38.6,40.9
10W223,1002,84,879,CDU,22.4,22.3,22.7
10W223,1002,84,879,LINKE,22.1,21.6,22.3
10W223,1002,84,879,Sonstige,11.6,11.5,11.8
10W223,1002,84,879,SPD,7.6,7.3,9.5
10W223,1002,84,879,GRUENE,2.6,2.4,2.8
10W223,1002,84,879,FDP,2.3,2.2,2.5
10W224,1002,84,934,AFD,41.1,39.3,41.9
10W224,1002,84,934,CDU,21.5,21.4,21.9
10W224,1002,84,934,LINKE,20.4,19.9,20.5
10W224,1002,84,934,Sonstige,10.6,10.5,10.8
10W224,1002,84,934,SPD,8.6,8.3,9.7
10W224,1002,84,934,GRUENE,4.5,4.4,4.8
10W224,1002,84,934,FDP,2.3,2.2,2.6
10W225,1002,84,954,AFD,42.6,40.5,43.4
10W225,1002,84,954,LINKE,26.1,25.6,26.2
10W225,1002,84,954,CDU,18.4,18.2,18.7
10W225,1002,84,954,Sonstige,11.4,11.3,11.6
10W225,1002,84,954,SPD,6.8,6.5,8.4
10W225,1002,84,954,GRUENE,4.5,4.4,4.8
10W225,1002,84,954,FDP,1.5,1.4,2.0
10W226,1002,84,925,AFD,37.7,36.6,38.6
10W226,1002,84,925,CDU,22.3,22.2,22.7
10W226,1002,84,925,LINKE,19.0,18.7,19.2
10W226,1002,84,925,Sonstige,11.4,11.2,11.5
10W226,1002,84,925,SPD,10.5,10.2,12.0
10W226,1002,84,925,GRUENE,3.4,3.3,3.7
10W226,1002,84,925,FDP,2.1,2.0,2.4
10W227,1002,84,995,AFD,40.4,38.5,41.3
10W227,1002,84,995,LINKE,23.3,22.9,23.5
10W227,1002,84,995,CDU,20.3,20.2,20.6
10W227,1002,84,995,Sonstige,11.6,11.4,11.8
10W227,1002,84,995,SPD,7.8,7.5,9.7
10W227,1002,84,995,GRUENE,3.5,3.3,3.8
10W227,1002,84,995,FDP,1.9,1.9,2.3
10W228,1002,84,938,AFD,40.5,39.0,41.4
10W228,1002,84,938,LINKE,22.7,22.2,22.9
10W228,1002,84,938,CDU,20.6,20.5,21.0
10W228,1002,84,938,Sonstige,11.4,11.2,11.6
10W228,1002,84,938,SPD,8.0,7.6,9.7
10W228,1002,84,938,GRUENE,3.6,3.4,3.8
10W228,1002,84,938,FDP,2.0,1.9,2.4
10W229,1002,84,766,AFD,44.1,42.5,44.9
10W229,1002,84,766,LINKE,25.2,24.4,25.5
10W229,1002,84,766,CDU,17.9,17.7,18.2
10W229,1002,84,766,Sonstige,11.9,11.7,12.1
10W229,1002,84,766,SPD,6.9,6.6,8.6
10W229,1002,84,766,GRUENE,2.2,2.0,2.5
10W229,1002,84,766,FDP,1.5,1.4,1.8
10W230,1002,84,1010,AFD,44.8,43.0,45.5
10W230,1002,84,1010,CDU,20.9,20.8,21.2
10W230,1002,84,1010,LINKE,19.4,18.8,19.7
10W230,1002,84,1010,Sonstige,11.2,11.0,11.3
10W230,1002,84,1010,SPD,8.5,8.1,9.7
10W230,1002,84,1010,GRUENE,2.0,1.9,2.3
10W230,1002,84,1010,FDP,2.0,1.9,2.3
10W231,1002,84,1022,AFD,39.4,38.0,40.2
10W231,1002,84,1022,LINKE,23.1,22.6,23.2
10W231,1002,84,1022,CDU,18.9,18.8,19.2
10W231,1002,84,1022,Sonstige,10.5,10.4,10.7
10W231,1002,84,1022,SPD,9.5,9.2,10.8
10W231,1002,84,1022,GRUENE,5.1,4.9,5.3
10W231,1002,84,1022,FDP,2.0,1.9,2.3
10W232,1002,84,997,AFD,46.8,45.2,47.4
10W232,1002,84,997,LINKE,22.7,22.0,23.1
10W232,1002,84,997,CDU,15.8,15.7,16.1
10W232,1002,84,997,Sonstige,12.8,12.6,13.0
10W232,1002,84,997,SPD,6.9,6.5,7.8
10W232,1002,84,997,GRUENE,2.7,2.6,3.0
10W232,1002,84,997,FDP,1.8,1.7,2.1
10W233,1002,84,1003,AFD,41.8,40.3,42.6
10W233,1002,84,1003,LINKE,25.1,24.3,25.3
10W233,1002,84,1003,CDU,17.8,17.7,18.1
10W233,1002,84,1003,Sonstige,12.2,12.0,12.4
10W233,1002,84,1003,SPD,6.0,5.6,8.3
10W233,1002,84,1003,GRUENE,4.0,3.8,4.3
10W233,1002,84,1003,FDP,1.5,1.5,1.9
10W234,1002,84,985,AFD,38.9,37.2,39.9
10W234,1002,84,985,LINKE,23.3,22.9,23.5
10W234,1002,84,985,CDU,20.6,20.4,20.9
10W234,1002,84,985,Sonstige,12.2,12.1,12.4
10W234,1002,84,985,SPD,8.8,8.5,11.1
10W234,1002,84,985,GRUENE,2.2,2.0,2.6
10W234,1002,84,985,FDP,1.1,1.1,1.6
10W301,1003,84,708,AFD,40.3,39.3,41.1
10W301,1003,84,708,LINKE,24.4,24.1,24.6
10W301,1003,84,708,CDU,21.0,20.8,21.4
10W301,1003,84,708,Sonstige,11.4,11.1,11.5
10W301,1003,84,708,SPD,7.1,6.9,8.5
10W301,1003,84,708,GRUENE,4.3,4.1,4.5
10W301,1003,84,708,FDP,2.6,2.5,2.7
10W302,1003,84,771,AFD,37.7,36.6,38.4
10W302,1003,84,771,CDU,24.1,24.0,24.5
10W302,1003,84,771,LINKE,20.2,19.9,20.5
10W302,1003,84,771,Sonstige,12.0,11.7,12.1
10W302,1003,84,771,SPD,8.3,8.0,9.5
10W302,1003,84,771,GRUENE,5.2,5.0,5.5
10W302,1003,84,771,FDP,2.1,2.1,2.4
10W303,1003,84,775,AFD,38.2,36.7,39.0
10W303,1003,84,775,CDU,23.6,23.4,23.9
10W303,1003,84,775,LINKE,20.8,20.6,21.1
10W303,1003,84,775,Sonstige,11.8,11.5,12.0
10W303,1003,84,775,SPD,7.6,7.4,8.6
10W303,1003,84,775,GRUENE,5.9,5.7,6.2
10W303,1003,84,775,FDP,2.4,2.4,2.6
10W304,1003,84,1067,AFD,49.3,48.1,50.1
10W304,1003,84,1067,LINKE,21.3,21.0,21.4
10W304,1003,84,1067,Sonstige,16.0,15.7,16.2
10W304,1003,84,1067,CDU,14.7,14.5,15.0
10W304,1003,84,1067,SPD,4.4,4.1,6.3
10W304,1003,84,1067,GRUENE,2.4,2.2,2.6
10W304,1003,84,1067,FDP,1.3,1.3,1.7
10W305,1003,84,878,AFD,48.5,47.6,49.4
10W305,1003,84,878,LINKE,22.0,21.5,22.3
10W305,1003,84,878,CDU,14.8,14.6,15.1
10W305,1003,84,878,Sonstige,14.7,14.4,15.0
10W305,1003,84,878,SPD,4.9,4.6,6.2
10W305,1003,84,878,GRUENE,3.2,2.9,3.4
10W305,1003,84,878,FDP,1.5,1.5,1.9
10W306,1003,84,1041,AFD,48.7,47.8,49.5
10W306,1003,84,1041,LINKE,21.0,20.6,21.3
10W306,1003,84,1041,CDU,15.4,15.3,15.7
10W306,1003,84,1041,Sonstige,14.4,14.1,14.7
10W306,1003,84,1041,SPD,4.6,4.4,5.9
10W306,1003,84,1041,GRUENE,3.5,3.3,3.7
10W306,1003,84,1041,FDP,1.6,1.6,1.9
10W307,1003,84,1040,AFD,50.6,49.6,51.4
10W307,1003,84,1040,LINKE,20.9,20.3,21.1
10W307,1003,84,1040,CDU,14.8,14.6,15.1
10W307,1003,84,1040,Sonstige,14.7,14.4,15.0
10W307,1003,84,1040,SPD,3.4,3.1,5.4
10W307,1003,84,1040,GRUENE,2.5,2.3,2.7
10W307,1003,84,1040,FDP,1.2,1.1,1.6
10W308,1003,84,1000,AFD,52.8,51.6,53.6
10W308,1003,84,1000,LINKE,21.1,20.7,21.3
10W308,1003,84,1000,Sonstige,17.1,16.8,17.4
10W308,1003,84,1000,CDU,12.4,12.2,12.7
10W308,1003,84,1000,SPD,3.9,3.5,5.3
10W308,1003,84,1000,GRUENE,1.9,1.6,2.2
10W308,1003,84,1000,FDP,0.8,0.7,1.2
10W309,1003,84,869,AFD,49.1,47.6,49.8
10W309,1003,84,869,LINKE,26.0,25.6,26.1
10W309,1003,84,869,Sonstige,15.1,14.7,15.3
10W309,1003,84,869,CDU,12.3,12.1,12.7
10W309,1003,84,869,GRUENE,4.3,4.0,4.6
10W309,1003,84,869,SPD,3.3,2.9,5.9
10W309,1003,84,869,FDP,1.2,1.1,1.4
10W310,1003,84,874,AFD,49.0,47.7,49.8
10W310,1003,84,874,LINKE,23.1,22.8,23.3
10W310,1003,84,874,Sonstige,15.9,15.6,16.2
10W310,1003,84,874,CDU,13.5,13.4,13.9
10W310,1003,84,874,SPD,4.4,4.0,6.3
10W310,1003,84,874,GRUENE,3.1,2.8,3.3
10W310,1003,84,874,FDP,1.2,1.2,1.6
10W311,1003,84,814,AFD,46.8,45.7,47.6
10W311,1003,84,814,LINKE,21.7,21.4,21.9
10W311,1003,84,814,Sonstige,16.0,15.6,16.2
10W311,1003,84,814,CDU,14.8,14.7,15.1
10W311,1003,84,814,GRUENE,4.8,4.6,5.1
10W311,1003,84,814,SPD,4.6,4.3,6.5
10W311,1003,84,814,FDP,1.3,1.3,1.7
10W312,1003,84,746,AFD,47.4,46.5,48.3
10W312,1003,84,746,CDU,19.8,19.7,20.2
10W312,1003,84,746,LINKE,17.6,17.3,17.9
10W312,1003,84,746,Sonstige,13.9,13.5,14.1
10W312,1003,84,746,SPD,6.8,6.6,7.3
10W312,1003,84,746,GRUENE,4.3,4.2,4.8
10W312,1003,84,746,FDP,1.9,1.9,2.1
10W313,1003,84,812,AFD,48.5,46.9,49.3
10W313,1003,84,812,Sonstige,18.4,18.1,18.7
10W313,1003,84,812,CDU,15.9,15.7,16.2
10W313,1003,84,812,LINKE,15.8,15.6,16.0
10W313,1003,84,812,GRUENE,5.2,5.0,5.5
10W313,1003,84,812,SPD,4.3,4.0,5.8
10W313,1003,84,812,FDP,1.2,1.2,1.7
10W314,1003,84,838,AFD,50.7,49.5,51.6
10W314,1003,84,838,LINKE,20.0,19.8,20.3
10W314,1003,84,838,CDU,16.2,16.0,16.5
10W314,1003,84,838,Sonstige,16.0,15.6,16.2
10W314,1003,84,838,SPD,5.2,5.0,6.7
10W314,1003,84,838,GRUENE,3.0,2.8,3.3
10W314,1003,84,838,FDP,1.1,1.0,1.5
10W315,1003,84,820,AFD,49.8,48.6,50.6
10W315,1003,84,820,LINKE,20.8,20.6,21.0
10W315,1003,84,820,CDU,16.2,16.0,16.5
10W315,1003,84,820,Sonstige,15.5,15.2,15.7
10W315,1003,84,820,SPD,4.9,4.6,6.5
10W315,1003,84,820,GRUENE,3.7,3.4,4.0
10W315,1003,84,820,FDP,1.1,1.1,1.5
10W316,1003,84,864,AFD,47.4,46.3,48.3
10W316,1003,84,864,LINKE,18.2,17.9,18.3
10W316,1003,84,864,Sonstige,17.1,16.8,17.4
10W316,1003,84,864,CDU,16.3,16.1,16.6
10W316,1003,84,864,SPD,5.1,4.7,6.6
10W316,1003,84,864,GRUENE,4.1,4.0,4.4
10W316,1003,84,864,FDP,1.2,1.2,1.7
10W317,1003,84,1235,AFD,45.9,44.6,46.7
10W317,1003,84,1235,LINKE,21.6,21.3,21.8
10W317,1003,84,1235,CDU,16.0,15.8,16.3
10W317,1003,84,1235,Sonstige,14.8,14.5,15.0
10W317,1003,84,1235,GRUENE,5.3,5.1,5.6
10W317,1003,84,1235,SPD,4.9,4.6,6.6
10W317,1003,84,1235,FDP,1.4,1.4,1.8
10W318,1003,84,842,AFD,45.5,44.3,46.3
10W318,1003,84,842,LINKE,20.9,20.6,21.1
10W318,1003,84,842,Sonstige,15.2,14.9,15.4
10W318,1003,84,842,CDU,14.7,14.6,14.9
10W318,1003,84,842,SPD,6.3,6.1,7.6
10W318,1003,84,842,GRUENE,5.3,5.1,5.5
10W318,1003,84,842,FDP,1.7,1.7,2.0
10W319,1003,84,775,AFD,47.2,45.8,47.9
10W319,1003,84,775,LINKE,19.9,19.6,20.1
10W319,1003,84,775,CDU,17.9,17.7,18.2
10W319,1003,84,775,Sonstige,15.8,15.5,16.0
10W319,1003,84,775,GRUENE,4.9,4.7,5.3
10W319,1003,84,775,SPD,3.9,3.5,5.8
10W319,1003,84,775,FDP,1.3,1.2,1.7
10W320,1003,84,869,AFD,50.7,49.5,51.4
10W320,1003,84,869,LINKE,21.8,21.4,22.0
10W320,1003,84,869,Sonstige,16.9,16.6,17.1
10W320,1003,84,869,CDU,14.5,14.3,14.8
10W320,1003,84,869,GRUENE,3.5,3.3,3.7
10W320,1003,84,869,SPD,2.4,2.1,5.3
10W320,1003,84,869,FDP,0.7,0.6,1.2
10W321,1003,84,935,AFD,49.2,48.2,50.1
10W321,1003,84,935,LINKE,20.3,20.0,20.4
10W321,1003,84,935,CDU,17.0,16.9,17.4
10W321,1003,84,935,Sonstige,16.1,15.8,16.3
10W321,1003,84,935,SPD,5.3,5.1,6.9
10W321,1003,84,935,GRUENE,2.3,2.1,2.6
10W321,1003,84,935,FDP,1.1,1.0,1.5
10W322,1003,84,859,AFD,51.0,49.9,51.9
10W322,1003,84,859,LINKE,19.1,18.8,19.3
10W322,1003,84,859,CDU,18.2,18.1,18.6
10W322,1003,84,859,Sonstige,15.7,15.4,15.9
10W322,1003,84,859,SPD,5.3,5.0,7.0
10W322,1003,84,859,GRUENE,2.3,2.1,2.6
10W322,1003,84,859,FDP,1.3,1.2,1.6
10W323,1003,84,862,AFD,52.4,51.0,53.2
10W323,1003,84,862,LINKE,19.7,19.4,20.0
10W323,1003,84,862,CDU,16.1,15.9,16.4
10W323,1003,84,862,Sonstige,13.2,12.9,13.4
10W323,1003,84,862,SPD,6.9,6.6,7.6
10W323,1003,84,862,FDP,1.8,1.8,2.1
10W323,1003,84,862,GRUENE,1.1,0.9,1.4
10W324,1003,84,847,AFD,50.3,49.3,51.2
10W324,1003,84,847,LINKE,18.2,17.9,18.4
10W324,1003,84,847,CDU,16.4,16.3,16.7
10W324,1003,84,847,Sonstige,15.0,14.6,15.2
10W324,1003,84,847,SPD,5.7,5.5,7.1
10W324,1003,84,847,FDP,1.7,1.6,2.1
10W324,1003,84,847,GRUENE,1.2,1.0,1.4
10W325,1003,84,883,AFD,47.5,46.4,48.3
10W325,1003,84,883,LINKE,20.6,20.1,20.8
10W325,1003,84,883,Sonstige,16.4,16.1,16.6
10W325,1003,84,883,CDU,15.1,15.0,15.3
10W325,1003,84,883,SPD,4.9,4.5,6.1
10W325,1003,84,883,GRUENE,3.5,3.4,3.8
10W325,1003,84,883,FDP,1.5,1.4,1.8
10W326,1003,84,837,AFD,45.1,44.1,46.0
10W326,1003,84,837,LINKE,21.5,21.2,21.7
10W326,1003,84,837,CDU,15.6,15.5,15.9
10W326,1003,84,837,Sonstige,14.9,14.6,15.1
10W326,1003,84,837,SPD,5.3,5.0,6.6
10W326,1003,84,837,GRUENE,4.4,4.2,4.7
10W326,1003,84,837,FDP,1.5,1.4,1.8
10W327,1003,84,859,AFD,46.9,45.9,47.8
10W327,1003,84,859,LINKE,22.6,22.3,22.8
10W327,1003,84,859,CDU,15.4,15.2,15.7
10W327,1003,84,859,Sonstige,13.6,13.3,13.8
10W327,1003,84,859,SPD,6.1,5.8,7.6
10W327,1003,84,859,GRUENE,3.5,3.3,3.7
10W327,1003,84,859,FDP,1.4,1.3,1.7
10W328,1003,84,1179,AFD,47.7,46.6,48.6
10W328,1003,84,1179,LINKE,23.6,23.3,23.8
10W328,1003,84,1179,CDU,16.3,16.1,16.6
10W328,1003,84,1179,Sonstige,12.8,12.4,13.0
10W328,1003,84,1179,SPD,5.3,5.1,6.8
10W328,1003,84,1179,GRUENE,4.2,4.0,4.4
10W328,1003,84,1179,FDP,1.7,1.7,2.0
10W329,1003,84,1151,AFD,49.2,48.1,50.0
10W329,1003,84,1151,LINKE,23.6,23.3,23.8
10W329,1003,84,1151,CDU,14.8,14.6,15.0
10W329,1003,84,1151,Sonstige,13.4,13.1,13.6
10W329,1003,84,1151,SPD,6.9,6.6,8.1
10W329,1003,84,1151,GRUENE,3.0,2.9,3.2
10W329,1003,84,1151,FDP,1.2,1.1,1.5
10W330,1003,84,847,AFD,44.0,43.2,44.7
10W330,1003,84,847,CDU,20.0,19.8,20.3
10W330,1003,84,847,LINKE,19.7,19.5,19.9
10W330,1003,84,847,Sonstige,14.4,14.2,14.6
10W330,1003,84,847,SPD,4.9,4.6,7.1
10W330,1003,84,847,GRUENE,3.8,3.6,4.0
10W330,1003,84,847,FDP,1.8,1.8,2.1
10W331,1003,84,1058,AFD,47.1,46.1,47.9
10W331,1003,84,1058,CDU,19.8,19.7,20.2
10W331,1003,84,1058,LINKE,18.0,17.8,18.2
10W331,1003,84,1058,Sonstige,14.5,14.2,14.7
10W331,1003,84,1058,SPD,6.3,6.1,7.6
10W331,1003,84,1058,GRUENE,2.7,2.5,2.9
10W331,1003,84,1058,FDP,1.5,1.5,1.9
10W332,1003,84,913,AFD,45.6,44.3,46.3
10W332,1003,84,913,CDU,20.8,20.7,21.2
10W332,1003,84,913,LINKE,17.7,17.5,17.9
10W332,1003,84,913,Sonstige,14.6,14.3,14.8
10W332,1003,84,913,SPD,5.5,5.2,7.3
10W332,1003,84,913,GRUENE,2.7,2.5,2.9
10W332,1003,84,913,FDP,1.5,1.4,2.0
10W333,1003,84,886,AFD,50.3,49.0,51.1
10W333,1003,84,886,LINKE,21.9,21.7,22.2
10W333,1003,84,886,CDU,18.7,18.5,19.0
10W333,1003,84,886,Sonstige,11.3,10.9,11.5
10W333,1003,84,886,SPD,5.3,5.0,6.7
10W333,1003,84,886,GRUENE,2.5,2.4,2.8
10W333,1003,84,886,FDP,1.5,1.5,1.9
10W334,1003,84,863,AFD,50.4,49.1,51.2
10W334,1003,84,863,CDU,19.6,19.5,19.9
10W334,1003,84,863,LINKE,18.6,18.4,18.8
10W334,1003,84,863,Sonstige,13.3,13.0,13.5
10W334,1003,84,863,SPD,6.4,6.1,7.6
10W334,1003,84,863,FDP,1.3,1.3,1.8
10W334,1003,84,863,GRUENE,1.0,0.8,1.3
10W335,1003,84,919,AFD,48.0,46.9,48.8
10W335,1003,84,919,LINKE,19.5,19.1,19.8
10W335,1003,84,919,CDU,18.2,18.0,18.5
10W335,1003,84,919,Sonstige,14.7,14.4,14.9
10W335,1003,84,919,SPD,5.4,5.2,7.7
10W335,1003,84,919,GRUENE,2.7,2.6,3.0
10W335,1003,84,919,FDP,1.1,1.1,1.5
10W336,1003,84,909,AFD,47.4,46.4,48.3
10W336,1003,84,909,LINKE,18.7,18.5,18.9
10W336,1003,84,909,CDU,16.6,16.5,16.9
10W336,1003,84,909,Sonstige,14.6,14.3,14.8
10W336,1003,84,909,SPD,7.6,7.3,8.7
10W336,1003,84,909,GRUENE,3.4,3.2,3.7
10W336,1003,84,909,FDP,1.3,1.3,1.7
10W337,1003,84,863,AFD,48.4,47.3,49.3
10W337,1003,84,863,LINKE,18.3,18.1,18.5
10W337,1003,84,863,CDU,17.4,17.2,17.7
10W337,1003,84,863,Sonstige,14.3,13.9,14.5
10W337,1003,84,863,SPD,7.8,7.5,9.0
10W337,1003,84,863,FDP,1.8,1.7,2.1
10W337,1003,84,863,GRUENE,0.9,0.7,1.1
10W401,1004,84,726,AFD,30.5,29.6,31.0
10W401,1004,84,726,CDU,26.3,26.2,26.8
10W401,1004,84,726,LINKE,18.6,18.3,18.8
10W401,1004,84,726,Sonstige,12.1,12.0,12.7
10W401,1004,84,726,GRUENE,9.0,8.9,9.4
10W401,1004,84,726,SPD,5.2,4.8,8.3
10W401,1004,84,726,FDP,2.6,2.5,2.7
10W402,1004,84,771,AFD,33.7,33.3,34.4
10W402,1004,84,771,CDU,29.9,29.8,30.4
10W402,1004,84,771,LINKE,16.9,16.5,17.1
10W402,1004,84,771,Sonstige,8.9,8.7,9.3
10W402,1004,84,771,SPD,6.0,5.7,8.5
10W402,1004,84,771,GRUENE,5.7,5.5,6.1
10W402,1004,84,771,FDP,2.6,2.5,2.8
10W403,1004,84,905,AFD,34.8,33.5,35.3
10W403,1004,84,905,LINKE,24.5,24.1,24.7
10W403,1004,84,905,CDU,19.1,19.0,19.4
10W403,1004,84,905,Sonstige,12.7,12.6,13.2
10W403,1004,84,905,GRUENE,6.6,6.4,6.8
10W403,1004,84,905,SPD,6.4,6.2,8.5
10W403,1004,84,905,FDP,1.9,1.9,2.3
10W404,1004,84,940,AFD,35.5,34.0,36.0
10W404,1004,84,940,LINKE,26.1,25.7,26.3
10W404,1004,84,940,CDU,16.5,16.3,16.7
10W404,1004,84,940,Sonstige,13.2,13.1,13.7
10W404,1004,84,940,SPD,6.5,6.2,8.6
10W404,1004,84,940,GRUENE,6.5,6.3,6.8
10W404,1004,84,940,FDP,1.8,1.7,2.1
10W405,1004,84,895,AFD,33.1,32.3,33.8
10W405,1004,84,895,LINKE,25.0,24.6,25.2
10W405,1004,84,895,CDU,21.1,20.9,21.4
10W405,1004,84,895,Sonstige,12.4,12.2,12.9
10W405,1004,84,895,SPD,8.2,8.0,10.3
10W405,1004,84,895,GRUENE,3.5,3.3,3.9
10W405,1004,84,895,FDP,1.8,1.7,2.1
10W406,1004,84,908,AFD,37.3,36.2,37.9
10W406,1004,84,908,LINKE,28.1,27.7,28.3
10W406,1004,84,908,CDU,14.8,14.6,15.1
10W406,1004,84,908,Sonstige,13.6,13.4,14.1
10W406,1004,84,908,SPD,6.7,6.4,8.9
10W406,1004,84,908,GRUENE,5.3,5.2,5.6
10W406,1004,84,908,FDP,1.7,1.7,1.9
10W407,1004,84,944,AFD,37.1,36.3,37.8
10W407,1004,84,944,LINKE,25.9,25.1,26.2
10W407,1004,84,944,CDU,17.8,17.7,18.1
10W407,1004,84,944,Sonstige,13.0,12.9,13.5
10W407,1004,84,944,SPD,6.6,6.3,8.0
10W407,1004,84,944,GRUENE,4.1,3.9,4.5
10W407,1004,84,944,FDP,2.0,2.0,2.4
10W408,1004,84,932,AFD,37.9,36.8,38.4
10W408,1004,84,932,LINKE,27.2,26.9,27.5
10W408,1004,84,932,CDU,15.3,15.1,15.6
10W408,1004,84,932,Sonstige,12.6,12.5,13.2
10W408,1004,84,932,SPD,8.9,8.6,9.7
10W408,1004,84,932,GRUENE,4.7,4.5,5.0
10W408,1004,84,932,FDP,1.8,1.8,2.1
10W409,1004,84,1281,AFD,36.3,35.4,36.9
10W409,1004,84,1281,LINKE,27.3,26.8,27.4
10W409,1004,84,1281,CDU,18.1,18.0,18.5
10W409,1004,84,1281,Sonstige,11.9,11.8,12.4
10W409,1004,84,1281,SPD,7.4,7.1,9.5
10W409,1004,84,1281,GRUENE,3.7,3.5,4.0
10W409,1004,84,1281,FDP,1.8,1.7,2.0
10W410,1004,84,1278,AFD,40.5,39.1,41.0
10W410,1004,84,1278,LINKE,25.4,25.0,25.6
10W410,1004,84,1278,CDU,17.6,17.5,18.0
10W410,1004,84,1278,Sonstige,13.8,13.6,14.3
10W410,1004,84,1278,SPD,5.8,5.5,8.3
10W410,1004,84,1278,GRUENE,3.4,3.3,3.7
10W410,1004,84,1278,FDP,1.4,1.4,1.7
10W411,1004,84,959,AFD,37.1,36.0,37.7
10W411,1004,84,959,LINKE,24.2,23.8,24.4
10W411,1004,84,959,CDU,20.7,20.6,21.1
10W411,1004,84,959,Sonstige,12.0,11.8,12.5
10W411,1004,84,959,SPD,7.9,7.7,9.3
10W411,1004,84,959,GRUENE,2.4,2.2,2.7
10W411,1004,84,959,FDP,2.2,2.2,2.5
10W412,1004,84,909,AFD,38.5,37.5,39.0
10W412,1004,84,909,LINKE,26.1,25.4,26.3
10W412,1004,84,909,CDU,18.0,17.8,18.3
10W412,1004,84,909,Sonstige,12.9,12.8,13.5
10W412,1004,84,909,SPD,5.5,5.2,7.9
10W412,1004,84,909,GRUENE,3.0,2.8,3.2
10W412,1004,84,909,FDP,1.8,1.7,2.1
10W413,1004,84,931,AFD,38.6,37.7,39.2
10W413,1004,84,931,LINKE,26.1,25.4,26.4
10W413,1004,84,931,CDU,16.8,16.7,17.1
10W413,1004,84,931,Sonstige,13.6,13.4,14.1
10W413,1004,84,931,SPD,5.2,4.9,7.4
10W413,1004,84,931,GRUENE,3.2,3.0,3.4
10W413,1004,84,931,FDP,1.8,1.7,2.1
10W414,1004,84,1013,AFD,34.9,34.3,35.5
10W414,1004,84,1013,CDU,26.6,26.5,27.0
10W414,1004,84,1013,LINKE,18.4,18.0,18.6
10W414,1004,84,1013,Sonstige,9.9,9.7,10.4
10W414,1004,84,1013,SPD,7.1,6.9,9.6
10W414,1004,84,1013,GRUENE,3.8,3.6,4.0
10W414,1004,84,1013,FDP,2.6,2.5,2.8
10W415,1004,84,973,AFD,32.2,31.7,32.9
10W415,1004,84,973,CDU,28.4,28.3,28.9
10W415,1004,84,973,LINKE,17.5,17.2,17.7
10W415,1004,84,973,Sonstige,9.0,8.8,9.4
10W415,1004,84,973,GRUENE,6.7,6.5,6.8
10W415,1004,84,973,SPD,6.2,6.0,8.9
10W415,1004,84,973,FDP,3.3,3.2,3.4
10W416,1004,84,960,AFD,32.0,31.6,32.8
10W416,1004,84,960,CDU,27.2,27.1,27.6
10W416,1004,84,960,LINKE,20.1,19.8,20.3
10W416,1004,84,960,Sonstige,8.7,8.5,9.2
10W416,1004,84,960,SPD,7.6,7.4,10.0
10W416,1004,84,960,GRUENE,4.6,4.4,4.8
10W416,1004,84,960,FDP,2.7,2.7,3.1
10W417,1004,84,1031,AFD,36.5,36.0,37.2
10W417,1004,84,1031,CDU,23.2,23.1,23.6
10W417,1004,84,1031,LINKE,20.9,20.5,21.0
10W417,1004,84,1031,Sonstige,10.2,10.0,10.6
10W417,1004,84,1031,SPD,6.0,5.8,9.0
10W417,1004,84,1031,GRUENE,5.1,4.9,5.4
10W417,1004,84,1031,FDP,2.3,2.3,2.5
10W418,1004,84,966,AFD,38.3,37.6,39.1
10W418,1004,84,966,LINKE,21.2,20.7,21.4
10W418,1004,84,966,CDU,16.8,16.7,17.1
10W418,1004,84,966,Sonstige,14.8,14.6,15.2
10W418,1004,84,966,GRUENE,6.5,6.3,6.7
10W418,1004,84,966,SPD,5.3,5.1,8.0
10W418,1004,84,966,FDP,1.6,1.5,1.8
10W419,1004,84,999,AFD,37.0,35.9,37.5
10W419,1004,84,999,LINKE,21.1,20.7,21.2
10W419,1004,84,999,CDU,17.7,17.6,18.0
10W419,1004,84,999,Sonstige,15.1,14.9,15.6
10W419,1004,84,999,SPD,6.2,5.9,8.7
10W419,1004,84,999,GRUENE,6.0,5.8,6.2
10W419,1004,84,999,FDP,1.7,1.7,2.1
10W420,1004,84,897,AFD,36.3,35.7,37.0
10W420,1004,84,897,CDU,29.7,29.6,30.2
10W420,1004,84,897,LINKE,17.2,16.8,17.4
10W420,1004,84,897,Sonstige,9.6,9.5,10.1
10W420,1004,84,897,SPD,5.7,5.5,8.7
10W420,1004,84,897,FDP,3.0,2.9,3.4
10W420,1004,84,897,GRUENE,2.6,2.5,2.9
10W421,1004,84,989,AFD,34.8,34.1,35.6
10W421,1004,84,989,CDU,21.6,21.5,22.0
10W421,1004,84,989,LINKE,21.1,20.6,21.2
10W421,1004,84,989,Sonstige,12.6,12.4,13.0
10W421,1004,84,989,SPD,5.7,5.4,8.4
10W421,1004,84,989,GRUENE,5.7,5.6,5.9
10W421,1004,84,989,FDP,2.1,2.0,2.5
10W422,1004,84,860,AFD,33.6,33.1,34.4
10W422,1004,84,860,LINKE,21.5,21.2,21.6
10W422,1004,84,860,CDU,20.8,20.7,21.2
10W422,1004,84,860,Sonstige,13.1,13.0,13.6
10W422,1004,84,860,GRUENE,8.6,8.5,8.8
10W422,1004,84,860,SPD,4.9,4.6,8.2
10W422,1004,84,860,FDP,2.0,1.9,2.2
10W423,1004,84,1082,AFD,31.3,30.7,31.9
10W423,1004,84,1082,CDU,26.8,26.7,27.3
10W423,1004,84,1082,LINKE,18.2,18.0,18.3
10W423,1004,84,1082,Sonstige,9.7,9.6,10.2
10W423,1004,84,1082,GRUENE,8.5,8.4,8.7
10W423,1004,84,1082,SPD,6.0,5.7,8.9
10W423,1004,84,1082,FDP,2.8,2.7,3.0
10W424,1004,84,992,AFD,31.2,30.5,31.7
10W424,1004,84,992,CDU,27.9,27.8,28.3
10W424,1004,84,992,LINKE,19.2,18.8,19.4
10W424,1004,84,992,Sonstige,9.0,8.8,9.4
10W424,1004,84,992,GRUENE,7.9,7.8,8.1
10W424,1004,84,992,SPD,5.7,5.4,8.7
10W424,1004,84,992,FDP,3.1,3.1,3.3
10W425,1004,84,1120,AFD,30.3,29.4,30.7
10W425,1004,84,1120,CDU,24.7,24.6,25.1
10W425,1004,84,1120,LINKE,19.6,19.2,19.7
10W425,1004,84,1120,Sonstige,9.7,9.6,10.2
10W425,1004,84,1120,GRUENE,8.3,8.1,8.5
10W425,1004,84,1120,SPD,7.3,7.0,9.5
10W425,1004,84,1120,FDP,3.2,3.2,3.4
10W426,1004,84,927,AFD,30.2,29.6,30.8
10W426,1004,84,927,CDU,24.1,24.0,24.5
10W426,1004,84,927,LINKE,17.0,16.5,17.2
10W426,1004,84,927,GRUENE,9.9,9.8,10.1
10W426,1004,84,927,Sonstige,9.9,9.7,10.3
10W426,1004,84,927,SPD,7.4,7.2,9.4
10W426,1004,84,927,FDP,3.1,3.1,3.2
10W427,1004,84,880,AFD,25.2,24.2,25.7
10W427,1004,84,880,CDU,22.3,22.2,22.6
10W427,1004,84,880,LINKE,20.5,20.3,20.7
10W427,1004,84,880,GRUENE,14.5,14.3,14.9
10W427,1004,84,880,Sonstige,11.2,11.0,11.5
10W427,1004,84,880,SPD,7.7,7.4,8.6
10W427,1004,84,880,FDP,2.7,2.7,3.0
10W428,1004,84,909,AFD,30.5,29.9,31.2
10W428,1004,84,909,CDU,28.0,27.8,28.4
10W428,1004,84,909,LINKE,18.3,17.8,18.4
10W428,1004,84,909,GRUENE,9.0,8.9,9.2
10W428,1004,84,909,Sonstige,8.3,8.1,8.7
10W428,1004,84,909,SPD,6.0,5.7,9.0
10W428,1004,84,909,FDP,3.3,3.3,3.5
10W429,1004,84,1031,CDU,31.3,31.1,31.8
10W429,1004,84,1031,AFD,28.9,27.9,29.4
10W429,1004,84,1031,LINKE,13.8,13.5,14.0
10W429,1004,84,1031,GRUENE,10.1,9.8,10.4
10W429,1004,84,1031,Sonstige,9.4,9.2,9.8
10W429,1004,84,1031,SPD,6.4,6.1,8.5
10W429,1004,84,1031,FDP,2.8,2.7,3.2
10W430,1004,84,973,CDU,32.0,31.8,32.5
10W430,1004,84,973,AFD,27.9,27.4,28.5
10W430,1004,84,973,LINKE,15.9,15.6,16.0
10W430,1004,84,973,SPD,9.4,9.2,11.4
10W430,1004,84,973,Sonstige,7.7,7.5,8.3
10W430,1004,84,973,GRUENE,6.8,6.6,7.1
10W430,1004,84,973,FDP,3.4,3.3,3.7
10W431,1004,84,985,CDU,30.2,30.1,30.7
10W431,1004,84,985,AFD,28.6,28.0,29.2
10W431,1004,84,985,LINKE,17.8,17.4,18.0
10W431,1004,84,985,SPD,8.3,8.0,10.5
10W431,1004,84,985,GRUENE,8.1,8.0,8.3
10W431,1004,84,985,Sonstige,7.4,7.3,8.0
10W431,1004,84,985,FDP,3.2,3.1,3.4
10W432,1004,84,927,CDU,30.3,30.1,30.7
10W432,1004,84,927,AFD,28.8,28.2,29.5
10W432,1004,84,927,LINKE,16.9,16.8,17.1
10W432,1004,84,927,GRUENE,8.4,8.2,8.7
10W432,1004,84,927,Sonstige,8.3,8.1,8.7
10W432,1004,84,927,SPD,7.5,7.2,9.7
10W432,1004,84,927,FDP,3.1,3.0,3.3
10W433,1004,84,939,AFD,30.3,29.8,31.0
10W433,1004,84,939,CDU,29.6,29.4,30.0
10W433,1004,84,939,LINKE,16.2,16.0,16.4
10W433,1004,84,939,Sonstige,9.1,9.0,9.6
10W433,1004,84,939,GRUENE,7.5,7.3,7.7
10W433,1004,84,939,SPD,6.8,6.6,9.9
10W433,1004,84,939,FDP,3.4,3.4,3.6
10W434,1004,84,892,CDU,28.8,28.6,29.2
10W434,1004,84,892,AFD,28.3,27.6,28.8
10W434,1004,84,892,LINKE,16.3,15.8,16.4
10W434,1004,84,892,Sonstige,9.6,9.5,10.1
10W434,1004,84,892,GRUENE,8.1,8.0,8.4
10W434,1004,84,892,SPD,7.2,6.9,9.4
10W434,1004,84,892,FDP,3.6,3.5,3.7
10W435,1004,84,1072,AFD,31.4,30.9,32.0
10W435,1004,84,1072,CDU,30.6,30.5,31.1
10W435,1004,84,1072,LINKE,17.4,17.0,17.5
10W435,1004,84,1072,Sonstige,9.6,9.4,10.1
10W435,1004,84,1072,GRUENE,5.9,5.7,6.2
10W435,1004,84,1072,SPD,5.2,5.0,8.4
10W435,1004,84,1072,FDP,3.1,3.1,3.4
10W436,1004,84,906,CDU,30.2,30.0,30.7
10W436,1004,84,906,AFD,28.9,28.3,29.5
10W436,1004,84,906,LINKE,17.8,17.5,17.9
10W436,1004,84,906,SPD,9.0,8.8,11.2
10W436,1004,84,906,Sonstige,8.7,8.5,9.1
10W436,1004,84,906,GRUENE,6.2,6.0,6.4
10W436,1004,84,906,FDP,3.4,3.3,3.5
10W501,1005,84,939,AFD,32.5,32.0,33.1
10W501,1005,84,939,CDU,28.9,28.8,29.3
10W501,1005,84,939,LINKE,17.5,17.3,17.6
10W501,1005,84,939,Sonstige,9.3,9.1,9.5
10W501,1005,84,939,SPD,6.7,6.5,8.9
10W501,1005,84,939,GRUENE,5.8,5.5,6.0
10W501,1005,84,939,FDP,2.9,2.8,3.2
10W502,1005,84,865,AFD,33.5,32.2,33.8
10W502,1005,84,865,CDU,29.2,29.0,29.7
10W502,1005,84,865,LINKE,16.7,16.4,16.8
10W502,1005,84,865,Sonstige,8.8,8.6,9.1
10W502,1005,84,865,SPD,6.7,6.5,9.1
10W502,1005,84,865,GRUENE,5.5,5.3,5.7
10W502,1005,84,865,FDP,3.2,3.1,3.4
10W503,1005,84,905,AFD,32.4,31.9,33.2
10W503,1005,84,905,CDU,28.5,28.4,28.9
10W503,1005,84,905,LINKE,17.3,16.9,17.4
10W503,1005,84,905,Sonstige,10.0,9.8,10.3
10W503,1005,84,905,SPD,6.6,6.3,9.0
10W503,1005,84,905,GRUENE,4.5,4.3,4.7
10W503,1005,84,905,FDP,2.8,2.8,3.1
10W504,1005,84,865,AFD,34.8,34.1,35.4
10W504,1005,84,865,CDU,29.3,29.1,29.8
10W504,1005,84,865,LINKE,13.8,13.6,14.0
10W504,1005,84,865,Sonstige,10.2,10.0,10.4
10W504,1005,84,865,SPD,6.2,5.9,8.2
10W504,1005,84,865,GRUENE,5.7,5.5,6.0
10W504,1005,84,865,FDP,2.7,2.7,3.0
10W505,1005,84,848,AFD,34.4,34.0,35.1
10W505,1005,84,848,CDU,28.7,28.6,29.2
10W505,1005,84,848,LINKE,13.7,13.5,13.9
10W505,1005,84,848,Sonstige,10.5,10.4,10.9
10W505,1005,84,848,GRUENE,6.8,6.6,7.1
10W505,1005,84,848,SPD,5.1,4.9,7.7
10W505,1005,84,848,FDP,2.6,2.5,2.8
10W506,1005,84,904,AFD,31.5,30.8,32.0
10W506,1005,84,904,CDU,29.8,29.7,30.3
10W506,1005,84,904,LINKE,14.8,14.3,15.0
10W506,1005,84,904,Sonstige,9.3,9.2,9.6
10W506,1005,84,904,GRUENE,8.2,8.0,8.5
10W506,1005,84,904,SPD,6.0,5.8,8.4
10W506,1005,84,904,FDP,2.8,2.7,3.0
10W507,1005,84,1000,AFD,31.9,31.1,32.2
10W507,1005,84,1000,CDU,31.5,31.3,32.0
10W507,1005,84,1000,LINKE,12.0,11.7,12.2
10W507,1005,84,1000,Sonstige,10.0,9.8,10.2
10W507,1005,84,1000,GRUENE,6.9,6.7,7.1
10W507,1005,84,1000,SPD,6.7,6.4,9.2
10W507,1005,84,1000,FDP,3.1,3.1,3.3
10W508,1005,84,1001,AFD,30.3,29.7,30.9
10W508,1005,84,1001,CDU,29.4,29.3,29.8
10W508,1005,84,1001,LINKE,13.4,13.1,13.5
10W508,1005,84,1001,Sonstige,9.7,9.6,10.0
10W508,1005,84,1001,SPD,9.3,9.1,10.8
10W508,1005,84,1001,GRUENE,6.0,5.9,6.3
10W508,1005,84,1001,FDP,3.3,3.2,3.5
10W509,1005,84,1170,AFD,30.6,29.7,31.1
10W509,1005,84,1170,CDU,21.7,21.6,22.0
10W509,1005,84,1170,LINKE,20.0,19.7,20.1
10W509,1005,84,1170,Sonstige,11.6,11.5,11.9
10W509,1005,84,1170,GRUENE,9.2,9.0,9.4
10W509,1005,84,1170,SPD,6.8,6.6,9.0
10W509,1005,84,1170,FDP,2.6,2.5,2.8
10W510,1005,84,874,AFD,30.0,29.3,30.5
10W510,1005,84,874,CDU,23.4,23.3,23.8
10W510,1005,84,874,LINKE,18.1,17.9,18.2
10W510,1005,84,874,GRUENE,10.3,10.1,10.4
10W510,1005,84,874,Sonstige,9.9,9.8,10.2
10W510,1005,84,874,SPD,8.5,8.2,10.0
10W510,1005,84,874,FDP,2.9,2.8,3.1
10W511,1005,84,868,AFD,33.1,32.3,33.5
10W511,1005,84,868,CDU,23.1,23.0,23.5
10W511,1005,84,868,LINKE,18.7,18.5,18.8
10W511,1005,84,868,Sonstige,10.6,10.4,10.9
10W511,1005,84,868,GRUENE,8.7,8.5,8.9
10W511,1005,84,868,SPD,7.9,7.5,9.3
10W511,1005,84,868,FDP,2.6,2.5,2.9
10W512,1005,84,881,AFD,31.2,30.7,31.8
10W512,1005,84,881,CDU,25.3,25.2,25.7
10W512,1005,84,881,LINKE,18.2,18.1,18.3
10W512,1005,84,881,Sonstige,11.8,11.7,12.1
10W512,1005,84,881,SPD,8.6,8.3,10.2
10W512,1005,84,881,GRUENE,6.0,5.9,6.2
10W512,1005,84,881,FDP,2.6,2.5,2.9
10W513,1005,84,888,AFD,29.2,28.5,29.7
10W513,1005,84,888,CDU,25.8,25.7,26.3
10W513,1005,84,888,LINKE,17.5,17.3,17.6
10W513,1005,84,888,Sonstige,12.4,12.2,12.6
10W513,1005,84,888,GRUENE,8.1,7.9,8.3
10W513,1005,84,888,SPD,7.2,7.0,9.3
10W513,1005,84,888,FDP,3.0,2.9,3.1
10W514,1005,84,855,AFD,28.2,27.6,28.8
10W514,1005,84,855,CDU,23.8,23.7,24.2
10W514,1005,84,855,LINKE,17.0,16.8,17.1
10W514,1005,84,855,GRUENE,10.6,10.5,10.8
10W514,1005,84,855,SPD,10.5,10.3,11.1
10W514,1005,84,855,Sonstige,9.5,9.4,9.7
10W514,1005,84,855,FDP,3.0,2.9,3.1
10W515,1005,84,904,CDU,30.4,30.2,30.8
10W515,1005,84,904,AFD,29.9,29.4,30.7
10W515,1005,84,904,LINKE,16.3,16.0,16.4
10W515,1005,84,904,Sonstige,8.7,8.5,8.9
10W515,1005,84,904,SPD,7.2,6.9,9.4
10W515,1005,84,904,GRUENE,7.0,6.8,7.2
10W515,1005,84,904,FDP,3.0,2.9,3.2
10W516,1005,84,865,AFD,32.0,31.4,32.5
10W516,1005,84,865,CDU,29.1,29.0,29.5
10W516,1005,84,865,LINKE,17.0,16.5,17.2
10W516,1005,84,865,Sonstige,8.1,8.0,8.4
10W516,1005,84,865,SPD,6.7,6.4,8.7
10W516,1005,84,865,GRUENE,6.6,6.4,6.8
10W516,1005,84,865,FDP,3.1,3.0,3.3
10W517,1005,84,863,AFD,31.8,31.2,32.4
10W517,1005,84,863,CDU,28.2,28.1,28.6
10W517,1005,84,863,LINKE,16.6,16.2,16.8
10W517,1005,84,863,SPD,8.0,7.8,9.8
10W517,1005,84,863,Sonstige,8.0,7.8,8.2
10W517,1005,84,863,GRUENE,6.8,6.6,6.9
10W517,1005,84,863,FDP,3.4,3.3,3.5
10W518,1005,84,886,CDU,27.3,27.2,27.8
10W518,1005,84,886,AFD,26.3,25.8,26.9
10W518,1005,84,886,LINKE,13.9,13.8,14.1
10W518,1005,84,886,GRUENE,11.3,11.2,11.6
10W518,1005,84,886,SPD,10.3,10.1,11.1
10W518,1005,84,886,Sonstige,8.8,8.6,9.1
10W518,1005,84,886,FDP,2.8,2.8,3.1
10W519,1005,84,912,AFD,32.9,32.4,33.5
10W519,1005,84,912,CDU,27.3,27.2,27.7
10W519,1005,84,912,LINKE,17.5,17.0,17.8
10W519,1005,84,912,Sonstige,7.9,7.8,8.2
10W519,1005,84,912,SPD,7.8,7.6,9.8
10W519,1005,84,912,GRUENE,4.8,4.6,5.0
10W519,1005,84,912,FDP,3.7,3.6,3.8
10W520,1005,84,869,CDU,34.5,34.4,35.0
10W520,1005,84,869,AFD,29.3,28.8,30.4
10W520,1005,84,869,LINKE,12.7,12.2,12.9
10W520,1005,84,869,SPD,8.0,7.7,10.4
10W520,1005,84,869,Sonstige,7.3,7.2,7.6
10W520,1005,84,869,GRUENE,4.9,4.7,5.1
10W520,1005,84,869,FDP,3.6,3.5,3.8
10W521,1005,84,934,AFD,30.7,29.8,31.1
10W521,1005,84,934,CDU,29.9,29.7,30.3
10W521,1005,84,934,LINKE,16.3,16.1,16.4
10W521,1005,84,934,SPD,9.6,9.4,11.2
10W521,1005,84,934,Sonstige,7.7,7.5,7.9
10W521,1005,84,934,GRUENE,5.8,5.6,6.0
10W521,1005,84,934,FDP,3.7,3.6,3.8
10W522,1005,84,934,AFD,32.1,31.3,32.5
10W522,1005,84,934,CDU,28.6,28.5,29.1
10W522,1005,84,934,LINKE,15.4,15.2,15.5
10W522,1005,84,934,Sonstige,10.4,10.2,10.6
10W522,1005,84,934,SPD,7.2,6.9,9.5
10W522,1005,84,934,GRUENE,5.1,4.9,5.3
10W522,1005,84,934,FDP,3.4,3.4,3.6
10W523,1005,84,932,AFD,31.4,30.5,31.9
10W523,1005,84,932,CDU,27.5,27.4,27.9
10W523,1005,84,932,LINKE,17.2,17.0,17.3
10W523,1005,84,932,Sonstige,9.4,9.3,9.7
10W523,1005,84,932,SPD,8.9,8.6,10.7
10W523,1005,84,932,GRUENE,5.7,5.5,5.9
10W523,1005,84,932,FDP,3.6,3.5,3.7
10W524,1005,84,938,AFD,30.9,30.2,31.4
10W524,1005,84,938,CDU,23.6,23.5,24.0
10W524,1005,84,938,LINKE,18.2,17.8,18.3
10W524,1005,84,938,Sonstige,10.0,9.9,10.3
10W524,1005,84,938,SPD,8.5,8.3,9.9
10W524,1005,84,938,GRUENE,8.0,7.9,8.2
10W524,1005,84,938,FDP,3.4,3.4,3.6
10W525,1005,84,927,AFD,30.6,29.7,31.0
10W525,1005,84,927,CDU,29.3,29.2,29.7
10W525,1005,84,927,LINKE,16.8,16.5,16.9
10W525,1005,84,927,Sonstige,8.6,8.5,8.8
10W525,1005,84,927,SPD,8.6,8.3,10.2
10W525,1005,84,927,GRUENE,6.3,6.1,6.5
10W525,1005,84,927,FDP,3.8,3.7,3.9
10W526,1005,84,932,CDU,29.8,29.7,30.3
10W526,1005,84,932,AFD,29.6,28.8,30.1
10W526,1005,84,932,LINKE,17.0,16.6,17.1
10W526,1005,84,932,Sonstige,8.5,8.3,8.8
10W526,1005,84,932,GRUENE,7.9,7.7,8.1
10W526,1005,84,932,SPD,6.7,6.4,9.0
10W526,1005,84,932,FDP,3.7,3.6,3.8
10W527,1005,84,1138,AFD,33.0,32.1,33.5
10W527,1005,84,1138,CDU,32.6,32.5,33.2
10W527,1005,84,1138,LINKE,16.1,15.8,16.3
10W527,1005,84,1138,Sonstige,9.1,8.9,9.4
10W527,1005,84,1138,SPD,5.0,4.7,7.8
10W527,1005,84,1138,GRUENE,4.7,4.4,5.0
10W527,1005,84,1138,FDP,3.5,3.4,3.7
10W528,1005,84,858,AFD,31.6,31.0,32.1
10W528,1005,84,858,CDU,31.6,31.5,32.1
10W528,1005,84,858,LINKE,13.9,13.6,14.1
10W528,1005,84,858,Sonstige,8.2,8.0,8.4
10W528,1005,84,858,SPD,7.3,7.1,9.5
10W528,1005,84,858,GRUENE,5.6,5.4,5.8
10W528,1005,84,858,FDP,3.8,3.7,4.0
10W529,1005,84,936,CDU,31.0,30.9,31.5
10W529,1005,84,936,AFD,28.6,28.0,29.2
10W529,1005,84,936,LINKE,17.2,16.6,17.3
10W529,1005,84,936,SPD,7.9,7.6,10.2
10W529,1005,84,936,Sonstige,7.2,7.0,7.5
10W529,1005,84,936,GRUENE,6.5,6.3,6.8
10W529,1005,84,936,FDP,3.7,3.7,3.9
10W530,1005,84,895,AFD,33.2,32.0,33.6
10W530,1005,84,895,CDU,32.6,32.5,33.1
10W530,1005,84,895,LINKE,14.4,14.1,14.6
10W530,1005,84,895,Sonstige,8.6,8.5,8.9
10W530,1005,84,895,SPD,6.4,6.1,8.5
10W530,1005,84,895,GRUENE,5.6,5.4,5.9
10W530,1005,84,895,FDP,3.5,3.4,3.7
10W531,1005,84,861,CDU,32.0,31.9,32.5
10W531,1005,84,861,AFD,31.2,30.6,31.7
10W531,1005,84,861,LINKE,13.8,13.5,14.0
10W531,1005,84,861,Sonstige,8.5,8.3,8.8
10W531,1005,84,861,SPD,6.3,6.1,8.7
10W531,1005,84,861,GRUENE,6.1,5.9,6.4
10W531,1005,84,861,FDP,3.9,3.8,4.1
10W532,1005,84,895,CDU,32.1,32.0,32.6
10W532,1005,84,895,AFD,30.1,29.1,30.5
10W532,1005,84,895,LINKE,13.5,13.1,13.6
10W532,1005,84,895,Sonstige,8.4,8.3,8.7
10W532,1005,84,895,GRUENE,7.8,7.5,8.1
10W532,1005,84,895,SPD,6.6,6.4,8.4
10W532,1005,84,895,FDP,3.8,3.7,4.0
10W533,1005,84,905,CDU,31.6,31.4,32.1
10W533,1005,84,905,AFD,30.4,29.1,30.8
10W533,1005,84,905,LINKE,16.0,15.5,16.2
10W533,1005,84,905,Sonstige,8.7,8.6,8.9
10W533,1005,84,905,GRUENE,7.6,7.3,7.9
10W533,1005,84,905,SPD,6.3,6.1,8.3
10W533,1005,84,905,FDP,3.4,3.3,3.6
10W534,1005,84,854,AFD,32.9,32.1,33.4
10W534,1005,84,854,CDU,24.3,24.2,24.7
10W534,1005,84,854,LINKE,20.3,19.9,20.5
10W534,1005,84,854,Sonstige,9.7,9.5,9.9
10W534,1005,84,854,SPD,7.4,7.1,9.5
10W534,1005,84,854,GRUENE,6.1,6.0,6.4
10W534,1005,84,854,FDP,3.1,3.0,3.2
10W535,1005,84,868,AFD,32.1,30.6,32.6
10W535,1005,84,868,CDU,26.0,25.9,26.4
10W535,1005,84,868,LINKE,19.0,18.7,19.1
10W535,1005,84,868,Sonstige,11.1,10.9,11.3
10W535,1005,84,868,GRUENE,8.1,7.9,8.4
10W535,1005,84,868,SPD,5.9,5.7,7.9
10W535,1005,84,868,FDP,3.2,3.1,3.4
10W536,1005,84,843,AFD,30.1,29.2,30.5
10W536,1005,84,843,CDU,26.8,26.7,27.3
10W536,1005,84,843,LINKE,19.1,18.7,19.2
10W536,1005,84,843,Sonstige,10.6,10.4,10.8
10W536,1005,84,843,GRUENE,8.6,8.4,8.8
10W536,1005,84,843,SPD,5.5,5.3,8.1
10W536,1005,84,843,FDP,3.5,3.4,3.6
10W537,1005,84,854,AFD,33.0,32.0,33.4
10W537,1005,84,854,CDU,29.5,29.3,29.9
10W537,1005,84,854,LINKE,15.3,15.0,15.5
10W537,1005,84,854,Sonstige,9.6,9.5,10.0
10W537,1005,84,854,SPD,6.1,5.9,8.1
10W537,1005,84,854,GRUENE,6.0,5.8,6.2
10W537,1005,84,854,FDP,3.4,3.3,3.7
10W601,1006,84,1293,AFD,44.8,43.4,45.5
10W601,1006,84,1293,CDU,21.9,21.8,22.3
10W601,1006,84,1293,LINKE,19.1,18.7,19.3
10W601,1006,84,1293,Sonstige,14.2,14.1,14.4
10W601,1006,84,1293,SPD,4.7,4.4,7.0
10W601,1006,84,1293,GRUENE,3.8,3.6,4.1
10W601,1006,84,1293,FDP,1.5,1.4,1.9
10W602,1006,84,1286,AFD,45.0,43.1,45.6
10W602,1006,84,1286,LINKE,23.2,22.6,23.4
10W602,1006,84,1286,CDU,19.8,19.6,20.1
10W602,1006,84,1286,Sonstige,13.2,12.9,13.4
10W602,1006,84,1286,GRUENE,4.9,4.7,5.3
10W602,1006,84,1286,SPD,3.7,3.3,5.5
10W602,1006,84,1286,FDP,1.3,1.2,1.7
10W603,1006,84,948,AFD,45.1,44.0,45.8
10W603,1006,84,948,CDU,20.7,20.5,21.1
10W603,1006,84,948,LINKE,19.5,18.9,19.7
10W603,1006,84,948,Sonstige,13.4,13.1,13.6
10W603,1006,84,948,SPD,6.1,5.7,7.3
10W603,1006,84,948,GRUENE,3.8,3.6,4.1
10W603,1006,84,948,FDP,1.6,1.5,2.0
10W604,1006,84,952,AFD,40.9,39.5,41.6
10W604,1006,84,952,CDU,23.3,23.1,23.6
10W604,1006,84,952,LINKE,19.3,18.9,19.4
10W604,1006,84,952,Sonstige,12.3,12.1,12.5
10W604,1006,84,952,SPD,6.6,6.3,8.2
10W604,1006,84,952,GRUENE,4.2,4.0,4.4
10W604,1006,84,952,FDP,1.7,1.7,2.3
10W605,1006,84,931,AFD,44.7,43.2,45.3
10W605,1006,84,931,CDU,21.4,21.3,21.8
10W605,1006,84,931,LINKE,18.6,18.3,18.8
10W605,1006,84,931,Sonstige,13.8,13.6,14.0
10W605,1006,84,931,SPD,5.4,5.1,7.4
10W605,1006,84,931,GRUENE,3.5,3.3,3.7
10W605,1006,84,931,FDP,1.6,1.5,2.0
10W606,1006,84,935,AFD,47.1,45.4,47.8
10W606,1006,84,935,LINKE,22.1,21.4,22.3
10W606,1006,84,935,CDU,17.9,17.7,18.2
10W606,1006,84,935,Sonstige,13.7,13.5,13.9
10W606,1006,84,935,SPD,4.6,4.2,6.9
10W606,1006,84,935,GRUENE,3.5,3.3,3.7
10W606,1006,84,935,FDP,1.3,1.2,1.7
10W607,1006,84,1132,AFD,48.0,46.2,48.6
10W607,1006,84,1132,LINKE,22.3,21.7,22.5
10W607,1006,84,1132,Sonstige,17.0,16.8,17.2
10W607,1006,84,1132,CDU,13.9,13.8,14.2
10W607,1006,84,1132,SPD,3.9,3.5,6.5
10W607,1006,84,1132,GRUENE,3.8,3.6,4.0
10W607,1006,84,1132,FDP,0.8,0.7,1.2
10W608,1006,84,940,AFD,46.3,45.1,47.0
10W608,1006,84,940,LINKE,20.3,19.7,20.5
10W608,1006,84,940,CDU,18.8,18.7,19.1
10W608,1006,84,940,Sonstige,13.0,12.8,13.2
10W608,1006,84,940,SPD,6.9,6.6,8.2
10W608,1006,84,940,GRUENE,2.1,1.9,2.3
10W608,1006,84,940,FDP,1.6,1.5,2.0
10W609,1006,84,823,AFD,42.0,40.3,42.7
10W609,1006,84,823,CDU,22.4,22.3,22.8
10W609,1006,84,823,LINKE,17.9,17.4,18.1
10W609,1006,84,823,Sonstige,13.0,12.8,13.1
10W609,1006,84,823,SPD,6.2,6.0,7.4
10W609,1006,84,823,GRUENE,5.1,4.9,5.4
10W609,1006,84,823,FDP,2.0,2.0,2.4
10W610,1006,84,884,AFD,48.3,46.6,49.0
10W610,1006,84,884,LINKE,19.8,19.2,20.0
10W610,1006,84,884,CDU,18.8,18.6,19.1
10W610,1006,84,884,Sonstige,14.0,13.8,14.2
10W610,1006,84,884,SPD,5.4,5.1,7.0
10W610,1006,84,884,GRUENE,3.1,3.0,3.4
10W610,1006,84,884,FDP,1.8,1.7,2.2
10W611,1006,84,845,AFD,48.6,47.0,49.3
10W611,1006,84,845,LINKE,26.6,25.8,26.8
10W611,1006,84,845,CDU,16.0,15.7,16.3
10W611,1006,84,845,Sonstige,13.7,13.5,14.0
10W611,1006,84,845,GRUENE,4.2,3.9,4.4
10W611,1006,84,845,SPD,2.7,2.3,5.3
10W611,1006,84,845,FDP,0.5,0.4,1.0
10W612,1006,84,787,AFD,45.9,44.5,46.8
10W612,1006,84,787,LINKE,18.8,18.1,19.1
10W612,1006,84,787,CDU,17.5,17.3,17.9
10W612,1006,84,787,Sonstige,14.5,14.3,14.8
10W612,1006,84,787,GRUENE,6.3,6.0,6.6
10W612,1006,84,787,SPD,4.2,3.8,6.4
10W612,1006,84,787,FDP,1.3,1.2,1.8
10W613,1006,84,784,AFD,46.7,45.3,47.4
10W613,1006,84,784,CDU,20.3,20.1,20.7
10W613,1006,84,784,LINKE,16.5,16.0,16.7
10W613,1006,84,784,Sonstige,13.6,13.4,13.8
10W613,1006,84,784,SPD,6.1,5.8,7.4
10W613,1006,84,784,GRUENE,3.9,3.8,4.1
10W613,1006,84,784,FDP,1.6,1.5,2.0
10W614,1006,84,803,AFD,48.1,46.8,48.8
10W614,1006,84,803,CDU,19.5,19.4,19.8
10W614,1006,84,803,LINKE,17.8,17.2,18.0
10W614,1006,84,803,Sonstige,12.9,12.7,13.2
10W614,1006,84,803,SPD,5.5,5.3,7.2
10W614,1006,84,803,GRUENE,2.4,2.2,2.6
10W614,1006,84,803,FDP,1.1,1.0,1.7
10W615,1006,84,836,AFD,51.6,50.1,52.3
10W615,1006,84,836,CDU,17.8,17.7,18.2
10W615,1006,84,836,LINKE,17.6,16.9,17.8
10W615,1006,84,836,Sonstige,14.0,13.8,14.2
10W615,1006,84,836,SPD,4.9,4.5,6.3
10W615,1006,84,836,FDP,1.6,1.5,2.0
10W615,1006,84,836,GRUENE,1.1,0.9,1.3
10W616,1006,84,832,AFD,49.2,47.7,50.0
10W616,1006,84,832,LINKE,20.9,20.0,21.2
10W616,1006,84,832,CDU,18.0,17.8,18.4
10W616,1006,84,832,Sonstige,13.1,12.8,13.3
10W616,1006,84,832,SPD,4.4,4.1,6.7
10W616,1006,84,832,GRUENE,2.4,2.2,2.7
10W616,1006,84,832,FDP,1.5,1.4,1.8
10W617,1006,84,850,AFD,43.4,42.3,44.1
10W617,1006,84,850,CDU,22.0,21.9,22.4
10W617,1006,84,850,LINKE,19.1,18.5,19.2
10W617,1006,84,850,Sonstige,11.9,11.7,12.1
10W617,1006,84,850,SPD,6.1,5.9,8.5
10W617,1006,84,850,GRUENE,3.2,3.0,3.4
10W617,1006,84,850,FDP,2.1,2.0,2.3
10W618,1006,84,1004,AFD,40.3,38.9,41.0
10W618,1006,84,1004,CDU,25.6,25.4,26.0
10W618,1006,84,1004,LINKE,16.4,16.1,16.6
10W618,1006,84,1004,Sonstige,10.8,10.7,11.0
10W618,1006,84,1004,SPD,6.5,6.3,8.7
10W618,1006,84,1004,GRUENE,4.9,4.7,5.2
10W618,1006,84,1004,FDP,2.7,2.7,2.9
10W619,1006,84,988,AFD,40.8,39.5,41.5
10W619,1006,84,988,LINKE,20.7,20.2,20.8
10W619,1006,84,988,CDU,20.0,19.9,20.3
10W619,1006,84,988,Sonstige,13.0,12.9,13.2
10W619,1006,84,988,GRUENE,6.0,5.8,6.2
10W619,1006,84,988,SPD,5.4,5.1,7.9
10W619,1006,84,988,FDP,2.4,2.3,2.6
10W620,1006,84,876,AFD,37.3,35.7,38.0
10W620,1006,84,876,CDU,27.0,26.9,27.5
10W620,1006,84,876,LINKE,16.5,16.2,16.7
10W620,1006,84,876,Sonstige,11.0,10.8,11.1
10W620,1006,84,876,SPD,7.0,6.8,8.6
10W620,1006,84,876,GRUENE,6.5,6.3,6.8
10W620,1006,84,876,FDP,2.6,2.6,2.9
10W621,1006,84,870,AFD,43.0,41.7,43.6
10W621,1006,84,870,CDU,23.9,23.8,24.3
10W621,1006,84,870,LINKE,20.1,19.9,20.3
10W621,1006,84,870,Sonstige,11.7,11.6,11.9
10W621,1006,84,870,SPD,8.4,8.2,9.5
10W621,1006,84,870,GRUENE,2.4,2.2,2.7
10W621,1006,84,870,FDP,1.8,1.8,2.3
10W622,1006,84,1137,AFD,43.6,42.3,44.2
10W622,1006,84,1137,CDU,21.1,21.0,21.5
10W622,1006,84,1137,LINKE,20.7,20.3,20.8
10W622,1006,84,1137,Sonstige,14.0,13.8,14.2
10W622,1006,84,1137,SPD,7.6,7.3,9.0
10W622,1006,84,1137,GRUENE,1.5,1.3,1.8
10W622,1006,84,1137,FDP,1.4,1.4,1.9
10W623,1006,84,1147,AFD,47.0,45.5,47.6
10W623,1006,84,1147,CDU,22.2,22.1,22.6
10W623,1006,84,1147,LINKE,20.6,20.2,20.9
10W623,1006,84,1147,Sonstige,10.4,10.3,10.6
10W623,1006,84,1147,SPD,8.8,8.5,9.1
10W623,1006,84,1147,FDP,2.0,1.9,2.3
10W623,1006,84,1147,GRUENE,1.7,1.5,2.1
10W624,1006,84,838,AFD,43.2,41.7,43.9
10W624,1006,84,838,CDU,21.2,21.1,21.6
10W624,1006,84,838,LINKE,19.3,19.0,19.4
10W624,1006,84,838,Sonstige,14.4,14.3,14.6
10W624,1006,84,838,SPD,7.1,6.9,8.5
10W624,1006,84,838,GRUENE,3.5,3.4,3.8
10W624,1006,84,838,FDP,1.5,1.4,1.8
10W625,1006,84,836,AFD,42.5,41.3,43.2
10W625,1006,84,836,LINKE,21.4,20.8,21.5
10W625,1006,84,836,CDU,20.2,20.1,20.6
10W625,1006,84,836,Sonstige,14.6,14.4,14.8
10W625,1006,84,836,SPD,5.2,4.9,7.2
10W625,1006,84,836,GRUENE,4.6,4.4,4.8
10W625,1006,84,836,FDP,1.5,1.4,1.8
10W626,1006,84,829,AFD,44.6,42.6,45.2
10W626,1006,84,829,LINKE,22.1,21.6,22.3
10W626,1006,84,829,CDU,19.8,19.6,20.1
10W626,1006,84,829,Sonstige,14.7,14.5,14.9
10W626,1006,84,829,GRUENE,4.6,4.3,4.9
10W626,1006,84,829,SPD,3.8,3.5,6.2
10W626,1006,84,829,FDP,1.2,1.1,1.7
10W627,1006,84,882,AFD,44.2,43.1,45.0
10W627,1006,84,882,LINKE,23.7,23.1,23.9
10W627,1006,84,882,CDU,18.0,17.8,18.4
10W627,1006,84,882,Sonstige,13.8,13.6,14.0
10W627,1006,84,882,SPD,5.6,5.3,7.5
10W627,1006,84,882,GRUENE,3.1,2.8,3.3
10W627,1006,84,882,FDP,2.2,2.1,2.3
10W628,1006,84,800,AFD,44.8,43.1,45.5
10W628,1006,84,800,LINKE,23.7,23.3,23.9
10W628,1006,84,800,CDU,16.9,16.8,17.2
10W628,1006,84,800,Sonstige,12.9,12.7,13.1
10W628,1006,84,800,SPD,7.2,6.9,8.6
10W628,1006,84,800,GRUENE,2.6,2.5,2.9
10W628,1006,84,800,FDP,1.9,1.9,2.2
10W629,1006,84,779,AFD,42.9,41.5,43.8
10W629,1006,84,779,LINKE,24.3,23.9,24.5
10W629,1006,84,779,CDU,18.2,18.1,18.5
10W629,1006,84,779,Sonstige,11.2,11.0,11.4
10W629,1006,84,779,SPD,9.3,8.9,9.6
10W629,1006,84,779,GRUENE,3.2,3.0,3.6
10W629,1006,84,779,FDP,2.1,2.1,2.4
10W630,1006,84,930,AFD,41.5,39.7,42.2
10W630,1006,84,930,LINKE,23.1,22.7,23.3
10W630,1006,84,930,CDU,20.1,20.0,20.4
10W630,1006,84,930,Sonstige,10.5,10.4,10.7
10W630,1006,84,930,SPD,8.5,8.2,9.1
10W630,1006,84,930,GRUENE,4.8,4.6,5.2
10W630,1006,84,930,FDP,1.9,1.9,2.3
10W631,1006,84,934,AFD,40.5,39.1,41.5
10W631,1006,84,934,LINKE,20.8,20.3,21.0
10W631,1006,84,934,CDU,19.2,19.0,19.5
10W631,1006,84,934,Sonstige,14.1,14.0,14.4
10W631,1006,84,934,SPD,8.8,8.5,10.3
10W631,1006,84,934,GRUENE,2.8,2.5,3.2
10W631,1006,84,934,FDP,1.4,1.3,1.8
10W632,1006,84,896,AFD,35.7,34.5,36.4
10W632,1006,84,896,CDU,24.5,24.4,24.9
10W632,1006,84,896,LINKE,19.8,19.4,19.9
10W632,1006,84,896,Sonstige,10.1,10.0,10.3
10W632,1006,84,896,SPD,8.1,7.9,9.6
10W632,1006,84,896,GRUENE,7.4,7.3,7.6
10W632,1006,84,896,FDP,3.4,3.4,3.5
10W633,1006,84,1230,AFD,35.9,34.3,36.6
10W633,1006,84,1230,CDU,27.0,26.9,27.4
10W633,1006,84,1230,LINKE,18.4,18.1,18.6
10W633,1006,84,1230,Sonstige,9.7,9.5,9.8
10W633,1006,84,1230,SPD,7.4,7.2,9.2
10W633,1006,84,1230,GRUENE,7.1,6.9,7.2
10W633,1006,84,1230,FDP,3.3,3.3,3.4
11W101,1101,85,1027,AFD,43.9,43.0,44.8
11W101,1101,85,1027,CDU,24.4,24.2,24.8
11W101,1101,85,1027,LINKE,16.5,16.1,16.6
11W101,1101,85,1027,Sonstige,14.3,14.1,14.5
11W101,1101,85,1027,SPD,4.1,3.9,7.8
11W101,1101,85,1027,GRUENE,2.4,2.3,2.7
11W101,1101,85,1027,FDP,1.6,1.5,1.9
11W102,1101,85,1110,AFD,36.7,35.6,37.6
11W102,1101,85,1110,CDU,31.8,31.6,32.3
11W102,1101,85,1110,LINKE,15.4,14.9,15.6
11W102,1101,85,1110,Sonstige,8.6,8.5,8.8
11W102,1101,85,1110,GRUENE,5.5,5.3,5.8
11W102,1101,85,1110,SPD,4.6,4.2,7.9
11W102,1101,85,1110,FDP,3.2,3.2,3.4
11W103,1101,85,731,AFD,39.4,38.3,40.2
11W103,1101,85,731,CDU,28.5,28.4,29.0
11W103,1101,85,731,LINKE,16.9,16.4,17.1
11W103,1101,85,731,Sonstige,10.6,10.5,10.8
11W103,1101,85,731,GRUENE,5.4,5.2,5.7
11W103,1101,85,731,FDP,2.7,2.6,2.9
11W103,1101,85,731,SPD,2.6,2.4,7.0
11W104,1101,85,830,AFD,38.7,37.4,39.6
11W104,1101,85,830,CDU,28.1,28.0,28.6
11W104,1101,85,830,LINKE,19.2,18.5,19.4
11W104,1101,85,830,Sonstige,10.4,10.2,10.6
11W104,1101,85,830,GRUENE,5.9,5.6,6.3
11W104,1101,85,830,SPD,3.0,2.7,6.5
11W104,1101,85,830,FDP,2.1,2.1,2.6
11W105,1101,85,942,AFD,46.6,45.6,47.5
11W105,1101,85,942,CDU,19.6,19.5,20.0
11W105,1101,85,942,LINKE,17.9,17.2,18.2
11W105,1101,85,942,Sonstige,14.2,13.9,14.4
11W105,1101,85,942,GRUENE,3.9,3.7,4.2
11W105,1101,85,942,SPD,3.5,3.2,6.8
11W105,1101,85,942,FDP,1.0,0.9,1.4
11W106,1101,85,993,AFD,42.2,41.0,43.1
11W106,1101,85,993,CDU,26.9,26.8,27.4
11W106,1101,85,993,LINKE,18.6,18.0,18.8
11W106,1101,85,993,Sonstige,9.6,9.4,9.7
11W106,1101,85,993,SPD,5.3,5.1,8.6
11W106,1101,85,993,GRUENE,3.5,3.3,3.8
11W106,1101,85,993,FDP,2.0,1.9,2.4
11W107,1101,85,922,AFD,45.4,43.9,46.4
11W107,1101,85,922,LINKE,22.9,22.3,23.1
11W107,1101,85,922,CDU,16.8,16.7,17.2
11W107,1101,85,922,Sonstige,16.0,15.9,16.3
11W107,1101,85,922,GRUENE,4.0,3.8,4.3
11W107,1101,85,922,SPD,3.3,3.1,6.3
11W107,1101,85,922,FDP,1.1,1.0,1.7
11W108,1101,85,985,AFD,49.1,47.9,50.0
11W108,1101,85,985,CDU,21.1,20.9,21.5
11W108,1101,85,985,LINKE,20.1,19.5,20.3
11W108,1101,85,985,Sonstige,13.3,13.1,13.5
11W108,1101,85,985,SPD,4.5,4.1,7.3
11W108,1101,85,985,FDP,0.8,0.7,1.3
11W108,1101,85,985,GRUENE,0.0,0.0,0.2
11W109,1101,85,833,AFD,37.3,36.3,38.1
11W109,1101,85,833,CDU,29.2,29.1,29.7
11W109,1101,85,833,LINKE,18.2,17.7,18.4
11W109,1101,85,833,Sonstige,8.2,8.1,8.4
11W109,1101,85,833,SPD,5.2,5.0,8.3
11W109,1101,85,833,GRUENE,5.0,4.7,5.3
11W109,1101,85,833,FDP,3.3,3.3,3.6
11W110,1101,85,969,AFD,46.5,45.4,47.4
11W110,1101,85,969,LINKE,22.0,21.4,22.3
11W110,1101,85,969,CDU,20.6,20.5,21.0
11W110,1101,85,969,Sonstige,12.4,12.2,12.6
11W110,1101,85,969,SPD,4.0,3.6,6.6
11W110,1101,85,969,GRUENE,2.7,2.5,3.0
11W110,1101,85,969,FDP,1.5,1.4,1.9
11W111,1101,85,648,AFD,47.6,46.7,48.6
11W111,1101,85,648,LINKE,24.1,23.3,24.4
11W111,1101,85,648,CDU,21.0,20.9,21.4
11W111,1101,85,648,Sonstige,11.3,11.1,11.5
11W111,1101,85,648,GRUENE,3.8,3.6,4.0
11W111,1101,85,648,FDP,0.9,0.8,1.5
11W111,1101,85,648,SPD,0.9,0.5,4.5
11W112,1101,85,676,AFD,43.9,42.9,44.7
11W112,1101,85,676,CDU,27.5,27.3,28.0
11W112,1101,85,676,LINKE,20.9,20.6,21.1
11W112,1101,85,676,Sonstige,10.4,10.2,10.6
11W112,1101,85,676,SPD,3.2,2.9,7.1
11W112,1101,85,676,GRUENE,1.4,1.2,1.8
11W112,1101,85,676,FDP,1.4,1.3,2.0
11W113,1101,85,824,AFD,46.4,45.6,47.4
11W113,1101,85,824,CDU,21.7,21.6,22.1
11W113,1101,85,824,LINKE,18.6,18.0,18.9
11W113,1101,85,824,Sonstige,12.9,12.7,13.2
11W113,1101,85,824,SPD,4.5,4.2,7.5
11W113,1101,85,824,GRUENE,2.7,2.6,3.0
11W113,1101,85,824,FDP,0.8,0.8,1.4
11W114,1101,85,861,AFD,42.3,41.2,43.1
11W114,1101,85,861,CDU,24.2,24.1,24.7
11W114,1101,85,861,LINKE,22.4,22.0,22.5
11W114,1101,85,861,Sonstige,9.7,9.6,9.9
11W114,1101,85,861,SPD,7.3,7.1,10.3
11W114,1101,85,861,FDP,1.9,1.8,2.0
11W114,1101,85,861,GRUENE,1.7,1.5,1.9
11W115,1101,85,934,AFD,42.0,40.9,42.8
11W115,1101,85,934,CDU,27.1,27.0,27.6
11W115,1101,85,934,LINKE,19.9,19.6,20.1
11W115,1101,85,934,Sonstige,11.3,11.2,11.5
11W115,1101,85,934,SPD,5.7,5.2,8.9
11W115,1101,85,934,FDP,1.7,1.6,2.1
11W115,1101,85,934,GRUENE,1.0,0.7,1.4
11W116,1101,85,780,AFD,43.4,42.5,44.2
11W116,1101,85,780,CDU,23.3,23.1,23.7
11W116,1101,85,780,LINKE,21.7,20.8,22.0
11W116,1101,85,780,Sonstige,11.1,11.0,11.3
11W116,1101,85,780,SPD,5.2,4.9,7.8
11W116,1101,85,780,FDP,1.9,1.8,2.3
11W116,1101,85,780,GRUENE,1.6,1.5,2.0
11W117,1101,85,844,AFD,45.6,44.4,46.6
11W117,1101,85,844,LINKE,23.0,22.0,23.4
11W117,1101,85,844,CDU,18.8,18.6,19.1
11W117,1101,85,844,Sonstige,12.5,12.3,12.8
11W117,1101,85,844,SPD,3.2,2.9,5.8
11W117,1101,85,844,GRUENE,2.9,2.6,3.2
11W117,1101,85,844,FDP,1.3,1.2,1.9
11W118,1101,85,924,AFD,43.6,42.2,44.4
11W118,1101,85,924,LINKE,24.4,23.9,24.6
11W118,1101,85,924,CDU,18.4,18.3,18.8
11W118,1101,85,924,Sonstige,16.2,16.0,16.4
11W118,1101,85,924,GRUENE,4.2,4.1,4.5
11W118,1101,85,924,SPD,3.1,2.8,6.8
11W118,1101,85,924,FDP,0.9,0.9,1.3
11W119,1101,85,910,AFD,44.5,43.2,45.3
11W119,1101,85,910,LINKE,24.1,23.3,24.5
11W119,1101,85,910,CDU,17.4,17.3,17.7
11W119,1101,85,910,Sonstige,15.6,15.4,15.9
11W119,1101,85,910,GRUENE,3.3,3.1,3.6
11W119,1101,85,910,SPD,2.9,2.5,5.9
11W119,1101,85,910,FDP,1.1,1.0,1.6
11W120,1101,85,1043,AFD,43.5,42.3,44.2
11W120,1101,85,1043,LINKE,22.5,21.9,22.7
11W120,1101,85,1043,CDU,20.1,20.0,20.5
11W120,1101,85,1043,Sonstige,13.2,13.1,13.4
11W120,1101,85,1043,GRUENE,3.9,3.7,4.2
11W120,1101,85,1043,SPD,3.5,3.2,6.7
11W120,1101,85,1043,FDP,2.1,2.0,2.4
11W121,1101,85,929,AFD,43.1,41.7,44.0
11W121,1101,85,929,CDU,22.3,22.2,22.7
11W121,1101,85,929,LINKE,20.4,19.9,20.6
11W121,1101,85,929,Sonstige,12.7,12.6,12.9
11W121,1101,85,929,SPD,4.2,3.9,7.4
11W121,1101,85,929,GRUENE,3.5,3.3,3.8
11W121,1101,85,929,FDP,1.9,1.8,2.3
11W122,1101,85,912,AFD,45.8,44.8,46.6
11W122,1101,85,912,LINKE,20.7,20.0,20.9
11W122,1101,85,912,CDU,19.6,19.4,19.9
11W122,1101,85,912,Sonstige,14.7,14.5,14.9
11W122,1101,85,912,SPD,2.2,2.0,6.0
11W122,1101,85,912,GRUENE,2.0,1.8,2.3
11W122,1101,85,912,FDP,1.6,1.6,2.1
11W123,1101,85,1000,AFD,46.8,45.5,47.7
11W123,1101,85,1000,LINKE,21.1,20.6,21.3
11W123,1101,85,1000,CDU,20.6,20.5,21.0
11W123,1101,85,1000,Sonstige,11.6,11.4,11.8
11W123,1101,85,1000,SPD,6.3,6.1,8.6
11W123,1101,85,1000,GRUENE,1.4,1.2,1.7
11W123,1101,85,1000,FDP,0.9,0.8,1.4
11W124,1101,85,901,AFD,44.5,43.4,45.4
11W124,1101,85,901,CDU,23.8,23.7,24.2
11W124,1101,85,901,LINKE,22.6,21.9,22.8
11W124,1101,85,901,Sonstige,10.2,9.9,10.4
11W124,1101,85,901,SPD,4.2,3.9,7.4
11W124,1101,85,901,FDP,2.0,1.9,2.3
11W124,1101,85,901,GRUENE,1.8,1.6,2.1
11W125,1101,85,881,AFD,47.1,45.8,47.9
11W125,1101,85,881,LINKE,20.5,19.9,20.7
11W125,1101,85,881,CDU,18.9,18.7,19.2
11W125,1101,85,881,Sonstige,15.6,15.4,15.8
11W125,1101,85,881,SPD,2.9,2.6,6.3
11W125,1101,85,881,GRUENE,1.9,1.8,2.2
11W125,1101,85,881,FDP,1.7,1.6,2.1
11W126,1101,85,959,AFD,42.4,41.3,43.2
11W126,1101,85,959,CDU,23.1,22.9,23.5
11W126,1101,85,959,LINKE,21.4,20.8,21.6
11W126,1101,85,959,Sonstige,12.7,12.5,13.0
11W126,1101,85,959,SPD,4.8,4.4,8.4
11W126,1101,85,959,FDP,1.4,1.3,1.9
11W126,1101,85,959,GRUENE,0.9,0.7,1.1
11W127,1101,85,870,AFD,46.3,44.9,47.0
11W127,1101,85,870,LINKE,22.4,21.7,22.7
11W127,1101,85,870,CDU,20.5,20.4,20.9
11W127,1101,85,870,Sonstige,12.4,12.3,12.6
11W127,1101,85,870,SPD,5.4,5.1,7.4
11W127,1101,85,870,FDP,1.9,1.8,2.3
11W127,1101,85,870,GRUENE,1.2,1.1,1.5
11W128,1101,85,856,AFD,43.0,41.9,43.8
11W128,1101,85,856,CDU,25.2,25.0,25.6
11W128,1101,85,856,LINKE,18.0,17.7,18.1
11W128,1101,85,856,Sonstige,13.0,12.8,13.2
11W128,1101,85,856,SPD,4.8,4.4,8.0
11W128,1101,85,856,GRUENE,2.5,2.3,2.8
11W128,1101,85,856,FDP,1.3,1.2,1.9
11W129,1101,85,680,AFD,41.4,40.4,42.3
11W129,1101,85,680,CDU,24.7,24.5,25.1
11W129,1101,85,680,LINKE,18.4,18.1,18.6
11W129,1101,85,680,Sonstige,12.9,12.8,13.1
11W129,1101,85,680,SPD,6.3,5.9,8.7
11W129,1101,85,680,GRUENE,2.8,2.6,3.2
11W129,1101,85,680,FDP,1.1,1.0,1.8
11W130,1101,85,893,AFD,42.9,41.3,43.6
11W130,1101,85,893,CDU,21.0,20.9,21.3
11W130,1101,85,893,LINKE,20.6,20.2,20.8
11W130,1101,85,893,Sonstige,13.7,13.6,13.9
11W130,1101,85,893,SPD,7.0,6.7,9.2
11W130,1101,85,893,GRUENE,2.2,2.0,2.5
11W130,1101,85,893,FDP,1.6,1.5,1.9
11W131,1101,85,777,AFD,41.9,41.0,42.8
11W131,1101,85,777,CDU,23.9,23.8,24.3
11W131,1101,85,777,LINKE,17.9,17.6,18.0
11W131,1101,85,777,Sonstige,12.8,12.7,13.0
11W131,1101,85,777,SPD,6.8,6.4,9.6
11W131,1101,85,777,GRUENE,2.5,2.3,2.8
11W131,1101,85,777,FDP,1.6,1.6,2.1
11W132,1101,85,923,AFD,42.2,41.3,43.0
11W132,1101,85,923,CDU,23.9,23.8,24.3
11W132,1101,85,923,LINKE,20.3,19.9,20.5
11W132,1101,85,923,Sonstige,12.8,12.6,13.0
11W132,1101,85,923,SPD,5.7,5.4,8.6
11W132,1101,85,923,FDP,1.5,1.4,2.0
11W132,1101,85,923,GRUENE,1.2,1.0,1.6
11W133,1101,85,968,AFD,47.4,46.5,48.4
11W133,1101,85,968,LINKE,26.8,25.8,27.1
11W133,1101,85,968,CDU,18.9,18.7,19.3
11W133,1101,85,968,Sonstige,12.7,12.5,12.9
11W133,1101,85,968,GRUENE,1.8,1.6,2.1
11W133,1101,85,968,SPD,1.4,1.1,5.3
11W133,1101,85,968,FDP,0.9,0.9,1.4
11W134,1101,85,865,AFD,42.7,41.4,43.7
11W134,1101,85,865,LINKE,26.7,25.8,27.1
11W134,1101,85,865,CDU,18.2,18.1,18.5
11W134,1101,85,865,Sonstige,10.5,10.3,10.7
11W134,1101,85,865,SPD,6.1,5.8,8.0
11W134,1101,85,865,GRUENE,3.3,3.2,3.6
11W134,1101,85,865,FDP,2.1,2.0,2.4
11W135,1101,85,766,AFD,39.4,38.0,40.3
11W135,1101,85,766,LINKE,24.4,23.8,24.5
11W135,1101,85,766,CDU,17.8,17.6,18.1
11W135,1101,85,766,Sonstige,13.4,13.2,13.6
11W135,1101,85,766,GRUENE,6.2,6.1,6.5
11W135,1101,85,766,SPD,4.1,3.8,7.2
11W135,1101,85,766,FDP,1.9,1.8,2.3
11W136,1101,85,939,AFD,39.6,38.8,40.5
11W136,1101,85,939,CDU,27.0,26.8,27.4
11W136,1101,85,939,LINKE,20.7,20.2,20.8
11W136,1101,85,939,Sonstige,9.5,9.4,9.7
11W136,1101,85,939,SPD,6.9,6.6,9.5
11W136,1101,85,939,FDP,2.2,2.1,2.6
11W136,1101,85,939,GRUENE,1.4,1.2,1.7
11W137,1101,85,863,AFD,43.8,43.1,44.9
11W137,1101,85,863,CDU,23.8,23.6,24.2
11W137,1101,85,863,LINKE,16.9,16.4,17.1
11W137,1101,85,863,Sonstige,10.1,9.9,10.3
11W137,1101,85,863,SPD,6.2,5.9,8.3
11W137,1101,85,863,GRUENE,1.9,1.8,2.2
11W137,1101,85,863,FDP,1.9,1.8,2.4
11W138,1101,85,841,AFD,38.9,37.5,39.8
11W138,1101,85,841,LINKE,24.4,24.2,24.6
11W138,1101,85,841,CDU,23.1,23.0,23.6
11W138,1101,85,841,Sonstige,10.4,10.2,10.6
11W138,1101,85,841,SPD,7.2,6.9,9.5
11W138,1101,85,841,GRUENE,3.8,3.6,4.2
11W138,1101,85,841,FDP,1.7,1.6,2.1
11W201,1102,85,900,AFD,37.1,36.4,38.0
11W201,1102,85,900,CDU,26.7,26.6,27.2
11W201,1102,85,900,LINKE,17.8,17.3,17.9
11W201,1102,85,900,Sonstige,10.7,10.6,10.9
11W201,1102,85,900,GRUENE,5.3,5.1,5.6
11W201,1102,85,900,SPD,4.5,4.3,7.6
11W201,1102,85,900,FDP,2.4,2.3,2.6
11W202,1102,85,908,AFD,43.1,42.2,43.7
11W202,1102,85,908,CDU,21.1,20.9,21.4
11W202,1102,85,908,LINKE,19.4,18.7,19.7
11W202,1102,85,908,Sonstige,11.4,11.2,11.6
11W202,1102,85,908,SPD,5.5,5.2,7.2
11W202,1102,85,908,GRUENE,3.5,3.4,3.8
11W202,1102,85,908,FDP,1.5,1.4,2.0
11W203,1102,85,983,AFD,41.9,41.2,42.5
11W203,1102,85,983,LINKE,22.4,21.8,22.6
11W203,1102,85,983,CDU,19.9,19.7,20.3
11W203,1102,85,983,Sonstige,13.3,13.1,13.5
11W203,1102,85,983,SPD,5.6,5.3,7.9
11W203,1102,85,983,GRUENE,1.4,1.2,1.6
11W203,1102,85,983,FDP,1.2,1.2,1.7
11W204,1102,85,850,AFD,44.1,43.3,44.6
11W204,1102,85,850,LINKE,22.6,21.9,22.8
11W204,1102,85,850,CDU,19.4,19.3,19.8
11W204,1102,85,850,Sonstige,12.9,12.7,13.1
11W204,1102,85,850,SPD,4.8,4.5,7.0
11W204,1102,85,850,GRUENE,1.5,1.3,1.7
11W204,1102,85,850,FDP,1.3,1.2,1.8
11W205,1102,85,864,AFD,41.2,40.6,41.9
11W205,1102,85,864,LINKE,23.6,23.0,23.8
11W205,1102,85,864,CDU,19.8,19.6,20.1
11W205,1102,85,864,Sonstige,12.7,12.5,12.9
11W205,1102,85,864,SPD,4.9,4.7,7.0
11W205,1102,85,864,GRUENE,3.1,3.0,3.4
11W205,1102,85,864,FDP,1.4,1.3,1.9
11W206,1102,85,866,AFD,32.8,32.2,33.7
11W206,1102,85,866,CDU,28.0,27.9,28.5
11W206,1102,85,866,LINKE,19.8,19.4,19.9
11W206,1102,85,866,Sonstige,10.1,9.9,10.2
11W206,1102,85,866,GRUENE,5.9,5.8,6.2
11W206,1102,85,866,SPD,5.3,5.0,8.3
11W206,1102,85,866,FDP,2.2,2.1,2.6
11W207,1102,85,854,AFD,42.8,42.0,43.4
11W207,1102,85,854,LINKE,22.9,22.3,23.1
11W207,1102,85,854,CDU,20.9,20.7,21.3
11W207,1102,85,854,Sonstige,12.3,12.1,12.5
11W207,1102,85,854,SPD,4.9,4.6,6.9
11W207,1102,85,854,GRUENE,1.8,1.6,2.2
11W207,1102,85,854,FDP,1.3,1.2,1.9
11W208,1102,85,838,AFD,39.3,38.6,40.0
11W208,1102,85,838,CDU,19.6,19.5,20.0
11W208,1102,85,838,LINKE,18.1,17.6,18.3
11W208,1102,85,838,Sonstige,14.9,14.7,15.1
11W208,1102,85,838,SPD,6.8,6.5,8.3
11W208,1102,85,838,GRUENE,4.5,4.3,4.8
11W208,1102,85,838,FDP,1.7,1.6,2.1
11W209,1102,85,954,CDU,31.7,31.5,32.2
11W209,1102,85,954,AFD,31.5,30.8,32.0
11W209,1102,85,954,LINKE,18.9,18.6,19.0
11W209,1102,85,954,Sonstige,8.5,8.3,8.7
11W209,1102,85,954,SPD,6.6,6.3,9.0
11W209,1102,85,954,GRUENE,5.8,5.6,6.1
11W209,1102,85,954,FDP,2.5,2.4,2.8
11W210,1102,85,1041,AFD,33.4,32.8,33.9
11W210,1102,85,1041,CDU,30.2,30.1,30.7
11W210,1102,85,1041,LINKE,19.4,19.0,19.5
11W210,1102,85,1041,Sonstige,8.9,8.7,9.1
11W210,1102,85,1041,SPD,6.1,5.7,9.0
11W210,1102,85,1041,GRUENE,4.2,4.0,4.5
11W210,1102,85,1041,FDP,2.8,2.7,3.1
11W211,1102,85,738,AFD,37.7,36.5,38.3
11W211,1102,85,738,LINKE,28.8,28.1,28.9
11W211,1102,85,738,CDU,20.7,20.5,21.1
11W211,1102,85,738,Sonstige,12.1,12.0,12.4
11W211,1102,85,738,GRUENE,4.9,4.6,5.3
11W211,1102,85,738,SPD,4.0,3.7,6.7
11W211,1102,85,738,FDP,1.2,1.1,1.7
11W212,1102,85,941,AFD,39.3,38.4,39.8
11W212,1102,85,941,CDU,25.3,25.2,25.7
11W212,1102,85,941,LINKE,24.1,23.7,24.3
11W212,1102,85,941,Sonstige,10.9,10.7,11.1
11W212,1102,85,941,SPD,3.5,3.2,6.9
11W212,1102,85,941,GRUENE,3.4,3.3,3.7
11W212,1102,85,941,FDP,1.6,1.6,2.0
11W213,1102,85,855,CDU,34.8,34.7,35.4
11W213,1102,85,855,AFD,34.2,33.6,34.8
11W213,1102,85,855,LINKE,19.3,19.0,19.5
11W213,1102,85,855,Sonstige,8.4,8.2,8.7
11W213,1102,85,855,SPD,4.8,4.4,8.3
11W213,1102,85,855,GRUENE,2.4,2.2,2.8
11W213,1102,85,855,FDP,2.3,2.2,2.6
11W214,1102,85,973,AFD,35.4,34.8,35.9
11W214,1102,85,973,CDU,26.2,26.1,26.6
11W214,1102,85,973,LINKE,21.7,21.2,21.8
11W214,1102,85,973,Sonstige,10.0,9.9,10.2
11W214,1102,85,973,SPD,5.9,5.6,8.5
11W214,1102,85,973,GRUENE,4.2,4.0,4.5
11W214,1102,85,973,FDP,2.6,2.6,3.0
11W215,1102,85,691,AFD,31.9,30.9,32.4
11W215,1102,85,691,CDU,25.3,25.2,25.7
11W215,1102,85,691,LINKE,19.3,18.9,19.4
11W215,1102,85,691,Sonstige,11.4,11.3,11.6
11W215,1102,85,691,GRUENE,8.5,8.3,8.8
11W215,1102,85,691,SPD,5.4,5.1,8.2
11W215,1102,85,691,FDP,2.6,2.6,2.8
11W216,1102,85,706,AFD,34.2,33.1,34.9
11W216,1102,85,706,LINKE,25.1,24.5,25.3
11W216,1102,85,706,CDU,17.8,17.7,18.2
11W216,1102,85,706,Sonstige,13.8,13.7,14.0
11W216,1102,85,706,GRUENE,8.9,8.7,9.1
11W216,1102,85,706,SPD,4.1,3.8,7.1
11W216,1102,85,706,FDP,1.8,1.7,2.1
11W217,1102,85,902,AFD,28.7,28.0,29.3
11W217,1102,85,902,CDU,26.8,26.7,27.3
11W217,1102,85,902,LINKE,20.6,20.2,20.8
11W217,1102,85,902,GRUENE,9.5,9.4,9.7
11W217,1102,85,902,Sonstige,8.4,8.3,8.6
11W217,1102,85,902,SPD,6.7,6.3,8.9
11W217,1102,85,902,FDP,3.2,3.1,3.4
11W218,1102,85,951,AFD,31.6,31.0,32.2
11W218,1102,85,951,CDU,27.9,27.8,28.4
11W218,1102,85,951,LINKE,20.1,19.8,20.2
11W218,1102,85,951,Sonstige,9.2,9.0,9.4
11W218,1102,85,951,SPD,7.7,7.4,9.7
11W218,1102,85,951,GRUENE,5.6,5.4,5.9
11W218,1102,85,951,FDP,2.4,2.3,2.8
11W219,1102,85,780,AFD,36.7,36.0,37.3
11W219,1102,85,780,LINKE,24.5,23.8,24.7
11W219,1102,85,780,CDU,18.7,18.6,19.1
11W219,1102,85,780,Sonstige,13.1,13.0,13.3
11W219,1102,85,780,SPD,5.1,4.8,7.7
11W219,1102,85,780,GRUENE,4.9,4.7,5.2
11W219,1102,85,780,FDP,1.6,1.5,1.9
11W220,1102,85,930,AFD,34.6,33.9,35.2
11W220,1102,85,930,CDU,28.4,28.2,28.9
11W220,1102,85,930,LINKE,19.7,19.2,19.9
11W220,1102,85,930,Sonstige,10.1,10.0,10.4
11W220,1102,85,930,GRUENE,5.5,5.3,5.7
11W220,1102,85,930,SPD,5.2,4.9,7.8
11W220,1102,85,930,FDP,2.5,2.5,2.7
11W221,1102,85,1013,AFD,30.5,29.9,31.2
11W221,1102,85,1013,CDU,25.7,25.6,26.2
11W221,1102,85,1013,LINKE,22.2,21.8,22.3
11W221,1102,85,1013,Sonstige,10.6,10.4,10.9
11W221,1102,85,1013,SPD,7.4,7.1,9.5
11W221,1102,85,1013,GRUENE,6.7,6.5,7.0
11W221,1102,85,1013,FDP,2.1,2.1,2.5
11W222,1102,85,879,AFD,34.5,33.5,35.0
11W222,1102,85,879,LINKE,24.1,23.7,24.2
11W222,1102,85,879,CDU,22.1,21.9,22.4
11W222,1102,85,879,Sonstige,10.9,10.7,11.1
11W222,1102,85,879,SPD,7.3,7.0,9.3
11W222,1102,85,879,GRUENE,6.6,6.4,6.9
11W222,1102,85,879,FDP,2.0,1.9,2.2
11W223,1102,85,892,AFD,33.3,32.7,34.0
11W223,1102,85,892,CDU,22.0,21.8,22.4
11W223,1102,85,892,LINKE,21.6,21.3,21.7
11W223,1102,85,892,SPD,12.2,11.9,12.8
11W223,1102,85,892,Sonstige,10.5,10.4,10.8
11W223,1102,85,892,GRUENE,2.9,2.7,3.2
11W223,1102,85,892,FDP,1.8,1.8,2.2
11W224,1102,85,755,AFD,34.0,33.3,34.6
11W224,1102,85,755,LINKE,26.2,25.8,26.3
11W224,1102,85,755,CDU,18.3,18.1,18.6
11W224,1102,85,755,Sonstige,12.4,12.3,12.6
11W224,1102,85,755,GRUENE,8.1,7.9,8.4
11W224,1102,85,755,SPD,5.3,5.0,8.1
11W224,1102,85,755,FDP,1.8,1.7,2.1
11W225,1102,85,831,AFD,35.4,34.4,36.0
11W225,1102,85,831,LINKE,29.9,29.5,30.0
11W225,1102,85,831,CDU,19.9,19.8,20.2
11W225,1102,85,831,Sonstige,11.3,11.2,11.5
11W225,1102,85,831,SPD,5.2,4.9,7.8
11W225,1102,85,831,GRUENE,4.7,4.6,5.0
11W225,1102,85,831,FDP,1.7,1.6,2.0
11W226,1102,85,907,AFD,30.4,29.6,30.9
11W226,1102,85,907,CDU,25.5,25.4,25.9
11W226,1102,85,907,LINKE,21.0,20.7,21.3
11W226,1102,85,907,GRUENE,9.9,9.7,10.2
11W226,1102,85,907,Sonstige,8.8,8.7,9.0
11W226,1102,85,907,SPD,7.9,7.6,10.0
11W226,1102,85,907,FDP,2.7,2.7,2.9
11W227,1102,85,888,AFD,31.7,30.9,32.2
11W227,1102,85,888,CDU,26.0,25.8,26.4
11W227,1102,85,888,LINKE,24.1,23.7,24.2
11W227,1102,85,888,Sonstige,9.7,9.6,9.9
11W227,1102,85,888,SPD,6.6,6.2,9.3
11W227,1102,85,888,GRUENE,5.6,5.4,5.8
11W227,1102,85,888,FDP,2.1,2.1,2.5
11W228,1102,85,796,AFD,34.5,33.4,35.2
11W228,1102,85,796,LINKE,25.2,24.9,25.3
11W228,1102,85,796,CDU,19.5,19.4,19.8
11W228,1102,85,796,Sonstige,13.0,12.9,13.2
11W228,1102,85,796,GRUENE,7.3,7.1,7.6
11W228,1102,85,796,SPD,6.8,6.5,8.5
11W228,1102,85,796,FDP,2.1,2.0,2.4
11W229,1102,85,1059,AFD,30.8,29.7,31.2
11W229,1102,85,1059,CDU,24.6,24.5,25.0
11W229,1102,85,1059,LINKE,20.3,19.8,20.4
11W229,1102,85,1059,Sonstige,11.2,11.1,11.4
11W229,1102,85,1059,GRUENE,7.8,7.5,8.1
11W229,1102,85,1059,SPD,6.8,6.5,8.8
11W229,1102,85,1059,FDP,2.9,2.8,3.0
11W230,1102,85,849,AFD,33.4,32.6,33.8
11W230,1102,85,849,LINKE,22.5,22.1,22.6
11W230,1102,85,849,CDU,20.0,19.9,20.4
11W230,1102,85,849,Sonstige,12.6,12.5,12.8
11W230,1102,85,849,GRUENE,9.1,9.0,9.3
11W230,1102,85,849,SPD,5.6,5.3,7.7
11W230,1102,85,849,FDP,2.2,2.1,2.6
11W231,1102,85,1020,AFD,30.2,29.2,30.7
11W231,1102,85,1020,LINKE,22.8,22.5,22.9
11W231,1102,85,1020,CDU,21.5,21.4,21.9
11W231,1102,85,1020,Sonstige,11.7,11.5,11.8
11W231,1102,85,1020,GRUENE,10.6,10.5,10.9
11W231,1102,85,1020,SPD,6.2,5.9,8.5
11W231,1102,85,1020,FDP,2.2,2.1,2.4
11W232,1102,85,895,AFD,31.2,30.3,31.7
11W232,1102,85,895,LINKE,26.2,25.6,26.3
11W232,1102,85,895,CDU,16.7,16.6,17.0
11W232,1102,85,895,Sonstige,13.2,13.0,13.4
11W232,1102,85,895,GRUENE,9.5,9.3,9.8
11W232,1102,85,895,SPD,5.9,5.6,8.1
11W232,1102,85,895,FDP,1.8,1.8,2.2
11W233,1102,85,833,AFD,24.5,23.0,24.9
11W233,1102,85,833,LINKE,22.3,22.0,22.4
11W233,1102,85,833,GRUENE,18.7,18.5,19.0
11W233,1102,85,833,CDU,18.0,17.9,18.3
11W233,1102,85,833,Sonstige,11.1,11.0,11.3
11W233,1102,85,833,SPD,7.1,6.8,8.3
11W233,1102,85,833,FDP,2.3,2.2,2.6
11W234,1102,85,815,AFD,36.7,36.0,37.4
11W234,1102,85,815,LINKE,24.0,23.7,24.2
11W234,1102,85,815,CDU,18.0,17.9,18.4
11W234,1102,85,815,Sonstige,14.3,14.1,14.5
11W234,1102,85,815,SPD,6.8,6.6,9.2
11W234,1102,85,815,GRUENE,5.7,5.5,6.0
11W234,1102,85,815,FDP,1.4,1.3,1.6
11W235,1102,85,968,AFD,32.7,32.1,33.4
11W235,1102,85,968,LINKE,24.9,24.5,25.0
11W235,1102,85,968,CDU,16.2,16.1,16.5
11W235,1102,85,968,Sonstige,13.8,13.7,14.1
11W235,1102,85,968,SPD,9.3,9.1,10.5
11W235,1102,85,968,GRUENE,5.9,5.8,6.2
11W235,1102,85,968,FDP,1.7,1.6,2.0
11W236,1102,85,939,AFD,34.0,32.9,34.4
11W236,1102,85,939,LINKE,24.0,23.7,24.1
11W236,1102,85,939,CDU,22.6,22.4,22.9
11W236,1102,85,939,Sonstige,13.6,13.5,13.9
11W236,1102,85,939,SPD,5.7,5.4,8.2
11W236,1102,85,939,GRUENE,5.7,5.5,5.9
11W236,1102,85,939,FDP,2.0,2.0,2.3
11W237,1102,85,845,AFD,29.3,28.5,29.8
11W237,1102,85,845,CDU,22.5,22.4,22.9
11W237,1102,85,845,LINKE,20.5,20.0,20.6
11W237,1102,85,845,Sonstige,11.2,11.1,11.4
11W237,1102,85,845,GRUENE,7.8,7.6,8.0
11W237,1102,85,845,SPD,7.5,7.3,9.8
11W237,1102,85,845,FDP,2.3,2.3,2.6
11W301,1103,85,972,AFD,37.9,36.9,38.5
11W301,1103,85,972,LINKE,25.2,24.8,25.4
11W301,1103,85,972,Sonstige,15.3,15.2,15.5
11W301,1103,85,972,CDU,13.6,13.5,13.9
11W301,1103,85,972,SPD,7.9,7.7,9.2
11W301,1103,85,972,GRUENE,4.9,4.7,5.1
11W301,1103,85,972,FDP,1.5,1.4,1.7
11W302,1103,85,886,AFD,28.1,27.3,28.7
11W302,1103,85,886,LINKE,25.8,25.5,26.0
11W302,1103,85,886,CDU,18.6,18.4,18.9
11W302,1103,85,886,Sonstige,10.6,10.4,10.9
11W302,1103,85,886,SPD,9.2,8.9,10.6
11W302,1103,85,886,GRUENE,8.7,8.5,8.9
11W302,1103,85,886,FDP,1.8,1.7,2.2
11W303,1103,85,945,AFD,31.1,29.6,31.6
11W303,1103,85,945,LINKE,27.2,27.0,27.4
11W303,1103,85,945,CDU,18.5,18.3,18.8
11W303,1103,85,945,SPD,11.5,11.3,12.5
11W303,1103,85,945,Sonstige,10.0,9.8,10.1
11W303,1103,85,945,GRUENE,4.6,4.5,4.9
11W303,1103,85,945,FDP,1.6,1.5,1.9
11W304,1103,85,836,LINKE,30.7,30.1,30.9
11W304,1103,85,836,AFD,30.1,29.0,30.6
11W304,1103,85,836,CDU,14.2,14.0,14.4
11W304,1103,85,836,Sonstige,12.3,12.2,12.5
11W304,1103,85,836,SPD,10.7,10.4,11.0
11W304,1103,85,836,GRUENE,6.4,6.2,6.8
11W304,1103,85,836,FDP,1.1,1.1,1.5
11W305,1103,85,870,AFD,30.3,29.6,30.9
11W305,1103,85,870,LINKE,25.7,25.5,25.9
11W305,1103,85,870,CDU,19.4,19.2,19.7
11W305,1103,85,870,Sonstige,11.8,11.7,12.0
11W305,1103,85,870,SPD,9.0,8.8,10.4
11W305,1103,85,870,GRUENE,6.5,6.3,6.8
11W305,1103,85,870,FDP,1.3,1.2,1.8
11W306,1103,85,872,AFD,33.4,32.6,34.0
11W306,1103,85,872,LINKE,25.0,24.6,25.2
11W306,1103,85,872,CDU,17.9,17.7,18.2
11W306,1103,85,872,Sonstige,11.5,11.4,11.8
11W306,1103,85,872,SPD,8.9,8.6,9.4
11W306,1103,85,872,GRUENE,7.7,7.5,8.0
11W306,1103,85,872,FDP,1.5,1.4,1.9
11W307,1103,85,856,AFD,34.0,33.2,34.6
11W307,1103,85,856,LINKE,27.4,27.0,27.6
11W307,1103,85,856,CDU,16.5,16.3,16.8
11W307,1103,85,856,Sonstige,13.0,12.8,13.2
11W307,1103,85,856,SPD,8.7,8.4,9.4
11W307,1103,85,856,GRUENE,4.8,4.7,5.1
11W307,1103,85,856,FDP,1.5,1.5,1.8
11W308,1103,85,752,AFD,35.6,34.7,36.1
11W308,1103,85,752,LINKE,26.3,26.0,26.5
11W308,1103,85,752,CDU,17.3,17.2,17.7
11W308,1103,85,752,Sonstige,12.6,12.4,12.8
11W308,1103,85,752,SPD,7.2,7.1,8.8
11W308,1103,85,752,GRUENE,5.2,5.1,5.4
11W308,1103,85,752,FDP,1.7,1.6,2.0
11W309,1103,85,942,AFD,32.4,31.3,33.0
11W309,1103,85,942,LINKE,25.0,24.5,25.3
11W309,1103,85,942,CDU,18.0,17.8,18.2
11W309,1103,85,942,Sonstige,12.1,12.0,12.3
11W309,1103,85,942,SPD,7.5,7.2,9.3
11W309,1103,85,942,GRUENE,6.8,6.6,7.1
11W309,1103,85,942,FDP,2.1,2.1,2.5
11W310,1103,85,943,AFD,27.3,26.3,27.7
11W310,1103,85,943,LINKE,21.8,21.4,21.9
11W310,1103,85,943,CDU,18.7,18.6,19.0
11W310,1103,85,943,Sonstige,12.6,12.5,12.8
11W310,1103,85,943,GRUENE,11.3,11.2,11.6
11W310,1103,85,943,SPD,8.7,8.5,9.7
11W310,1103,85,943,FDP,2.1,2.1,2.4
11W311,1103,85,823,AFD,32.0,31.0,32.5
11W311,1103,85,823,LINKE,20.8,20.5,21.0
11W311,1103,85,823,CDU,17.5,17.3,17.8
11W311,1103,85,823,Sonstige,14.0,13.9,14.1
11W311,1103,85,823,GRUENE,10.5,10.3,10.8
11W311,1103,85,823,SPD,8.6,8.4,9.2
11W311,1103,85,823,FDP,1.8,1.8,2.2
11W312,1103,85,841,AFD,33.5,32.5,33.9
11W312,1103,85,841,LINKE,27.7,27.3,27.7
11W312,1103,85,841,CDU,15.0,14.9,15.3
11W312,1103,85,841,Sonstige,14.4,14.2,14.5
11W312,1103,85,841,GRUENE,7.7,7.5,7.9
11W312,1103,85,841,SPD,5.7,5.4,7.9
11W312,1103,85,841,FDP,1.7,1.6,2.0
11W313,1103,85,998,AFD,33.3,32.1,33.7
11W313,1103,85,998,LINKE,22.7,22.4,22.9
11W313,1103,85,998,CDU,19.3,19.2,19.7
11W313,1103,85,998,Sonstige,13.9,13.8,14.1
11W313,1103,85,998,GRUENE,7.7,7.6,7.9
11W313,1103,85,998,SPD,5.8,5.6,7.7
11W313,1103,85,998,FDP,1.8,1.7,2.2
11W314,1103,85,879,AFD,30.7,30.0,31.2
11W314,1103,85,879,LINKE,28.1,27.7,28.2
11W314,1103,85,879,CDU,17.2,17.0,17.4
11W314,1103,85,879,Sonstige,12.1,12.0,12.3
11W314,1103,85,879,SPD,8.5,8.2,9.5
11W314,1103,85,879,GRUENE,7.0,6.8,7.3
11W314,1103,85,879,FDP,1.4,1.3,1.8
11W315,1103,85,876,AFD,33.4,32.5,33.9
11W315,1103,85,876,LINKE,26.0,25.6,26.2
11W315,1103,85,876,CDU,18.6,18.4,18.9
11W315,1103,85,876,Sonstige,11.2,11.1,11.4
11W315,1103,85,876,GRUENE,7.8,7.5,8.0
11W315,1103,85,876,SPD,7.4,7.1,9.0
11W315,1103,85,876,FDP,1.8,1.8,2.0
11W316,1103,85,999,AFD,31.6,31.1,32.4
11W316,1103,85,999,CDU,22.5,22.3,22.8
11W316,1103,85,999,LINKE,20.7,20.1,20.9
11W316,1103,85,999,Sonstige,12.1,11.9,12.3
11W316,1103,85,999,SPD,8.1,7.8,9.4
11W316,1103,85,999,GRUENE,4.8,4.6,5.1
11W316,1103,85,999,FDP,2.4,2.3,2.7
11W317,1103,85,950,AFD,34.8,34.2,35.5
11W317,1103,85,950,CDU,21.1,21.0,21.5
11W317,1103,85,950,LINKE,20.8,20.3,21.0
11W317,1103,85,950,Sonstige,13.4,13.2,13.7
11W317,1103,85,950,SPD,6.2,6.0,8.6
11W317,1103,85,950,GRUENE,3.9,3.8,4.2
11W317,1103,85,950,FDP,2.1,2.1,2.5
11W318,1103,85,857,AFD,32.1,30.7,32.5
11W318,1103,85,857,LINKE,24.8,24.5,25.0
11W318,1103,85,857,CDU,15.5,15.4,15.8
11W318,1103,85,857,Sonstige,14.7,14.5,14.9
11W318,1103,85,857,SPD,9.2,9.0,10.4
11W318,1103,85,857,GRUENE,6.9,6.7,7.1
11W318,1103,85,857,FDP,1.4,1.4,1.8
11W319,1103,85,872,AFD,32.9,31.7,33.3
11W319,1103,85,872,LINKE,26.6,26.2,26.8
11W319,1103,85,872,CDU,14.9,14.8,15.2
11W319,1103,85,872,Sonstige,14.9,14.8,15.1
11W319,1103,85,872,SPD,9.0,8.8,10.2
11W319,1103,85,872,GRUENE,5.7,5.5,5.9
11W319,1103,85,872,FDP,1.3,1.3,1.6
11W320,1103,85,1017,AFD,31.9,30.6,32.4
11W320,1103,85,1017,LINKE,26.2,25.9,26.3
11W320,1103,85,1017,CDU,15.4,15.3,15.7
11W320,1103,85,1017,Sonstige,13.4,13.3,13.6
11W320,1103,85,1017,SPD,9.2,8.9,9.6
11W320,1103,85,1017,GRUENE,8.5,8.3,8.7
11W320,1103,85,1017,FDP,1.6,1.5,1.9
11W321,1103,85,991,AFD,36.5,35.5,37.1
11W321,1103,85,991,LINKE,24.2,23.4,24.4
11W321,1103,85,991,CDU,16.8,16.7,17.1
11W321,1103,85,991,Sonstige,15.9,15.7,16.1
11W321,1103,85,991,SPD,4.8,4.5,7.1
11W321,1103,85,991,GRUENE,4.1,3.9,4.4
11W321,1103,85,991,FDP,2.1,2.1,2.2
11W322,1103,85,786,AFD,31.1,30.0,31.6
11W322,1103,85,786,LINKE,29.7,29.2,29.8
11W322,1103,85,786,CDU,15.5,15.3,15.8
11W322,1103,85,786,Sonstige,12.8,12.7,13.0
11W322,1103,85,786,SPD,7.9,7.6,9.6
11W322,1103,85,786,GRUENE,7.8,7.5,8.0
11W322,1103,85,786,FDP,1.6,1.5,1.8
11W323,1103,85,923,AFD,33.4,32.2,33.9
11W323,1103,85,923,LINKE,25.1,24.9,25.2
11W323,1103,85,923,CDU,16.0,15.9,16.3
11W323,1103,85,923,Sonstige,15.2,15.1,15.4
11W323,1103,85,923,GRUENE,8.2,8.0,8.5
11W323,1103,85,923,SPD,7.3,7.1,8.8
11W323,1103,85,923,FDP,1.4,1.4,1.8
11W324,1103,85,877,AFD,27.8,27.0,28.6
11W324,1103,85,877,LINKE,26.0,25.6,26.2
11W324,1103,85,877,Sonstige,15.4,15.3,15.6
11W324,1103,85,877,CDU,13.8,13.6,14.1
11W324,1103,85,877,GRUENE,12.9,12.7,13.1
11W324,1103,85,877,SPD,5.9,5.6,8.3
11W324,1103,85,877,FDP,1.2,1.1,1.5
11W325,1103,85,714,GRUENE,27.2,26.9,27.7
11W325,1103,85,714,LINKE,26.1,25.9,26.3
11W325,1103,85,714,AFD,18.5,15.9,19.2
11W325,1103,85,714,Sonstige,13.9,13.6,14.2
11W325,1103,85,714,CDU,11.5,11.4,11.8
11W325,1103,85,714,SPD,7.1,6.1,7.4
11W325,1103,85,714,FDP,1.8,1.7,2.2
11W326,1103,85,1027,AFD,28.7,27.4,29.5
11W326,1103,85,1027,LINKE,21.1,20.7,21.4
11W326,1103,85,1027,Sonstige,16.6,16.4,17.0
11W326,1103,85,1027,GRUENE,14.4,14.3,14.6
11W326,1103,85,1027,CDU,14.1,14.0,14.5
11W326,1103,85,1027,SPD,6.9,6.6,9.5
11W326,1103,85,1027,FDP,1.4,1.3,1.6
11W327,1103,85,952,AFD,28.2,27.3,28.7
11W327,1103,85,952,LINKE,26.6,26.3,26.8
11W327,1103,85,952,CDU,18.0,17.9,18.4
11W327,1103,85,952,Sonstige,11.2,11.1,11.3
11W327,1103,85,952,SPD,10.1,9.8,11.5
11W327,1103,85,952,GRUENE,8.7,8.5,8.9
11W327,1103,85,952,FDP,2.4,2.4,2.5
11W328,1103,85,647,AFD,23.4,21.9,23.9
11W328,1103,85,647,CDU,19.1,18.9,19.4
11W328,1103,85,647,LINKE,18.5,18.2,18.6
11W328,1103,85,647,GRUENE,18.2,18.0,18.5
11W328,1103,85,647,Sonstige,12.2,12.0,12.3
11W328,1103,85,647,SPD,8.8,8.5,9.3
11W328,1103,85,647,FDP,2.8,2.7,3.0
11W329,1103,85,853,LINKE,29.7,29.4,29.8
11W329,1103,85,853,AFD,27.4,25.7,27.8
11W329,1103,85,853,GRUENE,15.9,15.7,16.1
11W329,1103,85,853,Sonstige,13.4,13.3,13.5
11W329,1103,85,853,CDU,11.8,11.7,12.0
11W329,1103,85,853,SPD,5.9,5.6,7.4
11W329,1103,85,853,FDP,1.9,1.9,2.3
11W330,1103,85,789,LINKE,31.3,31.0,31.5
11W330,1103,85,789,AFD,27.5,25.6,28.0
11W330,1103,85,789,GRUENE,20.9,20.7,21.2
11W330,1103,85,789,Sonstige,17.3,17.1,17.5
11W330,1103,85,789,CDU,7.4,7.2,7.6
11W330,1103,85,789,SPD,2.5,2.3,5.2
11W330,1103,85,789,FDP,1.0,1.0,1.3
11W331,1103,85,849,LINKE,29.9,29.6,30.1
11W331,1103,85,849,AFD,28.5,26.9,29.1
11W331,1103,85,849,Sonstige,15.3,15.2,15.5
11W331,1103,85,849,GRUENE,12.2,12.0,12.4
11W331,1103,85,849,CDU,11.8,11.7,12.1
11W331,1103,85,849,SPD,6.7,6.4,8.3
11W331,1103,85,849,FDP,1.4,1.3,1.7
11W332,1103,85,797,AFD,32.3,31.5,32.7
11W332,1103,85,797,LINKE,25.2,24.9,25.3
11W332,1103,85,797,CDU,17.1,17.0,17.5
11W332,1103,85,797,Sonstige,14.2,14.1,14.4
11W332,1103,85,797,GRUENE,8.3,8.2,8.5
11W332,1103,85,797,SPD,6.5,6.3,8.5
11W332,1103,85,797,FDP,1.3,1.3,1.7
11W333,1103,85,789,AFD,32.0,30.4,32.5
11W333,1103,85,789,LINKE,30.1,29.7,30.3
11W333,1103,85,789,CDU,16.9,16.7,17.2
11W333,1103,85,789,Sonstige,11.9,11.8,12.1
11W333,1103,85,789,SPD,8.9,8.6,10.4
11W333,1103,85,789,GRUENE,5.2,5.1,5.5
11W333,1103,85,789,FDP,1.9,1.8,2.1
11W334,1103,85,700,AFD,33.6,31.9,34.1
11W334,1103,85,700,LINKE,29.8,29.3,30.0
11W334,1103,85,700,CDU,17.1,16.9,17.4
11W334,1103,85,700,Sonstige,11.8,11.7,12.1
11W334,1103,85,700,SPD,8.0,7.7,9.1
11W334,1103,85,700,GRUENE,6.3,6.1,6.7
11W334,1103,85,700,FDP,1.7,1.7,2.0
11W335,1103,85,898,AFD,35.4,34.5,35.9
11W335,1103,85,898,LINKE,25.4,24.9,25.6
11W335,1103,85,898,CDU,15.7,15.6,16.0
11W335,1103,85,898,Sonstige,15.1,15.0,15.3
11W335,1103,85,898,SPD,7.0,6.7,7.8
11W335,1103,85,898,GRUENE,6.0,5.8,6.3
11W335,1103,85,898,FDP,1.4,1.3,1.8
11W336,1103,85,927,AFD,33.9,32.4,34.3
11W336,1103,85,927,LINKE,27.2,26.9,27.3
11W336,1103,85,927,CDU,16.2,16.1,16.5
11W336,1103,85,927,Sonstige,13.1,12.9,13.2
11W336,1103,85,927,SPD,7.5,7.3,9.1
11W336,1103,85,927,GRUENE,7.0,6.8,7.3
11W336,1103,85,927,FDP,1.7,1.7,1.9
11W337,1103,85,667,AFD,35.9,34.9,36.4
11W337,1103,85,667,LINKE,20.9,20.1,21.3
11W337,1103,85,667,CDU,17.3,17.2,17.6
11W337,1103,85,667,Sonstige,12.9,12.7,13.1
11W337,1103,85,667,GRUENE,8.6,8.4,9.0
11W337,1103,85,667,SPD,7.0,6.8,7.4
11W337,1103,85,667,FDP,1.6,1.6,2.1
11W338,1103,85,816,AFD,28.1,26.9,28.6
11W338,1103,85,816,LINKE,22.5,22.2,22.6
11W338,1103,85,816,Sonstige,14.4,14.2,14.6
11W338,1103,85,816,CDU,13.5,13.3,13.7
11W338,1103,85,816,GRUENE,12.0,11.8,12.2
11W338,1103,85,816,SPD,9.7,9.4,10.7
11W338,1103,85,816,FDP,1.5,1.4,1.9
11W339,1103,85,768,AFD,33.8,32.6,34.2
11W339,1103,85,768,LINKE,23.7,23.1,24.0
11W339,1103,85,768,CDU,18.5,18.4,18.8
11W339,1103,85,768,Sonstige,14.2,14.1,14.4
11W339,1103,85,768,GRUENE,6.9,6.8,7.2
11W339,1103,85,768,SPD,5.7,5.4,7.5
11W339,1103,85,768,FDP,1.9,1.9,2.3
11W401,1104,85,871,LINKE,29.0,28.4,29.3
11W401,1104,85,871,AFD,23.6,23.1,24.1
11W401,1104,85,871,CDU,15.2,15.1,15.5
11W401,1104,85,871,Sonstige,12.6,12.5,12.8
11W401,1104,85,871,GRUENE,11.6,11.4,11.8
11W401,1104,85,871,SPD,7.8,7.5,9.5
11W401,1104,85,871,FDP,1.7,1.6,2.0
11W402,1104,85,926,LINKE,28.9,28.3,29.3
11W402,1104,85,926,AFD,21.3,20.6,21.7
11W402,1104,85,926,CDU,15.8,15.7,16.1
11W402,1104,85,926,GRUENE,14.7,14.5,15.0
11W402,1104,85,926,Sonstige,11.8,11.6,11.9
11W402,1104,85,926,SPD,6.3,6.0,8.9
11W402,1104,85,926,FDP,2.2,2.1,2.3
11W403,1104,85,958,LINKE,28.2,27.6,28.7
11W403,1104,85,958,AFD,23.9,23.3,24.4
11W403,1104,85,958,CDU,14.6,14.5,14.8
11W403,1104,85,958,Sonstige,12.4,12.3,12.5
11W403,1104,85,958,GRUENE,10.1,9.9,10.3
11W403,1104,85,958,SPD,8.5,8.3,10.2
11W403,1104,85,958,FDP,1.9,1.9,2.1
11W404,1104,85,802,LINKE,25.8,25.2,26.2
11W404,1104,85,802,AFD,23.1,22.6,23.7
11W404,1104,85,802,CDU,17.3,17.1,17.6
11W404,1104,85,802,Sonstige,11.8,11.7,12.0
11W404,1104,85,802,GRUENE,10.3,10.1,10.4
11W404,1104,85,802,SPD,8.6,8.4,10.1
11W404,1104,85,802,FDP,2.1,2.0,2.5
11W405,1104,85,977,LINKE,27.6,27.0,28.0
11W405,1104,85,977,AFD,24.0,23.4,24.5
11W405,1104,85,977,CDU,18.4,18.2,18.7
11W405,1104,85,977,Sonstige,10.6,10.4,10.7
11W405,1104,85,977,SPD,10.4,10.1,11.9
11W405,1104,85,977,GRUENE,7.2,7.1,7.4
11W405,1104,85,977,FDP,2.1,2.0,2.3
11W406,1104,85,825,LINKE,27.1,26.2,27.5
11W406,1104,85,825,AFD,25.6,24.9,26.3
11W406,1104,85,825,CDU,17.5,17.3,17.8
11W406,1104,85,825,Sonstige,11.6,11.5,11.8
11W406,1104,85,825,SPD,8.5,8.3,9.9
11W406,1104,85,825,GRUENE,8.1,7.8,8.3
11W406,1104,85,825,FDP,2.1,2.0,2.4
11W407,1104,85,912,AFD,28.8,28.1,29.4
11W407,1104,85,912,LINKE,26.6,25.9,27.0
11W407,1104,85,912,CDU,15.2,15.0,15.5
11W407,1104,85,912,Sonstige,11.9,11.8,12.2
11W407,1104,85,912,SPD,8.9,8.6,10.0
11W407,1104,85,912,GRUENE,8.1,8.0,8.3
11W407,1104,85,912,FDP,1.6,1.5,1.9
11W408,1104,85,805,LINKE,31.4,30.8,31.8
11W408,1104,85,805,AFD,22.1,21.2,22.7
11W408,1104,85,805,CDU,14.0,13.9,14.3
11W408,1104,85,805,Sonstige,12.8,12.7,13.0
11W408,1104,85,805,GRUENE,12.2,12.0,12.4
11W408,1104,85,805,SPD,6.6,6.4,9.0
11W408,1104,85,805,FDP,2.2,2.1,2.3
11W409,1104,85,781,LINKE,30.9,30.2,31.3
11W409,1104,85,781,AFD,27.3,26.7,27.9
11W409,1104,85,781,CDU,12.3,12.2,12.6
11W409,1104,85,781,Sonstige,10.6,10.5,10.8
11W409,1104,85,781,GRUENE,10.3,10.1,10.5
11W409,1104,85,781,SPD,7.6,7.4,9.9
11W409,1104,85,781,FDP,1.4,1.3,1.6
11W410,1104,85,877,LINKE,26.5,26.0,26.9
11W410,1104,85,877,AFD,25.9,25.3,26.7
11W410,1104,85,877,CDU,14.8,14.6,15.1
11W410,1104,85,877,Sonstige,14.3,14.1,14.5
11W410,1104,85,877,GRUENE,9.4,9.2,9.6
11W410,1104,85,877,SPD,7.8,7.5,10.2
11W410,1104,85,877,FDP,1.6,1.5,1.9
11W411,1104,85,849,LINKE,27.4,26.8,27.8
11W411,1104,85,849,AFD,24.9,24.3,25.5
11W411,1104,85,849,Sonstige,13.9,13.8,14.1
11W411,1104,85,849,GRUENE,13.6,13.5,13.9
11W411,1104,85,849,CDU,11.3,11.1,11.5
11W411,1104,85,849,SPD,6.5,6.2,8.9
11W411,1104,85,849,FDP,1.4,1.3,1.7
11W412,1104,85,897,LINKE,29.8,29.3,30.2
11W412,1104,85,897,AFD,23.3,22.7,23.8
11W412,1104,85,897,Sonstige,13.8,13.7,14.1
11W412,1104,85,897,GRUENE,13.6,13.5,13.9
11W412,1104,85,897,CDU,13.6,13.4,13.9
11W412,1104,85,897,SPD,6.9,6.6,8.7
11W412,1104,85,897,FDP,1.9,1.9,2.1
11W413,1104,85,786,LINKE,26.4,25.8,26.8
11W413,1104,85,786,AFD,23.7,23.2,24.3
11W413,1104,85,786,CDU,14.9,14.7,15.1
11W413,1104,85,786,Sonstige,14.7,14.6,14.8
11W413,1104,85,786,GRUENE,11.9,11.8,12.1
11W413,1104,85,786,SPD,5.7,5.4,8.9
11W413,1104,85,786,FDP,2.0,1.9,2.1
11W414,1104,85,871,LINKE,30.4,29.8,30.8
11W414,1104,85,871,GRUENE,18.6,18.5,18.8
11W414,1104,85,871,AFD,18.0,17.4,18.5
11W414,1104,85,871,Sonstige,14.5,14.4,14.7
11W414,1104,85,871,CDU,10.3,10.1,10.5
11W414,1104,85,871,SPD,8.0,7.8,9.6
11W414,1104,85,871,FDP,1.9,1.9,2.1
11W415,1104,85,1044,LINKE,28.9,28.3,29.3
11W415,1104,85,1044,AFD,28.7,28.1,29.4
11W415,1104,85,1044,Sonstige,14.1,13.9,14.2
11W415,1104,85,1044,CDU,12.9,12.7,13.2
11W415,1104,85,1044,GRUENE,11.2,11.1,11.4
11W415,1104,85,1044,SPD,6.3,6.0,8.4
11W415,1104,85,1044,FDP,1.8,1.8,2.0
11W416,1104,85,966,LINKE,22.1,21.6,22.4
11W416,1104,85,966,GRUENE,21.5,21.3,21.8
11W416,1104,85,966,CDU,15.9,15.7,16.1
11W416,1104,85,966,AFD,13.9,13.0,14.3
11W416,1104,85,966,Sonstige,13.3,13.2,13.5
11W416,1104,85,966,SPD,9.9,9.4,10.0
11W416,1104,85,966,FDP,2.7,2.7,3.1
11W417,1104,85,901,LINKE,33.0,32.4,33.4
11W417,1104,85,901,AFD,25.1,24.5,25.7
11W417,1104,85,901,Sonstige,15.0,14.8,15.1
11W417,1104,85,901,GRUENE,14.6,14.4,14.9
11W417,1104,85,901,CDU,10.8,10.6,11.0
11W417,1104,85,901,SPD,3.8,3.4,6.1
11W417,1104,85,901,FDP,1.7,1.6,1.9
11W418,1104,85,719,GRUENE,21.1,20.8,21.4
11W418,1104,85,719,CDU,20.7,20.6,21.1
11W418,1104,85,719,LINKE,19.4,18.8,19.9
11W418,1104,85,719,AFD,18.2,17.2,18.9
11W418,1104,85,719,Sonstige,9.6,9.5,9.8
11W418,1104,85,719,SPD,8.3,7.9,9.8
11W418,1104,85,719,FDP,3.0,2.9,3.2
11W419,1104,85,920,LINKE,35.5,35.0,35.9
11W419,1104,85,920,AFD,29.6,28.4,30.2
11W419,1104,85,920,Sonstige,14.0,13.9,14.1
11W419,1104,85,920,CDU,12.8,12.5,13.0
11W419,1104,85,920,GRUENE,6.7,6.6,6.9
11W419,1104,85,920,SPD,5.7,5.4,8.3
11W419,1104,85,920,FDP,1.6,1.5,1.7
11W420,1104,85,904,LINKE,27.3,26.7,27.7
11W420,1104,85,904,AFD,23.2,22.6,23.8
11W420,1104,85,904,Sonstige,15.9,15.9,16.1
11W420,1104,85,904,GRUENE,14.7,14.5,14.9
11W420,1104,85,904,CDU,11.7,11.5,12.0
11W420,1104,85,904,SPD,6.8,6.5,8.6
11W420,1104,85,904,FDP,1.7,1.7,2.0
11W421,1104,85,790,LINKE,30.1,29.7,30.5
11W421,1104,85,790,AFD,24.5,23.4,24.9
11W421,1104,85,790,GRUENE,18.6,18.4,18.9
11W421,1104,85,790,Sonstige,12.9,12.8,13.0
11W421,1104,85,790,CDU,11.3,11.1,11.5
11W421,1104,85,790,SPD,5.5,5.2,7.6
11W421,1104,85,790,FDP,1.4,1.3,1.8
11W422,1104,85,622,LINKE,28.5,28.0,28.8
11W422,1104,85,622,AFD,22.6,21.8,23.1
11W422,1104,85,622,GRUENE,18.5,18.4,18.8
11W422,1104,85,622,Sonstige,13.0,12.8,13.1
11W422,1104,85,622,CDU,12.4,12.3,12.7
11W422,1104,85,622,SPD,6.2,5.9,7.9
11W422,1104,85,622,FDP,1.9,1.8,2.2
11W423,1104,85,895,LINKE,25.1,24.6,25.5
11W423,1104,85,895,AFD,22.0,20.9,22.4
11W423,1104,85,895,GRUENE,20.2,19.9,20.4
11W423,1104,85,895,Sonstige,16.3,16.2,16.5
11W423,1104,85,895,CDU,10.3,10.1,10.4
11W423,1104,85,895,SPD,5.1,4.7,7.2
11W423,1104,85,895,FDP,2.0,1.9,2.3
11W424,1104,85,905,LINKE,29.4,29.0,29.8
11W424,1104,85,905,GRUENE,23.6,23.4,23.9
11W424,1104,85,905,AFD,14.8,14.1,15.3
11W424,1104,85,905,Sonstige,14.0,13.9,14.2
11W424,1104,85,905,CDU,10.0,9.8,10.2
11W424,1104,85,905,SPD,7.6,7.4,8.3
11W424,1104,85,905,FDP,1.7,1.6,2.0
11W425,1104,85,858,LINKE,29.2,28.8,29.5
11W425,1104,85,858,GRUENE,23.0,22.8,23.3
11W425,1104,85,858,AFD,17.6,16.4,17.9
11W425,1104,85,858,Sonstige,14.5,14.4,14.6
11W425,1104,85,858,CDU,10.5,10.3,10.7
11W425,1104,85,858,SPD,5.8,5.5,7.4
11W425,1104,85,858,FDP,2.1,2.1,2.3
11W426,1104,85,873,LINKE,31.1,30.5,31.5
11W426,1104,85,873,GRUENE,24.0,23.8,24.3
11W426,1104,85,873,AFD,16.7,16.1,17.3
11W426,1104,85,873,Sonstige,13.7,13.6,13.9
11W426,1104,85,873,CDU,8.5,8.4,8.8
11W426,1104,85,873,SPD,6.2,5.9,7.3
11W426,1104,85,873,FDP,1.7,1.7,2.0
11W427,1104,85,799,LINKE,29.9,29.4,30.2
11W427,1104,85,799,AFD,22.3,21.5,22.7
11W427,1104,85,799,GRUENE,18.6,18.4,18.8
11W427,1104,85,799,Sonstige,16.8,16.7,16.9
11W427,1104,85,799,CDU,9.7,9.5,9.9
11W427,1104,85,799,SPD,4.3,4.0,7.1
11W427,1104,85,799,FDP,1.5,1.4,1.7
11W428,1104,85,813,LINKE,32.0,31.5,32.4
11W428,1104,85,813,GRUENE,21.5,21.3,21.7
11W428,1104,85,813,AFD,18.9,18.0,19.3
11W428,1104,85,813,Sonstige,14.7,14.6,14.9
11W428,1104,85,813,CDU,8.8,8.6,9.0
11W428,1104,85,813,SPD,4.4,4.2,6.8
11W428,1104,85,813,FDP,1.6,1.6,1.9
11W429,1104,85,974,LINKE,28.9,28.2,29.3
11W429,1104,85,974,AFD,25.9,25.4,26.6
11W429,1104,85,974,CDU,15.2,15.0,15.5
11W429,1104,85,974,Sonstige,11.5,11.4,11.7
11W429,1104,85,974,SPD,9.6,9.3,10.3
11W429,1104,85,974,GRUENE,8.2,8.1,8.5
11W429,1104,85,974,FDP,1.8,1.7,2.1
11W430,1104,85,933,LINKE,29.7,28.8,30.2
11W430,1104,85,933,AFD,29.4,28.7,30.0
11W430,1104,85,933,CDU,14.0,13.8,14.3
11W430,1104,85,933,Sonstige,12.6,12.5,12.8
11W430,1104,85,933,GRUENE,8.6,8.4,8.9
11W430,1104,85,933,SPD,7.6,7.4,8.5
11W430,1104,85,933,FDP,1.5,1.4,1.8
11W431,1104,85,900,LINKE,28.0,27.5,28.5
11W431,1104,85,900,AFD,26.8,26.3,27.5
11W431,1104,85,900,CDU,17.6,17.4,17.9
11W431,1104,85,900,Sonstige,11.5,11.4,11.7
11W431,1104,85,900,SPD,9.2,9.0,10.6
11W431,1104,85,900,GRUENE,6.9,6.8,7.1
11W431,1104,85,900,FDP,2.2,2.2,2.4
11W432,1104,85,913,LINKE,29.2,28.5,29.7
11W432,1104,85,913,AFD,27.5,26.8,28.1
11W432,1104,85,913,CDU,14.6,14.5,14.9
11W432,1104,85,913,Sonstige,13.2,13.1,13.4
11W432,1104,85,913,GRUENE,8.2,8.1,8.5
11W432,1104,85,913,SPD,7.7,7.5,9.2
11W432,1104,85,913,FDP,1.7,1.6,2.1
11W433,1104,85,883,LINKE,33.8,32.8,34.2
11W433,1104,85,883,AFD,24.6,23.9,25.3
11W433,1104,85,883,CDU,12.7,12.6,13.0
11W433,1104,85,883,Sonstige,12.5,12.3,12.8
11W433,1104,85,883,GRUENE,9.7,9.5,10.0
11W433,1104,85,883,SPD,4.9,4.7,8.2
11W433,1104,85,883,FDP,1.7,1.6,1.9
11W434,1104,85,860,LINKE,29.5,29.0,29.9
11W434,1104,85,860,AFD,22.7,21.9,23.3
11W434,1104,85,860,CDU,13.6,13.5,13.8
11W434,1104,85,860,GRUENE,12.7,12.6,12.9
11W434,1104,85,860,SPD,10.9,10.7,11.3
11W434,1104,85,860,Sonstige,10.1,10.0,10.3
11W434,1104,85,860,FDP,2.4,2.4,2.6
11W435,1104,85,918,AFD,29.0,28.3,29.7
11W435,1104,85,918,LINKE,28.9,28.3,29.4
11W435,1104,85,918,CDU,14.0,13.9,14.2
11W435,1104,85,918,Sonstige,13.0,12.9,13.2
11W435,1104,85,918,GRUENE,8.4,8.2,8.6
11W435,1104,85,918,SPD,7.1,6.8,9.5
11W435,1104,85,918,FDP,1.9,1.9,2.0
11W436,1104,85,844,GRUENE,31.8,31.5,32.0
11W436,1104,85,844,LINKE,29.8,29.3,30.2
11W436,1104,85,844,Sonstige,13.4,13.3,13.6
11W436,1104,85,844,AFD,11.7,10.5,12.2
11W436,1104,85,844,CDU,7.2,7.0,7.5
11W436,1104,85,844,SPD,6.7,6.5,7.3
11W436,1104,85,844,FDP,2.1,2.1,2.4
11W437,1104,85,918,GRUENE,32.5,32.3,32.7
11W437,1104,85,918,LINKE,32.5,32.0,32.9
11W437,1104,85,918,Sonstige,12.1,12.0,12.3
11W437,1104,85,918,AFD,11.9,11.0,12.4
11W437,1104,85,918,SPD,6.3,6.0,7.5
11W437,1104,85,918,CDU,5.6,5.4,5.9
11W437,1104,85,918,FDP,2.1,2.0,2.3
11W438,1104,85,945,LINKE,35.7,35.1,36.1
11W438,1104,85,945,GRUENE,27.6,27.4,27.8
11W438,1104,85,945,AFD,13.9,13.1,14.5
11W438,1104,85,945,Sonstige,11.8,11.6,11.9
11W438,1104,85,945,SPD,6.4,6.1,7.8
11W438,1104,85,945,CDU,6.1,5.8,6.4
11W438,1104,85,945,FDP,2.5,2.4,2.6
11W501,1105,85,759,LINKE,30.3,30.0,30.5
11W501,1105,85,759,GRUENE,21.8,21.6,22.1
11W501,1105,85,759,AFD,19.9,18.9,20.3
11W501,1105,85,759,Sonstige,15.7,15.5,15.9
11W501,1105,85,759,CDU,8.6,8.5,8.9
11W501,1105,85,759,SPD,4.1,3.8,6.5
11W501,1105,85,759,FDP,1.8,1.8,2.1
11W502,1105,85,969,LINKE,31.2,30.8,31.4
11W502,1105,85,969,AFD,24.2,23.1,24.6
11W502,1105,85,969,GRUENE,19.3,19.1,19.5
11W502,1105,85,969,Sonstige,14.9,14.8,15.0
11W502,1105,85,969,CDU,7.7,7.6,7.9
11W502,1105,85,969,SPD,4.5,4.2,6.5
11W502,1105,85,969,FDP,1.7,1.6,1.9
11W503,1105,85,906,AFD,31.3,30.5,31.8
11W503,1105,85,906,LINKE,28.2,27.6,28.5
11W503,1105,85,906,CDU,14.4,14.3,14.7
11W503,1105,85,906,Sonstige,13.2,13.1,13.5
11W503,1105,85,906,GRUENE,7.9,7.7,8.1
11W503,1105,85,906,SPD,5.9,5.6,7.7
11W503,1105,85,906,FDP,1.6,1.6,2.0
11W504,1105,85,1021,AFD,31.8,31.3,32.6
11W504,1105,85,1021,LINKE,22.1,21.6,22.3
11W504,1105,85,1021,CDU,18.8,18.6,19.1
11W504,1105,85,1021,Sonstige,13.6,13.4,13.8
11W504,1105,85,1021,SPD,7.8,7.6,9.0
11W504,1105,85,1021,GRUENE,5.1,5.0,5.3
11W504,1105,85,1021,FDP,1.7,1.7,2.2
11W505,1105,85,943,AFD,31.9,31.3,32.6
11W505,1105,85,943,LINKE,22.4,21.7,22.6
11W505,1105,85,943,CDU,18.3,18.1,18.6
11W505,1105,85,943,Sonstige,10.5,10.4,10.8
11W505,1105,85,943,SPD,9.1,8.8,10.4
11W505,1105,85,943,GRUENE,6.1,5.9,6.3
11W505,1105,85,943,FDP,1.9,1.9,2.2
11W506,1105,85,879,AFD,33.2,32.6,33.8
11W506,1105,85,879,LINKE,22.1,21.7,22.4
11W506,1105,85,879,Sonstige,16.2,16.0,16.3
11W506,1105,85,879,CDU,16.1,16.0,16.4
11W506,1105,85,879,GRUENE,7.3,7.2,7.6
11W506,1105,85,879,SPD,5.0,4.8,7.7
11W506,1105,85,879,FDP,1.4,1.3,1.7
11W507,1105,85,884,AFD,33.6,32.8,34.1
11W507,1105,85,884,LINKE,27.5,27.1,27.7
11W507,1105,85,884,CDU,17.6,17.4,17.9
11W507,1105,85,884,Sonstige,12.3,12.2,12.6
11W507,1105,85,884,SPD,6.9,6.7,8.5
11W507,1105,85,884,GRUENE,5.0,4.8,5.3
11W507,1105,85,884,FDP,1.2,1.1,1.7
11W508,1105,85,841,LINKE,31.9,31.4,32.0
11W508,1105,85,841,AFD,23.5,22.1,24.0
11W508,1105,85,841,GRUENE,17.3,17.1,17.6
11W508,1105,85,841,Sonstige,15.3,15.2,15.5
11W508,1105,85,841,CDU,10.3,10.1,10.5
11W508,1105,85,841,SPD,4.4,4.1,6.6
11W508,1105,85,841,FDP,1.7,1.6,1.9
11W509,1105,85,934,LINKE,28.2,27.8,28.3
11W509,1105,85,934,AFD,24.3,23.5,24.7
11W509,1105,85,934,GRUENE,13.7,13.5,14.0
11W509,1105,85,934,CDU,13.4,13.3,13.7
11W509,1105,85,934,Sonstige,12.8,12.7,12.9
11W509,1105,85,934,SPD,6.9,6.6,8.9
11W509,1105,85,934,FDP,1.9,1.8,2.1
11W510,1105,85,836,AFD,28.8,28.1,29.4
11W510,1105,85,836,LINKE,26.6,26.1,26.8
11W510,1105,85,836,CDU,16.0,15.9,16.3
11W510,1105,85,836,Sonstige,11.9,11.7,12.0
11W510,1105,85,836,GRUENE,9.5,9.3,9.8
11W510,1105,85,836,SPD,7.6,7.3,9.2
11W510,1105,85,836,FDP,2.3,2.2,2.4
11W511,1105,85,917,LINKE,29.6,29.2,29.8
11W511,1105,85,917,AFD,24.4,23.6,24.7
11W511,1105,85,917,GRUENE,13.3,13.2,13.6
11W511,1105,85,917,Sonstige,12.8,12.7,12.9
11W511,1105,85,917,CDU,12.7,12.6,13.0
11W511,1105,85,917,SPD,8.1,7.8,9.2
11W511,1105,85,917,FDP,1.9,1.9,2.2
11W512,1105,85,1026,AFD,27.9,27.3,28.4
11W512,1105,85,1026,LINKE,26.9,26.6,27.1
11W512,1105,85,1026,CDU,20.8,20.6,21.1
11W512,1105,85,1026,Sonstige,10.3,10.2,10.5
11W512,1105,85,1026,GRUENE,8.4,8.2,8.7
11W512,1105,85,1026,SPD,7.3,7.1,9.0
11W512,1105,85,1026,FDP,2.0,1.9,2.3
11W513,1105,85,1040,AFD,29.3,28.3,29.8
11W513,1105,85,1040,LINKE,27.2,26.9,27.4
11W513,1105,85,1040,CDU,19.1,18.9,19.5
11W513,1105,85,1040,Sonstige,11.7,11.5,12.0
11W513,1105,85,1040,SPD,8.7,8.4,10.4
11W513,1105,85,1040,GRUENE,5.9,5.8,6.2
11W513,1105,85,1040,FDP,2.1,2.0,2.3
11W514,1105,85,611,LINKE,33.2,32.9,33.4
11W514,1105,85,611,GRUENE,24.2,24.0,24.4
11W514,1105,85,611,AFD,19.4,18.3,19.8
11W514,1105,85,611,Sonstige,13.6,13.5,13.7
11W514,1105,85,611,CDU,7.3,7.1,7.5
11W514,1105,85,611,SPD,3.8,3.6,6.4
11W514,1105,85,611,FDP,1.9,1.9,2.1
11W515,1105,85,808,LINKE,31.1,30.7,31.2
11W515,1105,85,808,AFD,24.4,23.0,24.8
11W515,1105,85,808,GRUENE,20.7,20.5,21.0
11W515,1105,85,808,Sonstige,14.5,14.4,14.7
11W515,1105,85,808,CDU,7.9,7.7,8.1
11W515,1105,85,808,SPD,3.7,3.4,5.6
11W515,1105,85,808,FDP,1.3,1.2,1.8
11W516,1105,85,899,LINKE,29.0,28.6,29.1
11W516,1105,85,899,AFD,27.2,26.3,27.6
11W516,1105,85,899,GRUENE,14.7,14.5,14.9
11W516,1105,85,899,Sonstige,13.9,13.8,14.1
11W516,1105,85,899,CDU,11.7,11.5,11.9
11W516,1105,85,899,SPD,4.8,4.5,7.2
11W516,1105,85,899,FDP,1.5,1.4,1.9
11W517,1105,85,857,LINKE,29.1,28.7,29.3
11W517,1105,85,857,AFD,23.3,22.7,23.8
11W517,1105,85,857,CDU,14.7,14.6,15.0
11W517,1105,85,857,GRUENE,13.5,13.4,13.7
11W517,1105,85,857,Sonstige,12.5,12.4,12.6
11W517,1105,85,857,SPD,6.7,6.3,8.6
11W517,1105,85,857,FDP,2.3,2.2,2.4
11W518,1105,85,787,LINKE,29.6,29.4,29.8
11W518,1105,85,787,AFD,25.5,24.9,25.9
11W518,1105,85,787,CDU,14.8,14.6,15.0
11W518,1105,85,787,Sonstige,12.6,12.5,12.8
11W518,1105,85,787,GRUENE,10.4,10.3,10.6
11W518,1105,85,787,SPD,7.6,7.4,9.8
11W518,1105,85,787,FDP,1.7,1.7,2.0
11W519,1105,85,838,LINKE,29.1,28.7,29.3
11W519,1105,85,838,AFD,28.4,27.8,28.9
11W519,1105,85,838,CDU,16.7,16.5,17.0
11W519,1105,85,838,Sonstige,11.7,11.6,11.8
11W519,1105,85,838,GRUENE,9.2,9.1,9.5
11W519,1105,85,838,SPD,7.1,6.8,9.1
11W519,1105,85,838,FDP,2.0,2.0,2.1
11W520,1105,85,933,AFD,31.7,31.0,32.2
11W520,1105,85,933,LINKE,26.4,25.9,26.6
11W520,1105,85,933,CDU,16.6,16.5,16.9
11W520,1105,85,933,Sonstige,12.8,12.7,13.1
11W520,1105,85,933,SPD,8.7,8.4,9.9
11W520,1105,85,933,GRUENE,5.2,5.0,5.4
11W520,1105,85,933,FDP,2.0,1.9,2.2
11W521,1105,85,913,AFD,33.0,32.3,33.7
11W521,1105,85,913,LINKE,29.4,28.9,29.7
11W521,1105,85,913,CDU,15.0,14.8,15.3
11W521,1105,85,913,Sonstige,12.0,11.9,12.2
11W521,1105,85,913,SPD,9.3,9.0,10.4
11W521,1105,85,913,GRUENE,3.9,3.7,4.1
11W521,1105,85,913,FDP,2.1,2.0,2.2
11W522,1105,85,818,LINKE,34.1,33.8,34.2
11W522,1105,85,818,AFD,22.2,21.0,22.6
11W522,1105,85,818,GRUENE,19.4,19.2,19.6
11W522,1105,85,818,Sonstige,12.3,12.1,12.5
11W522,1105,85,818,CDU,8.9,8.8,9.1
11W522,1105,85,818,SPD,5.5,5.2,7.4
11W522,1105,85,818,FDP,1.7,1.6,1.9
11W523,1105,85,738,LINKE,29.6,29.2,29.8
11W523,1105,85,738,AFD,23.9,22.8,24.3
11W523,1105,85,738,GRUENE,16.0,15.8,16.2
11W523,1105,85,738,Sonstige,14.1,13.9,14.2
11W523,1105,85,738,CDU,11.8,11.6,12.0
11W523,1105,85,738,SPD,6.2,5.9,8.0
11W523,1105,85,738,FDP,2.4,2.3,2.6
11W524,1105,85,915,LINKE,28.0,27.5,28.2
11W524,1105,85,915,AFD,27.3,26.7,27.8
11W524,1105,85,915,Sonstige,13.0,12.9,13.1
11W524,1105,85,915,CDU,13.0,12.8,13.2
11W524,1105,85,915,GRUENE,11.4,11.3,11.7
11W524,1105,85,915,SPD,7.4,7.2,8.6
11W524,1105,85,915,FDP,2.1,2.0,2.4
11W525,1105,85,867,LINKE,31.1,30.7,31.3
11W525,1105,85,867,GRUENE,23.4,23.1,23.6
11W525,1105,85,867,AFD,21.6,20.7,22.0
11W525,1105,85,867,Sonstige,12.4,12.3,12.6
11W525,1105,85,867,CDU,10.6,10.4,10.9
11W525,1105,85,867,SPD,3.8,3.5,5.7
11W525,1105,85,867,FDP,1.9,1.8,2.2
11W526,1105,85,676,LINKE,33.8,33.4,34.0
11W526,1105,85,676,GRUENE,25.7,25.4,25.9
11W526,1105,85,676,AFD,18.6,16.9,19.0
11W526,1105,85,676,Sonstige,13.9,13.8,14.1
11W526,1105,85,676,CDU,6.9,6.7,7.1
11W526,1105,85,676,SPD,3.9,3.6,6.1
11W526,1105,85,676,FDP,1.8,1.7,2.0
11W527,1105,85,880,LINKE,27.6,27.3,27.8
11W527,1105,85,880,GRUENE,23.8,23.5,24.0
11W527,1105,85,880,AFD,18.0,16.9,18.4
11W527,1105,85,880,Sonstige,13.4,13.2,13.5
11W527,1105,85,880,CDU,10.8,10.6,11.0
11W527,1105,85,880,SPD,5.9,5.6,7.1
11W527,1105,85,880,FDP,2.1,2.0,2.4
11W528,1105,85,976,LINKE,28.8,28.4,28.9
11W528,1105,85,976,AFD,23.6,21.9,23.9
11W528,1105,85,976,GRUENE,15.8,15.6,16.1
11W528,1105,85,976,CDU,13.5,13.3,13.7
11W528,1105,85,976,Sonstige,12.3,12.3,12.5
11W528,1105,85,976,SPD,7.3,7.0,8.5
11W528,1105,85,976,FDP,2.3,2.2,2.5
11W529,1105,85,839,GRUENE,29.7,29.4,29.9
11W529,1105,85,839,LINKE,27.2,27.0,27.4
11W529,1105,85,839,AFD,16.6,15.1,16.9
11W529,1105,85,839,Sonstige,13.0,12.8,13.2
11W529,1105,85,839,CDU,9.5,9.3,9.7
11W529,1105,85,839,SPD,5.7,5.5,6.5
11W529,1105,85,839,FDP,1.9,1.8,2.2
11W530,1105,85,825,GRUENE,27.8,27.5,28.2
11W530,1105,85,825,LINKE,24.8,24.5,25.1
11W530,1105,85,825,AFD,16.6,14.8,17.1
11W530,1105,85,825,Sonstige,13.4,13.2,13.6
11W530,1105,85,825,CDU,10.6,10.5,10.9
11W530,1105,85,825,SPD,6.5,6.2,6.8
11W530,1105,85,825,FDP,2.2,2.1,2.5
11W531,1105,85,899,AFD,29.9,29.2,30.4
11W531,1105,85,899,LINKE,25.0,24.6,25.2
11W531,1105,85,899,CDU,14.7,14.6,15.0
11W531,1105,85,899,Sonstige,13.0,12.9,13.2
11W531,1105,85,899,GRUENE,10.8,10.7,11.0
11W531,1105,85,899,SPD,6.6,6.4,8.4
11W531,1105,85,899,FDP,1.9,1.8,2.2
11W532,1105,85,962,AFD,30.3,29.6,30.9
11W532,1105,85,962,LINKE,27.2,26.8,27.4
11W532,1105,85,962,CDU,14.7,14.5,15.0
11W532,1105,85,962,Sonstige,13.0,12.9,13.2
11W532,1105,85,962,SPD,10.7,10.5,11.2
11W532,1105,85,962,GRUENE,6.8,6.6,7.1
11W532,1105,85,962,FDP,1.7,1.6,2.0
11W533,1105,85,920,AFD,28.0,27.3,28.4
11W533,1105,85,920,LINKE,24.8,24.5,24.9
11W533,1105,85,920,CDU,16.6,16.5,16.9
11W533,1105,85,920,Sonstige,12.8,12.7,13.0
11W533,1105,85,920,SPD,8.9,8.7,10.2
11W533,1105,85,920,GRUENE,7.8,7.7,8.0
11W533,1105,85,920,FDP,2.0,2.0,2.3
11W534,1105,85,915,AFD,30.4,29.8,31.2
11W534,1105,85,915,LINKE,24.8,24.4,25.0
11W534,1105,85,915,CDU,16.7,16.6,17.0
11W534,1105,85,915,Sonstige,13.2,13.1,13.4
11W534,1105,85,915,SPD,6.7,6.5,9.3
11W534,1105,85,915,GRUENE,5.6,5.4,5.8
11W534,1105,85,915,FDP,1.7,1.6,2.0
11W535,1105,85,824,LINKE,26.8,26.5,27.0
11W535,1105,85,824,AFD,26.6,26.0,27.3
11W535,1105,85,824,CDU,16.2,16.0,16.5
11W535,1105,85,824,Sonstige,11.9,11.7,12.3
11W535,1105,85,824,SPD,10.1,9.8,11.5
11W535,1105,85,824,GRUENE,7.0,6.8,7.3
11W535,1105,85,824,FDP,2.1,2.1,2.4
11W536,1105,85,794,AFD,29.1,28.0,29.5
11W536,1105,85,794,LINKE,28.0,27.6,28.2
11W536,1105,85,794,CDU,14.7,14.6,15.0
11W536,1105,85,794,Sonstige,12.7,12.6,13.0
11W536,1105,85,794,SPD,9.8,9.5,10.2
11W536,1105,85,794,GRUENE,7.2,7.0,7.5
11W536,1105,85,794,FDP,1.6,1.5,1.9
11W537,1105,85,830,AFD,30.0,29.5,30.4
11W537,1105,85,830,LINKE,27.6,27.1,27.7
11W537,1105,85,830,CDU,15.0,14.8,15.2
11W537,1105,85,830,Sonstige,13.0,12.9,13.2
11W537,1105,85,830,SPD,8.1,7.9,9.4
11W537,1105,85,830,GRUENE,7.4,7.3,7.6
11W537,1105,85,830,FDP,1.7,1.7,2.1
11W538,1105,85,855,AFD,29.6,29.0,30.3
11W538,1105,85,855,LINKE,29.0,28.6,29.3
11W538,1105,85,855,CDU,15.9,15.7,16.2
11W538,1105,85,855,Sonstige,10.7,10.5,10.8
11W538,1105,85,855,SPD,9.2,9.0,10.0
11W538,1105,85,855,GRUENE,6.7,6.5,7.1
11W538,1105,85,855,FDP,2.1,2.0,2.3
11W601,1106,85,944,LINKE,24.7,24.5,24.8
11W601,1106,85,944,AFD,19.0,18.0,19.5
11W601,1106,85,944,GRUENE,17.6,17.5,18.0
11W601,1106,85,944,CDU,17.3,17.2,17.6
11W601,1106,85,944,Sonstige,11.7,11.4,12.1
11W601,1106,85,944,SPD,9.5,9.2,9.9
11W601,1106,85,944,FDP,3.1,3.0,3.2
11W602,1106,85,945,GRUENE,26.9,26.7,27.1
11W602,1106,85,945,LINKE,23.5,23.3,23.6
11W602,1106,85,945,AFD,14.7,13.9,15.1
11W602,1106,85,945,CDU,12.3,12.2,12.5
11W602,1106,85,945,Sonstige,11.7,11.5,12.1
11W602,1106,85,945,SPD,9.8,9.1,10.1
11W602,1106,85,945,FDP,2.8,2.7,3.0
11W603,1106,85,839,GRUENE,29.6,29.3,29.8
11W603,1106,85,839,CDU,19.5,19.3,19.8
11W603,1106,85,839,LINKE,16.6,16.3,16.8
11W603,1106,85,839,SPD,11.1,10.4,11.5
11W603,1106,85,839,AFD,10.5,9.9,11.3
11W603,1106,85,839,Sonstige,8.1,7.8,8.7
11W603,1106,85,839,FDP,3.9,3.8,4.1
11W604,1106,85,919,AFD,29.7,28.9,30.2
11W604,1106,85,919,LINKE,28.4,28.2,28.6
11W604,1106,85,919,Sonstige,14.4,14.2,14.9
11W604,1106,85,919,CDU,14.4,14.3,14.7
11W604,1106,85,919,GRUENE,7.8,7.7,8.0
11W604,1106,85,919,SPD,5.6,5.2,8.0
11W604,1106,85,919,FDP,1.8,1.8,2.1
11W605,1106,85,975,AFD,29.6,29.1,30.4
11W605,1106,85,975,LINKE,28.1,27.7,28.2
11W605,1106,85,975,CDU,15.2,15.0,15.5
11W605,1106,85,975,Sonstige,10.9,10.7,11.4
11W605,1106,85,975,SPD,9.9,9.5,11.3
11W605,1106,85,975,GRUENE,7.4,7.2,7.7
11W605,1106,85,975,FDP,1.9,1.8,2.1
11W606,1106,85,846,AFD,32.0,31.5,32.6
11W606,1106,85,846,LINKE,25.0,24.7,25.2
11W606,1106,85,846,Sonstige,14.4,14.2,14.9
11W606,1106,85,846,CDU,13.8,13.7,14.0
11W606,1106,85,846,SPD,10.5,10.1,11.2
11W606,1106,85,846,GRUENE,6.5,6.4,6.8
11W606,1106,85,846,FDP,1.4,1.3,1.8
11W607,1106,85,762,LINKE,29.7,29.3,29.8
11W607,1106,85,762,AFD,27.6,27.1,28.4
11W607,1106,85,762,Sonstige,13.2,13.0,13.8
11W607,1106,85,762,CDU,12.8,12.6,13.0
11W607,1106,85,762,GRUENE,12.1,12.0,12.4
11W607,1106,85,762,SPD,7.0,6.7,8.6
11W607,1106,85,762,FDP,1.3,1.2,1.7
11W608,1106,85,711,LINKE,29.2,28.9,29.3
11W608,1106,85,711,AFD,29.2,28.6,29.7
11W608,1106,85,711,Sonstige,13.3,13.0,13.8
11W608,1106,85,711,CDU,12.5,12.3,12.7
11W608,1106,85,711,GRUENE,11.7,11.6,11.9
11W608,1106,85,711,SPD,7.4,7.0,8.9
11W608,1106,85,711,FDP,1.2,1.1,1.7
11W609,1106,85,864,AFD,31.8,31.0,32.3
11W609,1106,85,864,LINKE,30.4,30.0,30.6
11W609,1106,85,864,CDU,16.7,16.6,17.0
11W609,1106,85,864,Sonstige,10.6,10.3,11.0
11W609,1106,85,864,SPD,7.8,7.4,9.4
11W609,1106,85,864,GRUENE,7.1,6.9,7.4
11W609,1106,85,864,FDP,1.7,1.6,2.0
11W610,1106,85,958,AFD,27.9,27.4,28.7
11W610,1106,85,958,LINKE,26.1,25.8,26.3
11W610,1106,85,958,CDU,20.7,20.5,21.0
11W610,1106,85,958,Sonstige,12.4,12.1,12.9
11W610,1106,85,958,SPD,11.3,10.8,12.9
11W610,1106,85,958,GRUENE,2.5,2.3,2.9
11W610,1106,85,958,FDP,1.7,1.7,2.1
11W611,1106,85,950,AFD,30.5,29.9,31.1
11W611,1106,85,950,LINKE,26.5,26.2,26.6
11W611,1106,85,950,CDU,14.7,14.6,15.0
11W611,1106,85,950,Sonstige,12.3,12.1,12.8
11W611,1106,85,950,GRUENE,9.2,9.1,9.5
11W611,1106,85,950,SPD,8.2,7.9,9.1
11W611,1106,85,950,FDP,1.8,1.7,2.2
11W612,1106,85,917,AFD,28.5,27.7,29.2
11W612,1106,85,917,LINKE,22.7,22.4,22.9
11W612,1106,85,917,CDU,21.5,21.4,21.8
11W612,1106,85,917,Sonstige,11.6,11.2,12.3
11W612,1106,85,917,GRUENE,8.1,7.9,8.3
11W612,1106,85,917,SPD,7.2,6.8,9.9
11W612,1106,85,917,FDP,1.7,1.6,2.0
11W613,1106,85,797,AFD,29.3,28.7,29.8
11W613,1106,85,797,LINKE,23.9,23.6,24.0
11W613,1106,85,797,CDU,16.2,16.1,16.4
11W613,1106,85,797,Sonstige,14.5,14.2,14.9
11W613,1106,85,797,GRUENE,12.4,12.2,12.6
11W613,1106,85,797,SPD,5.6,5.3,7.6
11W613,1106,85,797,FDP,1.9,1.9,2.2
11W614,1106,85,1006,AFD,29.2,28.1,29.5
11W614,1106,85,1006,LINKE,23.0,22.6,23.1
11W614,1106,85,1006,CDU,14.9,14.8,15.2
11W614,1106,85,1006,Sonstige,13.8,13.5,14.3
11W614,1106,85,1006,GRUENE,13.6,13.4,13.8
11W614,1106,85,1006,SPD,5.7,5.4,6.9
11W614,1106,85,1006,FDP,2.8,2.7,3.0
11W615,1106,85,787,LINKE,24.3,24.0,24.5
11W615,1106,85,787,AFD,20.9,19.9,21.4
11W615,1106,85,787,GRUENE,18.9,18.7,19.2
11W615,1106,85,787,CDU,16.3,16.2,16.6
11W615,1106,85,787,Sonstige,13.6,13.3,14.2
11W615,1106,85,787,SPD,7.3,6.9,9.4
11W615,1106,85,787,FDP,2.0,1.9,2.1
11W616,1106,85,954,AFD,25.3,24.9,26.2
11W616,1106,85,954,LINKE,24.5,24.2,24.6
11W616,1106,85,954,CDU,19.7,19.6,20.0
11W616,1106,85,954,GRUENE,11.3,11.1,11.5
11W616,1106,85,954,Sonstige,9.9,9.6,10.3
11W616,1106,85,954,SPD,7.5,7.2,9.4
11W616,1106,85,954,FDP,3.1,3.1,3.3
11W617,1106,85,1053,AFD,28.7,28.2,29.5
11W617,1106,85,1053,LINKE,23.0,22.7,23.1
11W617,1106,85,1053,CDU,20.8,20.7,21.2
11W617,1106,85,1053,Sonstige,10.2,10.0,10.7
11W617,1106,85,1053,SPD,9.9,9.6,11.4
11W617,1106,85,1053,GRUENE,6.9,6.8,7.1
11W617,1106,85,1053,FDP,2.4,2.3,2.5
11W618,1106,85,791,LINKE,27.3,27.0,27.5
11W618,1106,85,791,AFD,23.6,22.6,24.0
11W618,1106,85,791,CDU,16.9,16.8,17.2
11W618,1106,85,791,GRUENE,14.8,14.7,15.0
11W618,1106,85,791,Sonstige,12.0,11.7,12.4
11W618,1106,85,791,SPD,7.5,7.1,9.3
11W618,1106,85,791,FDP,3.0,2.9,3.1
11W619,1106,85,782,LINKE,23.0,22.8,23.1
11W619,1106,85,782,AFD,22.2,21.0,22.6
11W619,1106,85,782,GRUENE,17.4,17.2,17.7
11W619,1106,85,782,Sonstige,13.9,13.6,14.3
11W619,1106,85,782,CDU,12.1,12.0,12.3
11W619,1106,85,782,SPD,10.4,10.1,10.6
11W619,1106,85,782,FDP,2.8,2.8,3.0
11W620,1106,85,877,AFD,23.1,22.4,23.5
11W620,1106,85,877,LINKE,22.8,22.6,22.9
11W620,1106,85,877,CDU,18.8,18.7,19.1
11W620,1106,85,877,GRUENE,15.8,15.6,15.9
11W620,1106,85,877,SPD,10.1,9.8,10.7
11W620,1106,85,877,Sonstige,8.7,8.4,9.2
11W620,1106,85,877,FDP,3.1,3.0,3.3
11W621,1106,85,809,LINKE,22.2,22.0,22.3
11W621,1106,85,809,CDU,22.1,22.0,22.5
11W621,1106,85,809,AFD,21.7,21.1,22.3
11W621,1106,85,809,GRUENE,13.6,13.4,13.8
11W621,1106,85,809,SPD,12.0,11.6,12.3
11W621,1106,85,809,Sonstige,8.5,8.2,9.0
11W621,1106,85,809,FDP,3.8,3.6,3.9
11W622,1106,85,755,CDU,24.9,24.7,25.3
11W622,1106,85,755,AFD,21.7,20.8,22.2
11W622,1106,85,755,LINKE,18.9,18.6,19.1
11W622,1106,85,755,GRUENE,14.1,13.9,14.3
11W622,1106,85,755,SPD,10.2,9.8,10.7
11W622,1106,85,755,Sonstige,9.1,8.8,9.6
11W622,1106,85,755,FDP,4.1,4.0,4.2
11W623,1106,85,861,LINKE,22.6,22.4,22.7
11W623,1106,85,861,GRUENE,20.4,20.2,20.8
11W623,1106,85,861,AFD,19.4,18.5,19.9
11W623,1106,85,861,CDU,17.9,17.8,18.2
11W623,1106,85,861,SPD,9.5,8.9,9.7
11W623,1106,85,861,Sonstige,9.4,9.1,9.9
11W623,1106,85,861,FDP,3.3,3.2,3.5
11W624,1106,85,837,LINKE,28.2,27.9,28.4
11W624,1106,85,837,AFD,26.0,24.9,26.3
11W624,1106,85,837,CDU,14.6,14.5,14.9
11W624,1106,85,837,GRUENE,14.3,14.1,14.5
11W624,1106,85,837,Sonstige,12.9,12.6,13.4
11W624,1106,85,837,SPD,6.2,5.9,8.4
11W624,1106,85,837,FDP,2.8,2.7,2.9
11W625,1106,85,896,LINKE,25.8,25.6,26.0
11W625,1106,85,896,AFD,24.0,22.8,24.4
11W625,1106,85,896,GRUENE,20.1,20.0,20.3
11W625,1106,85,896,Sonstige,12.1,11.9,12.6
11W625,1106,85,896,CDU,12.0,11.8,12.2
11W625,1106,85,896,SPD,7.9,7.6,8.6
11W625,1106,85,896,FDP,2.7,2.7,2.9
11W626,1106,85,863,LINKE,29.0,28.8,29.2
11W626,1106,85,863,AFD,20.3,18.9,20.6
11W626,1106,85,863,GRUENE,19.4,19.2,19.6
11W626,1106,85,863,CDU,12.4,12.2,12.7
11W626,1106,85,863,Sonstige,12.3,12.0,12.7
11W626,1106,85,863,SPD,8.5,8.2,9.6
11W626,1106,85,863,FDP,3.3,3.1,3.4
11W627,1106,85,913,LINKE,22.8,22.6,22.9
11W627,1106,85,913,AFD,22.6,21.9,23.0
11W627,1106,85,913,GRUENE,17.3,17.1,17.4
11W627,1106,85,913,CDU,16.5,16.4,16.9
11W627,1106,85,913,SPD,10.6,10.3,11.2
11W627,1106,85,913,Sonstige,10.4,10.1,10.8
11W627,1106,85,913,FDP,3.4,3.2,3.4
11W628,1106,85,783,LINKE,25.8,25.6,25.9
11W628,1106,85,783,AFD,23.9,22.9,24.3
11W628,1106,85,783,GRUENE,16.2,16.1,16.3
11W628,1106,85,783,Sonstige,12.0,11.7,12.4
11W628,1106,85,783,CDU,11.9,11.7,12.1
11W628,1106,85,783,SPD,10.4,10.1,11.2
11W628,1106,85,783,FDP,2.8,2.7,2.9
11W629,1106,85,929,AFD,29.1,28.5,29.8
11W629,1106,85,929,LINKE,23.0,22.7,23.1
11W629,1106,85,929,CDU,16.4,16.3,16.7
11W629,1106,85,929,Sonstige,12.3,12.0,12.8
11W629,1106,85,929,GRUENE,9.5,9.4,9.7
11W629,1106,85,929,SPD,9.2,8.9,10.4
11W629,1106,85,929,FDP,2.9,2.8,3.0
11W630,1106,85,797,LINKE,25.4,25.1,25.6
11W630,1106,85,797,AFD,21.3,20.5,21.7
11W630,1106,85,797,GRUENE,17.9,17.7,18.2
11W630,1106,85,797,CDU,15.1,15.0,15.3
11W630,1106,85,797,Sonstige,10.4,10.2,10.9
11W630,1106,85,797,SPD,8.9,8.5,9.2
11W630,1106,85,797,FDP,2.9,2.8,3.1
11W631,1106,85,731,LINKE,26.7,26.3,26.8
11W631,1106,85,731,AFD,22.6,21.5,23.0
11W631,1106,85,731,GRUENE,18.2,18.0,18.4
11W631,1106,85,731,CDU,15.5,15.3,15.7
11W631,1106,85,731,Sonstige,10.1,9.9,10.6
11W631,1106,85,731,SPD,7.7,7.3,9.0
11W631,1106,85,731,FDP,3.2,3.1,3.3
11W632,1106,85,779,LINKE,23.2,23.1,23.4
11W632,1106,85,779,GRUENE,20.9,20.7,21.1
11W632,1106,85,779,AFD,19.1,18.1,19.5
11W632,1106,85,779,CDU,15.6,15.4,15.8
11W632,1106,85,779,Sonstige,11.1,10.8,11.5
11W632,1106,85,779,SPD,9.1,8.8,10.1
11W632,1106,85,779,FDP,3.7,3.5,3.8
11W633,1106,85,921,AFD,22.1,21.4,22.6
11W633,1106,85,921,LINKE,20.4,20.1,20.5
11W633,1106,85,921,CDU,17.3,17.2,17.5
11W633,1106,85,921,GRUENE,16.5,16.3,16.7
11W633,1106,85,921,Sonstige,11.7,11.5,12.2
11W633,1106,85,921,SPD,8.9,8.6,9.4
11W633,1106,85,921,FDP,3.1,3.0,3.2
11W634,1106,85,861,LINKE,24.2,24.0,24.4
11W634,1106,85,861,AFD,21.3,20.8,22.0
11W634,1106,85,861,GRUENE,18.1,17.9,18.2
11W634,1106,85,861,CDU,15.8,15.7,16.1
11W634,1106,85,861,Sonstige,11.5,11.3,11.9
11W634,1106,85,861,SPD,9.0,8.7,10.1
11W634,1106,85,861,FDP,3.0,2.9,3.1
11W635,1106,85,856,LINKE,26.4,26.2,26.6
11W635,1106,85,856,AFD,23.3,22.5,23.8
11W635,1106,85,856,GRUENE,17.4,17.3,17.5
11W635,1106,85,856,CDU,15.1,14.9,15.4
11W635,1106,85,856,Sonstige,10.6,10.3,11.1
11W635,1106,85,856,SPD,8.9,8.6,10.1
11W635,1106,85,856,FDP,3.0,2.9,3.1
11W636,1106,85,667,CDU,25.0,24.8,25.4
11W636,1106,85,667,GRUENE,22.2,21.9,22.5
11W636,1106,85,667,AFD,16.9,16.3,18.0
11W636,1106,85,667,LINKE,15.2,14.8,15.3
11W636,1106,85,667,Sonstige,8.2,7.8,8.7
11W636,1106,85,667,SPD,8.0,7.6,9.9
11W636,1106,85,667,FDP,3.6,3.5,3.8
12W101,1201,76,1047,AFD,24.4,23.9,25.1
12W101,1201,76,1047,CDU,24.1,24.0,24.5
12W101,1201,76,1047,GRUENE,12.7,12.6,12.9
12W101,1201,76,1047,LINKE,12.3,11.9,12.4
12W101,1201,76,1047,SPD,12.0,11.7,12.3
12W101,1201,76,1047,Sonstige,11.6,11.5,11.8
12W101,1201,76,1047,FDP,2.9,2.8,3.0
12W102,1201,76,910,AFD,27.5,27.0,28.0
12W102,1201,76,910,CDU,23.1,23.0,23.5
12W102,1201,76,910,LINKE,16.8,16.4,17.0
12W102,1201,76,910,GRUENE,13.3,13.1,13.5
12W102,1201,76,910,Sonstige,12.1,12.0,12.2
12W102,1201,76,910,SPD,9.2,8.9,9.5
12W102,1201,76,910,FDP,2.3,2.3,2.6
12W103,1201,76,768,AFD,26.5,26.0,27.0
12W103,1201,76,768,CDU,22.9,22.8,23.3
12W103,1201,76,768,LINKE,16.8,16.4,17.0
12W103,1201,76,768,Sonstige,13.7,13.6,13.8
12W103,1201,76,768,SPD,10.5,10.1,10.8
12W103,1201,76,768,GRUENE,10.3,10.1,10.6
12W103,1201,76,768,FDP,2.2,2.2,2.5
12W104,1201,76,835,AFD,23.4,22.9,23.9
12W104,1201,76,835,CDU,21.2,21.1,21.5
12W104,1201,76,835,LINKE,18.0,17.5,18.2
12W104,1201,76,835,GRUENE,13.7,13.6,14.0
12W104,1201,76,835,Sonstige,12.1,12.0,12.3
12W104,1201,76,835,SPD,11.1,10.8,11.3
12W104,1201,76,835,FDP,2.0,2.0,2.3
12W105,1201,76,962,AFD,27.0,26.5,27.5
12W105,1201,76,962,LINKE,22.6,22.1,22.8
12W105,1201,76,962,GRUENE,15.7,15.5,15.9
12W105,1201,76,962,CDU,15.1,15.0,15.4
12W105,1201,76,962,Sonstige,11.7,11.6,11.9
12W105,1201,76,962,SPD,10.4,9.4,10.8
12W105,1201,76,962,FDP,1.9,1.8,2.1
12W106,1201,76,1041,AFD,21.8,21.2,22.3
12W106,1201,76,1041,CDU,21.7,21.5,22.0
12W106,1201,76,1041,LINKE,19.6,19.3,19.8
12W106,1201,76,1041,GRUENE,14.4,14.3,14.8
12W106,1201,76,1041,Sonstige,11.4,11.3,11.5
12W106,1201,76,1041,SPD,11.0,10.7,11.3
12W106,1201,76,1041,FDP,2.2,2.2,2.5
12W107,1201,76,857,AFD,28.2,27.6,28.9
12W107,1201,76,857,CDU,26.7,26.5,27.1
12W107,1201,76,857,LINKE,14.0,13.6,14.2
12W107,1201,76,857,Sonstige,11.4,11.3,11.6
12W107,1201,76,857,SPD,11.4,11.1,12.1
12W107,1201,76,857,GRUENE,7.2,7.0,7.4
12W107,1201,76,857,FDP,2.6,2.6,2.8
12W108,1201,76,1072,CDU,31.1,30.9,31.6
12W108,1201,76,1072,AFD,25.2,24.7,25.8
12W108,1201,76,1072,LINKE,14.2,13.9,14.3
12W108,1201,76,1072,SPD,13.1,12.7,13.4
12W108,1201,76,1072,Sonstige,9.3,9.2,9.4
12W108,1201,76,1072,GRUENE,7.5,7.3,7.9
12W108,1201,76,1072,FDP,2.5,2.4,2.8
12W109,1201,76,906,AFD,28.6,28.0,29.1
12W109,1201,76,906,CDU,21.5,21.3,21.8
12W109,1201,76,906,LINKE,18.5,18.0,18.8
12W109,1201,76,906,Sonstige,10.6,10.5,10.8
12W109,1201,76,906,GRUENE,10.5,10.4,10.8
12W109,1201,76,906,SPD,10.2,9.8,10.5
12W109,1201,76,906,FDP,1.9,1.8,2.2
12W110,1201,76,1082,AFD,31.0,30.4,31.5
12W110,1201,76,1082,CDU,23.0,22.8,23.4
12W110,1201,76,1082,LINKE,18.6,18.1,18.8
12W110,1201,76,1082,Sonstige,10.7,10.6,10.8
12W110,1201,76,1082,GRUENE,9.7,9.5,10.0
12W110,1201,76,1082,SPD,9.2,8.9,9.7
12W110,1201,76,1082,FDP,2.0,2.0,2.3
12W111,1201,76,978,AFD,26.7,25.8,27.2
12W111,1201,76,978,LINKE,24.6,24.0,24.7
12W111,1201,76,978,CDU,15.1,15.0,15.4
12W111,1201,76,978,GRUENE,14.0,13.8,14.2
12W111,1201,76,978,Sonstige,12.3,12.2,12.5
12W111,1201,76,978,SPD,9.8,9.3,10.1
12W111,1201,76,978,FDP,2.2,2.2,2.5
12W112,1201,76,862,CDU,26.6,26.4,27.0
12W112,1201,76,862,AFD,25.3,24.5,25.8
12W112,1201,76,862,LINKE,13.7,13.5,13.8
12W112,1201,76,862,SPD,12.3,11.9,12.6
12W112,1201,76,862,Sonstige,11.3,11.2,11.5
12W112,1201,76,862,GRUENE,10.7,10.5,10.9
12W112,1201,76,862,FDP,2.4,2.4,2.7
12W113,1201,76,713,CDU,27.8,27.7,28.3
12W113,1201,76,713,AFD,26.1,25.5,26.7
12W113,1201,76,713,LINKE,15.3,14.8,15.5
12W113,1201,76,713,SPD,10.7,10.2,10.9
12W113,1201,76,713,GRUENE,10.4,10.2,10.7
12W113,1201,76,713,Sonstige,8.9,8.8,9.0
12W113,1201,76,713,FDP,2.5,2.5,2.9
12W114,1201,76,887,AFD,29.7,29.1,30.3
12W114,1201,76,887,CDU,23.8,23.6,24.2
12W114,1201,76,887,LINKE,13.6,13.4,13.8
12W114,1201,76,887,Sonstige,13.5,13.3,13.7
12W114,1201,76,887,SPD,11.5,11.1,11.8
12W114,1201,76,887,GRUENE,9.2,9.0,9.5
12W114,1201,76,887,FDP,2.1,2.0,2.2
12W115,1201,76,990,AFD,27.1,26.6,27.6
12W115,1201,76,990,CDU,18.4,18.3,18.7
12W115,1201,76,990,LINKE,16.7,16.3,17.0
12W115,1201,76,990,SPD,12.3,11.4,12.6
12W115,1201,76,990,GRUENE,12.2,12.1,12.3
12W115,1201,76,990,Sonstige,12.2,12.1,12.3
12W115,1201,76,990,FDP,2.2,2.2,2.4
12W116,1201,76,1075,AFD,25.9,25.4,26.4
12W116,1201,76,1075,CDU,20.2,20.1,20.5
12W116,1201,76,1075,LINKE,19.3,19.0,19.4
12W116,1201,76,1075,GRUENE,13.6,13.4,13.8
12W116,1201,76,1075,SPD,11.5,11.0,11.8
12W116,1201,76,1075,Sonstige,11.0,10.9,11.2
12W116,1201,76,1075,FDP,2.0,2.0,2.3
12W117,1201,76,1067,AFD,23.6,22.9,24.1
12W117,1201,76,1067,CDU,22.0,21.9,22.4
12W117,1201,76,1067,LINKE,17.9,17.7,18.0
12W117,1201,76,1067,Sonstige,13.8,13.7,14.0
12W117,1201,76,1067,SPD,11.7,11.4,12.0
12W117,1201,76,1067,GRUENE,11.7,11.5,12.0
12W117,1201,76,1067,FDP,1.9,1.8,2.1
12W118,1201,76,1091,AFD,26.4,25.9,27.1
12W118,1201,76,1091,CDU,21.3,21.1,21.7
12W118,1201,76,1091,LINKE,16.1,15.8,16.3
12W118,1201,76,1091,SPD,15.2,14.0,15.5
12W118,1201,76,1091,Sonstige,13.1,13.0,13.3
12W118,1201,76,1091,GRUENE,7.5,7.4,7.8
12W118,1201,76,1091,FDP,2.3,2.3,2.5
12W119,1201,76,793,AFD,27.4,26.6,27.9
12W119,1201,76,793,LINKE,23.1,22.7,23.3
12W119,1201,76,793,CDU,17.7,17.6,18.0
12W119,1201,76,793,Sonstige,12.4,12.3,12.5
12W119,1201,76,793,GRUENE,11.4,11.3,11.7
12W119,1201,76,793,SPD,10.6,10.2,10.8
12W119,1201,76,793,FDP,1.8,1.8,2.1
12W120,1201,76,950,AFD,26.0,25.4,26.5
12W120,1201,76,950,CDU,23.8,23.7,24.2
12W120,1201,76,950,LINKE,18.2,17.8,18.4
12W120,1201,76,950,Sonstige,12.8,12.7,13.0
12W120,1201,76,950,GRUENE,11.8,11.7,12.0
12W120,1201,76,950,SPD,8.4,8.0,9.4
12W120,1201,76,950,FDP,2.1,2.0,2.4
12W121,1201,76,1074,AFD,24.4,23.8,24.9
12W121,1201,76,1074,CDU,22.1,22.0,22.5
12W121,1201,76,1074,LINKE,17.9,17.5,18.1
12W121,1201,76,1074,GRUENE,13.1,12.9,13.4
12W121,1201,76,1074,Sonstige,12.0,11.9,12.1
12W121,1201,76,1074,SPD,11.5,10.5,11.8
12W121,1201,76,1074,FDP,2.1,2.1,2.4
12W122,1201,76,1067,AFD,23.6,23.0,24.1
12W122,1201,76,1067,LINKE,21.3,21.1,21.5
12W122,1201,76,1067,CDU,18.4,18.3,18.7
12W122,1201,76,1067,SPD,13.4,12.7,13.7
12W122,1201,76,1067,Sonstige,12.8,12.7,12.9
12W122,1201,76,1067,GRUENE,12.0,11.9,12.3
12W122,1201,76,1067,FDP,1.8,1.8,2.0
12W123,1201,76,1076,AFD,27.4,26.8,27.9
12W123,1201,76,1076,CDU,24.4,24.2,24.8
12W123,1201,76,1076,LINKE,16.1,15.7,16.3
12W123,1201,76,1076,Sonstige,13.2,13.1,13.4
12W123,1201,76,1076,SPD,10.4,10.1,10.8
12W123,1201,76,1076,GRUENE,8.1,7.9,8.4
12W123,1201,76,1076,FDP,1.9,1.8,2.2
12W124,1201,76,1059,AFD,26.2,25.7,26.7
12W124,1201,76,1059,CDU,21.8,21.6,22.1
12W124,1201,76,1059,LINKE,21.2,20.8,21.3
12W124,1201,76,1059,Sonstige,12.5,12.3,12.6
12W124,1201,76,1059,GRUENE,11.5,11.4,11.8
12W124,1201,76,1059,SPD,8.1,7.7,9.0
12W124,1201,76,1059,FDP,1.6,1.5,2.0
12W125,1201,76,748,AFD,22.4,21.7,23.0
12W125,1201,76,748,CDU,21.4,21.3,21.8
12W125,1201,76,748,LINKE,20.5,20.1,20.7
12W125,1201,76,748,GRUENE,13.8,13.5,14.2
12W125,1201,76,748,Sonstige,11.9,11.7,12.1
12W125,1201,76,748,SPD,11.1,10.3,11.4
12W125,1201,76,748,FDP,2.0,2.0,2.4
12W126,1201,76,1045,LINKE,23.3,22.9,23.4
12W126,1201,76,1045,AFD,23.2,22.6,23.7
12W126,1201,76,1045,CDU,18.7,18.6,19.1
12W126,1201,76,1045,GRUENE,14.6,14.4,14.8
12W126,1201,76,1045,Sonstige,11.4,11.3,11.6
12W126,1201,76,1045,SPD,9.7,9.3,10.3
12W126,1201,76,1045,FDP,2.5,2.4,2.6
12W127,1201,76,939,AFD,25.1,24.5,25.6
12W127,1201,76,939,LINKE,22.1,21.7,22.2
12W127,1201,76,939,CDU,20.4,20.3,20.8
12W127,1201,76,939,GRUENE,13.2,13.1,13.5
12W127,1201,76,939,Sonstige,11.6,11.5,11.8
12W127,1201,76,939,SPD,9.9,9.5,10.1
12W127,1201,76,939,FDP,2.1,2.1,2.4
12W128,1201,76,759,AFD,27.4,26.8,27.9
12W128,1201,76,759,LINKE,21.1,20.7,21.2
12W128,1201,76,759,CDU,19.9,19.8,20.2
12W128,1201,76,759,Sonstige,12.3,12.3,12.5
12W128,1201,76,759,GRUENE,11.8,11.7,12.1
12W128,1201,76,759,SPD,10.0,9.7,10.2
12W128,1201,76,759,FDP,2.1,2.1,2.3
12W129,1201,76,1080,AFD,27.7,27.2,28.3
12W129,1201,76,1080,CDU,22.7,22.6,23.1
12W129,1201,76,1080,LINKE,15.9,15.5,16.1
12W129,1201,76,1080,Sonstige,14.0,13.9,14.2
12W129,1201,76,1080,SPD,11.4,10.9,11.7
12W129,1201,76,1080,GRUENE,8.7,8.6,9.0
12W129,1201,76,1080,FDP,1.9,1.9,2.3
12W201,1202,76,1054,AFD,31.1,30.2,31.6
12W201,1202,76,1054,CDU,25.3,25.2,25.7
12W201,1202,76,1054,LINKE,15.7,15.3,15.9
12W201,1202,76,1054,SPD,10.6,10.4,10.8
12W201,1202,76,1054,Sonstige,10.6,10.4,10.7
12W201,1202,76,1054,GRUENE,8.2,8.0,8.3
12W201,1202,76,1054,FDP,2.8,2.8,3.0
12W202,1202,76,1125,CDU,29.1,28.9,29.6
12W202,1202,76,1125,AFD,28.4,27.8,28.9
12W202,1202,76,1125,Sonstige,12.8,12.7,13.0
12W202,1202,76,1125,SPD,11.9,11.6,12.1
12W202,1202,76,1125,LINKE,11.7,11.4,11.8
12W202,1202,76,1125,GRUENE,6.9,6.7,7.1
12W202,1202,76,1125,FDP,2.5,2.5,2.8
12W203,1202,76,1055,CDU,29.8,29.7,30.3
12W203,1202,76,1055,AFD,21.3,20.8,22.1
12W203,1202,76,1055,SPD,14.9,13.5,15.2
12W203,1202,76,1055,GRUENE,11.6,11.5,11.7
12W203,1202,76,1055,LINKE,11.3,10.9,11.4
12W203,1202,76,1055,Sonstige,7.3,7.2,7.4
12W203,1202,76,1055,FDP,4.6,4.5,4.7
12W204,1202,76,1020,CDU,33.2,33.0,33.7
12W204,1202,76,1020,AFD,22.1,21.5,22.7
12W204,1202,76,1020,SPD,12.7,11.5,12.9
12W204,1202,76,1020,GRUENE,11.2,11.0,11.4
12W204,1202,76,1020,LINKE,10.7,10.3,10.9
12W204,1202,76,1020,Sonstige,7.7,7.6,7.8
12W204,1202,76,1020,FDP,4.3,4.2,4.4
12W205,1202,76,1056,CDU,25.0,24.9,25.5
12W205,1202,76,1056,AFD,23.1,21.7,23.9
12W205,1202,76,1056,GRUENE,15.9,15.7,16.3
12W205,1202,76,1056,SPD,12.6,11.3,13.0
12W205,1202,76,1056,LINKE,12.5,12.2,12.6
12W205,1202,76,1056,Sonstige,10.5,10.3,10.7
12W205,1202,76,1056,FDP,3.5,3.4,3.6
12W206,1202,76,888,CDU,26.2,26.1,26.7
12W206,1202,76,888,AFD,22.1,21.0,22.6
12W206,1202,76,888,GRUENE,13.8,13.6,14.1
12W206,1202,76,888,LINKE,13.2,12.9,13.3
12W206,1202,76,888,SPD,12.4,11.7,12.7
12W206,1202,76,888,Sonstige,10.8,10.7,11.0
12W206,1202,76,888,FDP,2.5,2.4,2.6
12W207,1202,76,1063,AFD,29.0,28.6,29.6
12W207,1202,76,1063,CDU,26.2,26.0,26.6
12W207,1202,76,1063,LINKE,14.8,14.3,15.0
12W207,1202,76,1063,SPD,12.8,11.6,13.0
12W207,1202,76,1063,Sonstige,10.7,10.6,10.8
12W207,1202,76,1063,GRUENE,7.5,7.3,7.9
12W207,1202,76,1063,FDP,2.6,2.6,2.8
12W208,1202,76,1033,AFD,32.3,31.6,32.9
12W208,1202,76,1033,CDU,23.1,23.0,23.5
12W208,1202,76,1033,LINKE,18.6,18.1,18.9
12W208,1202,76,1033,SPD,14.8,12.8,15.1
12W208,1202,76,1033,Sonstige,10.0,9.9,10.1
12W208,1202,76,1033,GRUENE,4.8,4.6,5.2
12W208,1202,76,1033,FDP,2.1,2.1,2.2
12W209,1202,76,1042,AFD,29.5,28.4,30.0
12W209,1202,76,1042,CDU,23.4,23.3,23.8
12W209,1202,76,1042,LINKE,15.6,15.2,15.8
12W209,1202,76,1042,Sonstige,13.5,13.4,13.7
12W209,1202,76,1042,GRUENE,10.8,10.6,11.0
12W209,1202,76,1042,SPD,8.4,8.1,8.9
12W209,1202,76,1042,FDP,1.9,1.8,2.2
12W210,1202,76,1016,AFD,29.7,28.9,30.1
12W210,1202,76,1016,CDU,25.2,25.0,25.6
12W210,1202,76,1016,LINKE,17.1,16.6,17.2
12W210,1202,76,1016,Sonstige,11.1,11.0,11.2
12W210,1202,76,1016,SPD,10.0,9.7,10.7
12W210,1202,76,1016,GRUENE,8.1,8.0,8.2
12W210,1202,76,1016,FDP,2.4,2.3,2.5
12W211,1202,76,977,AFD,31.7,31.0,32.3
12W211,1202,76,977,CDU,25.2,25.1,25.7
12W211,1202,76,977,LINKE,14.8,14.4,15.0
12W211,1202,76,977,Sonstige,11.4,11.2,11.5
12W211,1202,76,977,SPD,10.3,10.0,10.6
12W211,1202,76,977,GRUENE,7.7,7.6,7.9
12W211,1202,76,977,FDP,2.7,2.7,2.8
12W212,1202,76,967,AFD,30.7,30.2,31.3
12W212,1202,76,967,CDU,28.6,28.4,29.0
12W212,1202,76,967,LINKE,14.6,14.0,14.8
12W212,1202,76,967,SPD,12.0,11.4,12.2
12W212,1202,76,967,Sonstige,10.1,9.9,10.2
12W212,1202,76,967,GRUENE,4.1,4.0,4.5
12W212,1202,76,967,FDP,2.4,2.3,2.6
12W213,1202,76,995,AFD,32.2,31.4,32.7
12W213,1202,76,995,CDU,24.0,23.9,24.4
12W213,1202,76,995,LINKE,13.4,13.0,13.5
12W213,1202,76,995,Sonstige,13.2,13.1,13.3
12W213,1202,76,995,SPD,10.5,10.2,10.7
12W213,1202,76,995,GRUENE,8.4,8.3,8.7
12W213,1202,76,995,FDP,2.3,2.3,2.5
12W214,1202,76,967,AFD,32.8,32.1,33.4
12W214,1202,76,967,CDU,27.2,27.1,27.7
12W214,1202,76,967,LINKE,13.9,13.5,14.1
12W214,1202,76,967,SPD,10.8,10.5,11.0
12W214,1202,76,967,Sonstige,9.1,8.9,9.2
12W214,1202,76,967,GRUENE,6.6,6.4,6.9
12W214,1202,76,967,FDP,2.7,2.6,2.8
12W215,1202,76,1046,AFD,30.2,29.5,30.7
12W215,1202,76,1046,CDU,24.8,24.6,25.2
12W215,1202,76,1046,SPD,13.8,12.7,14.0
12W215,1202,76,1046,LINKE,13.6,13.1,13.8
12W215,1202,76,1046,Sonstige,10.0,9.8,10.2
12W215,1202,76,1046,GRUENE,7.3,7.2,7.6
12W215,1202,76,1046,FDP,3.0,2.9,3.1
12W216,1202,76,1043,AFD,27.7,26.7,28.1
12W216,1202,76,1043,CDU,21.8,21.6,22.1
12W216,1202,76,1043,LINKE,16.0,15.6,16.1
12W216,1202,76,1043,Sonstige,13.9,13.8,14.1
12W216,1202,76,1043,GRUENE,11.9,11.8,12.2
12W216,1202,76,1043,SPD,11.1,10.4,11.3
12W216,1202,76,1043,FDP,2.3,2.3,2.5
12W217,1202,76,1050,AFD,29.7,29.2,30.3
12W217,1202,76,1050,CDU,21.1,21.0,21.4
12W217,1202,76,1050,LINKE,16.1,15.7,16.3
12W217,1202,76,1050,GRUENE,12.6,12.5,12.8
12W217,1202,76,1050,SPD,10.7,9.9,11.0
12W217,1202,76,1050,Sonstige,10.5,10.4,10.6
12W217,1202,76,1050,FDP,2.7,2.7,2.9
12W218,1202,76,953,AFD,30.6,29.9,31.1
12W218,1202,76,953,CDU,19.6,19.4,20.0
12W218,1202,76,953,LINKE,17.2,16.6,17.4
12W218,1202,76,953,Sonstige,14.0,13.9,14.2
12W218,1202,76,953,SPD,10.9,10.5,11.2
12W218,1202,76,953,GRUENE,8.0,7.8,8.2
12W218,1202,76,953,FDP,1.8,1.8,2.1
12W219,1202,76,986,AFD,27.6,27.0,28.1
12W219,1202,76,986,CDU,27.2,27.1,27.7
12W219,1202,76,986,LINKE,12.9,12.6,13.1
12W219,1202,76,986,SPD,12.2,11.2,12.4
12W219,1202,76,986,Sonstige,12.0,11.9,12.2
12W219,1202,76,986,GRUENE,8.6,8.5,9.0
12W219,1202,76,986,FDP,2.7,2.7,3.0
12W220,1202,76,833,AFD,32.6,31.5,33.2
12W220,1202,76,833,LINKE,20.3,19.6,20.6
12W220,1202,76,833,CDU,17.8,17.6,18.1
12W220,1202,76,833,Sonstige,12.5,12.4,12.7
12W220,1202,76,833,SPD,10.3,9.2,10.5
12W220,1202,76,833,GRUENE,9.1,8.9,9.5
12W220,1202,76,833,FDP,1.8,1.7,2.2
12W221,1202,76,1049,AFD,29.6,29.0,30.2
12W221,1202,76,1049,CDU,21.8,21.7,22.2
12W221,1202,76,1049,LINKE,13.9,13.4,14.1
12W221,1202,76,1049,SPD,12.1,11.1,12.2
12W221,1202,76,1049,Sonstige,11.8,11.7,11.9
12W221,1202,76,1049,GRUENE,9.8,9.7,10.0
12W221,1202,76,1049,FDP,2.2,2.1,2.5
12W222,1202,76,873,AFD,28.9,27.8,29.4
12W222,1202,76,873,LINKE,22.1,21.5,22.3
12W222,1202,76,873,CDU,18.3,18.2,18.6
12W222,1202,76,873,Sonstige,13.6,13.5,13.9
12W222,1202,76,873,GRUENE,10.8,10.6,11.1
12W222,1202,76,873,SPD,9.6,9.2,9.8
12W222,1202,76,873,FDP,1.9,1.8,2.1
12W223,1202,76,561,CDU,32.4,32.3,33.0
12W223,1202,76,561,AFD,26.1,25.1,27.0
12W223,1202,76,561,SPD,14.5,14.2,15.2
12W223,1202,76,561,LINKE,9.3,8.8,9.7
12W223,1202,76,561,GRUENE,7.1,6.9,7.3
12W223,1202,76,561,Sonstige,7.0,6.9,7.1
12W223,1202,76,561,FDP,4.1,3.9,4.2
12W224,1202,76,320,CDU,30.3,30.1,30.8
12W224,1202,76,320,AFD,27.2,26.6,28.0
12W224,1202,76,320,LINKE,12.7,12.0,13.0
12W224,1202,76,320,SPD,12.4,11.9,12.7
12W224,1202,76,320,GRUENE,8.1,7.8,8.3
12W224,1202,76,320,Sonstige,6.6,6.5,6.7
12W224,1202,76,320,FDP,3.9,3.8,4.0
12W225,1202,76,1095,AFD,27.1,26.1,27.6
12W225,1202,76,1095,CDU,24.7,24.6,25.1
12W225,1202,76,1095,SPD,13.2,12.3,13.4
12W225,1202,76,1095,Sonstige,11.9,11.8,12.0
12W225,1202,76,1095,GRUENE,11.2,11.1,11.4
12W225,1202,76,1095,LINKE,11.2,10.9,11.3
12W225,1202,76,1095,FDP,2.1,2.1,2.5
12W226,1202,76,1048,AFD,32.9,32.2,33.4
12W226,1202,76,1048,CDU,25.3,25.1,25.7
12W226,1202,76,1048,SPD,12.7,11.5,12.9
12W226,1202,76,1048,LINKE,11.9,11.5,12.2
12W226,1202,76,1048,Sonstige,11.6,11.4,11.7
12W226,1202,76,1048,GRUENE,5.6,5.5,6.0
12W226,1202,76,1048,FDP,2.5,2.5,2.8
12W227,1202,76,1052,AFD,29.8,29.1,30.4
12W227,1202,76,1052,LINKE,20.0,19.4,20.2
12W227,1202,76,1052,CDU,17.7,17.7,18.0
12W227,1202,76,1052,Sonstige,13.4,13.3,13.6
12W227,1202,76,1052,GRUENE,11.3,11.1,11.5
12W227,1202,76,1052,SPD,10.0,9.3,10.3
12W227,1202,76,1052,FDP,1.8,1.8,2.0
12W228,1202,76,937,CDU,29.5,29.4,30.0
12W228,1202,76,937,AFD,26.3,25.4,26.8
12W228,1202,76,937,LINKE,13.4,13.0,13.5
12W228,1202,76,937,SPD,11.8,11.5,12.4
12W228,1202,76,937,GRUENE,9.9,9.7,10.1
12W228,1202,76,937,Sonstige,9.8,9.6,10.0
12W228,1202,76,937,FDP,3.3,3.3,3.5
12W229,1202,76,1035,AFD,30.9,30.3,31.5
12W229,1202,76,1035,CDU,28.1,28.0,28.6
12W229,1202,76,1035,LINKE,14.4,13.9,14.6
12W229,1202,76,1035,SPD,10.7,10.4,11.0
12W229,1202,76,1035,Sonstige,10.5,10.3,10.6
12W229,1202,76,1035,GRUENE,5.4,5.3,5.6
12W229,1202,76,1035,FDP,2.5,2.5,2.8
12W301,1203,76,968,CDU,31.5,31.3,31.9
12W301,1203,76,968,AFD,21.9,21.3,22.4
12W301,1203,76,968,GRUENE,13.5,13.3,13.7
12W301,1203,76,968,SPD,12.9,12.5,13.1
12W301,1203,76,968,LINKE,8.3,8.0,8.5
12W301,1203,76,968,Sonstige,7.5,7.4,7.7
12W301,1203,76,968,FDP,4.6,4.4,4.7
12W302,1203,76,910,CDU,29.6,29.5,30.0
12W302,1203,76,910,AFD,21.1,20.6,21.6
12W302,1203,76,910,GRUENE,15.2,15.1,15.4
12W302,1203,76,910,SPD,13.1,11.9,13.4
12W302,1203,76,910,LINKE,9.3,9.0,9.4
12W302,1203,76,910,Sonstige,8.1,7.9,8.2
12W302,1203,76,910,FDP,4.1,4.0,4.2
12W303,1203,76,1065,CDU,31.1,31.0,31.6
12W303,1203,76,1065,AFD,23.2,22.8,23.7
12W303,1203,76,1065,SPD,11.4,11.2,11.7
12W303,1203,76,1065,GRUENE,10.7,10.5,10.9
12W303,1203,76,1065,LINKE,9.1,8.7,9.3
12W303,1203,76,1065,Sonstige,8.4,8.3,8.6
12W303,1203,76,1065,FDP,4.4,4.3,4.5
12W304,1203,76,1064,CDU,28.0,27.8,28.5
12W304,1203,76,1064,AFD,18.3,17.7,18.9
12W304,1203,76,1064,SPD,15.2,13.6,15.6
12W304,1203,76,1064,GRUENE,12.4,12.3,12.6
12W304,1203,76,1064,LINKE,10.3,9.9,10.5
12W304,1203,76,1064,Sonstige,8.6,8.4,8.8
12W304,1203,76,1064,FDP,5.3,5.0,5.4
12W305,1203,76,1040,CDU,34.0,33.8,34.5
12W305,1203,76,1040,AFD,22.9,22.5,23.5
12W305,1203,76,1040,SPD,12.0,11.7,12.4
12W305,1203,76,1040,GRUENE,11.1,10.9,11.3
12W305,1203,76,1040,Sonstige,7.3,7.1,7.4
12W305,1203,76,1040,LINKE,7.3,7.0,7.4
12W305,1203,76,1040,FDP,4.2,4.1,4.3
12W306,1203,76,1097,CDU,29.6,29.5,30.0
12W306,1203,76,1097,AFD,21.7,21.3,22.2
12W306,1203,76,1097,SPD,14.0,12.7,14.2
12W306,1203,76,1097,GRUENE,13.4,13.3,13.6
12W306,1203,76,1097,LINKE,7.5,7.0,7.7
12W306,1203,76,1097,Sonstige,7.4,7.3,7.5
12W306,1203,76,1097,FDP,5.1,4.9,5.2
12W307,1203,76,920,CDU,32.2,32.1,32.7
12W307,1203,76,920,AFD,21.7,21.3,22.4
12W307,1203,76,920,SPD,12.4,12.0,12.6
12W307,1203,76,920,GRUENE,12.1,11.9,12.3
12W307,1203,76,920,Sonstige,8.1,8.0,8.3
12W307,1203,76,920,LINKE,7.8,7.5,8.0
12W307,1203,76,920,FDP,4.3,4.2,4.4
12W308,1203,76,1018,CDU,28.4,28.2,28.9
12W308,1203,76,1018,AFD,20.3,20.0,21.3
12W308,1203,76,1018,SPD,13.3,12.8,13.7
12W308,1203,76,1018,GRUENE,13.3,13.1,13.4
12W308,1203,76,1018,LINKE,11.9,11.4,12.1
12W308,1203,76,1018,Sonstige,8.4,8.2,8.5
12W308,1203,76,1018,FDP,4.2,4.1,4.3
12W309,1203,76,1031,CDU,29.6,29.5,30.1
12W309,1203,76,1031,AFD,20.7,20.3,21.3
12W309,1203,76,1031,GRUENE,12.9,12.8,13.0
12W309,1203,76,1031,SPD,12.8,12.3,13.1
12W309,1203,76,1031,LINKE,10.3,9.9,10.4
12W309,1203,76,1031,Sonstige,8.9,8.7,9.0
12W309,1203,76,1031,FDP,4.1,3.9,4.1
12W310,1203,76,1133,CDU,31.8,31.7,32.3
12W310,1203,76,1133,AFD,22.3,22.0,23.0
12W310,1203,76,1133,GRUENE,12.5,12.3,12.7
12W310,1203,76,1133,SPD,12.0,11.6,12.2
12W310,1203,76,1133,LINKE,9.4,9.0,9.5
12W310,1203,76,1133,Sonstige,7.5,7.4,7.7
12W310,1203,76,1133,FDP,4.5,4.4,4.7
12W311,1203,76,1055,CDU,30.1,30.0,30.6
12W311,1203,76,1055,AFD,20.7,20.4,21.4
12W311,1203,76,1055,SPD,13.8,13.2,14.1
12W311,1203,76,1055,GRUENE,11.9,11.8,12.1
12W311,1203,76,1055,LINKE,8.4,8.0,8.5
12W311,1203,76,1055,Sonstige,8.0,7.9,8.2
12W311,1203,76,1055,FDP,4.0,3.9,4.1
12W312,1203,76,1078,CDU,31.5,31.4,32.0
12W312,1203,76,1078,AFD,20.6,20.3,21.2
12W312,1203,76,1078,GRUENE,13.0,12.9,13.2
12W312,1203,76,1078,SPD,11.3,10.9,11.5
12W312,1203,76,1078,LINKE,9.1,8.7,9.3
12W312,1203,76,1078,Sonstige,8.0,7.9,8.2
12W312,1203,76,1078,FDP,4.2,4.2,4.4
12W313,1203,76,1139,CDU,31.1,31.0,31.6
12W313,1203,76,1139,AFD,19.7,19.3,20.2
12W313,1203,76,1139,GRUENE,14.6,14.5,14.8
12W313,1203,76,1139,SPD,13.5,12.8,13.8
12W313,1203,76,1139,LINKE,9.2,9.0,9.4
12W313,1203,76,1139,Sonstige,7.1,6.9,7.2
12W313,1203,76,1139,FDP,4.6,4.5,4.7
12W314,1203,76,1063,CDU,29.6,29.4,30.1
12W314,1203,76,1063,AFD,19.5,18.8,19.9
12W314,1203,76,1063,SPD,15.7,14.4,15.9
12W314,1203,76,1063,GRUENE,12.1,12.0,12.4
12W314,1203,76,1063,LINKE,10.4,10.2,10.5
12W314,1203,76,1063,Sonstige,9.0,8.8,9.1
12W314,1203,76,1063,FDP,4.1,4.0,4.2
12W315,1203,76,1174,CDU,33.0,32.8,33.5
12W315,1203,76,1174,AFD,21.6,21.3,22.2
12W315,1203,76,1174,SPD,13.2,12.8,13.5
12W315,1203,76,1174,GRUENE,10.8,10.6,10.9
12W315,1203,76,1174,LINKE,8.4,8.0,8.5
12W315,1203,76,1174,Sonstige,7.2,7.0,7.3
12W315,1203,76,1174,FDP,4.6,4.5,4.7
12W316,1203,76,782,AFD,21.4,20.8,21.9
12W316,1203,76,782,CDU,21.1,20.9,21.4
12W316,1203,76,782,GRUENE,16.8,16.6,17.0
12W316,1203,76,782,LINKE,16.6,16.4,16.7
12W316,1203,76,782,SPD,12.4,12.0,12.7
12W316,1203,76,782,Sonstige,9.4,9.3,9.5
12W316,1203,76,782,FDP,3.4,3.3,3.5
12W317,1203,76,1001,CDU,25.3,25.2,25.7
12W317,1203,76,1001,AFD,21.8,21.4,22.2
12W317,1203,76,1001,SPD,14.7,13.9,15.0
12W317,1203,76,1001,LINKE,12.9,12.6,13.1
12W317,1203,76,1001,GRUENE,11.8,11.7,11.9
12W317,1203,76,1001,Sonstige,8.7,8.6,8.9
12W317,1203,76,1001,FDP,3.3,3.2,3.4
12W318,1203,76,1177,CDU,29.5,29.4,30.0
12W318,1203,76,1177,AFD,19.6,19.1,20.1
12W318,1203,76,1177,GRUENE,14.7,14.5,14.8
12W318,1203,76,1177,SPD,13.3,11.6,13.6
12W318,1203,76,1177,LINKE,10.3,10.0,10.4
12W318,1203,76,1177,Sonstige,8.1,7.9,8.2
12W318,1203,76,1177,FDP,5.0,4.9,5.1
12W319,1203,76,1088,AFD,28.4,27.9,29.0
12W319,1203,76,1088,CDU,26.5,26.3,27.0
12W319,1203,76,1088,SPD,15.2,13.3,15.4
12W319,1203,76,1088,LINKE,13.0,12.3,13.3
12W319,1203,76,1088,Sonstige,10.5,10.4,10.6
12W319,1203,76,1088,GRUENE,4.9,4.7,5.3
12W319,1203,76,1088,FDP,3.1,3.0,3.2
12W320,1203,76,1019,AFD,28.9,28.4,29.5
12W320,1203,76,1019,CDU,24.6,24.4,25.0
12W320,1203,76,1019,LINKE,14.3,13.8,14.6
12W320,1203,76,1019,Sonstige,12.3,12.2,12.4
12W320,1203,76,1019,SPD,11.4,10.7,11.7
12W320,1203,76,1019,GRUENE,8.6,8.4,9.0
12W320,1203,76,1019,FDP,2.4,2.4,2.6
12W321,1203,76,887,AFD,29.7,29.2,30.2
12W321,1203,76,887,CDU,24.2,24.0,24.6
12W321,1203,76,887,LINKE,12.9,12.4,13.1
12W321,1203,76,887,SPD,11.4,11.1,11.7
12W321,1203,76,887,Sonstige,11.1,11.0,11.3
12W321,1203,76,887,GRUENE,9.3,9.2,9.5
12W321,1203,76,887,FDP,3.4,3.4,3.5
12W322,1203,76,1113,AFD,28.0,27.6,28.6
12W322,1203,76,1113,CDU,22.1,21.9,22.4
12W322,1203,76,1113,LINKE,15.5,15.0,15.8
12W322,1203,76,1113,SPD,12.3,11.6,12.5
12W322,1203,76,1113,GRUENE,10.8,10.7,11.0
12W322,1203,76,1113,Sonstige,9.9,9.8,10.1
12W322,1203,76,1113,FDP,3.0,3.0,3.2
12W323,1203,76,1064,CDU,31.1,30.9,31.5
12W323,1203,76,1064,AFD,24.1,23.7,24.6
12W323,1203,76,1064,SPD,13.6,13.1,13.8
12W323,1203,76,1064,GRUENE,10.2,10.1,10.4
12W323,1203,76,1064,LINKE,9.7,9.4,9.8
12W323,1203,76,1064,Sonstige,7.8,7.7,7.9
12W323,1203,76,1064,FDP,4.5,4.3,4.6
12W324,1203,76,250,CDU,30.5,30.3,31.1
12W324,1203,76,250,AFD,21.5,21.0,22.4
12W324,1203,76,250,SPD,17.0,15.3,17.5
12W324,1203,76,250,GRUENE,11.4,11.2,11.7
12W324,1203,76,250,LINKE,10.9,10.7,11.1
12W324,1203,76,250,Sonstige,5.7,5.5,5.9
12W324,1203,76,250,FDP,4.3,4.2,4.4
12W325,1203,76,990,CDU,25.2,25.0,25.5
12W325,1203,76,990,AFD,21.6,21.1,22.1
12W325,1203,76,990,SPD,14.4,14.1,14.7
12W325,1203,76,990,GRUENE,13.3,13.1,13.4
12W325,1203,76,990,LINKE,11.0,10.8,11.2
12W325,1203,76,990,Sonstige,9.6,9.5,9.7
12W325,1203,76,990,FDP,3.6,3.4,3.7
12W326,1203,76,1028,CDU,29.8,29.7,30.3
12W326,1203,76,1028,AFD,21.6,20.9,22.0
12W326,1203,76,1028,GRUENE,14.4,14.2,14.5
12W326,1203,76,1028,SPD,13.3,12.2,13.5
12W326,1203,76,1028,LINKE,8.5,8.2,8.7
12W326,1203,76,1028,Sonstige,7.8,7.6,7.9
12W326,1203,76,1028,FDP,4.5,4.5,4.6
12W327,1203,76,1055,CDU,33.4,33.2,33.8
12W327,1203,76,1055,AFD,21.3,20.8,22.0
12W327,1203,76,1055,SPD,13.8,12.9,14.0
12W327,1203,76,1055,GRUENE,11.1,10.9,11.3
12W327,1203,76,1055,Sonstige,7.8,7.6,7.9
12W327,1203,76,1055,LINKE,6.6,6.2,6.7
12W327,1203,76,1055,FDP,4.7,4.6,4.9
12W328,1203,76,665,CDU,31.4,31.2,31.9
12W328,1203,76,665,AFD,20.2,19.9,20.8
12W328,1203,76,665,SPD,12.9,12.6,13.2
12W328,1203,76,665,GRUENE,12.8,12.6,13.0
12W328,1203,76,665,LINKE,8.4,8.0,8.6
12W328,1203,76,665,Sonstige,7.9,7.8,8.1
12W328,1203,76,665,FDP,4.6,4.4,4.7
12W329,1203,76,958,AFD,28.9,28.5,29.5
12W329,1203,76,958,CDU,23.5,23.3,23.9
12W329,1203,76,958,LINKE,14.4,13.9,14.5
12W329,1203,76,958,Sonstige,11.8,11.6,11.9
12W329,1203,76,958,SPD,11.6,11.2,11.9
12W329,1203,76,958,GRUENE,8.9,8.8,9.1
12W329,1203,76,958,FDP,2.8,2.8,3.0
12W330,1203,76,1083,AFD,22.6,22.0,23.1
12W330,1203,76,1083,CDU,22.2,22.1,22.5
12W330,1203,76,1083,GRUENE,15.4,15.2,15.6
12W330,1203,76,1083,LINKE,14.7,14.4,14.9
12W330,1203,76,1083,SPD,13.4,12.7,13.7
12W330,1203,76,1083,Sonstige,9.3,9.1,9.4
12W330,1203,76,1083,FDP,3.8,3.6,3.9
12W401,1204,76,1030,CDU,30.5,30.3,31.0
12W401,1204,76,1030,AFD,26.2,25.6,26.7
12W401,1204,76,1030,LINKE,12.1,11.7,12.2
12W401,1204,76,1030,SPD,11.0,10.8,11.7
12W401,1204,76,1030,Sonstige,10.6,10.5,10.8
12W401,1204,76,1030,GRUENE,7.8,7.7,8.1
12W401,1204,76,1030,FDP,3.1,3.0,3.3
12W402,1204,76,1143,CDU,25.5,25.4,25.9
12W402,1204,76,1143,AFD,22.4,21.8,22.9
12W402,1204,76,1143,GRUENE,16.3,16.2,16.5
12W402,1204,76,1143,LINKE,14.4,14.1,14.6
12W402,1204,76,1143,SPD,10.0,9.8,11.0
12W402,1204,76,1143,Sonstige,9.7,9.6,9.8
12W402,1204,76,1143,FDP,3.3,3.2,3.4
12W403,1204,76,915,CDU,26.6,26.5,27.0
12W403,1204,76,915,AFD,24.9,24.5,25.8
12W403,1204,76,915,LINKE,13.0,12.6,13.2
12W403,1204,76,915,SPD,11.2,10.9,11.6
12W403,1204,76,915,GRUENE,10.7,10.5,10.9
12W403,1204,76,915,Sonstige,10.2,10.1,10.3
12W403,1204,76,915,FDP,3.3,3.2,3.4
12W404,1204,76,1022,AFD,32.9,32.4,33.6
12W404,1204,76,1022,CDU,24.2,24.0,24.7
12W404,1204,76,1022,Sonstige,13.0,12.9,13.2
12W404,1204,76,1022,LINKE,12.7,12.0,13.1
12W404,1204,76,1022,SPD,11.0,10.5,11.2
12W404,1204,76,1022,GRUENE,5.6,5.4,5.9
12W404,1204,76,1022,FDP,2.3,2.3,2.6
12W405,1204,76,1044,AFD,30.6,30.0,31.3
12W405,1204,76,1044,CDU,21.9,21.7,22.2
12W405,1204,76,1044,LINKE,14.8,14.1,15.0
12W405,1204,76,1044,Sonstige,13.2,13.1,13.4
12W405,1204,76,1044,SPD,11.3,10.8,11.5
12W405,1204,76,1044,GRUENE,8.0,7.8,8.3
12W405,1204,76,1044,FDP,2.0,1.9,2.3
12W406,1204,76,1157,CDU,23.8,23.7,24.2
12W406,1204,76,1157,AFD,22.5,21.8,22.9
12W406,1204,76,1157,LINKE,14.2,13.9,14.3
12W406,1204,76,1157,GRUENE,13.8,13.6,14.0
12W406,1204,76,1157,SPD,13.0,12.7,13.2
12W406,1204,76,1157,Sonstige,10.7,10.6,10.8
12W406,1204,76,1157,FDP,3.6,3.4,3.7
12W407,1204,76,1169,CDU,25.2,25.1,25.6
12W407,1204,76,1169,AFD,20.2,19.6,20.6
12W407,1204,76,1169,GRUENE,15.5,15.4,15.7
12W407,1204,76,1169,SPD,13.7,12.9,13.9
12W407,1204,76,1169,LINKE,12.1,11.7,12.2
12W407,1204,76,1169,Sonstige,8.8,8.7,9.0
12W407,1204,76,1169,FDP,3.8,3.7,3.9
12W408,1204,76,1197,CDU,28.0,27.9,28.4
12W408,1204,76,1197,AFD,19.7,19.0,20.1
12W408,1204,76,1197,GRUENE,15.1,15.0,15.3
12W408,1204,76,1197,SPD,13.5,12.6,13.7
12W408,1204,76,1197,LINKE,12.5,12.1,12.6
12W408,1204,76,1197,Sonstige,7.7,7.6,7.8
12W408,1204,76,1197,FDP,4.1,4.0,4.2
12W409,1204,76,884,CDU,31.2,31.1,31.7
12W409,1204,76,884,AFD,23.7,23.1,24.2
12W409,1204,76,884,SPD,14.0,12.8,14.2
12W409,1204,76,884,LINKE,11.0,10.5,11.1
12W409,1204,76,884,GRUENE,8.3,8.2,8.6
12W409,1204,76,884,Sonstige,7.6,7.4,7.7
12W409,1204,76,884,FDP,4.6,4.5,4.7
12W410,1204,76,994,CDU,32.5,32.3,33.0
12W410,1204,76,994,AFD,24.2,23.6,25.1
12W410,1204,76,994,SPD,16.0,15.0,16.3
12W410,1204,76,994,LINKE,9.3,8.8,9.6
12W410,1204,76,994,Sonstige,6.9,6.7,7.0
12W410,1204,76,994,GRUENE,5.4,5.2,5.6
12W410,1204,76,994,FDP,4.1,4.0,4.2
12W411,1204,76,1135,CDU,33.4,33.2,33.9
12W411,1204,76,1135,AFD,26.4,25.7,27.0
12W411,1204,76,1135,SPD,12.4,12.2,12.7
12W411,1204,76,1135,LINKE,11.1,10.7,11.4
12W411,1204,76,1135,Sonstige,8.8,8.7,8.9
12W411,1204,76,1135,GRUENE,6.4,6.2,6.8
12W411,1204,76,1135,FDP,3.2,3.1,3.3
12W412,1204,76,1227,CDU,25.4,25.3,25.8
12W412,1204,76,1227,AFD,23.6,23.1,24.0
12W412,1204,76,1227,SPD,12.7,12.2,12.9
12W412,1204,76,1227,GRUENE,12.4,12.3,12.6
12W412,1204,76,1227,LINKE,11.5,11.1,11.7
12W412,1204,76,1227,Sonstige,10.5,10.4,10.6
12W412,1204,76,1227,FDP,3.7,3.7,3.8
12W413,1204,76,1271,CDU,31.7,31.6,32.2
12W413,1204,76,1271,AFD,20.3,19.7,20.8
12W413,1204,76,1271,GRUENE,13.5,13.3,13.6
12W413,1204,76,1271,SPD,11.6,11.4,12.1
12W413,1204,76,1271,LINKE,10.6,10.3,10.7
12W413,1204,76,1271,Sonstige,8.2,8.1,8.3
12W413,1204,76,1271,FDP,3.6,3.5,3.7
12W414,1204,76,1226,CDU,27.2,27.1,27.6
12W414,1204,76,1226,AFD,22.9,22.4,23.3
12W414,1204,76,1226,GRUENE,14.1,14.0,14.3
12W414,1204,76,1226,SPD,13.1,12.4,13.3
12W414,1204,76,1226,Sonstige,9.7,9.6,9.9
12W414,1204,76,1226,LINKE,9.4,9.1,9.6
12W414,1204,76,1226,FDP,3.5,3.4,3.6
12W415,1204,76,1212,AFD,21.7,21.1,22.1
12W415,1204,76,1212,CDU,21.7,21.6,22.0
12W415,1204,76,1212,GRUENE,17.3,17.1,17.5
12W415,1204,76,1212,Sonstige,13.6,13.5,13.7
12W415,1204,76,1212,LINKE,13.0,12.7,13.1
12W415,1204,76,1212,SPD,10.5,10.3,10.7
12W415,1204,76,1212,FDP,2.8,2.8,3.1
12W416,1204,76,1174,AFD,26.9,26.4,27.5
12W416,1204,76,1174,CDU,22.3,22.1,22.6
12W416,1204,76,1174,Sonstige,14.0,13.8,14.1
12W416,1204,76,1174,LINKE,12.7,12.4,12.9
12W416,1204,76,1174,SPD,12.0,11.7,12.4
12W416,1204,76,1174,GRUENE,9.9,9.8,10.1
12W416,1204,76,1174,FDP,2.9,2.8,3.0
12W417,1204,76,1277,CDU,27.6,27.4,28.1
12W417,1204,76,1277,AFD,23.0,22.5,23.6
12W417,1204,76,1277,SPD,16.1,14.9,16.4
12W417,1204,76,1277,GRUENE,10.8,10.5,11.1
12W417,1204,76,1277,Sonstige,9.3,9.1,9.5
12W417,1204,76,1277,LINKE,8.7,8.3,8.9
12W417,1204,76,1277,FDP,3.9,3.8,4.0
12W418,1204,76,1074,AFD,26.3,25.7,26.9
12W418,1204,76,1074,CDU,22.1,21.9,22.5
12W418,1204,76,1074,LINKE,16.7,16.0,17.0
12W418,1204,76,1074,SPD,12.7,12.3,13.0
12W418,1204,76,1074,GRUENE,11.0,10.8,11.2
12W418,1204,76,1074,Sonstige,9.5,9.4,9.6
12W418,1204,76,1074,FDP,2.9,2.8,3.0
12W419,1204,76,1186,CDU,31.1,31.0,31.6
12W419,1204,76,1186,AFD,24.5,23.8,25.0
12W419,1204,76,1186,LINKE,12.1,11.8,12.3
12W419,1204,76,1186,SPD,11.1,10.9,12.0
12W419,1204,76,1186,GRUENE,9.6,9.5,9.8
12W419,1204,76,1186,Sonstige,9.1,9.0,9.2
12W419,1204,76,1186,FDP,3.0,2.9,3.1
12W420,1204,76,1044,AFD,28.5,28.0,29.0
12W420,1204,76,1044,CDU,24.0,23.9,24.4
12W420,1204,76,1044,LINKE,14.2,13.7,14.3
12W420,1204,76,1044,Sonstige,11.3,11.2,11.4
12W420,1204,76,1044,SPD,11.0,10.7,11.2
12W420,1204,76,1044,GRUENE,9.4,9.3,9.6
12W420,1204,76,1044,FDP,3.1,3.0,3.2
12W421,1204,76,1089,CDU,33.1,32.9,33.6
12W421,1204,76,1089,AFD,26.3,25.6,26.8
12W421,1204,76,1089,LINKE,11.9,11.5,12.0
12W421,1204,76,1089,SPD,10.6,10.3,11.5
12W421,1204,76,1089,GRUENE,9.4,9.3,9.6
12W421,1204,76,1089,Sonstige,7.8,7.6,7.9
12W421,1204,76,1089,FDP,4.0,3.9,4.1
12W422,1204,76,1176,CDU,27.4,27.3,27.9
12W422,1204,76,1176,AFD,26.5,25.9,27.1
12W422,1204,76,1176,LINKE,13.1,12.7,13.3
12W422,1204,76,1176,SPD,12.4,12.2,12.5
12W422,1204,76,1176,Sonstige,9.5,9.4,9.6
12W422,1204,76,1176,GRUENE,9.3,9.1,9.5
12W422,1204,76,1176,FDP,3.6,3.5,3.7
12W423,1204,76,1066,CDU,24.3,24.1,24.7
12W423,1204,76,1066,AFD,24.1,23.5,24.7
12W423,1204,76,1066,LINKE,13.4,13.0,13.6
12W423,1204,76,1066,GRUENE,12.4,12.3,12.6
12W423,1204,76,1066,SPD,11.6,11.3,12.1
12W423,1204,76,1066,Sonstige,10.7,10.5,10.8
12W423,1204,76,1066,FDP,3.4,3.3,3.5
12W424,1204,76,1082,CDU,29.5,29.4,30.1
12W424,1204,76,1082,AFD,25.5,24.6,26.3
12W424,1204,76,1082,LINKE,13.0,12.5,13.2
12W424,1204,76,1082,GRUENE,10.4,10.2,10.7
12W424,1204,76,1082,Sonstige,10.4,10.3,10.6
12W424,1204,76,1082,SPD,8.2,7.8,10.6
12W424,1204,76,1082,FDP,3.3,3.2,3.4
12W425,1204,76,1048,AFD,23.9,23.2,24.5
12W425,1204,76,1048,CDU,23.5,23.3,23.9
12W425,1204,76,1048,LINKE,15.0,14.7,15.2
12W425,1204,76,1048,SPD,13.0,12.3,13.3
12W425,1204,76,1048,Sonstige,11.7,11.5,11.9
12W425,1204,76,1048,GRUENE,11.5,11.3,11.8
12W425,1204,76,1048,FDP,2.9,2.8,3.1
12W426,1204,76,1056,CDU,29.7,29.6,30.1
12W426,1204,76,1056,AFD,19.4,18.7,19.8
12W426,1204,76,1056,SPD,13.6,12.3,13.8
12W426,1204,76,1056,GRUENE,12.9,12.8,13.2
12W426,1204,76,1056,LINKE,11.9,11.5,12.1
12W426,1204,76,1056,Sonstige,7.7,7.6,7.8
12W426,1204,76,1056,FDP,4.4,4.3,4.5
12W427,1204,76,1091,CDU,26.0,25.8,26.4
12W427,1204,76,1091,AFD,25.6,25.0,26.2
12W427,1204,76,1091,LINKE,13.1,12.7,13.2
12W427,1204,76,1091,SPD,13.0,12.7,13.3
12W427,1204,76,1091,GRUENE,10.1,9.9,10.3
12W427,1204,76,1091,Sonstige,9.4,9.3,9.6
12W427,1204,76,1091,FDP,2.9,2.8,3.0
12W428,1204,76,1171,CDU,26.9,26.8,27.3
12W428,1204,76,1171,AFD,26.3,25.8,26.8
12W428,1204,76,1171,LINKE,12.3,11.8,12.5
12W428,1204,76,1171,SPD,11.6,11.1,11.8
12W428,1204,76,1171,GRUENE,10.3,10.1,10.4
12W428,1204,76,1171,Sonstige,10.1,10.0,10.2
12W428,1204,76,1171,FDP,3.4,3.4,3.6
12W429,1204,76,1091,AFD,26.7,26.0,27.0
12W429,1204,76,1091,CDU,23.8,23.7,24.2
12W429,1204,76,1091,LINKE,13.1,12.7,13.2
12W429,1204,76,1091,SPD,11.7,11.5,11.8
12W429,1204,76,1091,Sonstige,11.5,11.3,11.6
12W429,1204,76,1091,GRUENE,11.5,11.3,11.6
12W429,1204,76,1091,FDP,3.2,3.1,3.4
12W430,1204,76,1175,AFD,27.6,27.1,28.1
12W430,1204,76,1175,CDU,23.6,23.5,24.0
12W430,1204,76,1175,LINKE,13.5,13.2,13.7
12W430,1204,76,1175,SPD,12.8,12.1,13.0
12W430,1204,76,1175,Sonstige,11.5,11.3,11.6
12W430,1204,76,1175,GRUENE,10.4,10.2,10.6
12W430,1204,76,1175,FDP,2.8,2.8,2.9
12W501,1205,76,696,CDU,28.8,28.6,29.2
12W501,1205,76,696,AFD,22.9,21.8,23.5
12W501,1205,76,696,GRUENE,13.9,13.7,14.2
12W501,1205,76,696,SPD,13.7,12.6,14.1
12W501,1205,76,696,LINKE,10.7,10.3,10.9
12W501,1205,76,696,Sonstige,7.4,7.2,7.5
12W501,1205,76,696,FDP,4.3,4.2,4.4
12W502,1205,76,955,CDU,31.1,31.0,31.7
12W502,1205,76,955,AFD,26.3,25.4,27.1
12W502,1205,76,955,SPD,10.7,10.4,11.4
12W502,1205,76,955,GRUENE,10.6,10.4,10.7
12W502,1205,76,955,LINKE,10.0,9.5,10.3
12W502,1205,76,955,Sonstige,8.2,8.0,8.3
12W502,1205,76,955,FDP,3.9,3.8,4.0
12W503,1205,76,984,CDU,29.3,29.2,29.7
12W503,1205,76,984,AFD,25.0,24.1,25.6
12W503,1205,76,984,GRUENE,13.1,12.9,13.2
12W503,1205,76,984,SPD,12.4,11.6,12.7
12W503,1205,76,984,Sonstige,9.3,9.2,9.4
12W503,1205,76,984,LINKE,8.7,8.4,9.0
12W503,1205,76,984,FDP,3.9,3.8,4.0
12W504,1205,76,1067,AFD,31.0,30.3,31.7
12W504,1205,76,1067,CDU,24.6,24.4,25.1
12W504,1205,76,1067,LINKE,15.1,14.5,15.4
12W504,1205,76,1067,SPD,11.4,10.9,11.8
12W504,1205,76,1067,Sonstige,11.2,11.1,11.4
12W504,1205,76,1067,GRUENE,6.1,5.9,6.3
12W504,1205,76,1067,FDP,2.9,2.9,3.0
12W505,1205,76,1014,CDU,31.7,31.5,32.2
12W505,1205,76,1014,AFD,29.7,29.0,30.4
12W505,1205,76,1014,SPD,13.8,13.2,14.1
12W505,1205,76,1014,Sonstige,9.9,9.8,10.1
12W505,1205,76,1014,LINKE,8.9,8.5,9.2
12W505,1205,76,1014,GRUENE,4.0,3.8,4.3
12W505,1205,76,1014,FDP,3.0,3.0,3.3
12W506,1205,76,849,CDU,28.8,28.7,29.3
12W506,1205,76,849,AFD,28.0,27.1,28.7
12W506,1205,76,849,SPD,14.3,12.7,14.6
12W506,1205,76,849,LINKE,11.9,11.3,12.2
12W506,1205,76,849,Sonstige,8.3,8.1,8.4
12W506,1205,76,849,GRUENE,6.9,6.7,7.2
12W506,1205,76,849,FDP,4.0,3.8,4.0
12W507,1205,76,1028,AFD,33.0,32.3,33.7
12W507,1205,76,1028,CDU,23.3,23.1,23.6
12W507,1205,76,1028,Sonstige,15.1,15.0,15.3
12W507,1205,76,1028,LINKE,13.8,13.3,14.1
12W507,1205,76,1028,SPD,11.6,10.9,12.0
12W507,1205,76,1028,GRUENE,4.1,3.9,4.4
12W507,1205,76,1028,FDP,1.8,1.8,2.2
12W508,1205,76,606,AFD,31.9,31.0,32.5
12W508,1205,76,606,CDU,21.7,21.5,22.1
12W508,1205,76,606,LINKE,14.4,13.9,14.7
12W508,1205,76,606,Sonstige,13.9,13.8,14.1
12W508,1205,76,606,SPD,10.5,10.1,10.8
12W508,1205,76,606,GRUENE,8.7,8.5,9.0
12W508,1205,76,606,FDP,2.1,2.1,2.4
12W509,1205,76,948,AFD,33.3,32.5,34.2
12W509,1205,76,948,CDU,25.1,25.0,25.6
12W509,1205,76,948,LINKE,16.8,16.2,17.1
12W509,1205,76,948,Sonstige,10.9,10.7,11.1
12W509,1205,76,948,SPD,10.2,10.0,10.6
12W509,1205,76,948,GRUENE,5.2,5.0,5.5
12W509,1205,76,948,FDP,2.0,1.9,2.1
12W510,1205,76,1001,AFD,35.2,34.5,36.1
12W510,1205,76,1001,CDU,25.4,25.2,25.9
12W510,1205,76,1001,LINKE,14.0,13.2,14.4
12W510,1205,76,1001,Sonstige,10.8,10.7,11.0
12W510,1205,76,1001,SPD,10.4,9.7,10.8
12W510,1205,76,1001,GRUENE,4.4,4.2,4.7
12W510,1205,76,1001,FDP,2.5,2.4,2.7
12W511,1205,76,860,AFD,32.2,31.4,32.8
12W511,1205,76,860,CDU,18.5,18.3,18.8
12W511,1205,76,860,LINKE,16.2,15.7,16.5
12W511,1205,76,860,SPD,13.8,12.8,14.1
12W511,1205,76,860,Sonstige,12.2,12.0,12.4
12W511,1205,76,860,GRUENE,6.7,6.5,6.9
12W511,1205,76,860,FDP,2.2,2.1,2.3
12W512,1205,76,972,AFD,30.5,29.6,31.1
12W512,1205,76,972,CDU,25.4,25.2,25.8
12W512,1205,76,972,LINKE,13.4,13.0,13.7
12W512,1205,76,972,SPD,13.3,12.2,13.6
12W512,1205,76,972,Sonstige,10.8,10.7,11.0
12W512,1205,76,972,GRUENE,7.9,7.7,8.2
12W512,1205,76,972,FDP,2.3,2.3,2.6
12W513,1205,76,1064,AFD,32.6,31.9,33.3
12W513,1205,76,1064,CDU,26.7,26.5,27.2
12W513,1205,76,1064,LINKE,12.5,12.1,12.9
12W513,1205,76,1064,SPD,12.3,11.6,12.7
12W513,1205,76,1064,Sonstige,11.9,11.8,12.1
12W513,1205,76,1064,GRUENE,4.5,4.4,4.9
12W513,1205,76,1064,FDP,2.1,2.1,2.5
12W514,1205,76,951,AFD,32.8,32.1,33.9
12W514,1205,76,951,CDU,23.0,22.8,23.4
12W514,1205,76,951,SPD,14.5,13.4,14.8
12W514,1205,76,951,Sonstige,13.0,12.8,13.1
12W514,1205,76,951,LINKE,11.9,11.5,12.2
12W514,1205,76,951,GRUENE,7.0,6.8,7.4
12W514,1205,76,951,FDP,1.6,1.5,1.7
12W515,1205,76,1037,AFD,33.7,33.1,34.4
12W515,1205,76,1037,CDU,23.8,23.6,24.2
12W515,1205,76,1037,LINKE,14.9,14.4,15.2
12W515,1205,76,1037,SPD,13.3,12.5,13.7
12W515,1205,76,1037,Sonstige,9.9,9.8,10.1
12W515,1205,76,1037,GRUENE,5.6,5.4,5.8
12W515,1205,76,1037,FDP,2.1,2.0,2.3
12W516,1205,76,784,AFD,33.4,32.6,34.0
12W516,1205,76,784,CDU,22.1,21.9,22.5
12W516,1205,76,784,LINKE,16.5,15.8,16.8
12W516,1205,76,784,SPD,11.8,11.3,12.0
12W516,1205,76,784,Sonstige,11.6,11.5,11.8
12W516,1205,76,784,GRUENE,5.6,5.4,5.9
12W516,1205,76,784,FDP,2.0,2.0,2.3
12W517,1205,76,992,AFD,30.7,29.9,31.4
12W517,1205,76,992,CDU,27.8,27.6,28.2
12W517,1205,76,992,Sonstige,13.0,12.9,13.1
12W517,1205,76,992,SPD,12.1,11.7,12.4
12W517,1205,76,992,LINKE,11.8,11.4,12.1
12W517,1205,76,992,GRUENE,5.5,5.3,5.8
12W517,1205,76,992,FDP,2.4,2.4,2.6
12W518,1205,76,1026,CDU,28.7,28.6,29.2
12W518,1205,76,1026,AFD,27.4,26.7,28.2
12W518,1205,76,1026,SPD,15.1,13.5,15.4
12W518,1205,76,1026,LINKE,10.8,10.3,11.1
12W518,1205,76,1026,Sonstige,9.1,8.9,9.2
12W518,1205,76,1026,GRUENE,6.9,6.7,7.1
12W518,1205,76,1026,FDP,3.6,3.4,3.7
12W519,1205,76,997,CDU,29.5,29.4,30.0
12W519,1205,76,997,AFD,27.5,26.7,28.3
12W519,1205,76,997,SPD,14.7,13.2,15.0
12W519,1205,76,997,LINKE,12.6,12.2,12.9
12W519,1205,76,997,Sonstige,9.7,9.6,9.9
12W519,1205,76,997,GRUENE,5.4,5.1,5.9
12W519,1205,76,997,FDP,2.9,2.9,3.0
12W520,1205,76,988,AFD,32.8,32.1,33.4
12W520,1205,76,988,CDU,23.4,23.2,23.8
12W520,1205,76,988,LINKE,15.1,14.7,15.4
12W520,1205,76,988,Sonstige,13.4,13.2,13.5
12W520,1205,76,988,SPD,12.8,12.5,13.1
12W520,1205,76,988,GRUENE,4.2,4.0,4.5
12W520,1205,76,988,FDP,1.7,1.6,1.9
12W521,1205,76,1008,CDU,31.0,30.8,31.5
12W521,1205,76,1008,AFD,23.7,23.0,24.4
12W521,1205,76,1008,LINKE,12.0,11.5,12.3
12W521,1205,76,1008,SPD,11.8,10.9,12.1
12W521,1205,76,1008,Sonstige,10.6,10.5,10.8
12W521,1205,76,1008,GRUENE,9.4,9.2,9.8
12W521,1205,76,1008,FDP,3.1,3.1,3.4
12W522,1205,76,945,AFD,31.6,31.0,32.4
12W522,1205,76,945,CDU,22.5,22.3,22.8
12W522,1205,76,945,LINKE,16.2,15.5,16.6
12W522,1205,76,945,SPD,12.0,11.5,12.4
12W522,1205,76,945,Sonstige,11.4,11.3,11.6
12W522,1205,76,945,GRUENE,5.2,5.0,5.5
12W522,1205,76,945,FDP,1.9,1.8,2.2
12W523,1205,76,1059,AFD,32.0,31.2,32.6
12W523,1205,76,1059,CDU,26.4,26.2,26.9
12W523,1205,76,1059,LINKE,15.9,15.2,16.2
12W523,1205,76,1059,SPD,12.8,11.6,13.1
12W523,1205,76,1059,Sonstige,10.4,10.3,10.6
12W523,1205,76,1059,GRUENE,4.2,4.0,4.6
12W523,1205,76,1059,FDP,2.4,2.4,2.7
12W524,1205,76,1057,AFD,33.3,32.5,33.9
12W524,1205,76,1057,CDU,26.5,26.3,27.0
12W524,1205,76,1057,LINKE,15.6,14.9,16.0
12W524,1205,76,1057,SPD,12.5,11.6,12.9
12W524,1205,76,1057,Sonstige,10.1,10.0,10.3
12W524,1205,76,1057,GRUENE,3.8,3.5,4.2
12W524,1205,76,1057,FDP,2.0,2.0,2.3
12W525,1205,76,865,CDU,34.4,34.2,34.9
12W525,1205,76,865,AFD,23.6,22.8,24.3
12W525,1205,76,865,SPD,11.5,11.2,11.8
12W525,1205,76,865,LINKE,10.8,10.4,11.2
12W525,1205,76,865,GRUENE,9.8,9.6,10.2
12W525,1205,76,865,Sonstige,9.5,9.4,9.7
12W525,1205,76,865,FDP,3.6,3.5,3.7
12W526,1205,76,1041,AFD,30.6,29.9,31.4
12W526,1205,76,1041,CDU,26.4,26.2,26.8
12W526,1205,76,1041,LINKE,13.5,13.0,13.8
12W526,1205,76,1041,Sonstige,13.0,12.9,13.2
12W526,1205,76,1041,SPD,10.5,10.2,10.9
12W526,1205,76,1041,GRUENE,6.3,6.1,6.7
12W526,1205,76,1041,FDP,2.4,2.4,2.6
12W527,1205,76,983,CDU,28.8,28.7,29.2
12W527,1205,76,983,AFD,23.5,22.4,24.1
12W527,1205,76,983,GRUENE,14.0,13.8,14.2
12W527,1205,76,983,SPD,13.6,12.3,13.9
12W527,1205,76,983,LINKE,10.2,9.8,10.5
12W527,1205,76,983,Sonstige,8.0,7.8,8.1
12W527,1205,76,983,FDP,4.3,4.2,4.4
12W528,1205,76,795,AFD,33.4,32.6,34.1
12W528,1205,76,795,CDU,21.7,21.6,22.1
12W528,1205,76,795,LINKE,14.9,14.4,15.2
12W528,1205,76,795,SPD,12.7,12.1,13.1
12W528,1205,76,795,Sonstige,12.0,11.8,12.2
12W528,1205,76,795,GRUENE,6.2,6.0,6.4
12W528,1205,76,795,FDP,2.2,2.1,2.3
12W601,1206,76,391,CDU,26.7,26.5,27.2
12W601,1206,76,391,AFD,22.0,21.2,22.5
12W601,1206,76,391,LINKE,14.9,14.6,15.0
12W601,1206,76,391,SPD,11.6,11.2,12.4
12W601,1206,76,391,GRUENE,11.4,11.2,11.7
12W601,1206,76,391,Sonstige,10.2,10.0,10.4
12W601,1206,76,391,FDP,5.0,4.7,5.1
12W602,1206,76,899,CDU,32.0,31.8,32.4
12W602,1206,76,899,AFD,17.4,17.0,17.8
12W602,1206,76,899,GRUENE,15.6,15.5,15.8
12W602,1206,76,899,SPD,11.8,11.6,13.0
12W602,1206,76,899,LINKE,10.3,9.9,10.4
12W602,1206,76,899,Sonstige,6.1,5.9,6.2
12W602,1206,76,899,FDP,5.5,5.2,5.6
12W603,1206,76,893,CDU,32.3,32.2,32.8
12W603,1206,76,893,GRUENE,16.4,16.3,16.6
12W603,1206,76,893,AFD,15.7,15.3,16.1
12W603,1206,76,893,SPD,11.6,11.3,12.2
12W603,1206,76,893,Sonstige,8.4,8.3,8.6
12W603,1206,76,893,LINKE,7.2,7.0,7.3
12W603,1206,76,893,FDP,5.3,5.2,5.5
12W604,1206,76,1041,CDU,28.9,28.8,29.3
12W604,1206,76,1041,GRUENE,18.1,17.8,18.3
12W604,1206,76,1041,AFD,13.7,13.3,14.2
12W604,1206,76,1041,SPD,12.9,12.7,13.3
12W604,1206,76,1041,LINKE,10.3,9.8,10.3
12W604,1206,76,1041,Sonstige,7.0,6.8,7.1
12W604,1206,76,1041,FDP,6.2,5.8,6.3
12W605,1206,76,874,CDU,31.9,31.7,32.4
12W605,1206,76,874,AFD,17.4,17.0,18.3
12W605,1206,76,874,GRUENE,16.0,15.6,16.2
12W605,1206,76,874,SPD,10.6,10.4,11.7
12W605,1206,76,874,LINKE,9.2,8.6,9.3
12W605,1206,76,874,Sonstige,6.3,6.1,6.5
12W605,1206,76,874,FDP,5.8,5.6,6.0
12W606,1206,76,906,CDU,34.5,34.3,35.0
12W606,1206,76,906,GRUENE,17.8,17.5,18.0
12W606,1206,76,906,AFD,14.3,13.9,14.9
12W606,1206,76,906,SPD,11.1,10.9,12.1
12W606,1206,76,906,LINKE,8.2,7.8,8.4
12W606,1206,76,906,Sonstige,5.9,5.8,6.1
12W606,1206,76,906,FDP,5.9,5.6,6.0
12W607,1206,76,989,CDU,31.4,31.2,31.9
12W607,1206,76,989,AFD,20.2,19.8,20.9
12W607,1206,76,989,GRUENE,15.5,15.3,15.7
12W607,1206,76,989,LINKE,10.5,10.1,10.7
12W607,1206,76,989,SPD,8.8,8.5,10.4
12W607,1206,76,989,Sonstige,7.3,7.2,7.5
12W607,1206,76,989,FDP,4.6,4.5,4.7
12W608,1206,76,868,CDU,33.8,33.6,34.2
12W608,1206,76,868,GRUENE,15.6,15.4,15.8
12W608,1206,76,868,SPD,14.7,14.4,15.0
12W608,1206,76,868,AFD,12.8,12.3,13.4
12W608,1206,76,868,LINKE,8.9,8.5,9.1
12W608,1206,76,868,FDP,5.6,5.4,5.7
12W608,1206,76,868,Sonstige,5.0,4.8,5.2
12W609,1206,76,977,CDU,35.7,35.5,36.2
12W609,1206,76,977,AFD,17.2,16.8,17.7
12W609,1206,76,977,GRUENE,16.4,16.1,16.6
12W609,1206,76,977,SPD,10.2,9.9,12.1
12W609,1206,76,977,LINKE,9.0,8.8,9.2
12W609,1206,76,977,Sonstige,5.6,5.3,5.8
12W609,1206,76,977,FDP,5.1,4.9,5.3
12W610,1206,76,969,CDU,29.2,29.1,29.6
12W610,1206,76,969,GRUENE,17.5,17.3,17.7
12W610,1206,76,969,AFD,15.9,15.4,16.3
12W610,1206,76,969,LINKE,11.3,11.0,11.4
12W610,1206,76,969,SPD,11.0,10.8,11.7
12W610,1206,76,969,Sonstige,7.6,7.5,7.8
12W610,1206,76,969,FDP,5.5,5.3,5.6
12W611,1206,76,907,CDU,30.6,30.5,31.1
12W611,1206,76,907,AFD,18.2,17.8,18.5
12W611,1206,76,907,GRUENE,14.0,13.8,14.2
12W611,1206,76,907,SPD,12.9,12.3,13.2
12W611,1206,76,907,LINKE,8.7,8.3,8.9
12W611,1206,76,907,Sonstige,6.7,6.6,6.9
12W611,1206,76,907,FDP,5.7,5.6,5.8
12W612,1206,76,985,CDU,31.5,31.3,31.9
12W612,1206,76,985,AFD,17.1,16.7,17.5
12W612,1206,76,985,GRUENE,16.4,16.2,16.6
12W612,1206,76,985,SPD,11.2,10.9,12.0
12W612,1206,76,985,Sonstige,8.3,8.2,8.4
12W612,1206,76,985,LINKE,7.9,7.6,8.0
12W612,1206,76,985,FDP,5.4,5.0,5.5
12W613,1206,76,1079,CDU,30.7,30.5,31.1
12W613,1206,76,1079,GRUENE,18.9,18.7,19.1
12W613,1206,76,1079,AFD,15.5,15.0,16.3
12W613,1206,76,1079,SPD,10.7,10.5,11.7
12W613,1206,76,1079,LINKE,10.1,9.6,10.3
12W613,1206,76,1079,Sonstige,6.2,6.1,6.4
12W613,1206,76,1079,FDP,5.6,5.3,5.7
12W614,1206,76,757,CDU,27.5,27.4,27.9
12W614,1206,76,757,AFD,19.2,18.7,19.7
12W614,1206,76,757,GRUENE,16.4,16.2,16.6
12W614,1206,76,757,SPD,11.1,10.9,12.4
12W614,1206,76,757,LINKE,9.8,9.6,9.9
12W614,1206,76,757,Sonstige,8.3,8.2,8.5
12W614,1206,76,757,FDP,4.9,4.6,5.0
12W615,1206,76,915,CDU,31.4,31.2,31.8
12W615,1206,76,915,AFD,17.1,16.4,17.4
12W615,1206,76,915,GRUENE,16.3,16.1,16.5
12W615,1206,76,915,SPD,11.8,11.5,12.9
12W615,1206,76,915,LINKE,9.9,9.6,10.1
12W615,1206,76,915,Sonstige,6.8,6.7,6.9
12W615,1206,76,915,FDP,4.3,4.2,4.4
12W616,1206,76,997,CDU,31.1,31.0,31.6
12W616,1206,76,997,GRUENE,17.7,17.6,17.9
12W616,1206,76,997,AFD,17.3,17.0,18.1
12W616,1206,76,997,SPD,12.0,11.7,12.3
12W616,1206,76,997,LINKE,9.1,8.8,9.2
12W616,1206,76,997,Sonstige,6.1,6.0,6.3
12W616,1206,76,997,FDP,4.7,4.6,4.8
12W617,1206,76,690,CDU,27.1,27.0,27.5
12W617,1206,76,690,GRUENE,19.1,19.0,19.3
12W617,1206,76,690,AFD,15.1,14.6,15.4
12W617,1206,76,690,SPD,13.0,12.7,13.2
12W617,1206,76,690,LINKE,12.0,11.9,12.2
12W617,1206,76,690,Sonstige,7.7,7.6,7.9
12W617,1206,76,690,FDP,4.5,4.4,4.6
12W618,1206,76,944,CDU,28.5,28.4,28.9
12W618,1206,76,944,AFD,17.9,17.4,18.2
12W618,1206,76,944,GRUENE,15.1,14.9,15.2
12W618,1206,76,944,SPD,12.8,12.5,13.6
12W618,1206,76,944,LINKE,9.5,9.4,9.6
12W618,1206,76,944,Sonstige,9.1,9.0,9.2
12W618,1206,76,944,FDP,4.5,4.3,4.6
12W619,1206,76,977,CDU,29.1,29.0,29.6
12W619,1206,76,977,AFD,16.7,16.3,17.6
12W619,1206,76,977,GRUENE,15.7,15.5,15.8
12W619,1206,76,977,SPD,13.8,13.2,14.1
12W619,1206,76,977,LINKE,11.5,11.2,11.6
12W619,1206,76,977,Sonstige,6.2,6.0,6.3
12W619,1206,76,977,FDP,4.8,4.7,5.0
12W620,1206,76,964,CDU,30.7,30.5,31.1
12W620,1206,76,964,AFD,18.5,18.2,19.2
12W620,1206,76,964,GRUENE,16.4,16.2,16.6
12W620,1206,76,964,SPD,11.6,11.3,12.0
12W620,1206,76,964,LINKE,10.5,10.1,10.7
12W620,1206,76,964,Sonstige,5.6,5.5,5.8
12W620,1206,76,964,FDP,4.7,4.6,4.8
12W621,1206,76,921,CDU,26.2,26.1,26.5
12W621,1206,76,921,GRUENE,19.2,19.0,19.3
12W621,1206,76,921,AFD,15.4,15.0,16.1
12W621,1206,76,921,SPD,14.1,13.6,14.3
12W621,1206,76,921,LINKE,11.2,11.0,11.3
12W621,1206,76,921,Sonstige,7.0,6.9,7.1
12W621,1206,76,921,FDP,4.7,4.5,4.8
12W622,1206,76,1080,CDU,33.1,33.0,33.6
12W622,1206,76,1080,AFD,17.6,17.2,18.1
12W622,1206,76,1080,GRUENE,14.7,14.5,14.9
12W622,1206,76,1080,SPD,11.6,11.3,12.2
12W622,1206,76,1080,LINKE,8.4,8.0,8.6
12W622,1206,76,1080,Sonstige,6.4,6.2,6.5
12W622,1206,76,1080,FDP,5.2,5.0,5.3
12W623,1206,76,877,CDU,28.1,28.0,28.6
12W623,1206,76,877,GRUENE,18.3,18.1,18.4
12W623,1206,76,877,SPD,14.7,13.6,15.0
12W623,1206,76,877,AFD,13.9,13.5,14.9
12W623,1206,76,877,LINKE,8.8,8.4,8.9
12W623,1206,76,877,Sonstige,6.2,6.0,6.3
12W623,1206,76,877,FDP,5.7,5.5,5.8
12W624,1206,76,1132,CDU,33.7,33.5,34.2
12W624,1206,76,1132,AFD,19.8,19.5,21.1
12W624,1206,76,1132,SPD,13.3,13.0,14.0
12W624,1206,76,1132,GRUENE,12.8,12.5,13.0
12W624,1206,76,1132,LINKE,8.1,7.7,8.3
12W624,1206,76,1132,Sonstige,5.9,5.7,6.1
12W624,1206,76,1132,FDP,5.1,4.8,5.2
12W625,1206,76,1118,CDU,25.7,25.6,26.1
12W625,1206,76,1118,AFD,21.2,20.9,22.2
12W625,1206,76,1118,SPD,14.2,13.9,14.6
12W625,1206,76,1118,LINKE,11.6,11.1,11.7
12W625,1206,76,1118,GRUENE,9.4,9.1,9.5
12W625,1206,76,1118,Sonstige,9.0,8.8,9.2
12W625,1206,76,1118,FDP,4.6,4.5,4.7
12W626,1206,76,1007,CDU,31.6,31.4,32.0
12W626,1206,76,1007,AFD,17.4,17.0,17.9
12W626,1206,76,1007,GRUENE,13.9,13.7,14.1
12W626,1206,76,1007,SPD,12.2,11.9,13.4
12W626,1206,76,1007,LINKE,9.7,9.5,9.9
12W626,1206,76,1007,Sonstige,7.1,7.0,7.2
12W626,1206,76,1007,FDP,4.8,4.6,4.9
12W627,1206,76,833,CDU,24.3,24.2,24.6
12W627,1206,76,833,GRUENE,21.3,21.2,21.4
12W627,1206,76,833,AFD,15.0,14.6,15.6
12W627,1206,76,833,SPD,12.4,12.1,12.6
12W627,1206,76,833,LINKE,11.5,11.3,11.7
12W627,1206,76,833,Sonstige,8.6,8.5,8.7
12W627,1206,76,833,FDP,3.9,3.9,4.0
12W628,1206,76,526,CDU,32.5,32.4,33.0
12W628,1206,76,526,AFD,16.2,15.7,16.7
12W628,1206,76,526,GRUENE,15.9,15.7,16.1
12W628,1206,76,526,SPD,11.7,11.5,12.6
12W628,1206,76,526,LINKE,10.1,9.7,10.3
12W628,1206,76,526,Sonstige,6.6,6.4,6.7
12W628,1206,76,526,FDP,5.2,5.0,5.3
12W629,1206,76,521,CDU,24.0,23.9,24.4
12W629,1206,76,521,GRUENE,19.8,19.6,20.0
12W629,1206,76,521,AFD,16.4,16.0,17.0
12W629,1206,76,521,SPD,14.1,13.2,14.4
12W629,1206,76,521,LINKE,11.5,11.3,11.7
12W629,1206,76,521,Sonstige,8.4,8.3,8.6
12W629,1206,76,521,FDP,4.1,4.0,4.2
12W630,1206,76,781,CDU,26.4,26.2,26.8
12W630,1206,76,781,AFD,17.8,17.4,18.4
12W630,1206,76,781,GRUENE,17.6,17.4,17.7
12W630,1206,76,781,SPD,12.9,12.7,13.3
12W630,1206,76,781,LINKE,11.3,11.1,11.4
12W630,1206,76,781,Sonstige,8.2,8.1,8.4
12W630,1206,76,781,FDP,4.7,4.5,4.8
12W631,1206,76,815,CDU,31.0,30.9,31.5
12W631,1206,76,815,AFD,17.4,17.0,18.0
12W631,1206,76,815,GRUENE,14.9,14.7,15.0
12W631,1206,76,815,SPD,12.4,12.1,13.2
12W631,1206,76,815,LINKE,8.6,8.3,8.7
12W631,1206,76,815,Sonstige,8.0,7.9,8.2
12W631,1206,76,815,FDP,4.4,4.2,4.5
